Mono path[0] = 'C:/Users/d.grab/Desktop/the-game/artifacts/camp-polish-build/Razlom_Data/Managed'
Mono config path = 'C:/Users/d.grab/Desktop/the-game/artifacts/camp-polish-build/MonoBleedingEdge/etc'
Starting managed debugger on port 56336
Using monoOptions --debugger-agent=transport=dt_socket,embedding=1,server=y,suspend=n,address=0.0.0.0:56336
CodeReloadManager initialized
Found 2 interfaces on host : 0) 172.19.0.1 1) 192.168.0.103
Player connection [134084]  Target information:

Player connection [134084]  * "[IP] 172.19.0.1 [Port] 55000 [Flags] 2 [Guid] 2311298336 [EditorId] 890880209 [Version] 1048832 [Id] WindowsPlayer(2,mitpc08) [Debug] 1 [PackageName] WindowsPlayer [ProjectName] razlom" 

Player connection [134084]  * "[IP] 192.168.0.103 [Port] 55000 [Flags] 2 [Guid] 2311298336 [EditorId] 890880209 [Version] 1048832 [Id] WindowsPlayer(2,mitpc08) [Debug] 1 [PackageName] WindowsPlayer [ProjectName] razlom" 

Player connection [134084] Started UDP target info broadcast (1) on [225.0.0.222:54997].

Input System module state changed to: Initialized.
[Physics::Module] Initialized fallback backend.
[Physics::Module] Id: 0xdecafbad
Initialize engine version: 6000.5.10f1 (3bd4f66ad299)
[Subsystems] Discovering subsystems at path C:/Users/d.grab/Desktop/the-game/artifacts/camp-polish-build/Razlom_Data/UnitySubsystems
[D3D12 Device Filter] Vendor Name: NVIDIA
[D3D12 Device Filter] Device Name: NVIDIA GeForce RTX 3060
[D3D12 Device Filter] Driver Version: 32.0.15.6094
[D3D12 Device Filter] Feature Level: 12.2
[D3D12 Device Filter] Graphics Memory: 12115 MB
[D3D12 Device Filter] Processor Count: 20
[D3D12 Device Filter] Device Type: Discrete
GfxDevice: creating device client; kGfxThreadingModeSplitJobs
d3d12: failed to query info queue interface (0x80004002).
Direct3D:
    Version:         Direct3D 12 [level 12.2]
    Renderer:        NVIDIA GeForce RTX 3060 (ID=0x2504)
    Vendor:          NVIDIA
    VRAM:            12115 MB
    App VRAM Budget: 11347 MB
    Driver:          32.0.15.6094
Begin MonoManager ReloadAssembly
- Finished resetting the current domain, in  0.054 seconds
[Physics::Module] Selected backend.
[Physics::Module] Name: PhysX
[Physics::Module] Id: 0xf2b8ea05
[Physics::Module] SDK Version: 4.1.2
[Physics::Module] Integration Version: 1.0.0
[Physics::Module] Threading Mode: Multi-Threaded
<RI> Initializing input.
Using Windows.Gaming.Input
<RI> Input initialized.
UnloadTime: 4.144100 ms
[Разлом] Потолок кадров: Синхронизация → vSyncCount=1, targetFrameRate=-1
UnityEngine.Debug:ExtractStackTraceNoAlloc (byte*,int,string)
UnityEngine.StackTraceUtility:ExtractStackTrace () (at C:/build/output/unity/unity/Runtime/Export/Scripting/StackTrace.cs:35)
UnityEngine.DebugLogHandler:Internal_Log (UnityEngine.LogType,UnityEngine.LogOption,string,UnityEngine.Object)
UnityEngine.DebugLogHandler:LogFormat (UnityEngine.LogType,UnityEngine.Object,string,object[]) (at C:/build/output/unity/unity/Runtime/Export/Logging/DebugLogHandler.cs:9)
UnityEngine.Logger:Log (UnityEngine.LogType,object) (at C:/build/output/unity/unity/Runtime/Export/Logging/Logger.cs:60)
UnityEngine.Debug:Log (object) (at C:/build/output/unity/unity/Runtime/Export/Debug/Debug.bindings.cs:123)
Game.View.GameUserSettings:ApplyFrameCap () (at C:/Users/d.grab/Desktop/the-game/artifacts/camp-polish-project/Assets/Game.View/GameUserSettings.cs:313)
Game.View.GameUserSettings:Load () (at C:/Users/d.grab/Desktop/the-game/artifacts/camp-polish-project/Assets/Game.View/GameUserSettings.cs:254)
Game.View.GameUserSettings:RuntimeLoad () (at C:/Users/d.grab/Desktop/the-game/artifacts/camp-polish-project/Assets/Game.View/GameUserSettings.cs:234)

(Filename: C:/build/output/unity/unity/Runtime/Export/Debug/Debug.bindings.cs Line: 123)

[Разлом] Лагерь. Сид сессии 20260829. E — войти в Разлом, T — Полигон.
UnityEngine.Debug:ExtractStackTraceNoAlloc (byte*,int,string)
UnityEngine.StackTraceUtility:ExtractStackTrace () (at C:/build/output/unity/unity/Runtime/Export/Scripting/StackTrace.cs:35)
UnityEngine.DebugLogHandler:Internal_Log (UnityEngine.LogType,UnityEngine.LogOption,string,UnityEngine.Object)
UnityEngine.DebugLogHandler:LogFormat (UnityEngine.LogType,UnityEngine.Object,string,object[]) (at C:/build/output/unity/unity/Runtime/Export/Logging/DebugLogHandler.cs:9)
UnityEngine.Logger:Log (UnityEngine.LogType,object) (at C:/build/output/unity/unity/Runtime/Export/Logging/Logger.cs:60)
UnityEngine.Debug:Log (object) (at C:/build/output/unity/unity/Runtime/Export/Debug/Debug.bindings.cs:123)
Game.View.TickDriver:Awake () (at C:/Users/d.grab/Desktop/the-game/artifacts/camp-polish-project/Assets/Game.View/TickDriver.cs:301)
UnityEngine.GameObject:SetActive (bool)
Game.View.Bootstrap:Awake () (at C:/Users/d.grab/Desktop/the-game/artifacts/camp-polish-project/Assets/Game.View/Bootstrap.cs:114)

(Filename: C:/build/output/unity/unity/Runtime/Export/Debug/Debug.bindings.cs Line: 123)

[camp-ambience] lights=24 breeze=0,80 fire=0,420 lamps=0,320
UnityEngine.Debug:ExtractStackTraceNoAlloc (byte*,int,string)
UnityEngine.StackTraceUtility:ExtractStackTrace () (at C:/build/output/unity/unity/Runtime/Export/Scripting/StackTrace.cs:35)
UnityEngine.DebugLogHandler:Internal_Log (UnityEngine.LogType,UnityEngine.LogOption,string,UnityEngine.Object)
UnityEngine.DebugLogHandler:LogFormat (UnityEngine.LogType,UnityEngine.Object,string,object[]) (at C:/build/output/unity/unity/Runtime/Export/Logging/DebugLogHandler.cs:9)
UnityEngine.Logger:Log (UnityEngine.LogType,object) (at C:/build/output/unity/unity/Runtime/Export/Logging/Logger.cs:60)
UnityEngine.Debug:Log (object) (at C:/build/output/unity/unity/Runtime/Export/Debug/Debug.bindings.cs:123)
Game.View.CampAmbience:OnEnable () (at C:/Users/d.grab/Desktop/the-game/artifacts/camp-polish-project/Assets/Game.View/CampAmbience.cs:64)

(Filename: C:/build/output/unity/unity/Runtime/Export/Debug/Debug.bindings.cs Line: 123)

[pso] прогрев: вариантов 115, состояний 349, Direct3D12/PC
UnityEngine.Debug:ExtractStackTraceNoAlloc (byte*,int,string)
UnityEngine.StackTraceUtility:ExtractStackTrace () (at C:/build/output/unity/unity/Runtime/Export/Scripting/StackTrace.cs:35)
UnityEngine.DebugLogHandler:Internal_Log (UnityEngine.LogType,UnityEngine.LogOption,string,UnityEngine.Object)
UnityEngine.DebugLogHandler:LogFormat (UnityEngine.LogType,UnityEngine.Object,string,object[]) (at C:/build/output/unity/unity/Runtime/Export/Logging/DebugLogHandler.cs:9)
UnityEngine.Logger:Log (UnityEngine.LogType,object) (at C:/build/output/unity/unity/Runtime/Export/Logging/Logger.cs:60)
UnityEngine.Debug:Log (object) (at C:/build/output/unity/unity/Runtime/Export/Debug/Debug.bindings.cs:123)
Game.View.ShaderWarmup:StartWarmup (bool) (at C:/Users/d.grab/Desktop/the-game/artifacts/camp-polish-project/Assets/Game.View/ShaderWarmup.cs:72)
Game.View.ShaderWarmup:Install () (at C:/Users/d.grab/Desktop/the-game/artifacts/camp-polish-project/Assets/Game.View/ShaderWarmup.cs:53)

(Filename: C:/build/output/unity/unity/Runtime/Export/Debug/Debug.bindings.cs Line: 123)

[camp-navigation] simpleFootprints=330 sources=1525 visualMeshCollidersAdded=0
UnityEngine.Debug:ExtractStackTraceNoAlloc (byte*,int,string)
UnityEngine.StackTraceUtility:ExtractStackTrace () (at C:/build/output/unity/unity/Runtime/Export/Scripting/StackTrace.cs:35)
UnityEngine.DebugLogHandler:Internal_Log (UnityEngine.LogType,UnityEngine.LogOption,string,UnityEngine.Object)
UnityEngine.DebugLogHandler:LogFormat (UnityEngine.LogType,UnityEngine.Object,string,object[]) (at C:/build/output/unity/unity/Runtime/Export/Logging/DebugLogHandler.cs:9)
UnityEngine.Logger:Log (UnityEngine.LogType,object) (at C:/build/output/unity/unity/Runtime/Export/Logging/Logger.cs:60)
UnityEngine.Debug:Log (object) (at C:/build/output/unity/unity/Runtime/Export/Debug/Debug.bindings.cs:123)
Game.View.CampPlayerView:BuildNavigation (UnityEngine.Transform) (at C:/Users/d.grab/Desktop/the-game/artifacts/camp-polish-project/Assets/Game.View/CampPlayerView.cs:230)
Game.View.CampPlayerView:Start () (at C:/Users/d.grab/Desktop/the-game/artifacts/camp-polish-project/Assets/Game.View/CampPlayerView.cs:76)

(Filename: C:/build/output/unity/unity/Runtime/Export/Debug/Debug.bindings.cs Line: 123)

[camp] spawn=(0.00, 0.05, -2.88) sharedCombat=True tent=camping+tent+3d+model (UnityEngine.Transform) cells=395724
UnityEngine.Debug:ExtractStackTraceNoAlloc (byte*,int,string)
UnityEngine.StackTraceUtility:ExtractStackTrace () (at C:/build/output/unity/unity/Runtime/Export/Scripting/StackTrace.cs:35)
UnityEngine.DebugLogHandler:Internal_Log (UnityEngine.LogType,UnityEngine.LogOption,string,UnityEngine.Object)
UnityEngine.DebugLogHandler:LogFormat (UnityEngine.LogType,UnityEngine.Object,string,object[]) (at C:/build/output/unity/unity/Runtime/Export/Logging/DebugLogHandler.cs:9)
UnityEngine.Logger:Log (UnityEngine.LogType,object) (at C:/build/output/unity/unity/Runtime/Export/Logging/Logger.cs:60)
UnityEngine.Debug:Log (object) (at C:/build/output/unity/unity/Runtime/Export/Debug/Debug.bindings.cs:123)
Game.View.CampPlayerView:Start () (at C:/Users/d.grab/Desktop/the-game/artifacts/camp-polish-project/Assets/Game.View/CampPlayerView.cs:124)

(Filename: C:/build/output/unity/unity/Runtime/Export/Debug/Debug.bindings.cs Line: 123)

[pso] прогрев готов за 1,68 с: 349 состояний
UnityEngine.Debug:ExtractStackTraceNoAlloc (byte*,int,string)
UnityEngine.StackTraceUtility:ExtractStackTrace () (at C:/build/output/unity/unity/Runtime/Export/Scripting/StackTrace.cs:35)
UnityEngine.DebugLogHandler:Internal_Log (UnityEngine.LogType,UnityEngine.LogOption,string,UnityEngine.Object)
UnityEngine.DebugLogHandler:LogFormat (UnityEngine.LogType,UnityEngine.Object,string,object[]) (at C:/build/output/unity/unity/Runtime/Export/Logging/DebugLogHandler.cs:9)
UnityEngine.Logger:Log (UnityEngine.LogType,object) (at C:/build/output/unity/unity/Runtime/Export/Logging/Logger.cs:60)
UnityEngine.Debug:Log (object) (at C:/build/output/unity/unity/Runtime/Export/Debug/Debug.bindings.cs:123)
Game.View.ShaderWarmup:Update () (at C:/Users/d.grab/Desktop/the-game/artifacts/camp-polish-project/Assets/Game.View/ShaderWarmup.cs:102)

(Filename: C:/build/output/unity/unity/Runtime/Export/Debug/Debug.bindings.cs Line: 123)

[Разлом] Wole: модель Characters/Pelag_v6/Runtime/Pelag_v6_MixamoRig, контроллер найден
UnityEngine.Debug:ExtractStackTraceNoAlloc (byte*,int,string)
UnityEngine.StackTraceUtility:ExtractStackTrace () (at C:/build/output/unity/unity/Runtime/Export/Scripting/StackTrace.cs:35)
UnityEngine.DebugLogHandler:Internal_Log (UnityEngine.LogType,UnityEngine.LogOption,string,UnityEngine.Object)
UnityEngine.DebugLogHandler:LogFormat (UnityEngine.LogType,UnityEngine.Object,string,object[]) (at C:/build/output/unity/unity/Runtime/Export/Logging/DebugLogHandler.cs:9)
UnityEngine.Logger:Log (UnityEngine.LogType,object) (at C:/build/output/unity/unity/Runtime/Export/Logging/Logger.cs:60)
UnityEngine.Debug:Log (object) (at C:/build/output/unity/unity/Runtime/Export/Debug/Debug.bindings.cs:123)
Game.View.ArenaView:BodyFactory (string,string,string,string,Game.Sim.Faction,single) (at C:/Users/d.grab/Desktop/the-game/artifacts/camp-polish-project/Assets/Game.View/ArenaView.cs:2349)
Game.View.ArenaView:Initialize () (at C:/Users/d.grab/Desktop/the-game/artifacts/camp-polish-project/Assets/Game.View/ArenaView.cs:506)
Game.View.ArenaView:LateUpdate () (at C:/Users/d.grab/Desktop/the-game/artifacts/camp-polish-project/Assets/Game.View/ArenaView.cs:753)

(Filename: C:/build/output/unity/unity/Runtime/Export/Debug/Debug.bindings.cs Line: 123)

[Разлом] Wole: материал собран в игре из «Weapons/Pelag/AnchorChain/Pelag_AnchorChain_BaseColor», шейдер Razlom/Texture Toon.
UnityEngine.Debug:ExtractStackTraceNoAlloc (byte*,int,string)
UnityEngine.StackTraceUtility:ExtractStackTrace () (at C:/build/output/unity/unity/Runtime/Export/Scripting/StackTrace.cs:35)
UnityEngine.DebugLogHandler:Internal_Log (UnityEngine.LogType,UnityEngine.LogOption,string,UnityEngine.Object)
UnityEngine.DebugLogHandler:LogFormat (UnityEngine.LogType,UnityEngine.Object,string,object[]) (at C:/build/output/unity/unity/Runtime/Export/Logging/DebugLogHandler.cs:9)
UnityEngine.Logger:Log (UnityEngine.LogType,object) (at C:/build/output/unity/unity/Runtime/Export/Logging/Logger.cs:60)
UnityEngine.Debug:Log (object) (at C:/build/output/unity/unity/Runtime/Export/Debug/Debug.bindings.cs:123)
Game.View.ArenaView:BuildRuntimeMaterial (string,Game.Sim.Faction) (at C:/Users/d.grab/Desktop/the-game/artifacts/camp-polish-project/Assets/Game.View/ArenaView.cs:2493)
Game.View.ArenaView:BodyFactory (string,string,string,string,Game.Sim.Faction,single) (at C:/Users/d.grab/Desktop/the-game/artifacts/camp-polish-project/Assets/Game.View/ArenaView.cs:2402)
Game.View.ArenaView:Initialize () (at C:/Users/d.grab/Desktop/the-game/artifacts/camp-polish-project/Assets/Game.View/ArenaView.cs:506)
Game.View.ArenaView:LateUpdate () (at C:/Users/d.grab/Desktop/the-game/artifacts/camp-polish-project/Assets/Game.View/ArenaView.cs:753)

(Filename: C:/build/output/unity/unity/Runtime/Export/Debug/Debug.bindings.cs Line: 123)

[Разлом] Orvill: модель Characters/Forest_Guardian/Forest_Guardian, контроллер найден
UnityEngine.Debug:ExtractStackTraceNoAlloc (byte*,int,string)
UnityEngine.StackTraceUtility:ExtractStackTrace () (at C:/build/output/unity/unity/Runtime/Export/Scripting/StackTrace.cs:35)
UnityEngine.DebugLogHandler:Internal_Log (UnityEngine.LogType,UnityEngine.LogOption,string,UnityEngine.Object)
UnityEngine.DebugLogHandler:LogFormat (UnityEngine.LogType,UnityEngine.Object,string,object[]) (at C:/build/output/unity/unity/Runtime/Export/Logging/DebugLogHandler.cs:9)
UnityEngine.Logger:Log (UnityEngine.LogType,object) (at C:/build/output/unity/unity/Runtime/Export/Logging/Logger.cs:60)
UnityEngine.Debug:Log (object) (at C:/build/output/unity/unity/Runtime/Export/Debug/Debug.bindings.cs:123)
Game.View.ArenaView:BodyFactory (string,string,string,string,Game.Sim.Faction,single) (at C:/Users/d.grab/Desktop/the-game/artifacts/camp-polish-project/Assets/Game.View/ArenaView.cs:2349)
Game.View.ArenaView:Initialize () (at C:/Users/d.grab/Desktop/the-game/artifacts/camp-polish-project/Assets/Game.View/ArenaView.cs:510)
Game.View.ArenaView:LateUpdate () (at C:/Users/d.grab/Desktop/the-game/artifacts/camp-polish-project/Assets/Game.View/ArenaView.cs:753)

(Filename: C:/build/output/unity/unity/Runtime/Export/Debug/Debug.bindings.cs Line: 123)

[Разлом] Orvill: материал собран в игре из «Characters/Forest_Guardian/Forest_Guardian_BaseColor», шейдер Razlom/Texture Toon.
UnityEngine.Debug:ExtractStackTraceNoAlloc (byte*,int,string)
UnityEngine.StackTraceUtility:ExtractStackTrace () (at C:/build/output/unity/unity/Runtime/Export/Scripting/StackTrace.cs:35)
UnityEngine.DebugLogHandler:Internal_Log (UnityEngine.LogType,UnityEngine.LogOption,string,UnityEngine.Object)
UnityEngine.DebugLogHandler:LogFormat (UnityEngine.LogType,UnityEngine.Object,string,object[]) (at C:/build/output/unity/unity/Runtime/Export/Logging/DebugLogHandler.cs:9)
UnityEngine.Logger:Log (UnityEngine.LogType,object) (at C:/build/output/unity/unity/Runtime/Export/Logging/Logger.cs:60)
UnityEngine.Debug:Log (object) (at C:/build/output/unity/unity/Runtime/Export/Debug/Debug.bindings.cs:123)
Game.View.ArenaView:BuildRuntimeMaterial (string,Game.Sim.Faction) (at C:/Users/d.grab/Desktop/the-game/artifacts/camp-polish-project/Assets/Game.View/ArenaView.cs:2493)
Game.View.ArenaView:BodyFactory (string,string,string,string,Game.Sim.Faction,single) (at C:/Users/d.grab/Desktop/the-game/artifacts/camp-polish-project/Assets/Game.View/ArenaView.cs:2381)
Game.View.ArenaView:Initialize () (at C:/Users/d.grab/Desktop/the-game/artifacts/camp-polish-project/Assets/Game.View/ArenaView.cs:510)
Game.View.ArenaView:LateUpdate () (at C:/Users/d.grab/Desktop/the-game/artifacts/camp-polish-project/Assets/Game.View/ArenaView.cs:753)

(Filename: C:/build/output/unity/unity/Runtime/Export/Debug/Debug.bindings.cs Line: 123)

[Разлом] Orvill: модель Characters/Forest_RootSwarm/Forest_RootSwarm@Idle, контроллер найден
UnityEngine.Debug:ExtractStackTraceNoAlloc (byte*,int,string)
UnityEngine.StackTraceUtility:ExtractStackTrace () (at C:/build/output/unity/unity/Runtime/Export/Scripting/StackTrace.cs:35)
UnityEngine.DebugLogHandler:Internal_Log (UnityEngine.LogType,UnityEngine.LogOption,string,UnityEngine.Object)
UnityEngine.DebugLogHandler:LogFormat (UnityEngine.LogType,UnityEngine.Object,string,object[]) (at C:/build/output/unity/unity/Runtime/Export/Logging/DebugLogHandler.cs:9)
UnityEngine.Logger:Log (UnityEngine.LogType,object) (at C:/build/output/unity/unity/Runtime/Export/Logging/Logger.cs:60)
UnityEngine.Debug:Log (object) (at C:/build/output/unity/unity/Runtime/Export/Debug/Debug.bindings.cs:123)
Game.View.ArenaView:BodyFactory (string,string,string,string,Game.Sim.Faction,single) (at C:/Users/d.grab/Desktop/the-game/artifacts/camp-polish-project/Assets/Game.View/ArenaView.cs:2349)
Game.View.ArenaView:Initialize () (at C:/Users/d.grab/Desktop/the-game/artifacts/camp-polish-project/Assets/Game.View/ArenaView.cs:516)
Game.View.ArenaView:LateUpdate () (at C:/Users/d.grab/Desktop/the-game/artifacts/camp-polish-project/Assets/Game.View/ArenaView.cs:753)

(Filename: C:/build/output/unity/unity/Runtime/Export/Debug/Debug.bindings.cs Line: 123)

[Разлом] Orvill: материал собран в игре из «Characters/Forest_RootSwarm/Forest_RootSwarm_BaseColor», шейдер Razlom/Texture Toon.
UnityEngine.Debug:ExtractStackTraceNoAlloc (byte*,int,string)
UnityEngine.StackTraceUtility:ExtractStackTrace () (at C:/build/output/unity/unity/Runtime/Export/Scripting/StackTrace.cs:35)
UnityEngine.DebugLogHandler:Internal_Log (UnityEngine.LogType,UnityEngine.LogOption,string,UnityEngine.Object)
UnityEngine.DebugLogHandler:LogFormat (UnityEngine.LogType,UnityEngine.Object,string,object[]) (at C:/build/output/unity/unity/Runtime/Export/Logging/DebugLogHandler.cs:9)
UnityEngine.Logger:Log (UnityEngine.LogType,object) (at C:/build/output/unity/unity/Runtime/Export/Logging/Logger.cs:60)
UnityEngine.Debug:Log (object) (at C:/build/output/unity/unity/Runtime/Export/Debug/Debug.bindings.cs:123)
Game.View.ArenaView:BuildRuntimeMaterial (string,Game.Sim.Faction) (at C:/Users/d.grab/Desktop/the-game/artifacts/camp-polish-project/Assets/Game.View/ArenaView.cs:2493)
Game.View.ArenaView:BodyFactory (string,string,string,string,Game.Sim.Faction,single) (at C:/Users/d.grab/Desktop/the-game/artifacts/camp-polish-project/Assets/Game.View/ArenaView.cs:2381)
Game.View.ArenaView:Initialize () (at C:/Users/d.grab/Desktop/the-game/artifacts/camp-polish-project/Assets/Game.View/ArenaView.cs:516)
Game.View.ArenaView:LateUpdate () (at C:/Users/d.grab/Desktop/the-game/artifacts/camp-polish-project/Assets/Game.View/ArenaView.cs:753)

(Filename: C:/build/output/unity/unity/Runtime/Export/Debug/Debug.bindings.cs Line: 123)

[Разлом] Опознаватели собраны: колец 96, сектор есть, курсор готов.
UnityEngine.Debug:ExtractStackTraceNoAlloc (byte*,int,string)
UnityEngine.StackTraceUtility:ExtractStackTrace () (at C:/build/output/unity/unity/Runtime/Export/Scripting/StackTrace.cs:35)
UnityEngine.DebugLogHandler:Internal_Log (UnityEngine.LogType,UnityEngine.LogOption,string,UnityEngine.Object)
UnityEngine.DebugLogHandler:LogFormat (UnityEngine.LogType,UnityEngine.Object,string,object[]) (at C:/build/output/unity/unity/Runtime/Export/Logging/DebugLogHandler.cs:9)
UnityEngine.Logger:Log (UnityEngine.LogType,object) (at C:/build/output/unity/unity/Runtime/Export/Logging/Logger.cs:60)
UnityEngine.Debug:Log (object) (at C:/build/output/unity/unity/Runtime/Export/Debug/Debug.bindings.cs:123)
Game.View.CombatIndicators:Build () (at C:/Users/d.grab/Desktop/the-game/artifacts/camp-polish-project/Assets/Game.View/CombatIndicators.cs:138)
Game.View.CombatIndicators:LateUpdate () (at C:/Users/d.grab/Desktop/the-game/artifacts/camp-polish-project/Assets/Game.View/CombatIndicators.cs:152)

(Filename: C:/build/output/unity/unity/Runtime/Export/Debug/Debug.bindings.cs Line: 123)

[capture-grip] root=(-0.07, 0.85, -2.70), tip=(-0.49, 0.32, -2.76), length=0,678, edge=(0.78, -0.62, -0.04), edgeDown=0,619, socketRight=(0.03, 0.09, -1.00), socketUp=(-0.02, 1.00, 0.09), socketForward=(1.00, 0.02, 0.03), renderer=Pelag_FantasySaber_Equipped, enabled=True, active=True, boundsCenter=(-0.12, 0.75, -2.72), boundsSize=(0.92, 1.07, 0.22), shader=Universal Render Pipeline/Lit
UnityEngine.Debug:ExtractStackTraceNoAlloc (byte*,int,string)
UnityEngine.StackTraceUtility:ExtractStackTrace () (at C:/build/output/unity/unity/Runtime/Export/Scripting/StackTrace.cs:35)
UnityEngine.DebugLogHandler:Internal_Log (UnityEngine.LogType,UnityEngine.LogOption,string,UnityEngine.Object)
UnityEngine.DebugLogHandler:LogFormat (UnityEngine.LogType,UnityEngine.Object,string,object[]) (at C:/build/output/unity/unity/Runtime/Export/Logging/DebugLogHandler.cs:9)
UnityEngine.Logger:Log (UnityEngine.LogType,object) (at C:/build/output/unity/unity/Runtime/Export/Logging/Logger.cs:60)
UnityEngine.Debug:Log (object) (at C:/build/output/unity/unity/Runtime/Export/Debug/Debug.bindings.cs:123)
Game.View.CaptureRig:ConfigureCaptureView () (at C:/Users/d.grab/Desktop/the-game/artifacts/camp-polish-project/Assets/Game.View/CaptureRig.cs:970)
Game.View.CaptureRig/<Run>d__255:MoveNext () (at C:/Users/d.grab/Desktop/the-game/artifacts/camp-polish-project/Assets/Game.View/CaptureRig.cs:535)
UnityEngine.SetupCoroutine:InvokeMoveNext (System.Collections.IEnumerator,intptr) (at C:/build/output/unity/unity/Runtime/Export/Scripting/Coroutines.cs:17)

(Filename: C:/build/output/unity/unity/Runtime/Export/Debug/Debug.bindings.cs Line: 123)

[capture-hud] Developer console overlay hidden for UI review; diagnostics remain in player.log.
UnityEngine.Debug:ExtractStackTraceNoAlloc (byte*,int,string)
UnityEngine.StackTraceUtility:ExtractStackTrace () (at C:/build/output/unity/unity/Runtime/Export/Scripting/StackTrace.cs:35)
UnityEngine.DebugLogHandler:Internal_Log (UnityEngine.LogType,UnityEngine.LogOption,string,UnityEngine.Object)
UnityEngine.DebugLogHandler:LogFormat (UnityEngine.LogType,UnityEngine.Object,string,object[]) (at C:/build/output/unity/unity/Runtime/Export/Logging/DebugLogHandler.cs:9)
UnityEngine.Logger:Log (UnityEngine.LogType,object) (at C:/build/output/unity/unity/Runtime/Export/Logging/Logger.cs:60)
UnityEngine.Debug:Log (object) (at C:/build/output/unity/unity/Runtime/Export/Debug/Debug.bindings.cs:123)
Game.View.CaptureRig/<Run>d__255:MoveNext () (at C:/Users/d.grab/Desktop/the-game/artifacts/camp-polish-project/Assets/Game.View/CaptureRig.cs:649)
UnityEngine.SetupCoroutine:InvokeMoveNext (System.Collections.IEnumerator,intptr) (at C:/build/output/unity/unity/Runtime/Export/Scripting/Coroutines.cs:17)

(Filename: C:/build/output/unity/unity/Runtime/Export/Debug/Debug.bindings.cs Line: 123)

[camp-input-qa] real camp and walk map ready
UnityEngine.Debug:ExtractStackTraceNoAlloc (byte*,int,string)
UnityEngine.StackTraceUtility:ExtractStackTrace () (at C:/build/output/unity/unity/Runtime/Export/Scripting/StackTrace.cs:35)
UnityEngine.DebugLogHandler:Internal_Log (UnityEngine.LogType,UnityEngine.LogOption,string,UnityEngine.Object)
UnityEngine.DebugLogHandler:LogFormat (UnityEngine.LogType,UnityEngine.Object,string,object[]) (at C:/build/output/unity/unity/Runtime/Export/Logging/DebugLogHandler.cs:9)
UnityEngine.Logger:Log (UnityEngine.LogType,object) (at C:/build/output/unity/unity/Runtime/Export/Logging/Logger.cs:60)
UnityEngine.Debug:Log (object) (at C:/build/output/unity/unity/Runtime/Export/Debug/Debug.bindings.cs:123)
Game.View.CampInputCapture:Check (bool,string) (at C:/Users/d.grab/Desktop/the-game/artifacts/camp-polish-project/Assets/Game.View/CampInputCapture.cs:303)
Game.View.CampInputCapture/<Start>d__30:MoveNext () (at C:/Users/d.grab/Desktop/the-game/artifacts/camp-polish-project/Assets/Game.View/CampInputCapture.cs:66)
UnityEngine.SetupCoroutine:InvokeMoveNext (System.Collections.IEnumerator,intptr) (at C:/build/output/unity/unity/Runtime/Export/Scripting/Coroutines.cs:17)

(Filename: C:/build/output/unity/unity/Runtime/Export/Debug/Debug.bindings.cs Line: 123)

[camp-input-qa] Eni available on fresh profile
UnityEngine.Debug:ExtractStackTraceNoAlloc (byte*,int,string)
UnityEngine.StackTraceUtility:ExtractStackTrace () (at C:/build/output/unity/unity/Runtime/Export/Scripting/StackTrace.cs:35)
UnityEngine.DebugLogHandler:Internal_Log (UnityEngine.LogType,UnityEngine.LogOption,string,UnityEngine.Object)
UnityEngine.DebugLogHandler:LogFormat (UnityEngine.LogType,UnityEngine.Object,string,object[]) (at C:/build/output/unity/unity/Runtime/Export/Logging/DebugLogHandler.cs:9)
UnityEngine.Logger:Log (UnityEngine.LogType,object) (at C:/build/output/unity/unity/Runtime/Export/Logging/Logger.cs:60)
UnityEngine.Debug:Log (object) (at C:/build/output/unity/unity/Runtime/Export/Debug/Debug.bindings.cs:123)
Game.View.CampInputCapture:Check (bool,string) (at C:/Users/d.grab/Desktop/the-game/artifacts/camp-polish-project/Assets/Game.View/CampInputCapture.cs:303)
Game.View.CampInputCapture/<Start>d__30:MoveNext () (at C:/Users/d.grab/Desktop/the-game/artifacts/camp-polish-project/Assets/Game.View/CampInputCapture.cs:69)
UnityEngine.SetupCoroutine:InvokeMoveNext (System.Collections.IEnumerator,intptr) (at C:/build/output/unity/unity/Runtime/Export/Scripting/Coroutines.cs:17)

(Filename: C:/build/output/unity/unity/Runtime/Export/Debug/Debug.bindings.cs Line: 123)

[camp-input-qa] safe bidirectional movement patch
UnityEngine.Debug:ExtractStackTraceNoAlloc (byte*,int,string)
UnityEngine.StackTraceUtility:ExtractStackTrace () (at C:/build/output/unity/unity/Runtime/Export/Scripting/StackTrace.cs:35)
UnityEngine.DebugLogHandler:Internal_Log (UnityEngine.LogType,UnityEngine.LogOption,string,UnityEngine.Object)
UnityEngine.DebugLogHandler:LogFormat (UnityEngine.LogType,UnityEngine.Object,string,object[]) (at C:/build/output/unity/unity/Runtime/Export/Logging/DebugLogHandler.cs:9)
UnityEngine.Logger:Log (UnityEngine.LogType,object) (at C:/build/output/unity/unity/Runtime/Export/Logging/Logger.cs:60)
UnityEngine.Debug:Log (object) (at C:/build/output/unity/unity/Runtime/Export/Debug/Debug.bindings.cs:123)
Game.View.CampInputCapture:Check (bool,string) (at C:/Users/d.grab/Desktop/the-game/artifacts/camp-polish-project/Assets/Game.View/CampInputCapture.cs:303)
Game.View.CampInputCapture/<Start>d__30:MoveNext () (at C:/Users/d.grab/Desktop/the-game/artifacts/camp-polish-project/Assets/Game.View/CampInputCapture.cs:70)
UnityEngine.SetupCoroutine:InvokeMoveNext (System.Collections.IEnumerator,intptr) (at C:/build/output/unity/unity/Runtime/Export/Scripting/Coroutines.cs:17)

(Filename: C:/build/output/unity/unity/Runtime/Export/Debug/Debug.bindings.cs Line: 123)

[capture-lines] TrailRenderer «Skewer wake» путь=«Bootstrap/Симуляция/Skewer wake» emitting=False позиция=(2.00, 0.77, -2.88)
UnityEngine.Debug:ExtractStackTraceNoAlloc (byte*,int,string)
UnityEngine.StackTraceUtility:ExtractStackTrace () (at C:/build/output/unity/unity/Runtime/Export/Scripting/StackTrace.cs:35)
UnityEngine.DebugLogHandler:Internal_Log (UnityEngine.LogType,UnityEngine.LogOption,string,UnityEngine.Object)
UnityEngine.DebugLogHandler:LogFormat (UnityEngine.LogType,UnityEngine.Object,string,object[]) (at C:/build/output/unity/unity/Runtime/Export/Logging/DebugLogHandler.cs:9)
UnityEngine.Logger:Log (UnityEngine.LogType,object) (at C:/build/output/unity/unity/Runtime/Export/Logging/Logger.cs:60)
UnityEngine.Debug:Log (object) (at C:/build/output/unity/unity/Runtime/Export/Debug/Debug.bindings.cs:123)
Game.View.CaptureRig:DumpSceneLines () (at C:/Users/d.grab/Desktop/the-game/artifacts/camp-polish-project/Assets/Game.View/CaptureRig.cs:1049)
Game.View.CaptureRig:CaptureStill (int,single) (at C:/Users/d.grab/Desktop/the-game/artifacts/camp-polish-project/Assets/Game.View/CaptureRig.cs:1063)
Game.View.CaptureRig/<Run>d__255:MoveNext () (at C:/Users/d.grab/Desktop/the-game/artifacts/camp-polish-project/Assets/Game.View/CaptureRig.cs:674)
UnityEngine.SetupCoroutine:InvokeMoveNext (System.Collections.IEnumerator,intptr) (at C:/build/output/unity/unity/Runtime/Export/Scripting/Coroutines.cs:17)

(Filename: C:/build/output/unity/unity/Runtime/Export/Debug/Debug.bindings.cs Line: 123)

[capture-lines] TrailRenderer «Leap side stroke 0» путь=«Bootstrap/Симуляция/Leap side stroke 0» emitting=False позиция=(0.00, 0.00, 0.00)
UnityEngine.Debug:ExtractStackTraceNoAlloc (byte*,int,string)
UnityEngine.StackTraceUtility:ExtractStackTrace () (at C:/build/output/unity/unity/Runtime/Export/Scripting/StackTrace.cs:35)
UnityEngine.DebugLogHandler:Internal_Log (UnityEngine.LogType,UnityEngine.LogOption,string,UnityEngine.Object)
UnityEngine.DebugLogHandler:LogFormat (UnityEngine.LogType,UnityEngine.Object,string,object[]) (at C:/build/output/unity/unity/Runtime/Export/Logging/DebugLogHandler.cs:9)
UnityEngine.Logger:Log (UnityEngine.LogType,object) (at C:/build/output/unity/unity/Runtime/Export/Logging/Logger.cs:60)
UnityEngine.Debug:Log (object) (at C:/build/output/unity/unity/Runtime/Export/Debug/Debug.bindings.cs:123)
Game.View.CaptureRig:DumpSceneLines () (at C:/Users/d.grab/Desktop/the-game/artifacts/camp-polish-project/Assets/Game.View/CaptureRig.cs:1049)
Game.View.CaptureRig:CaptureStill (int,single) (at C:/Users/d.grab/Desktop/the-game/artifacts/camp-polish-project/Assets/Game.View/CaptureRig.cs:1063)
Game.View.CaptureRig/<Run>d__255:MoveNext () (at C:/Users/d.grab/Desktop/the-game/artifacts/camp-polish-project/Assets/Game.View/CaptureRig.cs:674)
UnityEngine.SetupCoroutine:InvokeMoveNext (System.Collections.IEnumerator,intptr) (at C:/build/output/unity/unity/Runtime/Export/Scripting/Coroutines.cs:17)

(Filename: C:/build/output/unity/unity/Runtime/Export/Debug/Debug.bindings.cs Line: 123)

[capture-lines] TrailRenderer «Anchor weight stroke» путь=«Bootstrap/Симуляция/Пул: Wole/Wole #0/Anchor weight stroke» emitting=False позиция=(2.00, 0.05, -2.88)
UnityEngine.Debug:ExtractStackTraceNoAlloc (byte*,int,string)
UnityEngine.StackTraceUtility:ExtractStackTrace () (at C:/build/output/unity/unity/Runtime/Export/Scripting/StackTrace.cs:35)
UnityEngine.DebugLogHandler:Internal_Log (UnityEngine.LogType,UnityEngine.LogOption,string,UnityEngine.Object)
UnityEngine.DebugLogHandler:LogFormat (UnityEngine.LogType,UnityEngine.Object,string,object[]) (at C:/build/output/unity/unity/Runtime/Export/Logging/DebugLogHandler.cs:9)
UnityEngine.Logger:Log (UnityEngine.LogType,object) (at C:/build/output/unity/unity/Runtime/Export/Logging/Logger.cs:60)
UnityEngine.Debug:Log (object) (at C:/build/output/unity/unity/Runtime/Export/Debug/Debug.bindings.cs:123)
Game.View.CaptureRig:DumpSceneLines () (at C:/Users/d.grab/Desktop/the-game/artifacts/camp-polish-project/Assets/Game.View/CaptureRig.cs:1049)
Game.View.CaptureRig:CaptureStill (int,single) (at C:/Users/d.grab/Desktop/the-game/artifacts/camp-polish-project/Assets/Game.View/CaptureRig.cs:1063)
Game.View.CaptureRig/<Run>d__255:MoveNext () (at C:/Users/d.grab/Desktop/the-game/artifacts/camp-polish-project/Assets/Game.View/CaptureRig.cs:674)
UnityEngine.SetupCoroutine:InvokeMoveNext (System.Collections.IEnumerator,intptr) (at C:/build/output/unity/unity/Runtime/Export/Scripting/Coroutines.cs:17)

(Filename: C:/build/output/unity/unity/Runtime/Export/Debug/Debug.bindings.cs Line: 123)

[capture-lines] TrailRenderer «Pelag Leap Trail» путь=«Bootstrap/Симуляция/Pelag Leap Trail» emitting=False позиция=(0.00, 0.00, 0.00)
UnityEngine.Debug:ExtractStackTraceNoAlloc (byte*,int,string)
UnityEngine.StackTraceUtility:ExtractStackTrace () (at C:/build/output/unity/unity/Runtime/Export/Scripting/StackTrace.cs:35)
UnityEngine.DebugLogHandler:Internal_Log (UnityEngine.LogType,UnityEngine.LogOption,string,UnityEngine.Object)
UnityEngine.DebugLogHandler:LogFormat (UnityEngine.LogType,UnityEngine.Object,string,object[]) (at C:/build/output/unity/unity/Runtime/Export/Logging/DebugLogHandler.cs:9)
UnityEngine.Logger:Log (UnityEngine.LogType,object) (at C:/build/output/unity/unity/Runtime/Export/Logging/Logger.cs:60)
UnityEngine.Debug:Log (object) (at C:/build/output/unity/unity/Runtime/Export/Debug/Debug.bindings.cs:123)
Game.View.CaptureRig:DumpSceneLines () (at C:/Users/d.grab/Desktop/the-game/artifacts/camp-polish-project/Assets/Game.View/CaptureRig.cs:1049)
Game.View.CaptureRig:CaptureStill (int,single) (at C:/Users/d.grab/Desktop/the-game/artifacts/camp-polish-project/Assets/Game.View/CaptureRig.cs:1063)
Game.View.CaptureRig/<Run>d__255:MoveNext () (at C:/Users/d.grab/Desktop/the-game/artifacts/camp-polish-project/Assets/Game.View/CaptureRig.cs:674)
UnityEngine.SetupCoroutine:InvokeMoveNext (System.Collections.IEnumerator,intptr) (at C:/build/output/unity/unity/Runtime/Export/Scripting/Coroutines.cs:17)

(Filename: C:/build/output/unity/unity/Runtime/Export/Debug/Debug.bindings.cs Line: 123)

[capture-lines] TrailRenderer «Leap side stroke 1» путь=«Bootstrap/Симуляция/Leap side stroke 1» emitting=False позиция=(0.00, 0.00, 0.00)
UnityEngine.Debug:ExtractStackTraceNoAlloc (byte*,int,string)
UnityEngine.StackTraceUtility:ExtractStackTrace () (at C:/build/output/unity/unity/Runtime/Export/Scripting/StackTrace.cs:35)
UnityEngine.DebugLogHandler:Internal_Log (UnityEngine.LogType,UnityEngine.LogOption,string,UnityEngine.Object)
UnityEngine.DebugLogHandler:LogFormat (UnityEngine.LogType,UnityEngine.Object,string,object[]) (at C:/build/output/unity/unity/Runtime/Export/Logging/DebugLogHandler.cs:9)
UnityEngine.Logger:Log (UnityEngine.LogType,object) (at C:/build/output/unity/unity/Runtime/Export/Logging/Logger.cs:60)
UnityEngine.Debug:Log (object) (at C:/build/output/unity/unity/Runtime/Export/Debug/Debug.bindings.cs:123)
Game.View.CaptureRig:DumpSceneLines () (at C:/Users/d.grab/Desktop/the-game/artifacts/camp-polish-project/Assets/Game.View/CaptureRig.cs:1049)
Game.View.CaptureRig:CaptureStill (int,single) (at C:/Users/d.grab/Desktop/the-game/artifacts/camp-polish-project/Assets/Game.View/CaptureRig.cs:1063)
Game.View.CaptureRig/<Run>d__255:MoveNext () (at C:/Users/d.grab/Desktop/the-game/artifacts/camp-polish-project/Assets/Game.View/CaptureRig.cs:674)
UnityEngine.SetupCoroutine:InvokeMoveNext (System.Collections.IEnumerator,intptr) (at C:/build/output/unity/unity/Runtime/Export/Scripting/Coroutines.cs:17)

(Filename: C:/build/output/unity/unity/Runtime/Export/Debug/Debug.bindings.cs Line: 123)

[capture] ART/CAMP/polish-2026-09-30/input-final\shot_00_t1.00s.png  1920x1080
UnityEngine.Debug:ExtractStackTraceNoAlloc (byte*,int,string)
UnityEngine.StackTraceUtility:ExtractStackTrace () (at C:/build/output/unity/unity/Runtime/Export/Scripting/StackTrace.cs:35)
UnityEngine.DebugLogHandler:Internal_Log (UnityEngine.LogType,UnityEngine.LogOption,string,UnityEngine.Object)
UnityEngine.DebugLogHandler:LogFormat (UnityEngine.LogType,UnityEngine.Object,string,object[]) (at C:/build/output/unity/unity/Runtime/Export/Logging/DebugLogHandler.cs:9)
UnityEngine.Logger:Log (UnityEngine.LogType,object) (at C:/build/output/unity/unity/Runtime/Export/Logging/Logger.cs:60)
UnityEngine.Debug:Log (object) (at C:/build/output/unity/unity/Runtime/Export/Debug/Debug.bindings.cs:123)
Game.View.CaptureRig:CaptureStill (int,single) (at C:/Users/d.grab/Desktop/the-game/artifacts/camp-polish-project/Assets/Game.View/CaptureRig.cs:1070)
Game.View.CaptureRig/<Run>d__255:MoveNext () (at C:/Users/d.grab/Desktop/the-game/artifacts/camp-polish-project/Assets/Game.View/CaptureRig.cs:674)
UnityEngine.SetupCoroutine:InvokeMoveNext (System.Collections.IEnumerator,intptr) (at C:/build/output/unity/unity/Runtime/Export/Scripting/Coroutines.cs:17)

(Filename: C:/build/output/unity/unity/Runtime/Export/Debug/Debug.bindings.cs Line: 123)

[footstep-surface] side=0 time=0,989 dust=False position=(2.55, 0.08, -2.05)
UnityEngine.Debug:ExtractStackTraceNoAlloc (byte*,int,string)
UnityEngine.StackTraceUtility:ExtractStackTrace () (at C:/build/output/unity/unity/Runtime/Export/Scripting/StackTrace.cs:35)
UnityEngine.DebugLogHandler:Internal_Log (UnityEngine.LogType,UnityEngine.LogOption,string,UnityEngine.Object)
UnityEngine.DebugLogHandler:LogFormat (UnityEngine.LogType,UnityEngine.Object,string,object[]) (at C:/build/output/unity/unity/Runtime/Export/Logging/DebugLogHandler.cs:9)
UnityEngine.Logger:Log (UnityEngine.LogType,object) (at C:/build/output/unity/unity/Runtime/Export/Logging/Logger.cs:60)
UnityEngine.Debug:Log (object) (at C:/build/output/unity/unity/Runtime/Export/Debug/Debug.bindings.cs:123)
Game.View.PelagVfxController:UpdateFootstepDust () (at C:/Users/d.grab/Desktop/the-game/artifacts/camp-polish-project/Assets/Game.View/PelagVfxController.cs:208)
Game.View.PelagVfxController:LateUpdate () (at C:/Users/d.grab/Desktop/the-game/artifacts/camp-polish-project/Assets/Game.View/PelagVfxController.cs:184)

(Filename: C:/build/output/unity/unity/Runtime/Export/Debug/Debug.bindings.cs Line: 123)

[footstep-surface] side=1 time=0,989 dust=False position=(2.64, 0.08, -1.66)
UnityEngine.Debug:ExtractStackTraceNoAlloc (byte*,int,string)
UnityEngine.StackTraceUtility:ExtractStackTrace () (at C:/build/output/unity/unity/Runtime/Export/Scripting/StackTrace.cs:35)
UnityEngine.DebugLogHandler:Internal_Log (UnityEngine.LogType,UnityEngine.LogOption,string,UnityEngine.Object)
UnityEngine.DebugLogHandler:LogFormat (UnityEngine.LogType,UnityEngine.Object,string,object[]) (at C:/build/output/unity/unity/Runtime/Export/Logging/DebugLogHandler.cs:9)
UnityEngine.Logger:Log (UnityEngine.LogType,object) (at C:/build/output/unity/unity/Runtime/Export/Logging/Logger.cs:60)
UnityEngine.Debug:Log (object) (at C:/build/output/unity/unity/Runtime/Export/Debug/Debug.bindings.cs:123)
Game.View.PelagVfxController:UpdateFootstepDust () (at C:/Users/d.grab/Desktop/the-game/artifacts/camp-polish-project/Assets/Game.View/PelagVfxController.cs:208)
Game.View.PelagVfxController:LateUpdate () (at C:/Users/d.grab/Desktop/the-game/artifacts/camp-polish-project/Assets/Game.View/PelagVfxController.cs:184)

(Filename: C:/build/output/unity/unity/Runtime/Export/Debug/Debug.bindings.cs Line: 123)

[footstep-surface] side=1 time=1,206 dust=False position=(2.98, 0.08, -0.80)
UnityEngine.Debug:ExtractStackTraceNoAlloc (byte*,int,string)
UnityEngine.StackTraceUtility:ExtractStackTrace () (at C:/build/output/unity/unity/Runtime/Export/Scripting/StackTrace.cs:35)
UnityEngine.DebugLogHandler:Internal_Log (UnityEngine.LogType,UnityEngine.LogOption,string,UnityEngine.Object)
UnityEngine.DebugLogHandler:LogFormat (UnityEngine.LogType,UnityEngine.Object,string,object[]) (at C:/build/output/unity/unity/Runtime/Export/Logging/DebugLogHandler.cs:9)
UnityEngine.Logger:Log (UnityEngine.LogType,object) (at C:/build/output/unity/unity/Runtime/Export/Logging/Logger.cs:60)
UnityEngine.Debug:Log (object) (at C:/build/output/unity/unity/Runtime/Export/Debug/Debug.bindings.cs:123)
Game.View.PelagVfxController:UpdateFootstepDust () (at C:/Users/d.grab/Desktop/the-game/artifacts/camp-polish-project/Assets/Game.View/PelagVfxController.cs:208)
Game.View.PelagVfxController:LateUpdate () (at C:/Users/d.grab/Desktop/the-game/artifacts/camp-polish-project/Assets/Game.View/PelagVfxController.cs:184)

(Filename: C:/build/output/unity/unity/Runtime/Export/Debug/Debug.bindings.cs Line: 123)

[footstep-surface] side=0 time=1,489 dust=False position=(3.57, 0.08, 0.01)
UnityEngine.Debug:ExtractStackTraceNoAlloc (byte*,int,string)
UnityEngine.StackTraceUtility:ExtractStackTrace () (at C:/build/output/unity/unity/Runtime/Export/Scripting/StackTrace.cs:35)
UnityEngine.DebugLogHandler:Internal_Log (UnityEngine.LogType,UnityEngine.LogOption,string,UnityEngine.Object)
UnityEngine.DebugLogHandler:LogFormat (UnityEngine.LogType,UnityEngine.Object,string,object[]) (at C:/build/output/unity/unity/Runtime/Export/Logging/DebugLogHandler.cs:9)
UnityEngine.Logger:Log (UnityEngine.LogType,object) (at C:/build/output/unity/unity/Runtime/Export/Logging/Logger.cs:60)
UnityEngine.Debug:Log (object) (at C:/build/output/unity/unity/Runtime/Export/Debug/Debug.bindings.cs:123)
Game.View.PelagVfxController:UpdateFootstepDust () (at C:/Users/d.grab/Desktop/the-game/artifacts/camp-polish-project/Assets/Game.View/PelagVfxController.cs:208)
Game.View.PelagVfxController:LateUpdate () (at C:/Users/d.grab/Desktop/the-game/artifacts/camp-polish-project/Assets/Game.View/PelagVfxController.cs:184)

(Filename: C:/build/output/unity/unity/Runtime/Export/Debug/Debug.bindings.cs Line: 123)

[camp-input-qa] real W advances player
UnityEngine.Debug:ExtractStackTraceNoAlloc (byte*,int,string)
UnityEngine.StackTraceUtility:ExtractStackTrace () (at C:/build/output/unity/unity/Runtime/Export/Scripting/StackTrace.cs:35)
UnityEngine.DebugLogHandler:Internal_Log (UnityEngine.LogType,UnityEngine.LogOption,string,UnityEngine.Object)
UnityEngine.DebugLogHandler:LogFormat (UnityEngine.LogType,UnityEngine.Object,string,object[]) (at C:/build/output/unity/unity/Runtime/Export/Logging/DebugLogHandler.cs:9)
UnityEngine.Logger:Log (UnityEngine.LogType,object) (at C:/build/output/unity/unity/Runtime/Export/Logging/Logger.cs:60)
UnityEngine.Debug:Log (object) (at C:/build/output/unity/unity/Runtime/Export/Debug/Debug.bindings.cs:123)
Game.View.CampInputCapture:Check (bool,string) (at C:/Users/d.grab/Desktop/the-game/artifacts/camp-polish-project/Assets/Game.View/CampInputCapture.cs:303)
Game.View.CampInputCapture/<Start>d__30:MoveNext () (at C:/Users/d.grab/Desktop/the-game/artifacts/camp-polish-project/Assets/Game.View/CampInputCapture.cs:77)
UnityEngine.SetupCoroutine:InvokeMoveNext (System.Collections.IEnumerator,intptr) (at C:/build/output/unity/unity/Runtime/Export/Scripting/Coroutines.cs:17)

(Filename: C:/build/output/unity/unity/Runtime/Export/Debug/Debug.bindings.cs Line: 123)

[footstep-surface] side=0 time=2,073 dust=False position=(2.61, 0.08, -0.96)
UnityEngine.Debug:ExtractStackTraceNoAlloc (byte*,int,string)
UnityEngine.StackTraceUtility:ExtractStackTrace () (at C:/build/output/unity/unity/Runtime/Export/Scripting/StackTrace.cs:35)
UnityEngine.DebugLogHandler:Internal_Log (UnityEngine.LogType,UnityEngine.LogOption,string,UnityEngine.Object)
UnityEngine.DebugLogHandler:LogFormat (UnityEngine.LogType,UnityEngine.Object,string,object[]) (at C:/build/output/unity/unity/Runtime/Export/Logging/DebugLogHandler.cs:9)
UnityEngine.Logger:Log (UnityEngine.LogType,object) (at C:/build/output/unity/unity/Runtime/Export/Logging/Logger.cs:60)
UnityEngine.Debug:Log (object) (at C:/build/output/unity/unity/Runtime/Export/Debug/Debug.bindings.cs:123)
Game.View.PelagVfxController:UpdateFootstepDust () (at C:/Users/d.grab/Desktop/the-game/artifacts/camp-polish-project/Assets/Game.View/PelagVfxController.cs:208)
Game.View.PelagVfxController:LateUpdate () (at C:/Users/d.grab/Desktop/the-game/artifacts/camp-polish-project/Assets/Game.View/PelagVfxController.cs:184)

(Filename: C:/build/output/unity/unity/Runtime/Export/Debug/Debug.bindings.cs Line: 123)

[footstep-surface] side=1 time=2,406 dust=False position=(2.34, 0.08, -2.04)
UnityEngine.Debug:ExtractStackTraceNoAlloc (byte*,int,string)
UnityEngine.StackTraceUtility:ExtractStackTrace () (at C:/build/output/unity/unity/Runtime/Export/Scripting/StackTrace.cs:35)
UnityEngine.DebugLogHandler:Internal_Log (UnityEngine.LogType,UnityEngine.LogOption,string,UnityEngine.Object)
UnityEngine.DebugLogHandler:LogFormat (UnityEngine.LogType,UnityEngine.Object,string,object[]) (at C:/build/output/unity/unity/Runtime/Export/Logging/DebugLogHandler.cs:9)
UnityEngine.Logger:Log (UnityEngine.LogType,object) (at C:/build/output/unity/unity/Runtime/Export/Logging/Logger.cs:60)
UnityEngine.Debug:Log (object) (at C:/build/output/unity/unity/Runtime/Export/Debug/Debug.bindings.cs:123)
Game.View.PelagVfxController:UpdateFootstepDust () (at C:/Users/d.grab/Desktop/the-game/artifacts/camp-polish-project/Assets/Game.View/PelagVfxController.cs:208)
Game.View.PelagVfxController:LateUpdate () (at C:/Users/d.grab/Desktop/the-game/artifacts/camp-polish-project/Assets/Game.View/PelagVfxController.cs:184)

(Filename: C:/build/output/unity/unity/Runtime/Export/Debug/Debug.bindings.cs Line: 123)

[camp-input-qa] real S returns player
UnityEngine.Debug:ExtractStackTraceNoAlloc (byte*,int,string)
UnityEngine.StackTraceUtility:ExtractStackTrace () (at C:/build/output/unity/unity/Runtime/Export/Scripting/StackTrace.cs:35)
UnityEngine.DebugLogHandler:Internal_Log (UnityEngine.LogType,UnityEngine.LogOption,string,UnityEngine.Object)
UnityEngine.DebugLogHandler:LogFormat (UnityEngine.LogType,UnityEngine.Object,string,object[]) (at C:/build/output/unity/unity/Runtime/Export/Logging/DebugLogHandler.cs:9)
UnityEngine.Logger:Log (UnityEngine.LogType,object) (at C:/build/output/unity/unity/Runtime/Export/Logging/Logger.cs:60)
UnityEngine.Debug:Log (object) (at C:/build/output/unity/unity/Runtime/Export/Debug/Debug.bindings.cs:123)
Game.View.CampInputCapture:Check (bool,string) (at C:/Users/d.grab/Desktop/the-game/artifacts/camp-polish-project/Assets/Game.View/CampInputCapture.cs:303)
Game.View.CampInputCapture/<Start>d__30:MoveNext () (at C:/Users/d.grab/Desktop/the-game/artifacts/camp-polish-project/Assets/Game.View/CampInputCapture.cs:81)
UnityEngine.SetupCoroutine:InvokeMoveNext (System.Collections.IEnumerator,intptr) (at C:/build/output/unity/unity/Runtime/Export/Scripting/Coroutines.cs:17)

(Filename: C:/build/output/unity/unity/Runtime/Export/Debug/Debug.bindings.cs Line: 123)

[footstep-surface] side=1 time=3,306 dust=False position=(2.25, 0.08, -2.79)
UnityEngine.Debug:ExtractStackTraceNoAlloc (byte*,int,string)
UnityEngine.StackTraceUtility:ExtractStackTrace () (at C:/build/output/unity/unity/Runtime/Export/Scripting/StackTrace.cs:35)
UnityEngine.DebugLogHandler:Internal_Log (UnityEngine.LogType,UnityEngine.LogOption,string,UnityEngine.Object)
UnityEngine.DebugLogHandler:LogFormat (UnityEngine.LogType,UnityEngine.Object,string,object[]) (at C:/build/output/unity/unity/Runtime/Export/Logging/DebugLogHandler.cs:9)
UnityEngine.Logger:Log (UnityEngine.LogType,object) (at C:/build/output/unity/unity/Runtime/Export/Logging/Logger.cs:60)
UnityEngine.Debug:Log (object) (at C:/build/output/unity/unity/Runtime/Export/Debug/Debug.bindings.cs:123)
Game.View.PelagVfxController:UpdateFootstepDust () (at C:/Users/d.grab/Desktop/the-game/artifacts/camp-polish-project/Assets/Game.View/PelagVfxController.cs:208)
Game.View.PelagVfxController:LateUpdate () (at C:/Users/d.grab/Desktop/the-game/artifacts/camp-polish-project/Assets/Game.View/PelagVfxController.cs:184)

(Filename: C:/build/output/unity/unity/Runtime/Export/Debug/Debug.bindings.cs Line: 123)

[footstep-surface] side=0 time=3,423 dust=False position=(2.45, 0.08, -1.62)
UnityEngine.Debug:ExtractStackTraceNoAlloc (byte*,int,string)
UnityEngine.StackTraceUtility:ExtractStackTrace () (at C:/build/output/unity/unity/Runtime/Export/Scripting/StackTrace.cs:35)
UnityEngine.DebugLogHandler:Internal_Log (UnityEngine.LogType,UnityEngine.LogOption,string,UnityEngine.Object)
UnityEngine.DebugLogHandler:LogFormat (UnityEngine.LogType,UnityEngine.Object,string,object[]) (at C:/build/output/unity/unity/Runtime/Export/Logging/DebugLogHandler.cs:9)
UnityEngine.Logger:Log (UnityEngine.LogType,object) (at C:/build/output/unity/unity/Runtime/Export/Logging/Logger.cs:60)
UnityEngine.Debug:Log (object) (at C:/build/output/unity/unity/Runtime/Export/Debug/Debug.bindings.cs:123)
Game.View.PelagVfxController:UpdateFootstepDust () (at C:/Users/d.grab/Desktop/the-game/artifacts/camp-polish-project/Assets/Game.View/PelagVfxController.cs:208)
Game.View.PelagVfxController:LateUpdate () (at C:/Users/d.grab/Desktop/the-game/artifacts/camp-polish-project/Assets/Game.View/PelagVfxController.cs:184)

(Filename: C:/build/output/unity/unity/Runtime/Export/Debug/Debug.bindings.cs Line: 123)

[footstep-surface] side=1 time=3,656 dust=False position=(3.28, 0.08, -0.62)
UnityEngine.Debug:ExtractStackTraceNoAlloc (byte*,int,string)
UnityEngine.StackTraceUtility:ExtractStackTrace () (at C:/build/output/unity/unity/Runtime/Export/Scripting/StackTrace.cs:35)
UnityEngine.DebugLogHandler:Internal_Log (UnityEngine.LogType,UnityEngine.LogOption,string,UnityEngine.Object)
UnityEngine.DebugLogHandler:LogFormat (UnityEngine.LogType,UnityEngine.Object,string,object[]) (at C:/build/output/unity/unity/Runtime/Export/Logging/DebugLogHandler.cs:9)
UnityEngine.Logger:Log (UnityEngine.LogType,object) (at C:/build/output/unity/unity/Runtime/Export/Logging/Logger.cs:60)
UnityEngine.Debug:Log (object) (at C:/build/output/unity/unity/Runtime/Export/Debug/Debug.bindings.cs:123)
Game.View.PelagVfxController:UpdateFootstepDust () (at C:/Users/d.grab/Desktop/the-game/artifacts/camp-polish-project/Assets/Game.View/PelagVfxController.cs:208)
Game.View.PelagVfxController:LateUpdate () (at C:/Users/d.grab/Desktop/the-game/artifacts/camp-polish-project/Assets/Game.View/PelagVfxController.cs:184)

(Filename: C:/build/output/unity/unity/Runtime/Export/Debug/Debug.bindings.cs Line: 123)

[camp-input-qa] real left stick advances player
UnityEngine.Debug:ExtractStackTraceNoAlloc (byte*,int,string)
UnityEngine.StackTraceUtility:ExtractStackTrace () (at C:/build/output/unity/unity/Runtime/Export/Scripting/StackTrace.cs:35)
UnityEngine.DebugLogHandler:Internal_Log (UnityEngine.LogType,UnityEngine.LogOption,string,UnityEngine.Object)
UnityEngine.DebugLogHandler:LogFormat (UnityEngine.LogType,UnityEngine.Object,string,object[]) (at C:/build/output/unity/unity/Runtime/Export/Logging/DebugLogHandler.cs:9)
UnityEngine.Logger:Log (UnityEngine.LogType,object) (at C:/build/output/unity/unity/Runtime/Export/Logging/Logger.cs:60)
UnityEngine.Debug:Log (object) (at C:/build/output/unity/unity/Runtime/Export/Debug/Debug.bindings.cs:123)
Game.View.CampInputCapture:Check (bool,string) (at C:/Users/d.grab/Desktop/the-game/artifacts/camp-polish-project/Assets/Game.View/CampInputCapture.cs:303)
Game.View.CampInputCapture/<Start>d__30:MoveNext () (at C:/Users/d.grab/Desktop/the-game/artifacts/camp-polish-project/Assets/Game.View/CampInputCapture.cs:87)
UnityEngine.SetupCoroutine:InvokeMoveNext (System.Collections.IEnumerator,intptr) (at C:/build/output/unity/unity/Runtime/Export/Scripting/Coroutines.cs:17)

(Filename: C:/build/output/unity/unity/Runtime/Export/Debug/Debug.bindings.cs Line: 123)

[footstep-surface] side=0 time=4,389 dust=False position=(2.58, 0.08, -1.94)
UnityEngine.Debug:ExtractStackTraceNoAlloc (byte*,int,string)
UnityEngine.StackTraceUtility:ExtractStackTrace () (at C:/build/output/unity/unity/Runtime/Export/Scripting/StackTrace.cs:35)
UnityEngine.DebugLogHandler:Internal_Log (UnityEngine.LogType,UnityEngine.LogOption,string,UnityEngine.Object)
UnityEngine.DebugLogHandler:LogFormat (UnityEngine.LogType,UnityEngine.Object,string,object[]) (at C:/build/output/unity/unity/Runtime/Export/Logging/DebugLogHandler.cs:9)
UnityEngine.Logger:Log (UnityEngine.LogType,object) (at C:/build/output/unity/unity/Runtime/Export/Logging/Logger.cs:60)
UnityEngine.Debug:Log (object) (at C:/build/output/unity/unity/Runtime/Export/Debug/Debug.bindings.cs:123)
Game.View.PelagVfxController:UpdateFootstepDust () (at C:/Users/d.grab/Desktop/the-game/artifacts/camp-polish-project/Assets/Game.View/PelagVfxController.cs:208)
Game.View.PelagVfxController:LateUpdate () (at C:/Users/d.grab/Desktop/the-game/artifacts/camp-polish-project/Assets/Game.View/PelagVfxController.cs:184)

(Filename: C:/build/output/unity/unity/Runtime/Export/Debug/Debug.bindings.cs Line: 123)

[footstep-surface] side=1 time=4,639 dust=False position=(1.78, 0.08, -2.95)
UnityEngine.Debug:ExtractStackTraceNoAlloc (byte*,int,string)
UnityEngine.StackTraceUtility:ExtractStackTrace () (at C:/build/output/unity/unity/Runtime/Export/Scripting/StackTrace.cs:35)
UnityEngine.DebugLogHandler:Internal_Log (UnityEngine.LogType,UnityEngine.LogOption,string,UnityEngine.Object)
UnityEngine.DebugLogHandler:LogFormat (UnityEngine.LogType,UnityEngine.Object,string,object[]) (at C:/build/output/unity/unity/Runtime/Export/Logging/DebugLogHandler.cs:9)
UnityEngine.Logger:Log (UnityEngine.LogType,object) (at C:/build/output/unity/unity/Runtime/Export/Logging/Logger.cs:60)
UnityEngine.Debug:Log (object) (at C:/build/output/unity/unity/Runtime/Export/Debug/Debug.bindings.cs:123)
Game.View.PelagVfxController:UpdateFootstepDust () (at C:/Users/d.grab/Desktop/the-game/artifacts/camp-polish-project/Assets/Game.View/PelagVfxController.cs:208)
Game.View.PelagVfxController:LateUpdate () (at C:/Users/d.grab/Desktop/the-game/artifacts/camp-polish-project/Assets/Game.View/PelagVfxController.cs:184)

(Filename: C:/build/output/unity/unity/Runtime/Export/Debug/Debug.bindings.cs Line: 123)

[camp-input-qa] real left stick returns player
UnityEngine.Debug:ExtractStackTraceNoAlloc (byte*,int,string)
UnityEngine.StackTraceUtility:ExtractStackTrace () (at C:/build/output/unity/unity/Runtime/Export/Scripting/StackTrace.cs:35)
UnityEngine.DebugLogHandler:Internal_Log (UnityEngine.LogType,UnityEngine.LogOption,string,UnityEngine.Object)
UnityEngine.DebugLogHandler:LogFormat (UnityEngine.LogType,UnityEngine.Object,string,object[]) (at C:/build/output/unity/unity/Runtime/Export/Logging/DebugLogHandler.cs:9)
UnityEngine.Logger:Log (UnityEngine.LogType,object) (at C:/build/output/unity/unity/Runtime/Export/Logging/Logger.cs:60)
UnityEngine.Debug:Log (object) (at C:/build/output/unity/unity/Runtime/Export/Debug/Debug.bindings.cs:123)
Game.View.CampInputCapture:Check (bool,string) (at C:/Users/d.grab/Desktop/the-game/artifacts/camp-polish-project/Assets/Game.View/CampInputCapture.cs:303)
Game.View.CampInputCapture/<Start>d__30:MoveNext () (at C:/Users/d.grab/Desktop/the-game/artifacts/camp-polish-project/Assets/Game.View/CampInputCapture.cs:91)
UnityEngine.SetupCoroutine:InvokeMoveNext (System.Collections.IEnumerator,intptr) (at C:/build/output/unity/unity/Runtime/Export/Scripting/Coroutines.cs:17)

(Filename: C:/build/output/unity/unity/Runtime/Export/Debug/Debug.bindings.cs Line: 123)

[camp-input-qa] world click projection outside HUD
UnityEngine.Debug:ExtractStackTraceNoAlloc (byte*,int,string)
UnityEngine.StackTraceUtility:ExtractStackTrace () (at C:/build/output/unity/unity/Runtime/Export/Scripting/StackTrace.cs:35)
UnityEngine.DebugLogHandler:Internal_Log (UnityEngine.LogType,UnityEngine.LogOption,string,UnityEngine.Object)
UnityEngine.DebugLogHandler:LogFormat (UnityEngine.LogType,UnityEngine.Object,string,object[]) (at C:/build/output/unity/unity/Runtime/Export/Logging/DebugLogHandler.cs:9)
UnityEngine.Logger:Log (UnityEngine.LogType,object) (at C:/build/output/unity/unity/Runtime/Export/Logging/Logger.cs:60)
UnityEngine.Debug:Log (object) (at C:/build/output/unity/unity/Runtime/Export/Debug/Debug.bindings.cs:123)
Game.View.CampInputCapture:Check (bool,string) (at C:/Users/d.grab/Desktop/the-game/artifacts/camp-polish-project/Assets/Game.View/CampInputCapture.cs:303)
Game.View.CampInputCapture/<ClickWorld>d__45:MoveNext () (at C:/Users/d.grab/Desktop/the-game/artifacts/camp-polish-project/Assets/Game.View/CampInputCapture.cs:274)
UnityEngine.SetupCoroutine:InvokeMoveNext (System.Collections.IEnumerator,intptr) (at C:/build/output/unity/unity/Runtime/Export/Scripting/Coroutines.cs:17)

(Filename: C:/build/output/unity/unity/Runtime/Export/Debug/Debug.bindings.cs Line: 123)

[camp-route] откуда 2,00,-2,88 → 3,30,-0,18 | герой в карте=True цель в карте=True прямая=True углов=2 маршрут=True
UnityEngine.Debug:ExtractStackTraceNoAlloc (byte*,int,string)
UnityEngine.StackTraceUtility:ExtractStackTrace () (at C:/build/output/unity/unity/Runtime/Export/Scripting/StackTrace.cs:35)
UnityEngine.DebugLogHandler:Internal_Log (UnityEngine.LogType,UnityEngine.LogOption,string,UnityEngine.Object)
UnityEngine.DebugLogHandler:LogFormat (UnityEngine.LogType,UnityEngine.Object,string,object[]) (at C:/build/output/unity/unity/Runtime/Export/Logging/DebugLogHandler.cs:9)
UnityEngine.Logger:Log (UnityEngine.LogType,object) (at C:/build/output/unity/unity/Runtime/Export/Logging/Logger.cs:60)
UnityEngine.Debug:Log (object) (at C:/build/output/unity/unity/Runtime/Export/Debug/Debug.bindings.cs:123)
Game.View.CampPlayerView:RouteTo (UnityEngine.Vector3) (at C:/Users/d.grab/Desktop/the-game/artifacts/camp-polish-project/Assets/Game.View/CampPlayerView.cs:342)
Game.View.CampPlayerView:HandleWorldPress (UnityEngine.Vector2) (at C:/Users/d.grab/Desktop/the-game/artifacts/camp-polish-project/Assets/Game.View/CampPlayerView.cs:311)
Game.View.CampPlayerView:Update () (at C:/Users/d.grab/Desktop/the-game/artifacts/camp-polish-project/Assets/Game.View/CampPlayerView.cs:269)

(Filename: C:/build/output/unity/unity/Runtime/Export/Debug/Debug.bindings.cs Line: 123)

[footstep-surface] side=0 time=5,656 dust=False position=(2.52, 0.08, -1.69)
UnityEngine.Debug:ExtractStackTraceNoAlloc (byte*,int,string)
UnityEngine.StackTraceUtility:ExtractStackTrace () (at C:/build/output/unity/unity/Runtime/Export/Scripting/StackTrace.cs:35)
UnityEngine.DebugLogHandler:Internal_Log (UnityEngine.LogType,UnityEngine.LogOption,string,UnityEngine.Object)
UnityEngine.DebugLogHandler:LogFormat (UnityEngine.LogType,UnityEngine.Object,string,object[]) (at C:/build/output/unity/unity/Runtime/Export/Logging/DebugLogHandler.cs:9)
UnityEngine.Logger:Log (UnityEngine.LogType,object) (at C:/build/output/unity/unity/Runtime/Export/Logging/Logger.cs:60)
UnityEngine.Debug:Log (object) (at C:/build/output/unity/unity/Runtime/Export/Debug/Debug.bindings.cs:123)
Game.View.PelagVfxController:UpdateFootstepDust () (at C:/Users/d.grab/Desktop/the-game/artifacts/camp-polish-project/Assets/Game.View/PelagVfxController.cs:208)
Game.View.PelagVfxController:LateUpdate () (at C:/Users/d.grab/Desktop/the-game/artifacts/camp-polish-project/Assets/Game.View/PelagVfxController.cs:184)

(Filename: C:/build/output/unity/unity/Runtime/Export/Debug/Debug.bindings.cs Line: 123)

[footstep-surface] side=1 time=5,923 dust=False position=(3.27, 0.08, -0.67)
UnityEngine.Debug:ExtractStackTraceNoAlloc (byte*,int,string)
UnityEngine.StackTraceUtility:ExtractStackTrace () (at C:/build/output/unity/unity/Runtime/Export/Scripting/StackTrace.cs:35)
UnityEngine.DebugLogHandler:Internal_Log (UnityEngine.LogType,UnityEngine.LogOption,string,UnityEngine.Object)
UnityEngine.DebugLogHandler:LogFormat (UnityEngine.LogType,UnityEngine.Object,string,object[]) (at C:/build/output/unity/unity/Runtime/Export/Logging/DebugLogHandler.cs:9)
UnityEngine.Logger:Log (UnityEngine.LogType,object) (at C:/build/output/unity/unity/Runtime/Export/Logging/Logger.cs:60)
UnityEngine.Debug:Log (object) (at C:/build/output/unity/unity/Runtime/Export/Debug/Debug.bindings.cs:123)
Game.View.PelagVfxController:UpdateFootstepDust () (at C:/Users/d.grab/Desktop/the-game/artifacts/camp-polish-project/Assets/Game.View/PelagVfxController.cs:208)
Game.View.PelagVfxController:LateUpdate () (at C:/Users/d.grab/Desktop/the-game/artifacts/camp-polish-project/Assets/Game.View/PelagVfxController.cs:184)

(Filename: C:/build/output/unity/unity/Runtime/Export/Debug/Debug.bindings.cs Line: 123)

[camp-input-qa] short real right click follows route distance=0,30
UnityEngine.Debug:ExtractStackTraceNoAlloc (byte*,int,string)
UnityEngine.StackTraceUtility:ExtractStackTrace () (at C:/build/output/unity/unity/Runtime/Export/Scripting/StackTrace.cs:35)
UnityEngine.DebugLogHandler:Internal_Log (UnityEngine.LogType,UnityEngine.LogOption,string,UnityEngine.Object)
UnityEngine.DebugLogHandler:LogFormat (UnityEngine.LogType,UnityEngine.Object,string,object[]) (at C:/build/output/unity/unity/Runtime/Export/Logging/DebugLogHandler.cs:9)
UnityEngine.Logger:Log (UnityEngine.LogType,object) (at C:/build/output/unity/unity/Runtime/Export/Logging/Logger.cs:60)
UnityEngine.Debug:Log (object) (at C:/build/output/unity/unity/Runtime/Export/Debug/Debug.bindings.cs:123)
Game.View.CampInputCapture:Check (bool,string) (at C:/Users/d.grab/Desktop/the-game/artifacts/camp-polish-project/Assets/Game.View/CampInputCapture.cs:303)
Game.View.CampInputCapture/<AwaitPosition>d__39:MoveNext () (at C:/Users/d.grab/Desktop/the-game/artifacts/camp-polish-project/Assets/Game.View/CampInputCapture.cs:250)
UnityEngine.SetupCoroutine:InvokeMoveNext (System.Collections.IEnumerator,intptr) (at C:/build/output/unity/unity/Runtime/Export/Scripting/Coroutines.cs:17)

(Filename: C:/build/output/unity/unity/Runtime/Export/Debug/Debug.bindings.cs Line: 123)

[camp-input-qa] world click projection outside HUD
UnityEngine.Debug:ExtractStackTraceNoAlloc (byte*,int,string)
UnityEngine.StackTraceUtility:ExtractStackTrace () (at C:/build/output/unity/unity/Runtime/Export/Scripting/StackTrace.cs:35)
UnityEngine.DebugLogHandler:Internal_Log (UnityEngine.LogType,UnityEngine.LogOption,string,UnityEngine.Object)
UnityEngine.DebugLogHandler:LogFormat (UnityEngine.LogType,UnityEngine.Object,string,object[]) (at C:/build/output/unity/unity/Runtime/Export/Logging/DebugLogHandler.cs:9)
UnityEngine.Logger:Log (UnityEngine.LogType,object) (at C:/build/output/unity/unity/Runtime/Export/Logging/Logger.cs:60)
UnityEngine.Debug:Log (object) (at C:/build/output/unity/unity/Runtime/Export/Debug/Debug.bindings.cs:123)
Game.View.CampInputCapture:Check (bool,string) (at C:/Users/d.grab/Desktop/the-game/artifacts/camp-polish-project/Assets/Game.View/CampInputCapture.cs:303)
Game.View.CampInputCapture/<ClickWorld>d__45:MoveNext () (at C:/Users/d.grab/Desktop/the-game/artifacts/camp-polish-project/Assets/Game.View/CampInputCapture.cs:274)
UnityEngine.SetupCoroutine:InvokeMoveNext (System.Collections.IEnumerator,intptr) (at C:/build/output/unity/unity/Runtime/Export/Scripting/Coroutines.cs:17)

(Filename: C:/build/output/unity/unity/Runtime/Export/Debug/Debug.bindings.cs Line: 123)

[camp-route] откуда 3,15,-0,52 → 2,05,-2,78 | герой в карте=True цель в карте=True прямая=True углов=3 маршрут=True
UnityEngine.Debug:ExtractStackTraceNoAlloc (byte*,int,string)
UnityEngine.StackTraceUtility:ExtractStackTrace () (at C:/build/output/unity/unity/Runtime/Export/Scripting/StackTrace.cs:35)
UnityEngine.DebugLogHandler:Internal_Log (UnityEngine.LogType,UnityEngine.LogOption,string,UnityEngine.Object)
UnityEngine.DebugLogHandler:LogFormat (UnityEngine.LogType,UnityEngine.Object,string,object[]) (at C:/build/output/unity/unity/Runtime/Export/Logging/DebugLogHandler.cs:9)
UnityEngine.Logger:Log (UnityEngine.LogType,object) (at C:/build/output/unity/unity/Runtime/Export/Logging/Logger.cs:60)
UnityEngine.Debug:Log (object) (at C:/build/output/unity/unity/Runtime/Export/Debug/Debug.bindings.cs:123)
Game.View.CampPlayerView:RouteTo (UnityEngine.Vector3) (at C:/Users/d.grab/Desktop/the-game/artifacts/camp-polish-project/Assets/Game.View/CampPlayerView.cs:342)
Game.View.CampPlayerView:HandleWorldPress (UnityEngine.Vector2) (at C:/Users/d.grab/Desktop/the-game/artifacts/camp-polish-project/Assets/Game.View/CampPlayerView.cs:311)
Game.View.TickDriver:CaptureAim (UnityEngine.Vector2,bool,bool,bool,bool) (at C:/Users/d.grab/Desktop/the-game/artifacts/camp-polish-project/Assets/Game.View/TickDriver.cs:1317)
Game.View.TickDriver:CaptureInput () (at C:/Users/d.grab/Desktop/the-game/artifacts/camp-polish-project/Assets/Game.View/TickDriver.cs:619)
Game.View.TickDriver:Update () (at C:/Users/d.grab/Desktop/the-game/artifacts/camp-polish-project/Assets/Game.View/TickDriver.cs:360)

(Filename: C:/build/output/unity/unity/Runtime/Export/Debug/Debug.bindings.cs Line: 123)

[footstep-surface] side=0 time=6,206 dust=False position=(2.77, 0.08, -1.41)
UnityEngine.Debug:ExtractStackTraceNoAlloc (byte*,int,string)
UnityEngine.StackTraceUtility:ExtractStackTrace () (at C:/build/output/unity/unity/Runtime/Export/Scripting/StackTrace.cs:35)
UnityEngine.DebugLogHandler:Internal_Log (UnityEngine.LogType,UnityEngine.LogOption,string,UnityEngine.Object)
UnityEngine.DebugLogHandler:LogFormat (UnityEngine.LogType,UnityEngine.Object,string,object[]) (at C:/build/output/unity/unity/Runtime/Export/Logging/DebugLogHandler.cs:9)
UnityEngine.Logger:Log (UnityEngine.LogType,object) (at C:/build/output/unity/unity/Runtime/Export/Logging/Logger.cs:60)
UnityEngine.Debug:Log (object) (at C:/build/output/unity/unity/Runtime/Export/Debug/Debug.bindings.cs:123)
Game.View.PelagVfxController:UpdateFootstepDust () (at C:/Users/d.grab/Desktop/the-game/artifacts/camp-polish-project/Assets/Game.View/PelagVfxController.cs:208)
Game.View.PelagVfxController:LateUpdate () (at C:/Users/d.grab/Desktop/the-game/artifacts/camp-polish-project/Assets/Game.View/PelagVfxController.cs:184)

(Filename: C:/build/output/unity/unity/Runtime/Export/Debug/Debug.bindings.cs Line: 123)

[footstep-surface] side=1 time=6,473 dust=False position=(1.99, 0.08, -2.42)
UnityEngine.Debug:ExtractStackTraceNoAlloc (byte*,int,string)
UnityEngine.StackTraceUtility:ExtractStackTrace () (at C:/build/output/unity/unity/Runtime/Export/Scripting/StackTrace.cs:35)
UnityEngine.DebugLogHandler:Internal_Log (UnityEngine.LogType,UnityEngine.LogOption,string,UnityEngine.Object)
UnityEngine.DebugLogHandler:LogFormat (UnityEngine.LogType,UnityEngine.Object,string,object[]) (at C:/build/output/unity/unity/Runtime/Export/Logging/DebugLogHandler.cs:9)
UnityEngine.Logger:Log (UnityEngine.LogType,object) (at C:/build/output/unity/unity/Runtime/Export/Logging/Logger.cs:60)
UnityEngine.Debug:Log (object) (at C:/build/output/unity/unity/Runtime/Export/Debug/Debug.bindings.cs:123)
Game.View.PelagVfxController:UpdateFootstepDust () (at C:/Users/d.grab/Desktop/the-game/artifacts/camp-polish-project/Assets/Game.View/PelagVfxController.cs:208)
Game.View.PelagVfxController:LateUpdate () (at C:/Users/d.grab/Desktop/the-game/artifacts/camp-polish-project/Assets/Game.View/PelagVfxController.cs:184)

(Filename: C:/build/output/unity/unity/Runtime/Export/Debug/Debug.bindings.cs Line: 123)

[camp-input-qa] real left click outside training returns along route distance=0,30
UnityEngine.Debug:ExtractStackTraceNoAlloc (byte*,int,string)
UnityEngine.StackTraceUtility:ExtractStackTrace () (at C:/build/output/unity/unity/Runtime/Export/Scripting/StackTrace.cs:35)
UnityEngine.DebugLogHandler:Internal_Log (UnityEngine.LogType,UnityEngine.LogOption,string,UnityEngine.Object)
UnityEngine.DebugLogHandler:LogFormat (UnityEngine.LogType,UnityEngine.Object,string,object[]) (at C:/build/output/unity/unity/Runtime/Export/Logging/DebugLogHandler.cs:9)
UnityEngine.Logger:Log (UnityEngine.LogType,object) (at C:/build/output/unity/unity/Runtime/Export/Logging/Logger.cs:60)
UnityEngine.Debug:Log (object) (at C:/build/output/unity/unity/Runtime/Export/Debug/Debug.bindings.cs:123)
Game.View.CampInputCapture:Check (bool,string) (at C:/Users/d.grab/Desktop/the-game/artifacts/camp-polish-project/Assets/Game.View/CampInputCapture.cs:303)
Game.View.CampInputCapture/<AwaitPosition>d__39:MoveNext () (at C:/Users/d.grab/Desktop/the-game/artifacts/camp-polish-project/Assets/Game.View/CampInputCapture.cs:250)
UnityEngine.SetupCoroutine:InvokeMoveNext (System.Collections.IEnumerator,intptr) (at C:/build/output/unity/unity/Runtime/Export/Scripting/Coroutines.cs:17)

(Filename: C:/build/output/unity/unity/Runtime/Export/Debug/Debug.bindings.cs Line: 123)

[camp-input-qa] world click projection outside HUD
UnityEngine.Debug:ExtractStackTraceNoAlloc (byte*,int,string)
UnityEngine.StackTraceUtility:ExtractStackTrace () (at C:/build/output/unity/unity/Runtime/Export/Scripting/StackTrace.cs:35)
UnityEngine.DebugLogHandler:Internal_Log (UnityEngine.LogType,UnityEngine.LogOption,string,UnityEngine.Object)
UnityEngine.DebugLogHandler:LogFormat (UnityEngine.LogType,UnityEngine.Object,string,object[]) (at C:/build/output/unity/unity/Runtime/Export/Logging/DebugLogHandler.cs:9)
UnityEngine.Logger:Log (UnityEngine.LogType,object) (at C:/build/output/unity/unity/Runtime/Export/Logging/Logger.cs:60)
UnityEngine.Debug:Log (object) (at C:/build/output/unity/unity/Runtime/Export/Debug/Debug.bindings.cs:123)
Game.View.CampInputCapture:Check (bool,string) (at C:/Users/d.grab/Desktop/the-game/artifacts/camp-polish-project/Assets/Game.View/CampInputCapture.cs:303)
Game.View.CampInputCapture/<ClickWorld>d__45:MoveNext () (at C:/Users/d.grab/Desktop/the-game/artifacts/camp-polish-project/Assets/Game.View/CampInputCapture.cs:274)
UnityEngine.SetupCoroutine:InvokeMoveNext (System.Collections.IEnumerator,intptr) (at C:/build/output/unity/unity/Runtime/Export/Scripting/Coroutines.cs:17)

(Filename: C:/build/output/unity/unity/Runtime/Export/Debug/Debug.bindings.cs Line: 123)

[camp-route] откуда 2,00,-2,88 → 3,30,-0,17 | герой в карте=True цель в карте=True прямая=True углов=2 маршрут=True
UnityEngine.Debug:ExtractStackTraceNoAlloc (byte*,int,string)
UnityEngine.StackTraceUtility:ExtractStackTrace () (at C:/build/output/unity/unity/Runtime/Export/Scripting/StackTrace.cs:35)
UnityEngine.DebugLogHandler:Internal_Log (UnityEngine.LogType,UnityEngine.LogOption,string,UnityEngine.Object)
UnityEngine.DebugLogHandler:LogFormat (UnityEngine.LogType,UnityEngine.Object,string,object[]) (at C:/build/output/unity/unity/Runtime/Export/Logging/DebugLogHandler.cs:9)
UnityEngine.Logger:Log (UnityEngine.LogType,object) (at C:/build/output/unity/unity/Runtime/Export/Logging/Logger.cs:60)
UnityEngine.Debug:Log (object) (at C:/build/output/unity/unity/Runtime/Export/Debug/Debug.bindings.cs:123)
Game.View.CampPlayerView:RouteTo (UnityEngine.Vector3) (at C:/Users/d.grab/Desktop/the-game/artifacts/camp-polish-project/Assets/Game.View/CampPlayerView.cs:342)
Game.View.CampPlayerView:HandleWorldPress (UnityEngine.Vector2) (at C:/Users/d.grab/Desktop/the-game/artifacts/camp-polish-project/Assets/Game.View/CampPlayerView.cs:311)
Game.View.CampPlayerView:Update () (at C:/Users/d.grab/Desktop/the-game/artifacts/camp-polish-project/Assets/Game.View/CampPlayerView.cs:269)

(Filename: C:/build/output/unity/unity/Runtime/Export/Debug/Debug.bindings.cs Line: 123)

[footstep-surface] side=1 time=6,923 dust=False position=(1.83, 0.08, -2.35)
UnityEngine.Debug:ExtractStackTraceNoAlloc (byte*,int,string)
UnityEngine.StackTraceUtility:ExtractStackTrace () (at C:/build/output/unity/unity/Runtime/Export/Scripting/StackTrace.cs:35)
UnityEngine.DebugLogHandler:Internal_Log (UnityEngine.LogType,UnityEngine.LogOption,string,UnityEngine.Object)
UnityEngine.DebugLogHandler:LogFormat (UnityEngine.LogType,UnityEngine.Object,string,object[]) (at C:/build/output/unity/unity/Runtime/Export/Logging/DebugLogHandler.cs:9)
UnityEngine.Logger:Log (UnityEngine.LogType,object) (at C:/build/output/unity/unity/Runtime/Export/Logging/Logger.cs:60)
UnityEngine.Debug:Log (object) (at C:/build/output/unity/unity/Runtime/Export/Debug/Debug.bindings.cs:123)
Game.View.PelagVfxController:UpdateFootstepDust () (at C:/Users/d.grab/Desktop/the-game/artifacts/camp-polish-project/Assets/Game.View/PelagVfxController.cs:208)
Game.View.PelagVfxController:LateUpdate () (at C:/Users/d.grab/Desktop/the-game/artifacts/camp-polish-project/Assets/Game.View/PelagVfxController.cs:184)

(Filename: C:/build/output/unity/unity/Runtime/Export/Debug/Debug.bindings.cs Line: 123)

[footstep-surface] side=0 time=7,039 dust=False position=(1.87, 0.08, -3.49)
UnityEngine.Debug:ExtractStackTraceNoAlloc (byte*,int,string)
UnityEngine.StackTraceUtility:ExtractStackTrace () (at C:/build/output/unity/unity/Runtime/Export/Scripting/StackTrace.cs:35)
UnityEngine.DebugLogHandler:Internal_Log (UnityEngine.LogType,UnityEngine.LogOption,string,UnityEngine.Object)
UnityEngine.DebugLogHandler:LogFormat (UnityEngine.LogType,UnityEngine.Object,string,object[]) (at C:/build/output/unity/unity/Runtime/Export/Logging/DebugLogHandler.cs:9)
UnityEngine.Logger:Log (UnityEngine.LogType,object) (at C:/build/output/unity/unity/Runtime/Export/Logging/Logger.cs:60)
UnityEngine.Debug:Log (object) (at C:/build/output/unity/unity/Runtime/Export/Debug/Debug.bindings.cs:123)
Game.View.PelagVfxController:UpdateFootstepDust () (at C:/Users/d.grab/Desktop/the-game/artifacts/camp-polish-project/Assets/Game.View/PelagVfxController.cs:208)
Game.View.PelagVfxController:LateUpdate () (at C:/Users/d.grab/Desktop/the-game/artifacts/camp-polish-project/Assets/Game.View/PelagVfxController.cs:184)

(Filename: C:/build/output/unity/unity/Runtime/Export/Debug/Debug.bindings.cs Line: 123)

[camp-input-qa] stick cancels mouse route without resuming after release
UnityEngine.Debug:ExtractStackTraceNoAlloc (byte*,int,string)
UnityEngine.StackTraceUtility:ExtractStackTrace () (at C:/build/output/unity/unity/Runtime/Export/Scripting/StackTrace.cs:35)
UnityEngine.DebugLogHandler:Internal_Log (UnityEngine.LogType,UnityEngine.LogOption,string,UnityEngine.Object)
UnityEngine.DebugLogHandler:LogFormat (UnityEngine.LogType,UnityEngine.Object,string,object[]) (at C:/build/output/unity/unity/Runtime/Export/Logging/DebugLogHandler.cs:9)
UnityEngine.Logger:Log (UnityEngine.LogType,object) (at C:/build/output/unity/unity/Runtime/Export/Logging/Logger.cs:60)
UnityEngine.Debug:Log (object) (at C:/build/output/unity/unity/Runtime/Export/Debug/Debug.bindings.cs:123)
Game.View.CampInputCapture:Check (bool,string) (at C:/Users/d.grab/Desktop/the-game/artifacts/camp-polish-project/Assets/Game.View/CampInputCapture.cs:303)
Game.View.CampInputCapture/<Start>d__30:MoveNext () (at C:/Users/d.grab/Desktop/the-game/artifacts/camp-polish-project/Assets/Game.View/CampInputCapture.cs:107)
UnityEngine.SetupCoroutine:InvokeMoveNext (System.Collections.IEnumerator,intptr) (at C:/build/output/unity/unity/Runtime/Export/Scripting/Coroutines.cs:17)

(Filename: C:/build/output/unity/unity/Runtime/Export/Debug/Debug.bindings.cs Line: 123)

[camp-input-qa] reachable distant service test setup
UnityEngine.Debug:ExtractStackTraceNoAlloc (byte*,int,string)
UnityEngine.StackTraceUtility:ExtractStackTrace () (at C:/build/output/unity/unity/Runtime/Export/Scripting/StackTrace.cs:35)
UnityEngine.DebugLogHandler:Internal_Log (UnityEngine.LogType,UnityEngine.LogOption,string,UnityEngine.Object)
UnityEngine.DebugLogHandler:LogFormat (UnityEngine.LogType,UnityEngine.Object,string,object[]) (at C:/build/output/unity/unity/Runtime/Export/Logging/DebugLogHandler.cs:9)
UnityEngine.Logger:Log (UnityEngine.LogType,object) (at C:/build/output/unity/unity/Runtime/Export/Logging/Logger.cs:60)
UnityEngine.Debug:Log (object) (at C:/build/output/unity/unity/Runtime/Export/Debug/Debug.bindings.cs:123)
Game.View.CampInputCapture:Check (bool,string) (at C:/Users/d.grab/Desktop/the-game/artifacts/camp-polish-project/Assets/Game.View/CampInputCapture.cs:303)
Game.View.CampInputCapture/<Start>d__30:MoveNext () (at C:/Users/d.grab/Desktop/the-game/artifacts/camp-polish-project/Assets/Game.View/CampInputCapture.cs:110)
UnityEngine.SetupCoroutine:InvokeMoveNext (System.Collections.IEnumerator,intptr) (at C:/build/output/unity/unity/Runtime/Export/Scripting/Coroutines.cs:17)

(Filename: C:/build/output/unity/unity/Runtime/Export/Debug/Debug.bindings.cs Line: 123)

[camp-input-qa] service projection outside HUD
UnityEngine.Debug:ExtractStackTraceNoAlloc (byte*,int,string)
UnityEngine.StackTraceUtility:ExtractStackTrace () (at C:/build/output/unity/unity/Runtime/Export/Scripting/StackTrace.cs:35)
UnityEngine.DebugLogHandler:Internal_Log (UnityEngine.LogType,UnityEngine.LogOption,string,UnityEngine.Object)
UnityEngine.DebugLogHandler:LogFormat (UnityEngine.LogType,UnityEngine.Object,string,object[]) (at C:/build/output/unity/unity/Runtime/Export/Logging/DebugLogHandler.cs:9)
UnityEngine.Logger:Log (UnityEngine.LogType,object) (at C:/build/output/unity/unity/Runtime/Export/Logging/Logger.cs:60)
UnityEngine.Debug:Log (object) (at C:/build/output/unity/unity/Runtime/Export/Debug/Debug.bindings.cs:123)
Game.View.CampInputCapture:Check (bool,string) (at C:/Users/d.grab/Desktop/the-game/artifacts/camp-polish-project/Assets/Game.View/CampInputCapture.cs:303)
Game.View.CampInputCapture/<ClickService>d__46:MoveNext () (at C:/Users/d.grab/Desktop/the-game/artifacts/camp-polish-project/Assets/Game.View/CampInputCapture.cs:283)
UnityEngine.SetupCoroutine:InvokeMoveNext (System.Collections.IEnumerator,intptr) (at C:/build/output/unity/unity/Runtime/Export/Scripting/Coroutines.cs:17)

(Filename: C:/build/output/unity/unity/Runtime/Export/Debug/Debug.bindings.cs Line: 123)

[camp-route] откуда 10,11,8,18 → 5,31,7,06 | герой в карте=True цель в карте=True прямая=False углов=6 маршрут=True
UnityEngine.Debug:ExtractStackTraceNoAlloc (byte*,int,string)
UnityEngine.StackTraceUtility:ExtractStackTrace () (at C:/build/output/unity/unity/Runtime/Export/Scripting/StackTrace.cs:35)
UnityEngine.DebugLogHandler:Internal_Log (UnityEngine.LogType,UnityEngine.LogOption,string,UnityEngine.Object)
UnityEngine.DebugLogHandler:LogFormat (UnityEngine.LogType,UnityEngine.Object,string,object[]) (at C:/build/output/unity/unity/Runtime/Export/Logging/DebugLogHandler.cs:9)
UnityEngine.Logger:Log (UnityEngine.LogType,object) (at C:/build/output/unity/unity/Runtime/Export/Logging/Logger.cs:60)
UnityEngine.Debug:Log (object) (at C:/build/output/unity/unity/Runtime/Export/Debug/Debug.bindings.cs:123)
Game.View.CampPlayerView:RouteTo (UnityEngine.Vector3) (at C:/Users/d.grab/Desktop/the-game/artifacts/camp-polish-project/Assets/Game.View/CampPlayerView.cs:342)
Game.View.CampServicesView:Begin (Game.View.CampServiceNpc) (at C:/Users/d.grab/Desktop/the-game/artifacts/camp-polish-project/Assets/Game.View/CampServicesView.cs:141)
Game.View.CampServicesView:Update () (at C:/Users/d.grab/Desktop/the-game/artifacts/camp-polish-project/Assets/Game.View/CampServicesView.cs:78)

(Filename: C:/build/output/unity/unity/Runtime/Export/Debug/Debug.bindings.cs Line: 123)

[camp-input-qa] real service right click starts approach in WASD mode
UnityEngine.Debug:ExtractStackTraceNoAlloc (byte*,int,string)
UnityEngine.StackTraceUtility:ExtractStackTrace () (at C:/build/output/unity/unity/Runtime/Export/Scripting/StackTrace.cs:35)
UnityEngine.DebugLogHandler:Internal_Log (UnityEngine.LogType,UnityEngine.LogOption,string,UnityEngine.Object)
UnityEngine.DebugLogHandler:LogFormat (UnityEngine.LogType,UnityEngine.Object,string,object[]) (at C:/build/output/unity/unity/Runtime/Export/Logging/DebugLogHandler.cs:9)
UnityEngine.Logger:Log (UnityEngine.LogType,object) (at C:/build/output/unity/unity/Runtime/Export/Logging/Logger.cs:60)
UnityEngine.Debug:Log (object) (at C:/build/output/unity/unity/Runtime/Export/Debug/Debug.bindings.cs:123)
Game.View.CampInputCapture:Check (bool,string) (at C:/Users/d.grab/Desktop/the-game/artifacts/camp-polish-project/Assets/Game.View/CampInputCapture.cs:303)
Game.View.CampInputCapture/<Start>d__30:MoveNext () (at C:/Users/d.grab/Desktop/the-game/artifacts/camp-polish-project/Assets/Game.View/CampInputCapture.cs:114)
UnityEngine.SetupCoroutine:InvokeMoveNext (System.Collections.IEnumerator,intptr) (at C:/build/output/unity/unity/Runtime/Export/Scripting/Coroutines.cs:17)

(Filename: C:/build/output/unity/unity/Runtime/Export/Debug/Debug.bindings.cs Line: 123)

[footstep-surface] side=1 time=8,573 dust=False position=(10.37, 0.08, 8.76)
UnityEngine.Debug:ExtractStackTraceNoAlloc (byte*,int,string)
UnityEngine.StackTraceUtility:ExtractStackTrace () (at C:/build/output/unity/unity/Runtime/Export/Scripting/StackTrace.cs:35)
UnityEngine.DebugLogHandler:Internal_Log (UnityEngine.LogType,UnityEngine.LogOption,string,UnityEngine.Object)
UnityEngine.DebugLogHandler:LogFormat (UnityEngine.LogType,UnityEngine.Object,string,object[]) (at C:/build/output/unity/unity/Runtime/Export/Logging/DebugLogHandler.cs:9)
UnityEngine.Logger:Log (UnityEngine.LogType,object) (at C:/build/output/unity/unity/Runtime/Export/Logging/Logger.cs:60)
UnityEngine.Debug:Log (object) (at C:/build/output/unity/unity/Runtime/Export/Debug/Debug.bindings.cs:123)
Game.View.PelagVfxController:UpdateFootstepDust () (at C:/Users/d.grab/Desktop/the-game/artifacts/camp-polish-project/Assets/Game.View/PelagVfxController.cs:208)
Game.View.PelagVfxController:LateUpdate () (at C:/Users/d.grab/Desktop/the-game/artifacts/camp-polish-project/Assets/Game.View/PelagVfxController.cs:184)

(Filename: C:/build/output/unity/unity/Runtime/Export/Debug/Debug.bindings.cs Line: 123)

[footstep-surface] side=0 time=8,623 dust=False position=(10.11, 0.08, 8.42)
UnityEngine.Debug:ExtractStackTraceNoAlloc (byte*,int,string)
UnityEngine.StackTraceUtility:ExtractStackTrace () (at C:/build/output/unity/unity/Runtime/Export/Scripting/StackTrace.cs:35)
UnityEngine.DebugLogHandler:Internal_Log (UnityEngine.LogType,UnityEngine.LogOption,string,UnityEngine.Object)
UnityEngine.DebugLogHandler:LogFormat (UnityEngine.LogType,UnityEngine.Object,string,object[]) (at C:/build/output/unity/unity/Runtime/Export/Logging/DebugLogHandler.cs:9)
UnityEngine.Logger:Log (UnityEngine.LogType,object) (at C:/build/output/unity/unity/Runtime/Export/Logging/Logger.cs:60)
UnityEngine.Debug:Log (object) (at C:/build/output/unity/unity/Runtime/Export/Debug/Debug.bindings.cs:123)
Game.View.PelagVfxController:UpdateFootstepDust () (at C:/Users/d.grab/Desktop/the-game/artifacts/camp-polish-project/Assets/Game.View/PelagVfxController.cs:208)
Game.View.PelagVfxController:LateUpdate () (at C:/Users/d.grab/Desktop/the-game/artifacts/camp-polish-project/Assets/Game.View/PelagVfxController.cs:184)

(Filename: C:/build/output/unity/unity/Runtime/Export/Debug/Debug.bindings.cs Line: 123)

[footstep-surface] side=1 time=8,806 dust=False position=(10.60, 0.08, 9.61)
UnityEngine.Debug:ExtractStackTraceNoAlloc (byte*,int,string)
UnityEngine.StackTraceUtility:ExtractStackTrace () (at C:/build/output/unity/unity/Runtime/Export/Scripting/StackTrace.cs:35)
UnityEngine.DebugLogHandler:Internal_Log (UnityEngine.LogType,UnityEngine.LogOption,string,UnityEngine.Object)
UnityEngine.DebugLogHandler:LogFormat (UnityEngine.LogType,UnityEngine.Object,string,object[]) (at C:/build/output/unity/unity/Runtime/Export/Logging/DebugLogHandler.cs:9)
UnityEngine.Logger:Log (UnityEngine.LogType,object) (at C:/build/output/unity/unity/Runtime/Export/Logging/Logger.cs:60)
UnityEngine.Debug:Log (object) (at C:/build/output/unity/unity/Runtime/Export/Debug/Debug.bindings.cs:123)
Game.View.PelagVfxController:UpdateFootstepDust () (at C:/Users/d.grab/Desktop/the-game/artifacts/camp-polish-project/Assets/Game.View/PelagVfxController.cs:208)
Game.View.PelagVfxController:LateUpdate () (at C:/Users/d.grab/Desktop/the-game/artifacts/camp-polish-project/Assets/Game.View/PelagVfxController.cs:184)

(Filename: C:/build/output/unity/unity/Runtime/Export/Debug/Debug.bindings.cs Line: 123)

[camp-input-qa] W cancels service approach without opening shop
UnityEngine.Debug:ExtractStackTraceNoAlloc (byte*,int,string)
UnityEngine.StackTraceUtility:ExtractStackTrace () (at C:/build/output/unity/unity/Runtime/Export/Scripting/StackTrace.cs:35)
UnityEngine.DebugLogHandler:Internal_Log (UnityEngine.LogType,UnityEngine.LogOption,string,UnityEngine.Object)
UnityEngine.DebugLogHandler:LogFormat (UnityEngine.LogType,UnityEngine.Object,string,object[]) (at C:/build/output/unity/unity/Runtime/Export/Logging/DebugLogHandler.cs:9)
UnityEngine.Logger:Log (UnityEngine.LogType,object) (at C:/build/output/unity/unity/Runtime/Export/Logging/Logger.cs:60)
UnityEngine.Debug:Log (object) (at C:/build/output/unity/unity/Runtime/Export/Debug/Debug.bindings.cs:123)
Game.View.CampInputCapture:Check (bool,string) (at C:/Users/d.grab/Desktop/the-game/artifacts/camp-polish-project/Assets/Game.View/CampInputCapture.cs:303)
Game.View.CampInputCapture/<Start>d__30:MoveNext () (at C:/Users/d.grab/Desktop/the-game/artifacts/camp-polish-project/Assets/Game.View/CampInputCapture.cs:118)
UnityEngine.SetupCoroutine:InvokeMoveNext (System.Collections.IEnumerator,intptr) (at C:/build/output/unity/unity/Runtime/Export/Scripting/Coroutines.cs:17)

(Filename: C:/build/output/unity/unity/Runtime/Export/Debug/Debug.bindings.cs Line: 123)

[camp-input-qa] W cancellation does not resume service route
UnityEngine.Debug:ExtractStackTraceNoAlloc (byte*,int,string)
UnityEngine.StackTraceUtility:ExtractStackTrace () (at C:/build/output/unity/unity/Runtime/Export/Scripting/StackTrace.cs:35)
UnityEngine.DebugLogHandler:Internal_Log (UnityEngine.LogType,UnityEngine.LogOption,string,UnityEngine.Object)
UnityEngine.DebugLogHandler:LogFormat (UnityEngine.LogType,UnityEngine.Object,string,object[]) (at C:/build/output/unity/unity/Runtime/Export/Logging/DebugLogHandler.cs:9)
UnityEngine.Logger:Log (UnityEngine.LogType,object) (at C:/build/output/unity/unity/Runtime/Export/Logging/Logger.cs:60)
UnityEngine.Debug:Log (object) (at C:/build/output/unity/unity/Runtime/Export/Debug/Debug.bindings.cs:123)
Game.View.CampInputCapture:Check (bool,string) (at C:/Users/d.grab/Desktop/the-game/artifacts/camp-polish-project/Assets/Game.View/CampInputCapture.cs:303)
Game.View.CampInputCapture/<Start>d__30:MoveNext () (at C:/Users/d.grab/Desktop/the-game/artifacts/camp-polish-project/Assets/Game.View/CampInputCapture.cs:121)
UnityEngine.SetupCoroutine:InvokeMoveNext (System.Collections.IEnumerator,intptr) (at C:/build/output/unity/unity/Runtime/Export/Scripting/Coroutines.cs:17)

(Filename: C:/build/output/unity/unity/Runtime/Export/Debug/Debug.bindings.cs Line: 123)

[camp-input-qa] service projection outside HUD
UnityEngine.Debug:ExtractStackTraceNoAlloc (byte*,int,string)
UnityEngine.StackTraceUtility:ExtractStackTrace () (at C:/build/output/unity/unity/Runtime/Export/Scripting/StackTrace.cs:35)
UnityEngine.DebugLogHandler:Internal_Log (UnityEngine.LogType,UnityEngine.LogOption,string,UnityEngine.Object)
UnityEngine.DebugLogHandler:LogFormat (UnityEngine.LogType,UnityEngine.Object,string,object[]) (at C:/build/output/unity/unity/Runtime/Export/Logging/DebugLogHandler.cs:9)
UnityEngine.Logger:Log (UnityEngine.LogType,object) (at C:/build/output/unity/unity/Runtime/Export/Logging/Logger.cs:60)
UnityEngine.Debug:Log (object) (at C:/build/output/unity/unity/Runtime/Export/Debug/Debug.bindings.cs:123)
Game.View.CampInputCapture:Check (bool,string) (at C:/Users/d.grab/Desktop/the-game/artifacts/camp-polish-project/Assets/Game.View/CampInputCapture.cs:303)
Game.View.CampInputCapture/<ClickService>d__46:MoveNext () (at C:/Users/d.grab/Desktop/the-game/artifacts/camp-polish-project/Assets/Game.View/CampInputCapture.cs:283)
UnityEngine.SetupCoroutine:InvokeMoveNext (System.Collections.IEnumerator,intptr) (at C:/build/output/unity/unity/Runtime/Export/Scripting/Coroutines.cs:17)

(Filename: C:/build/output/unity/unity/Runtime/Export/Debug/Debug.bindings.cs Line: 123)

[camp-route] откуда 10,11,8,18 → 5,31,7,06 | герой в карте=True цель в карте=True прямая=False углов=6 маршрут=True
UnityEngine.Debug:ExtractStackTraceNoAlloc (byte*,int,string)
UnityEngine.StackTraceUtility:ExtractStackTrace () (at C:/build/output/unity/unity/Runtime/Export/Scripting/StackTrace.cs:35)
UnityEngine.DebugLogHandler:Internal_Log (UnityEngine.LogType,UnityEngine.LogOption,string,UnityEngine.Object)
UnityEngine.DebugLogHandler:LogFormat (UnityEngine.LogType,UnityEngine.Object,string,object[]) (at C:/build/output/unity/unity/Runtime/Export/Logging/DebugLogHandler.cs:9)
UnityEngine.Logger:Log (UnityEngine.LogType,object) (at C:/build/output/unity/unity/Runtime/Export/Logging/Logger.cs:60)
UnityEngine.Debug:Log (object) (at C:/build/output/unity/unity/Runtime/Export/Debug/Debug.bindings.cs:123)
Game.View.CampPlayerView:RouteTo (UnityEngine.Vector3) (at C:/Users/d.grab/Desktop/the-game/artifacts/camp-polish-project/Assets/Game.View/CampPlayerView.cs:342)
Game.View.CampServicesView:Begin (Game.View.CampServiceNpc) (at C:/Users/d.grab/Desktop/the-game/artifacts/camp-polish-project/Assets/Game.View/CampServicesView.cs:141)
Game.View.CampServicesView:Update () (at C:/Users/d.grab/Desktop/the-game/artifacts/camp-polish-project/Assets/Game.View/CampServicesView.cs:78)

(Filename: C:/build/output/unity/unity/Runtime/Export/Debug/Debug.bindings.cs Line: 123)

[camp-input-qa] real service right click starts approach in mouse mode
UnityEngine.Debug:ExtractStackTraceNoAlloc (byte*,int,string)
UnityEngine.StackTraceUtility:ExtractStackTrace () (at C:/build/output/unity/unity/Runtime/Export/Scripting/StackTrace.cs:35)
UnityEngine.DebugLogHandler:Internal_Log (UnityEngine.LogType,UnityEngine.LogOption,string,UnityEngine.Object)
UnityEngine.DebugLogHandler:LogFormat (UnityEngine.LogType,UnityEngine.Object,string,object[]) (at C:/build/output/unity/unity/Runtime/Export/Logging/DebugLogHandler.cs:9)
UnityEngine.Logger:Log (UnityEngine.LogType,object) (at C:/build/output/unity/unity/Runtime/Export/Logging/Logger.cs:60)
UnityEngine.Debug:Log (object) (at C:/build/output/unity/unity/Runtime/Export/Debug/Debug.bindings.cs:123)
Game.View.CampInputCapture:Check (bool,string) (at C:/Users/d.grab/Desktop/the-game/artifacts/camp-polish-project/Assets/Game.View/CampInputCapture.cs:303)
Game.View.CampInputCapture/<Start>d__30:MoveNext () (at C:/Users/d.grab/Desktop/the-game/artifacts/camp-polish-project/Assets/Game.View/CampInputCapture.cs:126)
UnityEngine.SetupCoroutine:InvokeMoveNext (System.Collections.IEnumerator,intptr) (at C:/build/output/unity/unity/Runtime/Export/Scripting/Coroutines.cs:17)

(Filename: C:/build/output/unity/unity/Runtime/Export/Debug/Debug.bindings.cs Line: 123)

[footstep-surface] side=1 time=9,973 dust=False position=(10.14, 0.08, 8.15)
UnityEngine.Debug:ExtractStackTraceNoAlloc (byte*,int,string)
UnityEngine.StackTraceUtility:ExtractStackTrace () (at C:/build/output/unity/unity/Runtime/Export/Scripting/StackTrace.cs:35)
UnityEngine.DebugLogHandler:Internal_Log (UnityEngine.LogType,UnityEngine.LogOption,string,UnityEngine.Object)
UnityEngine.DebugLogHandler:LogFormat (UnityEngine.LogType,UnityEngine.Object,string,object[]) (at C:/build/output/unity/unity/Runtime/Export/Logging/DebugLogHandler.cs:9)
UnityEngine.Logger:Log (UnityEngine.LogType,object) (at C:/build/output/unity/unity/Runtime/Export/Logging/Logger.cs:60)
UnityEngine.Debug:Log (object) (at C:/build/output/unity/unity/Runtime/Export/Debug/Debug.bindings.cs:123)
Game.View.PelagVfxController:UpdateFootstepDust () (at C:/Users/d.grab/Desktop/the-game/artifacts/camp-polish-project/Assets/Game.View/PelagVfxController.cs:208)
Game.View.PelagVfxController:LateUpdate () (at C:/Users/d.grab/Desktop/the-game/artifacts/camp-polish-project/Assets/Game.View/PelagVfxController.cs:184)

(Filename: C:/build/output/unity/unity/Runtime/Export/Debug/Debug.bindings.cs Line: 123)

[footstep-surface] side=0 time=10,106 dust=False position=(10.36, 0.08, 9.33)
UnityEngine.Debug:ExtractStackTraceNoAlloc (byte*,int,string)
UnityEngine.StackTraceUtility:ExtractStackTrace () (at C:/build/output/unity/unity/Runtime/Export/Scripting/StackTrace.cs:35)
UnityEngine.DebugLogHandler:Internal_Log (UnityEngine.LogType,UnityEngine.LogOption,string,UnityEngine.Object)
UnityEngine.DebugLogHandler:LogFormat (UnityEngine.LogType,UnityEngine.Object,string,object[]) (at C:/build/output/unity/unity/Runtime/Export/Logging/DebugLogHandler.cs:9)
UnityEngine.Logger:Log (UnityEngine.LogType,object) (at C:/build/output/unity/unity/Runtime/Export/Logging/Logger.cs:60)
UnityEngine.Debug:Log (object) (at C:/build/output/unity/unity/Runtime/Export/Debug/Debug.bindings.cs:123)
Game.View.PelagVfxController:UpdateFootstepDust () (at C:/Users/d.grab/Desktop/the-game/artifacts/camp-polish-project/Assets/Game.View/PelagVfxController.cs:208)
Game.View.PelagVfxController:LateUpdate () (at C:/Users/d.grab/Desktop/the-game/artifacts/camp-polish-project/Assets/Game.View/PelagVfxController.cs:184)

(Filename: C:/build/output/unity/unity/Runtime/Export/Debug/Debug.bindings.cs Line: 123)

[camp-input-qa] stick cancels service approach without opening shop
UnityEngine.Debug:ExtractStackTraceNoAlloc (byte*,int,string)
UnityEngine.StackTraceUtility:ExtractStackTrace () (at C:/build/output/unity/unity/Runtime/Export/Scripting/StackTrace.cs:35)
UnityEngine.DebugLogHandler:Internal_Log (UnityEngine.LogType,UnityEngine.LogOption,string,UnityEngine.Object)
UnityEngine.DebugLogHandler:LogFormat (UnityEngine.LogType,UnityEngine.Object,string,object[]) (at C:/build/output/unity/unity/Runtime/Export/Logging/DebugLogHandler.cs:9)
UnityEngine.Logger:Log (UnityEngine.LogType,object) (at C:/build/output/unity/unity/Runtime/Export/Logging/Logger.cs:60)
UnityEngine.Debug:Log (object) (at C:/build/output/unity/unity/Runtime/Export/Debug/Debug.bindings.cs:123)
Game.View.CampInputCapture:Check (bool,string) (at C:/Users/d.grab/Desktop/the-game/artifacts/camp-polish-project/Assets/Game.View/CampInputCapture.cs:303)
Game.View.CampInputCapture/<Start>d__30:MoveNext () (at C:/Users/d.grab/Desktop/the-game/artifacts/camp-polish-project/Assets/Game.View/CampInputCapture.cs:130)
UnityEngine.SetupCoroutine:InvokeMoveNext (System.Collections.IEnumerator,intptr) (at C:/build/output/unity/unity/Runtime/Export/Scripting/Coroutines.cs:17)

(Filename: C:/build/output/unity/unity/Runtime/Export/Debug/Debug.bindings.cs Line: 123)

[camp-input-qa] near Eni setup reachable
UnityEngine.Debug:ExtractStackTraceNoAlloc (byte*,int,string)
UnityEngine.StackTraceUtility:ExtractStackTrace () (at C:/build/output/unity/unity/Runtime/Export/Scripting/StackTrace.cs:35)
UnityEngine.DebugLogHandler:Internal_Log (UnityEngine.LogType,UnityEngine.LogOption,string,UnityEngine.Object)
UnityEngine.DebugLogHandler:LogFormat (UnityEngine.LogType,UnityEngine.Object,string,object[]) (at C:/build/output/unity/unity/Runtime/Export/Logging/DebugLogHandler.cs:9)
UnityEngine.Logger:Log (UnityEngine.LogType,object) (at C:/build/output/unity/unity/Runtime/Export/Logging/Logger.cs:60)
UnityEngine.Debug:Log (object) (at C:/build/output/unity/unity/Runtime/Export/Debug/Debug.bindings.cs:123)
Game.View.CampInputCapture:Check (bool,string) (at C:/Users/d.grab/Desktop/the-game/artifacts/camp-polish-project/Assets/Game.View/CampInputCapture.cs:303)
Game.View.CampInputCapture/<Start>d__30:MoveNext () (at C:/Users/d.grab/Desktop/the-game/artifacts/camp-polish-project/Assets/Game.View/CampInputCapture.cs:133)
UnityEngine.SetupCoroutine:InvokeMoveNext (System.Collections.IEnumerator,intptr) (at C:/build/output/unity/unity/Runtime/Export/Scripting/Coroutines.cs:17)

(Filename: C:/build/output/unity/unity/Runtime/Export/Debug/Debug.bindings.cs Line: 123)

[camp-input-qa] real E opens correct shop and stays in camp
UnityEngine.Debug:ExtractStackTraceNoAlloc (byte*,int,string)
UnityEngine.StackTraceUtility:ExtractStackTrace () (at C:/build/output/unity/unity/Runtime/Export/Scripting/StackTrace.cs:35)
UnityEngine.DebugLogHandler:Internal_Log (UnityEngine.LogType,UnityEngine.LogOption,string,UnityEngine.Object)
UnityEngine.DebugLogHandler:LogFormat (UnityEngine.LogType,UnityEngine.Object,string,object[]) (at C:/build/output/unity/unity/Runtime/Export/Logging/DebugLogHandler.cs:9)
UnityEngine.Logger:Log (UnityEngine.LogType,object) (at C:/build/output/unity/unity/Runtime/Export/Logging/Logger.cs:60)
UnityEngine.Debug:Log (object) (at C:/build/output/unity/unity/Runtime/Export/Debug/Debug.bindings.cs:123)
Game.View.CampInputCapture:Check (bool,string) (at C:/Users/d.grab/Desktop/the-game/artifacts/camp-polish-project/Assets/Game.View/CampInputCapture.cs:303)
Game.View.CampInputCapture/<Start>d__30:MoveNext () (at C:/Users/d.grab/Desktop/the-game/artifacts/camp-polish-project/Assets/Game.View/CampInputCapture.cs:138)
UnityEngine.SetupCoroutine:InvokeMoveNext (System.Collections.IEnumerator,intptr) (at C:/build/output/unity/unity/Runtime/Export/Scripting/Coroutines.cs:17)

(Filename: C:/build/output/unity/unity/Runtime/Export/Debug/Debug.bindings.cs Line: 123)

[camp-input-qa] mouse activity recognized inside open shop
UnityEngine.Debug:ExtractStackTraceNoAlloc (byte*,int,string)
UnityEngine.StackTraceUtility:ExtractStackTrace () (at C:/build/output/unity/unity/Runtime/Export/Scripting/StackTrace.cs:35)
UnityEngine.DebugLogHandler:Internal_Log (UnityEngine.LogType,UnityEngine.LogOption,string,UnityEngine.Object)
UnityEngine.DebugLogHandler:LogFormat (UnityEngine.LogType,UnityEngine.Object,string,object[]) (at C:/build/output/unity/unity/Runtime/Export/Logging/DebugLogHandler.cs:9)
UnityEngine.Logger:Log (UnityEngine.LogType,object) (at C:/build/output/unity/unity/Runtime/Export/Logging/Logger.cs:60)
UnityEngine.Debug:Log (object) (at C:/build/output/unity/unity/Runtime/Export/Debug/Debug.bindings.cs:123)
Game.View.CampInputCapture:Check (bool,string) (at C:/Users/d.grab/Desktop/the-game/artifacts/camp-polish-project/Assets/Game.View/CampInputCapture.cs:303)
Game.View.CampInputCapture/<Start>d__30:MoveNext () (at C:/Users/d.grab/Desktop/the-game/artifacts/camp-polish-project/Assets/Game.View/CampInputCapture.cs:145)
UnityEngine.SetupCoroutine:InvokeMoveNext (System.Collections.IEnumerator,intptr) (at C:/build/output/unity/unity/Runtime/Export/Scripting/Coroutines.cs:17)

(Filename: C:/build/output/unity/unity/Runtime/Export/Debug/Debug.bindings.cs Line: 123)

[camp-input-qa] mouse to pad inside open shop restores active focus
UnityEngine.Debug:ExtractStackTraceNoAlloc (byte*,int,string)
UnityEngine.StackTraceUtility:ExtractStackTrace () (at C:/build/output/unity/unity/Runtime/Export/Scripting/StackTrace.cs:35)
UnityEngine.DebugLogHandler:Internal_Log (UnityEngine.LogType,UnityEngine.LogOption,string,UnityEngine.Object)
UnityEngine.DebugLogHandler:LogFormat (UnityEngine.LogType,UnityEngine.Object,string,object[]) (at C:/build/output/unity/unity/Runtime/Export/Logging/DebugLogHandler.cs:9)
UnityEngine.Logger:Log (UnityEngine.LogType,object) (at C:/build/output/unity/unity/Runtime/Export/Logging/Logger.cs:60)
UnityEngine.Debug:Log (object) (at C:/build/output/unity/unity/Runtime/Export/Debug/Debug.bindings.cs:123)
Game.View.CampInputCapture:Check (bool,string) (at C:/Users/d.grab/Desktop/the-game/artifacts/camp-polish-project/Assets/Game.View/CampInputCapture.cs:303)
Game.View.CampInputCapture/<Start>d__30:MoveNext () (at C:/Users/d.grab/Desktop/the-game/artifacts/camp-polish-project/Assets/Game.View/CampInputCapture.cs:148)
UnityEngine.SetupCoroutine:InvokeMoveNext (System.Collections.IEnumerator,intptr) (at C:/build/output/unity/unity/Runtime/Export/Scripting/Coroutines.cs:17)

(Filename: C:/build/output/unity/unity/Runtime/Export/Debug/Debug.bindings.cs Line: 123)

[camp-input-qa] device switch inside shop does not spend gold
UnityEngine.Debug:ExtractStackTraceNoAlloc (byte*,int,string)
UnityEngine.StackTraceUtility:ExtractStackTrace () (at C:/build/output/unity/unity/Runtime/Export/Scripting/StackTrace.cs:35)
UnityEngine.DebugLogHandler:Internal_Log (UnityEngine.LogType,UnityEngine.LogOption,string,UnityEngine.Object)
UnityEngine.DebugLogHandler:LogFormat (UnityEngine.LogType,UnityEngine.Object,string,object[]) (at C:/build/output/unity/unity/Runtime/Export/Logging/DebugLogHandler.cs:9)
UnityEngine.Logger:Log (UnityEngine.LogType,object) (at C:/build/output/unity/unity/Runtime/Export/Logging/Logger.cs:60)
UnityEngine.Debug:Log (object) (at C:/build/output/unity/unity/Runtime/Export/Debug/Debug.bindings.cs:123)
Game.View.CampInputCapture:Check (bool,string) (at C:/Users/d.grab/Desktop/the-game/artifacts/camp-polish-project/Assets/Game.View/CampInputCapture.cs:303)
Game.View.CampInputCapture/<Start>d__30:MoveNext () (at C:/Users/d.grab/Desktop/the-game/artifacts/camp-polish-project/Assets/Game.View/CampInputCapture.cs:149)
UnityEngine.SetupCoroutine:InvokeMoveNext (System.Collections.IEnumerator,intptr) (at C:/build/output/unity/unity/Runtime/Export/Scripting/Coroutines.cs:17)

(Filename: C:/build/output/unity/unity/Runtime/Export/Debug/Debug.bindings.cs Line: 123)

[camp-input-qa] real Escape closes shop and restores movement
UnityEngine.Debug:ExtractStackTraceNoAlloc (byte*,int,string)
UnityEngine.StackTraceUtility:ExtractStackTrace () (at C:/build/output/unity/unity/Runtime/Export/Scripting/StackTrace.cs:35)
UnityEngine.DebugLogHandler:Internal_Log (UnityEngine.LogType,UnityEngine.LogOption,string,UnityEngine.Object)
UnityEngine.DebugLogHandler:LogFormat (UnityEngine.LogType,UnityEngine.Object,string,object[]) (at C:/build/output/unity/unity/Runtime/Export/Logging/DebugLogHandler.cs:9)
UnityEngine.Logger:Log (UnityEngine.LogType,object) (at C:/build/output/unity/unity/Runtime/Export/Logging/Logger.cs:60)
UnityEngine.Debug:Log (object) (at C:/build/output/unity/unity/Runtime/Export/Debug/Debug.bindings.cs:123)
Game.View.CampInputCapture:Check (bool,string) (at C:/Users/d.grab/Desktop/the-game/artifacts/camp-polish-project/Assets/Game.View/CampInputCapture.cs:303)
Game.View.CampInputCapture/<Start>d__30:MoveNext () (at C:/Users/d.grab/Desktop/the-game/artifacts/camp-polish-project/Assets/Game.View/CampInputCapture.cs:153)
UnityEngine.SetupCoroutine:InvokeMoveNext (System.Collections.IEnumerator,intptr) (at C:/build/output/unity/unity/Runtime/Export/Scripting/Coroutines.cs:17)

(Filename: C:/build/output/unity/unity/Runtime/Export/Debug/Debug.bindings.cs Line: 123)

[camp-input-qa] mouse is last device before first pad confirm
UnityEngine.Debug:ExtractStackTraceNoAlloc (byte*,int,string)
UnityEngine.StackTraceUtility:ExtractStackTrace () (at C:/build/output/unity/unity/Runtime/Export/Scripting/StackTrace.cs:35)
UnityEngine.DebugLogHandler:Internal_Log (UnityEngine.LogType,UnityEngine.LogOption,string,UnityEngine.Object)
UnityEngine.DebugLogHandler:LogFormat (UnityEngine.LogType,UnityEngine.Object,string,object[]) (at C:/build/output/unity/unity/Runtime/Export/Logging/DebugLogHandler.cs:9)
UnityEngine.Logger:Log (UnityEngine.LogType,object) (at C:/build/output/unity/unity/Runtime/Export/Logging/Logger.cs:60)
UnityEngine.Debug:Log (object) (at C:/build/output/unity/unity/Runtime/Export/Debug/Debug.bindings.cs:123)
Game.View.CampInputCapture:Check (bool,string) (at C:/Users/d.grab/Desktop/the-game/artifacts/camp-polish-project/Assets/Game.View/CampInputCapture.cs:303)
Game.View.CampInputCapture/<Start>d__30:MoveNext () (at C:/Users/d.grab/Desktop/the-game/artifacts/camp-polish-project/Assets/Game.View/CampInputCapture.cs:158)
UnityEngine.SetupCoroutine:InvokeMoveNext (System.Collections.IEnumerator,intptr) (at C:/build/output/unity/unity/Runtime/Export/Scripting/Coroutines.cs:17)

(Filename: C:/build/output/unity/unity/Runtime/Export/Debug/Debug.bindings.cs Line: 123)

[camp-input-qa] first real pad A after mouse opens correct shop
UnityEngine.Debug:ExtractStackTraceNoAlloc (byte*,int,string)
UnityEngine.StackTraceUtility:ExtractStackTrace () (at C:/build/output/unity/unity/Runtime/Export/Scripting/StackTrace.cs:35)
UnityEngine.DebugLogHandler:Internal_Log (UnityEngine.LogType,UnityEngine.LogOption,string,UnityEngine.Object)
UnityEngine.DebugLogHandler:LogFormat (UnityEngine.LogType,UnityEngine.Object,string,object[]) (at C:/build/output/unity/unity/Runtime/Export/Logging/DebugLogHandler.cs:9)
UnityEngine.Logger:Log (UnityEngine.LogType,object) (at C:/build/output/unity/unity/Runtime/Export/Logging/Logger.cs:60)
UnityEngine.Debug:Log (object) (at C:/build/output/unity/unity/Runtime/Export/Debug/Debug.bindings.cs:123)
Game.View.CampInputCapture:Check (bool,string) (at C:/Users/d.grab/Desktop/the-game/artifacts/camp-polish-project/Assets/Game.View/CampInputCapture.cs:303)
Game.View.CampInputCapture/<Start>d__30:MoveNext () (at C:/Users/d.grab/Desktop/the-game/artifacts/camp-polish-project/Assets/Game.View/CampInputCapture.cs:163)
UnityEngine.SetupCoroutine:InvokeMoveNext (System.Collections.IEnumerator,intptr) (at C:/build/output/unity/unity/Runtime/Export/Scripting/Coroutines.cs:17)

(Filename: C:/build/output/unity/unity/Runtime/Export/Debug/Debug.bindings.cs Line: 123)

[camp-input-qa] pad opening sets valid active shop focus
UnityEngine.Debug:ExtractStackTraceNoAlloc (byte*,int,string)
UnityEngine.StackTraceUtility:ExtractStackTrace () (at C:/build/output/unity/unity/Runtime/Export/Scripting/StackTrace.cs:35)
UnityEngine.DebugLogHandler:Internal_Log (UnityEngine.LogType,UnityEngine.LogOption,string,UnityEngine.Object)
UnityEngine.DebugLogHandler:LogFormat (UnityEngine.LogType,UnityEngine.Object,string,object[]) (at C:/build/output/unity/unity/Runtime/Export/Logging/DebugLogHandler.cs:9)
UnityEngine.Logger:Log (UnityEngine.LogType,object) (at C:/build/output/unity/unity/Runtime/Export/Logging/Logger.cs:60)
UnityEngine.Debug:Log (object) (at C:/build/output/unity/unity/Runtime/Export/Debug/Debug.bindings.cs:123)
Game.View.CampInputCapture:Check (bool,string) (at C:/Users/d.grab/Desktop/the-game/artifacts/camp-polish-project/Assets/Game.View/CampInputCapture.cs:303)
Game.View.CampInputCapture/<Start>d__30:MoveNext () (at C:/Users/d.grab/Desktop/the-game/artifacts/camp-polish-project/Assets/Game.View/CampInputCapture.cs:165)
UnityEngine.SetupCoroutine:InvokeMoveNext (System.Collections.IEnumerator,intptr) (at C:/build/output/unity/unity/Runtime/Export/Scripting/Coroutines.cs:17)

(Filename: C:/build/output/unity/unity/Runtime/Export/Debug/Debug.bindings.cs Line: 123)

[camp-input-qa] opening pad A does not spend gold
UnityEngine.Debug:ExtractStackTraceNoAlloc (byte*,int,string)
UnityEngine.StackTraceUtility:ExtractStackTrace () (at C:/build/output/unity/unity/Runtime/Export/Scripting/StackTrace.cs:35)
UnityEngine.DebugLogHandler:Internal_Log (UnityEngine.LogType,UnityEngine.LogOption,string,UnityEngine.Object)
UnityEngine.DebugLogHandler:LogFormat (UnityEngine.LogType,UnityEngine.Object,string,object[]) (at C:/build/output/unity/unity/Runtime/Export/Logging/DebugLogHandler.cs:9)
UnityEngine.Logger:Log (UnityEngine.LogType,object) (at C:/build/output/unity/unity/Runtime/Export/Logging/Logger.cs:60)
UnityEngine.Debug:Log (object) (at C:/build/output/unity/unity/Runtime/Export/Debug/Debug.bindings.cs:123)
Game.View.CampInputCapture:Check (bool,string) (at C:/Users/d.grab/Desktop/the-game/artifacts/camp-polish-project/Assets/Game.View/CampInputCapture.cs:303)
Game.View.CampInputCapture/<Start>d__30:MoveNext () (at C:/Users/d.grab/Desktop/the-game/artifacts/camp-polish-project/Assets/Game.View/CampInputCapture.cs:166)
UnityEngine.SetupCoroutine:InvokeMoveNext (System.Collections.IEnumerator,intptr) (at C:/build/output/unity/unity/Runtime/Export/Scripting/Coroutines.cs:17)

(Filename: C:/build/output/unity/unity/Runtime/Export/Debug/Debug.bindings.cs Line: 123)

[camp-input-qa] real pad B closes shop and restores movement
UnityEngine.Debug:ExtractStackTraceNoAlloc (byte*,int,string)
UnityEngine.StackTraceUtility:ExtractStackTrace () (at C:/build/output/unity/unity/Runtime/Export/Scripting/StackTrace.cs:35)
UnityEngine.DebugLogHandler:Internal_Log (UnityEngine.LogType,UnityEngine.LogOption,string,UnityEngine.Object)
UnityEngine.DebugLogHandler:LogFormat (UnityEngine.LogType,UnityEngine.Object,string,object[]) (at C:/build/output/unity/unity/Runtime/Export/Logging/DebugLogHandler.cs:9)
UnityEngine.Logger:Log (UnityEngine.LogType,object) (at C:/build/output/unity/unity/Runtime/Export/Logging/Logger.cs:60)
UnityEngine.Debug:Log (object) (at C:/build/output/unity/unity/Runtime/Export/Debug/Debug.bindings.cs:123)
Game.View.CampInputCapture:Check (bool,string) (at C:/Users/d.grab/Desktop/the-game/artifacts/camp-polish-project/Assets/Game.View/CampInputCapture.cs:303)
Game.View.CampInputCapture/<Start>d__30:MoveNext () (at C:/Users/d.grab/Desktop/the-game/artifacts/camp-polish-project/Assets/Game.View/CampInputCapture.cs:172)
UnityEngine.SetupCoroutine:InvokeMoveNext (System.Collections.IEnumerator,intptr) (at C:/build/output/unity/unity/Runtime/Export/Scripting/Coroutines.cs:17)

(Filename: C:/build/output/unity/unity/Runtime/Export/Debug/Debug.bindings.cs Line: 123)

[camp-input-qa] visible body finishes at simulation position
UnityEngine.Debug:ExtractStackTraceNoAlloc (byte*,int,string)
UnityEngine.StackTraceUtility:ExtractStackTrace () (at C:/build/output/unity/unity/Runtime/Export/Scripting/StackTrace.cs:35)
UnityEngine.DebugLogHandler:Internal_Log (UnityEngine.LogType,UnityEngine.LogOption,string,UnityEngine.Object)
UnityEngine.DebugLogHandler:LogFormat (UnityEngine.LogType,UnityEngine.Object,string,object[]) (at C:/build/output/unity/unity/Runtime/Export/Logging/DebugLogHandler.cs:9)
UnityEngine.Logger:Log (UnityEngine.LogType,object) (at C:/build/output/unity/unity/Runtime/Export/Logging/Logger.cs:60)
UnityEngine.Debug:Log (object) (at C:/build/output/unity/unity/Runtime/Export/Debug/Debug.bindings.cs:123)
Game.View.CampInputCapture:Check (bool,string) (at C:/Users/d.grab/Desktop/the-game/artifacts/camp-polish-project/Assets/Game.View/CampInputCapture.cs:303)
Game.View.CampInputCapture/<Start>d__30:MoveNext () (at C:/Users/d.grab/Desktop/the-game/artifacts/camp-polish-project/Assets/Game.View/CampInputCapture.cs:174)
UnityEngine.SetupCoroutine:InvokeMoveNext (System.Collections.IEnumerator,intptr) (at C:/build/output/unity/unity/Runtime/Export/Scripting/Coroutines.cs:17)

(Filename: C:/build/output/unity/unity/Runtime/Export/Debug/Debug.bindings.cs Line: 123)

[camp-input-qa] input QA leaves camp profile unchanged
UnityEngine.Debug:ExtractStackTraceNoAlloc (byte*,int,string)
UnityEngine.StackTraceUtility:ExtractStackTrace () (at C:/build/output/unity/unity/Runtime/Export/Scripting/StackTrace.cs:35)
UnityEngine.DebugLogHandler:Internal_Log (UnityEngine.LogType,UnityEngine.LogOption,string,UnityEngine.Object)
UnityEngine.DebugLogHandler:LogFormat (UnityEngine.LogType,UnityEngine.Object,string,object[]) (at C:/build/output/unity/unity/Runtime/Export/Logging/DebugLogHandler.cs:9)
UnityEngine.Logger:Log (UnityEngine.LogType,object) (at C:/build/output/unity/unity/Runtime/Export/Logging/Logger.cs:60)
UnityEngine.Debug:Log (object) (at C:/build/output/unity/unity/Runtime/Export/Debug/Debug.bindings.cs:123)
Game.View.CampInputCapture:Check (bool,string) (at C:/Users/d.grab/Desktop/the-game/artifacts/camp-polish-project/Assets/Game.View/CampInputCapture.cs:303)
Game.View.CampInputCapture/<Start>d__30:MoveNext () (at C:/Users/d.grab/Desktop/the-game/artifacts/camp-polish-project/Assets/Game.View/CampInputCapture.cs:176)
UnityEngine.SetupCoroutine:InvokeMoveNext (System.Collections.IEnumerator,intptr) (at C:/build/output/unity/unity/Runtime/Export/Scripting/Coroutines.cs:17)

(Filename: C:/build/output/unity/unity/Runtime/Export/Debug/Debug.bindings.cs Line: 123)

[camp-input-qa] original movement setting restored
UnityEngine.Debug:ExtractStackTraceNoAlloc (byte*,int,string)
UnityEngine.StackTraceUtility:ExtractStackTrace () (at C:/build/output/unity/unity/Runtime/Export/Scripting/StackTrace.cs:35)
UnityEngine.DebugLogHandler:Internal_Log (UnityEngine.LogType,UnityEngine.LogOption,string,UnityEngine.Object)
UnityEngine.DebugLogHandler:LogFormat (UnityEngine.LogType,UnityEngine.Object,string,object[]) (at C:/build/output/unity/unity/Runtime/Export/Logging/DebugLogHandler.cs:9)
UnityEngine.Logger:Log (UnityEngine.LogType,object) (at C:/build/output/unity/unity/Runtime/Export/Logging/Logger.cs:60)
UnityEngine.Debug:Log (object) (at C:/build/output/unity/unity/Runtime/Export/Debug/Debug.bindings.cs:123)
Game.View.CampInputCapture:Check (bool,string) (at C:/Users/d.grab/Desktop/the-game/artifacts/camp-polish-project/Assets/Game.View/CampInputCapture.cs:303)
Game.View.CampInputCapture:Finish () (at C:/Users/d.grab/Desktop/the-game/artifacts/camp-polish-project/Assets/Game.View/CampInputCapture.cs:320)
Game.View.CampInputCapture/<Start>d__30:<>m__Finally1 () (at C:/Users/d.grab/Desktop/the-game/artifacts/camp-polish-project/Assets/Game.View/CampInputCapture.cs:187)
Game.View.CampInputCapture/<Start>d__30:MoveNext () (at C:/Users/d.grab/Desktop/the-game/artifacts/camp-polish-project/Assets/Game.View/CampInputCapture.cs:183)
UnityEngine.SetupCoroutine:InvokeMoveNext (System.Collections.IEnumerator,intptr) (at C:/build/output/unity/unity/Runtime/Export/Scripting/Coroutines.cs:17)

(Filename: C:/build/output/unity/unity/Runtime/Export/Debug/Debug.bindings.cs Line: 123)

[pso] не прогреты: вариантов 123, состояний 109
UnityEngine.Debug:ExtractStackTraceNoAlloc (byte*,int,string)
UnityEngine.StackTraceUtility:ExtractStackTrace () (at C:/build/output/unity/unity/Runtime/Export/Scripting/StackTrace.cs:35)
UnityEngine.DebugLogHandler:Internal_Log (UnityEngine.LogType,UnityEngine.LogOption,string,UnityEngine.Object)
UnityEngine.DebugLogHandler:LogFormat (UnityEngine.LogType,UnityEngine.Object,string,object[]) (at C:/build/output/unity/unity/Runtime/Export/Logging/DebugLogHandler.cs:9)
UnityEngine.Logger:Log (UnityEngine.LogType,object) (at C:/build/output/unity/unity/Runtime/Export/Logging/Logger.cs:60)
UnityEngine.Debug:Log (object) (at C:/build/output/unity/unity/Runtime/Export/Debug/Debug.bindings.cs:123)
Game.View.ShaderWarmup:OnApplicationQuit () (at C:/Users/d.grab/Desktop/the-game/artifacts/camp-polish-project/Assets/Game.View/ShaderWarmup.cs:135)

(Filename: C:/build/output/unity/unity/Runtime/Export/Debug/Debug.bindings.cs Line: 123)

[camp-ambience] Fire Light base=3,039 observed=2,629..5,801 restored=True
UnityEngine.Debug:ExtractStackTraceNoAlloc (byte*,int,string)
UnityEngine.StackTraceUtility:ExtractStackTrace () (at C:/build/output/unity/unity/Runtime/Export/Scripting/StackTrace.cs:35)
UnityEngine.DebugLogHandler:Internal_Log (UnityEngine.LogType,UnityEngine.LogOption,string,UnityEngine.Object)
UnityEngine.DebugLogHandler:LogFormat (UnityEngine.LogType,UnityEngine.Object,string,object[]) (at C:/build/output/unity/unity/Runtime/Export/Logging/DebugLogHandler.cs:9)
UnityEngine.Logger:Log (UnityEngine.LogType,object) (at C:/build/output/unity/unity/Runtime/Export/Logging/Logger.cs:60)
UnityEngine.Debug:Log (object) (at C:/build/output/unity/unity/Runtime/Export/Debug/Debug.bindings.cs:123)
Game.View.CampAmbience:StopPreview () (at C:/Users/d.grab/Desktop/the-game/artifacts/camp-polish-project/Assets/Game.View/CampAmbience.cs:125)
Game.View.CampAmbience:OnDisable () (at C:/Users/d.grab/Desktop/the-game/artifacts/camp-polish-project/Assets/Game.View/CampAmbience.cs:117)

(Filename: C:/build/output/unity/unity/Runtime/Export/Debug/Debug.bindings.cs Line: 123)

[camp-ambience] Fire Light (1) base=3,039 observed=2,629..5,801 restored=True
UnityEngine.Debug:ExtractStackTraceNoAlloc (byte*,int,string)
UnityEngine.StackTraceUtility:ExtractStackTrace () (at C:/build/output/unity/unity/Runtime/Export/Scripting/StackTrace.cs:35)
UnityEngine.DebugLogHandler:Internal_Log (UnityEngine.LogType,UnityEngine.LogOption,string,UnityEngine.Object)
UnityEngine.DebugLogHandler:LogFormat (UnityEngine.LogType,UnityEngine.Object,string,object[]) (at C:/build/output/unity/unity/Runtime/Export/Logging/DebugLogHandler.cs:9)
UnityEngine.Logger:Log (UnityEngine.LogType,object) (at C:/build/output/unity/unity/Runtime/Export/Logging/Logger.cs:60)
UnityEngine.Debug:Log (object) (at C:/build/output/unity/unity/Runtime/Export/Debug/Debug.bindings.cs:123)
Game.View.CampAmbience:StopPreview () (at C:/Users/d.grab/Desktop/the-game/artifacts/camp-polish-project/Assets/Game.View/CampAmbience.cs:125)
Game.View.CampAmbience:OnDisable () (at C:/Users/d.grab/Desktop/the-game/artifacts/camp-polish-project/Assets/Game.View/CampAmbience.cs:117)

(Filename: C:/build/output/unity/unity/Runtime/Export/Debug/Debug.bindings.cs Line: 123)

[camp-ambience] Fire Light (3) base=2,739 observed=2,370..5,230 restored=True
UnityEngine.Debug:ExtractStackTraceNoAlloc (byte*,int,string)
UnityEngine.StackTraceUtility:ExtractStackTrace () (at C:/build/output/unity/unity/Runtime/Export/Scripting/StackTrace.cs:35)
UnityEngine.DebugLogHandler:Internal_Log (UnityEngine.LogType,UnityEngine.LogOption,string,UnityEngine.Object)
UnityEngine.DebugLogHandler:LogFormat (UnityEngine.LogType,UnityEngine.Object,string,object[]) (at C:/build/output/unity/unity/Runtime/Export/Logging/DebugLogHandler.cs:9)
UnityEngine.Logger:Log (UnityEngine.LogType,object) (at C:/build/output/unity/unity/Runtime/Export/Logging/Logger.cs:60)
UnityEngine.Debug:Log (object) (at C:/build/output/unity/unity/Runtime/Export/Debug/Debug.bindings.cs:123)
Game.View.CampAmbience:StopPreview () (at C:/Users/d.grab/Desktop/the-game/artifacts/camp-polish-project/Assets/Game.View/CampAmbience.cs:125)
Game.View.CampAmbience:OnDisable () (at C:/Users/d.grab/Desktop/the-game/artifacts/camp-polish-project/Assets/Game.View/CampAmbience.cs:117)

(Filename: C:/build/output/unity/unity/Runtime/Export/Debug/Debug.bindings.cs Line: 123)

[camp-ambience] Fire Light (4) base=2,739 observed=2,370..5,230 restored=True
UnityEngine.Debug:ExtractStackTraceNoAlloc (byte*,int,string)
UnityEngine.StackTraceUtility:ExtractStackTrace () (at C:/build/output/unity/unity/Runtime/Export/Scripting/StackTrace.cs:35)
UnityEngine.DebugLogHandler:Internal_Log (UnityEngine.LogType,UnityEngine.LogOption,string,UnityEngine.Object)
UnityEngine.DebugLogHandler:LogFormat (UnityEngine.LogType,UnityEngine.Object,string,object[]) (at C:/build/output/unity/unity/Runtime/Export/Logging/DebugLogHandler.cs:9)
UnityEngine.Logger:Log (UnityEngine.LogType,object) (at C:/build/output/unity/unity/Runtime/Export/Logging/Logger.cs:60)
UnityEngine.Debug:Log (object) (at C:/build/output/unity/unity/Runtime/Export/Debug/Debug.bindings.cs:123)
Game.View.CampAmbience:StopPreview () (at C:/Users/d.grab/Desktop/the-game/artifacts/camp-polish-project/Assets/Game.View/CampAmbience.cs:125)
Game.View.CampAmbience:OnDisable () (at C:/Users/d.grab/Desktop/the-game/artifacts/camp-polish-project/Assets/Game.View/CampAmbience.cs:117)

(Filename: C:/build/output/unity/unity/Runtime/Export/Debug/Debug.bindings.cs Line: 123)

[camp-ambience] Fire Light (2) base=3,039 observed=2,629..5,801 restored=True
UnityEngine.Debug:ExtractStackTraceNoAlloc (byte*,int,string)
UnityEngine.StackTraceUtility:ExtractStackTrace () (at C:/build/output/unity/unity/Runtime/Export/Scripting/StackTrace.cs:35)
UnityEngine.DebugLogHandler:Internal_Log (UnityEngine.LogType,UnityEngine.LogOption,string,UnityEngine.Object)
UnityEngine.DebugLogHandler:LogFormat (UnityEngine.LogType,UnityEngine.Object,string,object[]) (at C:/build/output/unity/unity/Runtime/Export/Logging/DebugLogHandler.cs:9)
UnityEngine.Logger:Log (UnityEngine.LogType,object) (at C:/build/output/unity/unity/Runtime/Export/Logging/Logger.cs:60)
UnityEngine.Debug:Log (object) (at C:/build/output/unity/unity/Runtime/Export/Debug/Debug.bindings.cs:123)
Game.View.CampAmbience:StopPreview () (at C:/Users/d.grab/Desktop/the-game/artifacts/camp-polish-project/Assets/Game.View/CampAmbience.cs:125)
Game.View.CampAmbience:OnDisable () (at C:/Users/d.grab/Desktop/the-game/artifacts/camp-polish-project/Assets/Game.View/CampAmbience.cs:117)

(Filename: C:/build/output/unity/unity/Runtime/Export/Debug/Debug.bindings.cs Line: 123)

[camp-ambience] Fire Light base=5,489 observed=4,448..11,873 restored=True
UnityEngine.Debug:ExtractStackTraceNoAlloc (byte*,int,string)
UnityEngine.StackTraceUtility:ExtractStackTrace () (at C:/build/output/unity/unity/Runtime/Export/Scripting/StackTrace.cs:35)
UnityEngine.DebugLogHandler:Internal_Log (UnityEngine.LogType,UnityEngine.LogOption,string,UnityEngine.Object)
UnityEngine.DebugLogHandler:LogFormat (UnityEngine.LogType,UnityEngine.Object,string,object[]) (at C:/build/output/unity/unity/Runtime/Export/Logging/DebugLogHandler.cs:9)
UnityEngine.Logger:Log (UnityEngine.LogType,object) (at C:/build/output/unity/unity/Runtime/Export/Logging/Logger.cs:60)
UnityEngine.Debug:Log (object) (at C:/build/output/unity/unity/Runtime/Export/Debug/Debug.bindings.cs:123)
Game.View.CampAmbience:StopPreview () (at C:/Users/d.grab/Desktop/the-game/artifacts/camp-polish-project/Assets/Game.View/CampAmbience.cs:125)
Game.View.CampAmbience:OnDisable () (at C:/Users/d.grab/Desktop/the-game/artifacts/camp-polish-project/Assets/Game.View/CampAmbience.cs:117)

(Filename: C:/build/output/unity/unity/Runtime/Export/Debug/Debug.bindings.cs Line: 123)

[camp-ambience] Fire Light (1) base=3,776 observed=3,671..8,258 restored=True
UnityEngine.Debug:ExtractStackTraceNoAlloc (byte*,int,string)
UnityEngine.StackTraceUtility:ExtractStackTrace () (at C:/build/output/unity/unity/Runtime/Export/Scripting/StackTrace.cs:35)
UnityEngine.DebugLogHandler:Internal_Log (UnityEngine.LogType,UnityEngine.LogOption,string,UnityEngine.Object)
UnityEngine.DebugLogHandler:LogFormat (UnityEngine.LogType,UnityEngine.Object,string,object[]) (at C:/build/output/unity/unity/Runtime/Export/Logging/DebugLogHandler.cs:9)
UnityEngine.Logger:Log (UnityEngine.LogType,object) (at C:/build/output/unity/unity/Runtime/Export/Logging/Logger.cs:60)
UnityEngine.Debug:Log (object) (at C:/build/output/unity/unity/Runtime/Export/Debug/Debug.bindings.cs:123)
Game.View.CampAmbience:StopPreview () (at C:/Users/d.grab/Desktop/the-game/artifacts/camp-polish-project/Assets/Game.View/CampAmbience.cs:125)
Game.View.CampAmbience:OnDisable () (at C:/Users/d.grab/Desktop/the-game/artifacts/camp-polish-project/Assets/Game.View/CampAmbience.cs:117)

(Filename: C:/build/output/unity/unity/Runtime/Export/Debug/Debug.bindings.cs Line: 123)

[camp-ambience] Fire Light (2) base=3,410 observed=3,410..7,493 restored=True
UnityEngine.Debug:ExtractStackTraceNoAlloc (byte*,int,string)
UnityEngine.StackTraceUtility:ExtractStackTrace () (at C:/build/output/unity/unity/Runtime/Export/Scripting/StackTrace.cs:35)
UnityEngine.DebugLogHandler:Internal_Log (UnityEngine.LogType,UnityEngine.LogOption,string,UnityEngine.Object)
UnityEngine.DebugLogHandler:LogFormat (UnityEngine.LogType,UnityEngine.Object,string,object[]) (at C:/build/output/unity/unity/Runtime/Export/Logging/DebugLogHandler.cs:9)
UnityEngine.Logger:Log (UnityEngine.LogType,object) (at C:/build/output/unity/unity/Runtime/Export/Logging/Logger.cs:60)
UnityEngine.Debug:Log (object) (at C:/build/output/unity/unity/Runtime/Export/Debug/Debug.bindings.cs:123)
Game.View.CampAmbience:StopPreview () (at C:/Users/d.grab/Desktop/the-game/artifacts/camp-polish-project/Assets/Game.View/CampAmbience.cs:125)
Game.View.CampAmbience:OnDisable () (at C:/Users/d.grab/Desktop/the-game/artifacts/camp-polish-project/Assets/Game.View/CampAmbience.cs:117)

(Filename: C:/build/output/unity/unity/Runtime/Export/Debug/Debug.bindings.cs Line: 123)

[camp-ambience] Fire Light (1) base=2,754 observed=2,612..6,078 restored=True
UnityEngine.Debug:ExtractStackTraceNoAlloc (byte*,int,string)
UnityEngine.StackTraceUtility:ExtractStackTrace () (at C:/build/output/unity/unity/Runtime/Export/Scripting/StackTrace.cs:35)
UnityEngine.DebugLogHandler:Internal_Log (UnityEngine.LogType,UnityEngine.LogOption,string,UnityEngine.Object)
UnityEngine.DebugLogHandler:LogFormat (UnityEngine.LogType,UnityEngine.Object,string,object[]) (at C:/build/output/unity/unity/Runtime/Export/Logging/DebugLogHandler.cs:9)
UnityEngine.Logger:Log (UnityEngine.LogType,object) (at C:/build/output/unity/unity/Runtime/Export/Logging/Logger.cs:60)
UnityEngine.Debug:Log (object) (at C:/build/output/unity/unity/Runtime/Export/Debug/Debug.bindings.cs:123)
Game.View.CampAmbience:StopPreview () (at C:/Users/d.grab/Desktop/the-game/artifacts/camp-polish-project/Assets/Game.View/CampAmbience.cs:125)
Game.View.CampAmbience:OnDisable () (at C:/Users/d.grab/Desktop/the-game/artifacts/camp-polish-project/Assets/Game.View/CampAmbience.cs:117)

(Filename: C:/build/output/unity/unity/Runtime/Export/Debug/Debug.bindings.cs Line: 123)

[camp-ambience] Fire Light (2) base=2,780 observed=2,780..6,109 restored=True
UnityEngine.Debug:ExtractStackTraceNoAlloc (byte*,int,string)
UnityEngine.StackTraceUtility:ExtractStackTrace () (at C:/build/output/unity/unity/Runtime/Export/Scripting/StackTrace.cs:35)
UnityEngine.DebugLogHandler:Internal_Log (UnityEngine.LogType,UnityEngine.LogOption,string,UnityEngine.Object)
UnityEngine.DebugLogHandler:LogFormat (UnityEngine.LogType,UnityEngine.Object,string,object[]) (at C:/build/output/unity/unity/Runtime/Export/Logging/DebugLogHandler.cs:9)
UnityEngine.Logger:Log (UnityEngine.LogType,object) (at C:/build/output/unity/unity/Runtime/Export/Logging/Logger.cs:60)
UnityEngine.Debug:Log (object) (at C:/build/output/unity/unity/Runtime/Export/Debug/Debug.bindings.cs:123)
Game.View.CampAmbience:StopPreview () (at C:/Users/d.grab/Desktop/the-game/artifacts/camp-polish-project/Assets/Game.View/CampAmbience.cs:125)
Game.View.CampAmbience:OnDisable () (at C:/Users/d.grab/Desktop/the-game/artifacts/camp-polish-project/Assets/Game.View/CampAmbience.cs:117)

(Filename: C:/build/output/unity/unity/Runtime/Export/Debug/Debug.bindings.cs Line: 123)

[camp-ambience] Fire Light (3) base=4,332 observed=3,905..9,416 restored=True
UnityEngine.Debug:ExtractStackTraceNoAlloc (byte*,int,string)
UnityEngine.StackTraceUtility:ExtractStackTrace () (at C:/build/output/unity/unity/Runtime/Export/Scripting/StackTrace.cs:35)
UnityEngine.DebugLogHandler:Internal_Log (UnityEngine.LogType,UnityEngine.LogOption,string,UnityEngine.Object)
UnityEngine.DebugLogHandler:LogFormat (UnityEngine.LogType,UnityEngine.Object,string,object[]) (at C:/build/output/unity/unity/Runtime/Export/Logging/DebugLogHandler.cs:9)
UnityEngine.Logger:Log (UnityEngine.LogType,object) (at C:/build/output/unity/unity/Runtime/Export/Logging/Logger.cs:60)
UnityEngine.Debug:Log (object) (at C:/build/output/unity/unity/Runtime/Export/Debug/Debug.bindings.cs:123)
Game.View.CampAmbience:StopPreview () (at C:/Users/d.grab/Desktop/the-game/artifacts/camp-polish-project/Assets/Game.View/CampAmbience.cs:125)
Game.View.CampAmbience:OnDisable () (at C:/Users/d.grab/Desktop/the-game/artifacts/camp-polish-project/Assets/Game.View/CampAmbience.cs:117)

(Filename: C:/build/output/unity/unity/Runtime/Export/Debug/Debug.bindings.cs Line: 123)

[camp-ambience] Fire Light (1) base=13,259 observed=11,182..29,012 restored=True
UnityEngine.Debug:ExtractStackTraceNoAlloc (byte*,int,string)
UnityEngine.StackTraceUtility:ExtractStackTrace () (at C:/build/output/unity/unity/Runtime/Export/Scripting/StackTrace.cs:35)
UnityEngine.DebugLogHandler:Internal_Log (UnityEngine.LogType,UnityEngine.LogOption,string,UnityEngine.Object)
UnityEngine.DebugLogHandler:LogFormat (UnityEngine.LogType,UnityEngine.Object,string,object[]) (at C:/build/output/unity/unity/Runtime/Export/Logging/DebugLogHandler.cs:9)
UnityEngine.Logger:Log (UnityEngine.LogType,object) (at C:/build/output/unity/unity/Runtime/Export/Logging/Logger.cs:60)
UnityEngine.Debug:Log (object) (at C:/build/output/unity/unity/Runtime/Export/Debug/Debug.bindings.cs:123)
Game.View.CampAmbience:StopPreview () (at C:/Users/d.grab/Desktop/the-game/artifacts/camp-polish-project/Assets/Game.View/CampAmbience.cs:125)
Game.View.CampAmbience:OnDisable () (at C:/Users/d.grab/Desktop/the-game/artifacts/camp-polish-project/Assets/Game.View/CampAmbience.cs:117)

(Filename: C:/build/output/unity/unity/Runtime/Export/Debug/Debug.bindings.cs Line: 123)

[camp-ambience] Fire Light (2) base=6,105 observed=6,105..12,726 restored=True
UnityEngine.Debug:ExtractStackTraceNoAlloc (byte*,int,string)
UnityEngine.StackTraceUtility:ExtractStackTrace () (at C:/build/output/unity/unity/Runtime/Export/Scripting/StackTrace.cs:35)
UnityEngine.DebugLogHandler:Internal_Log (UnityEngine.LogType,UnityEngine.LogOption,string,UnityEngine.Object)
UnityEngine.DebugLogHandler:LogFormat (UnityEngine.LogType,UnityEngine.Object,string,object[]) (at C:/build/output/unity/unity/Runtime/Export/Logging/DebugLogHandler.cs:9)
UnityEngine.Logger:Log (UnityEngine.LogType,object) (at C:/build/output/unity/unity/Runtime/Export/Logging/Logger.cs:60)
UnityEngine.Debug:Log (object) (at C:/build/output/unity/unity/Runtime/Export/Debug/Debug.bindings.cs:123)
Game.View.CampAmbience:StopPreview () (at C:/Users/d.grab/Desktop/the-game/artifacts/camp-polish-project/Assets/Game.View/CampAmbience.cs:125)
Game.View.CampAmbience:OnDisable () (at C:/Users/d.grab/Desktop/the-game/artifacts/camp-polish-project/Assets/Game.View/CampAmbience.cs:117)

(Filename: C:/build/output/unity/unity/Runtime/Export/Debug/Debug.bindings.cs Line: 123)

[camp-ambience] Fire Light (3) base=6,721 observed=6,721..14,532 restored=True
UnityEngine.Debug:ExtractStackTraceNoAlloc (byte*,int,string)
UnityEngine.StackTraceUtility:ExtractStackTrace () (at C:/build/output/unity/unity/Runtime/Export/Scripting/StackTrace.cs:35)
UnityEngine.DebugLogHandler:Internal_Log (UnityEngine.LogType,UnityEngine.LogOption,string,UnityEngine.Object)
UnityEngine.DebugLogHandler:LogFormat (UnityEngine.LogType,UnityEngine.Object,string,object[]) (at C:/build/output/unity/unity/Runtime/Export/Logging/DebugLogHandler.cs:9)
UnityEngine.Logger:Log (UnityEngine.LogType,object) (at C:/build/output/unity/unity/Runtime/Export/Logging/Logger.cs:60)
UnityEngine.Debug:Log (object) (at C:/build/output/unity/unity/Runtime/Export/Debug/Debug.bindings.cs:123)
Game.View.CampAmbience:StopPreview () (at C:/Users/d.grab/Desktop/the-game/artifacts/camp-polish-project/Assets/Game.View/CampAmbience.cs:125)
Game.View.CampAmbience:OnDisable () (at C:/Users/d.grab/Desktop/the-game/artifacts/camp-polish-project/Assets/Game.View/CampAmbience.cs:117)

(Filename: C:/build/output/unity/unity/Runtime/Export/Debug/Debug.bindings.cs Line: 123)

[camp-ambience] Огонь чаши base=1,250 observed=1,250..1,250 restored=True
UnityEngine.Debug:ExtractStackTraceNoAlloc (byte*,int,string)
UnityEngine.StackTraceUtility:ExtractStackTrace () (at C:/build/output/unity/unity/Runtime/Export/Scripting/StackTrace.cs:35)
UnityEngine.DebugLogHandler:Internal_Log (UnityEngine.LogType,UnityEngine.LogOption,string,UnityEngine.Object)
UnityEngine.DebugLogHandler:LogFormat (UnityEngine.LogType,UnityEngine.Object,string,object[]) (at C:/build/output/unity/unity/Runtime/Export/Logging/DebugLogHandler.cs:9)
UnityEngine.Logger:Log (UnityEngine.LogType,object) (at C:/build/output/unity/unity/Runtime/Export/Logging/Logger.cs:60)
UnityEngine.Debug:Log (object) (at C:/build/output/unity/unity/Runtime/Export/Debug/Debug.bindings.cs:123)
Game.View.CampAmbience:StopPreview () (at C:/Users/d.grab/Desktop/the-game/artifacts/camp-polish-project/Assets/Game.View/CampAmbience.cs:125)
Game.View.CampAmbience:OnDisable () (at C:/Users/d.grab/Desktop/the-game/artifacts/camp-polish-project/Assets/Game.View/CampAmbience.cs:117)

(Filename: C:/build/output/unity/unity/Runtime/Export/Debug/Debug.bindings.cs Line: 123)

[camp-ambience] Холод кристалла base=1,100 observed=1,100..1,100 restored=True
UnityEngine.Debug:ExtractStackTraceNoAlloc (byte*,int,string)
UnityEngine.StackTraceUtility:ExtractStackTrace () (at C:/build/output/unity/unity/Runtime/Export/Scripting/StackTrace.cs:35)
UnityEngine.DebugLogHandler:Internal_Log (UnityEngine.LogType,UnityEngine.LogOption,string,UnityEngine.Object)
UnityEngine.DebugLogHandler:LogFormat (UnityEngine.LogType,UnityEngine.Object,string,object[]) (at C:/build/output/unity/unity/Runtime/Export/Logging/DebugLogHandler.cs:9)
UnityEngine.Logger:Log (UnityEngine.LogType,object) (at C:/build/output/unity/unity/Runtime/Export/Logging/Logger.cs:60)
UnityEngine.Debug:Log (object) (at C:/build/output/unity/unity/Runtime/Export/Debug/Debug.bindings.cs:123)
Game.View.CampAmbience:StopPreview () (at C:/Users/d.grab/Desktop/the-game/artifacts/camp-polish-project/Assets/Game.View/CampAmbience.cs:125)
Game.View.CampAmbience:OnDisable () (at C:/Users/d.grab/Desktop/the-game/artifacts/camp-polish-project/Assets/Game.View/CampAmbience.cs:117)

(Filename: C:/build/output/unity/unity/Runtime/Export/Debug/Debug.bindings.cs Line: 123)

[camp-ambience] Алхимическое зелье base=1,150 observed=1,150..1,150 restored=True
UnityEngine.Debug:ExtractStackTraceNoAlloc (byte*,int,string)
UnityEngine.StackTraceUtility:ExtractStackTrace () (at C:/build/output/unity/unity/Runtime/Export/Scripting/StackTrace.cs:35)
UnityEngine.DebugLogHandler:Internal_Log (UnityEngine.LogType,UnityEngine.LogOption,string,UnityEngine.Object)
UnityEngine.DebugLogHandler:LogFormat (UnityEngine.LogType,UnityEngine.Object,string,object[]) (at C:/build/output/unity/unity/Runtime/Export/Logging/DebugLogHandler.cs:9)
UnityEngine.Logger:Log (UnityEngine.LogType,object) (at C:/build/output/unity/unity/Runtime/Export/Logging/Logger.cs:60)
UnityEngine.Debug:Log (object) (at C:/build/output/unity/unity/Runtime/Export/Debug/Debug.bindings.cs:123)
Game.View.CampAmbience:StopPreview () (at C:/Users/d.grab/Desktop/the-game/artifacts/camp-polish-project/Assets/Game.View/CampAmbience.cs:125)
Game.View.CampAmbience:OnDisable () (at C:/Users/d.grab/Desktop/the-game/artifacts/camp-polish-project/Assets/Game.View/CampAmbience.cs:117)

(Filename: C:/build/output/unity/unity/Runtime/Export/Debug/Debug.bindings.cs Line: 123)

[camp-ambience] Золотые руны base=0,280 observed=0,280..0,280 restored=True
UnityEngine.Debug:ExtractStackTraceNoAlloc (byte*,int,string)
UnityEngine.StackTraceUtility:ExtractStackTrace () (at C:/build/output/unity/unity/Runtime/Export/Scripting/StackTrace.cs:35)
UnityEngine.DebugLogHandler:Internal_Log (UnityEngine.LogType,UnityEngine.LogOption,string,UnityEngine.Object)
UnityEngine.DebugLogHandler:LogFormat (UnityEngine.LogType,UnityEngine.Object,string,object[]) (at C:/build/output/unity/unity/Runtime/Export/Logging/DebugLogHandler.cs:9)
UnityEngine.Logger:Log (UnityEngine.LogType,object) (at C:/build/output/unity/unity/Runtime/Export/Logging/Logger.cs:60)
UnityEngine.Debug:Log (object) (at C:/build/output/unity/unity/Runtime/Export/Debug/Debug.bindings.cs:123)
Game.View.CampAmbience:StopPreview () (at C:/Users/d.grab/Desktop/the-game/artifacts/camp-polish-project/Assets/Game.View/CampAmbience.cs:125)
Game.View.CampAmbience:OnDisable () (at C:/Users/d.grab/Desktop/the-game/artifacts/camp-polish-project/Assets/Game.View/CampAmbience.cs:117)

(Filename: C:/build/output/unity/unity/Runtime/Export/Debug/Debug.bindings.cs Line: 123)

[camp-ambience] Сердце круга base=2,100 observed=2,100..2,100 restored=True
UnityEngine.Debug:ExtractStackTraceNoAlloc (byte*,int,string)
UnityEngine.StackTraceUtility:ExtractStackTrace () (at C:/build/output/unity/unity/Runtime/Export/Scripting/StackTrace.cs:35)
UnityEngine.DebugLogHandler:Internal_Log (UnityEngine.LogType,UnityEngine.LogOption,string,UnityEngine.Object)
UnityEngine.DebugLogHandler:LogFormat (UnityEngine.LogType,UnityEngine.Object,string,object[]) (at C:/build/output/unity/unity/Runtime/Export/Logging/DebugLogHandler.cs:9)
UnityEngine.Logger:Log (UnityEngine.LogType,object) (at C:/build/output/unity/unity/Runtime/Export/Logging/Logger.cs:60)
UnityEngine.Debug:Log (object) (at C:/build/output/unity/unity/Runtime/Export/Debug/Debug.bindings.cs:123)
Game.View.CampAmbience:StopPreview () (at C:/Users/d.grab/Desktop/the-game/artifacts/camp-polish-project/Assets/Game.View/CampAmbience.cs:125)
Game.View.CampAmbience:OnDisable () (at C:/Users/d.grab/Desktop/the-game/artifacts/camp-polish-project/Assets/Game.View/CampAmbience.cs:117)

(Filename: C:/build/output/unity/unity/Runtime/Export/Debug/Debug.bindings.cs Line: 123)

[camp-ambience] Fire Light (5) base=4,682 observed=4,452..10,094 restored=True
UnityEngine.Debug:ExtractStackTraceNoAlloc (byte*,int,string)
UnityEngine.StackTraceUtility:ExtractStackTrace () (at C:/build/output/unity/unity/Runtime/Export/Scripting/StackTrace.cs:35)
UnityEngine.DebugLogHandler:Internal_Log (UnityEngine.LogType,UnityEngine.LogOption,string,UnityEngine.Object)
UnityEngine.DebugLogHandler:LogFormat (UnityEngine.LogType,UnityEngine.Object,string,object[]) (at C:/build/output/unity/unity/Runtime/Export/Logging/DebugLogHandler.cs:9)
UnityEngine.Logger:Log (UnityEngine.LogType,object) (at C:/build/output/unity/unity/Runtime/Export/Logging/Logger.cs:60)
UnityEngine.Debug:Log (object) (at C:/build/output/unity/unity/Runtime/Export/Debug/Debug.bindings.cs:123)
Game.View.CampAmbience:StopPreview () (at C:/Users/d.grab/Desktop/the-game/artifacts/camp-polish-project/Assets/Game.View/CampAmbience.cs:125)
Game.View.CampAmbience:OnDisable () (at C:/Users/d.grab/Desktop/the-game/artifacts/camp-polish-project/Assets/Game.View/CampAmbience.cs:117)

(Filename: C:/build/output/unity/unity/Runtime/Export/Debug/Debug.bindings.cs Line: 123)

[camp-ambience] Fire Light (4) base=3,128 observed=3,128..6,858 restored=True
UnityEngine.Debug:ExtractStackTraceNoAlloc (byte*,int,string)
UnityEngine.StackTraceUtility:ExtractStackTrace () (at C:/build/output/unity/unity/Runtime/Export/Scripting/StackTrace.cs:35)
UnityEngine.DebugLogHandler:Internal_Log (UnityEngine.LogType,UnityEngine.LogOption,string,UnityEngine.Object)
UnityEngine.DebugLogHandler:LogFormat (UnityEngine.LogType,UnityEngine.Object,string,object[]) (at C:/build/output/unity/unity/Runtime/Export/Logging/DebugLogHandler.cs:9)
UnityEngine.Logger:Log (UnityEngine.LogType,object) (at C:/build/output/unity/unity/Runtime/Export/Logging/Logger.cs:60)
UnityEngine.Debug:Log (object) (at C:/build/output/unity/unity/Runtime/Export/Debug/Debug.bindings.cs:123)
Game.View.CampAmbience:StopPreview () (at C:/Users/d.grab/Desktop/the-game/artifacts/camp-polish-project/Assets/Game.View/CampAmbience.cs:125)
Game.View.CampAmbience:OnDisable () (at C:/Users/d.grab/Desktop/the-game/artifacts/camp-polish-project/Assets/Game.View/CampAmbience.cs:117)

(Filename: C:/build/output/unity/unity/Runtime/Export/Debug/Debug.bindings.cs Line: 123)

[camp-ambience] Зелёный отсвет колбы base=2,099 observed=1,732..4,422 restored=True
UnityEngine.Debug:ExtractStackTraceNoAlloc (byte*,int,string)
UnityEngine.StackTraceUtility:ExtractStackTrace () (at C:/build/output/unity/unity/Runtime/Export/Scripting/StackTrace.cs:35)
UnityEngine.DebugLogHandler:Internal_Log (UnityEngine.LogType,UnityEngine.LogOption,string,UnityEngine.Object)
UnityEngine.DebugLogHandler:LogFormat (UnityEngine.LogType,UnityEngine.Object,string,object[]) (at C:/build/output/unity/unity/Runtime/Export/Logging/DebugLogHandler.cs:9)
UnityEngine.Logger:Log (UnityEngine.LogType,object) (at C:/build/output/unity/unity/Runtime/Export/Logging/Logger.cs:60)
UnityEngine.Debug:Log (object) (at C:/build/output/unity/unity/Runtime/Export/Debug/Debug.bindings.cs:123)
Game.View.CampAmbience:StopPreview () (at C:/Users/d.grab/Desktop/the-game/artifacts/camp-polish-project/Assets/Game.View/CampAmbience.cs:125)
Game.View.CampAmbience:OnDisable () (at C:/Users/d.grab/Desktop/the-game/artifacts/camp-polish-project/Assets/Game.View/CampAmbience.cs:117)

(Filename: C:/build/output/unity/unity/Runtime/Export/Debug/Debug.bindings.cs Line: 123)

[camp-ambience] Fire Light (5) base=0,762 observed=0,607..1,677 restored=True
UnityEngine.Debug:ExtractStackTraceNoAlloc (byte*,int,string)
UnityEngine.StackTraceUtility:ExtractStackTrace () (at C:/build/output/unity/unity/Runtime/Export/Scripting/StackTrace.cs:35)
UnityEngine.DebugLogHandler:Internal_Log (UnityEngine.LogType,UnityEngine.LogOption,string,UnityEngine.Object)
UnityEngine.DebugLogHandler:LogFormat (UnityEngine.LogType,UnityEngine.Object,string,object[]) (at C:/build/output/unity/unity/Runtime/Export/Logging/DebugLogHandler.cs:9)
UnityEngine.Logger:Log (UnityEngine.LogType,object) (at C:/build/output/unity/unity/Runtime/Export/Logging/Logger.cs:60)
UnityEngine.Debug:Log (object) (at C:/build/output/unity/unity/Runtime/Export/Debug/Debug.bindings.cs:123)
Game.View.CampAmbience:StopPreview () (at C:/Users/d.grab/Desktop/the-game/artifacts/camp-polish-project/Assets/Game.View/CampAmbience.cs:125)
Game.View.CampAmbience:OnDisable () (at C:/Users/d.grab/Desktop/the-game/artifacts/camp-polish-project/Assets/Game.View/CampAmbience.cs:117)

(Filename: C:/build/output/unity/unity/Runtime/Export/Debug/Debug.bindings.cs Line: 123)

[camp-ambience] Fire Light (6) base=0,767 observed=0,736..1,679 restored=True
UnityEngine.Debug:ExtractStackTraceNoAlloc (byte*,int,string)
UnityEngine.StackTraceUtility:ExtractStackTrace () (at C:/build/output/unity/unity/Runtime/Export/Scripting/StackTrace.cs:35)
UnityEngine.DebugLogHandler:Internal_Log (UnityEngine.LogType,UnityEngine.LogOption,string,UnityEngine.Object)
UnityEngine.DebugLogHandler:LogFormat (UnityEngine.LogType,UnityEngine.Object,string,object[]) (at C:/build/output/unity/unity/Runtime/Export/Logging/DebugLogHandler.cs:9)
UnityEngine.Logger:Log (UnityEngine.LogType,object) (at C:/build/output/unity/unity/Runtime/Export/Logging/Logger.cs:60)
UnityEngine.Debug:Log (object) (at C:/build/output/unity/unity/Runtime/Export/Debug/Debug.bindings.cs:123)
Game.View.CampAmbience:StopPreview () (at C:/Users/d.grab/Desktop/the-game/artifacts/camp-polish-project/Assets/Game.View/CampAmbience.cs:125)
Game.View.CampAmbience:OnDisable () (at C:/Users/d.grab/Desktop/the-game/artifacts/camp-polish-project/Assets/Game.View/CampAmbience.cs:117)

(Filename: C:/build/output/unity/unity/Runtime/Export/Debug/Debug.bindings.cs Line: 123)

[Physics::Module] Cleanup current backend.
[Physics::Module] Id: 0xf2b8ea05
Input System module state changed to: ShutdownInProgress.
Input Polling Thread exited.
Input System module state changed to: Shutdown.
CodeReloadManager destroyed
PlayerConnection::Cleanup##utp:{"type":"MemoryLeaks","version":2,"phase":"Immediate","time":1790735428728,"processId":110416,"allocatedMemory":753551,"memoryLabels":[{"Default":140692},{"Thread":14272},{"Manager":541017},{"Shader":8},{"GfxDevice":2488},{"GfxThread":19968},{"Animation":819640},{"Serialization":9368},{"Input":2440},{"ScriptingNativeRuntime":15168},{"BaseObject":31936},{"String":612},{"PoolAlloc":384},{"CodeReload":440},{"CloudService":144},{"WebRequest":3870},{"VR":1928},{"Video":144},{"NativeArray":372},{"Subsystems":96},{"Gui":340},{"CoreBusinessMetrics":128}]}
