Mono path[0] = 'C:/Users/d.grab/Desktop/the-game/artifacts/capture-build/Razlom_Data/Managed'
Mono config path = 'C:/Users/d.grab/Desktop/the-game/artifacts/capture-build/MonoBleedingEdge/etc'
Starting managed debugger on port 56012
Using monoOptions --debugger-agent=transport=dt_socket,embedding=1,server=y,suspend=n,address=0.0.0.0:56012
CodeReloadManager initialized
Found 2 interfaces on host : 0) 10.0.85.2 1) 192.168.0.103
Player connection [50220]  Target information:

Player connection [50220]  * "[IP] 10.0.85.2 [Port] 55000 [Flags] 2 [Guid] 535894012 [EditorId] 4219298460 [Version] 1048832 [Id] WindowsPlayer(2,mitpc08) [Debug] 1 [PackageName] WindowsPlayer [ProjectName] razlom" 

Player connection [50220]  * "[IP] 192.168.0.103 [Port] 55000 [Flags] 2 [Guid] 535894012 [EditorId] 4219298460 [Version] 1048832 [Id] WindowsPlayer(2,mitpc08) [Debug] 1 [PackageName] WindowsPlayer [ProjectName] razlom" 

Player connection [50220] Started UDP target info broadcast (1) on [225.0.0.222:54997].

Input System module state changed to: Initialized.
[Physics::Module] Initialized fallback backend.
[Physics::Module] Id: 0xdecafbad
Initialize engine version: 6000.5.10f1 (3bd4f66ad299)
[Subsystems] Discovering subsystems at path C:/Users/d.grab/Desktop/the-game/artifacts/capture-build/Razlom_Data/UnitySubsystems
[D3D12 Device Filter] Vendor Name: NVIDIA
[D3D12 Device Filter] Device Name: NVIDIA GeForce RTX 3060
[D3D12 Device Filter] Driver Version: 32.0.15.6094
[D3D12 Device Filter] Feature Level: 12.2
[D3D12 Device Filter] Graphics Memory: 12115 MB
[D3D12 Device Filter] Processor Count: 20
[D3D12 Device Filter] Device Type: Discrete
GfxDevice: creating device client; kGfxThreadingModeSplitJobs
d3d12: failed to query info queue interface (0x80004002).
Direct3D:
    Version:         Direct3D 12 [level 12.2]
    Renderer:        NVIDIA GeForce RTX 3060 (ID=0x2504)
    Vendor:          NVIDIA
    VRAM:            12115 MB
    App VRAM Budget: 11347 MB
    Driver:          32.0.15.6094
Begin MonoManager ReloadAssembly
- Finished resetting the current domain, in  0.043 seconds
[Physics::Module] Selected backend.
[Physics::Module] Name: PhysX
[Physics::Module] Id: 0xf2b8ea05
[Physics::Module] SDK Version: 4.1.2
[Physics::Module] Integration Version: 1.0.0
[Physics::Module] Threading Mode: Multi-Threaded
<RI> Initializing input.
Using Windows.Gaming.Input
<RI> Input initialized.
UnloadTime: 8.579700 ms
[Разлом] Потолок кадров: Синхронизация → vSyncCount=1, targetFrameRate=-1
UnityEngine.Debug:ExtractStackTraceNoAlloc (byte*,int,string)
UnityEngine.StackTraceUtility:ExtractStackTrace () (at C:/build/output/unity/unity/Runtime/Export/Scripting/StackTrace.cs:35)
UnityEngine.DebugLogHandler:Internal_Log (UnityEngine.LogType,UnityEngine.LogOption,string,UnityEngine.Object)
UnityEngine.DebugLogHandler:LogFormat (UnityEngine.LogType,UnityEngine.Object,string,object[]) (at C:/build/output/unity/unity/Runtime/Export/Logging/DebugLogHandler.cs:9)
UnityEngine.Logger:Log (UnityEngine.LogType,object) (at C:/build/output/unity/unity/Runtime/Export/Logging/Logger.cs:60)
UnityEngine.Debug:Log (object) (at C:/build/output/unity/unity/Runtime/Export/Debug/Debug.bindings.cs:123)
Game.View.GameUserSettings:ApplyFrameCap () (at C:/Users/d.grab/Desktop/the-game/artifacts/capture-project/Assets/Game.View/GameUserSettings.cs:173)
Game.View.GameUserSettings:Load () (at C:/Users/d.grab/Desktop/the-game/artifacts/capture-project/Assets/Game.View/GameUserSettings.cs:118)
Game.View.GameUserSettings:RuntimeLoad () (at C:/Users/d.grab/Desktop/the-game/artifacts/capture-project/Assets/Game.View/GameUserSettings.cs:109)

(Filename: C:/build/output/unity/unity/Runtime/Export/Debug/Debug.bindings.cs Line: 123)

[Разлом] Лагерь. Сид сессии 20260829. E — войти в Разлом, T — Полигон.
UnityEngine.Debug:ExtractStackTraceNoAlloc (byte*,int,string)
UnityEngine.StackTraceUtility:ExtractStackTrace () (at C:/build/output/unity/unity/Runtime/Export/Scripting/StackTrace.cs:35)
UnityEngine.DebugLogHandler:Internal_Log (UnityEngine.LogType,UnityEngine.LogOption,string,UnityEngine.Object)
UnityEngine.DebugLogHandler:LogFormat (UnityEngine.LogType,UnityEngine.Object,string,object[]) (at C:/build/output/unity/unity/Runtime/Export/Logging/DebugLogHandler.cs:9)
UnityEngine.Logger:Log (UnityEngine.LogType,object) (at C:/build/output/unity/unity/Runtime/Export/Logging/Logger.cs:60)
UnityEngine.Debug:Log (object) (at C:/build/output/unity/unity/Runtime/Export/Debug/Debug.bindings.cs:123)
Game.View.TickDriver:Awake () (at C:/Users/d.grab/Desktop/the-game/artifacts/capture-project/Assets/Game.View/TickDriver.cs:274)
UnityEngine.GameObject:SetActive (bool)
Game.View.Bootstrap:Awake () (at C:/Users/d.grab/Desktop/the-game/artifacts/capture-project/Assets/Game.View/Bootstrap.cs:100)

(Filename: C:/build/output/unity/unity/Runtime/Export/Debug/Debug.bindings.cs Line: 123)

[SHADOW DEBUG] AWAKE: Distance=150 | Asset=PC_RPAsset | Frame=0
UnityEngine.Debug:ExtractStackTraceNoAlloc (byte*,int,string)
UnityEngine.StackTraceUtility:ExtractStackTrace () (at C:/build/output/unity/unity/Runtime/Export/Scripting/StackTrace.cs:35)
UnityEngine.DebugLogHandler:Internal_Log (UnityEngine.LogType,UnityEngine.LogOption,string,UnityEngine.Object)
UnityEngine.DebugLogHandler:LogFormat (UnityEngine.LogType,UnityEngine.Object,string,object[]) (at C:/build/output/unity/unity/Runtime/Export/Logging/DebugLogHandler.cs:9)
UnityEngine.Logger:Log (UnityEngine.LogType,object) (at C:/build/output/unity/unity/Runtime/Export/Logging/Logger.cs:60)
UnityEngine.Debug:LogWarning (object) (at C:/build/output/unity/unity/Runtime/Export/Debug/Debug.bindings.cs:216)
ShadowDistanceDebug:Print (string) (at C:/Users/d.grab/Desktop/the-game/artifacts/capture-project/Assets/Game.View/ShadowDistanceDebug.cs:57)
ShadowDistanceDebug:Awake () (at C:/Users/d.grab/Desktop/the-game/artifacts/capture-project/Assets/Game.View/ShadowDistanceDebug.cs:12)

(Filename: C:/build/output/unity/unity/Runtime/Export/Debug/Debug.bindings.cs Line: 216)

[SHADOW DEBUG] ON ENABLE: Distance=150 | Asset=PC_RPAsset | Frame=0
UnityEngine.Debug:ExtractStackTraceNoAlloc (byte*,int,string)
UnityEngine.StackTraceUtility:ExtractStackTrace () (at C:/build/output/unity/unity/Runtime/Export/Scripting/StackTrace.cs:35)
UnityEngine.DebugLogHandler:Internal_Log (UnityEngine.LogType,UnityEngine.LogOption,string,UnityEngine.Object)
UnityEngine.DebugLogHandler:LogFormat (UnityEngine.LogType,UnityEngine.Object,string,object[]) (at C:/build/output/unity/unity/Runtime/Export/Logging/DebugLogHandler.cs:9)
UnityEngine.Logger:Log (UnityEngine.LogType,object) (at C:/build/output/unity/unity/Runtime/Export/Logging/Logger.cs:60)
UnityEngine.Debug:LogWarning (object) (at C:/build/output/unity/unity/Runtime/Export/Debug/Debug.bindings.cs:216)
ShadowDistanceDebug:Print (string) (at C:/Users/d.grab/Desktop/the-game/artifacts/capture-project/Assets/Game.View/ShadowDistanceDebug.cs:57)
ShadowDistanceDebug:OnEnable () (at C:/Users/d.grab/Desktop/the-game/artifacts/capture-project/Assets/Game.View/ShadowDistanceDebug.cs:17)

(Filename: C:/build/output/unity/unity/Runtime/Export/Debug/Debug.bindings.cs Line: 216)

[camp-ambience] lights=18 breeze=0,80 fire=0,420 lamps=0,320
UnityEngine.Debug:ExtractStackTraceNoAlloc (byte*,int,string)
UnityEngine.StackTraceUtility:ExtractStackTrace () (at C:/build/output/unity/unity/Runtime/Export/Scripting/StackTrace.cs:35)
UnityEngine.DebugLogHandler:Internal_Log (UnityEngine.LogType,UnityEngine.LogOption,string,UnityEngine.Object)
UnityEngine.DebugLogHandler:LogFormat (UnityEngine.LogType,UnityEngine.Object,string,object[]) (at C:/build/output/unity/unity/Runtime/Export/Logging/DebugLogHandler.cs:9)
UnityEngine.Logger:Log (UnityEngine.LogType,object) (at C:/build/output/unity/unity/Runtime/Export/Logging/Logger.cs:60)
UnityEngine.Debug:Log (object) (at C:/build/output/unity/unity/Runtime/Export/Debug/Debug.bindings.cs:123)
Game.View.CampAmbience:OnEnable () (at C:/Users/d.grab/Desktop/the-game/artifacts/capture-project/Assets/Game.View/CampAmbience.cs:59)

(Filename: C:/build/output/unity/unity/Runtime/Export/Debug/Debug.bindings.cs Line: 123)

CollisionMeshData couldn't be created because the mesh has been marked as non-accessible. Mesh name "Combined Mesh (root: scene)"
UnityEngine.Debug:ExtractStackTraceNoAlloc (byte*,int,string)
UnityEngine.StackTraceUtility:ExtractStackTrace () (at C:/build/output/unity/unity/Runtime/Export/Scripting/StackTrace.cs:35)
UnityEngine.GameObject:Internal_AddComponentWithType (System.Type)
UnityEngine.GameObject:AddComponent (System.Type) (at C:/build/output/unity/unity/Runtime/Export/Scripting/GameObject.bindings.cs:264)
UnityEngine.GameObject:AddComponent<UnityEngine.MeshCollider> () (at C:/build/output/unity/unity/Runtime/Export/Scripting/GameObject.bindings.cs:269)
Game.View.CampPlayerView:BuildNavigation (UnityEngine.Transform) (at C:/Users/d.grab/Desktop/the-game/artifacts/capture-project/Assets/Game.View/CampPlayerView.cs:166)
Game.View.CampPlayerView:Start () (at C:/Users/d.grab/Desktop/the-game/artifacts/capture-project/Assets/Game.View/CampPlayerView.cs:64)

[C:/Users/d.grab/Desktop/the-game/artifacts/capture-project/Assets/Game.View/CampPlayerView.cs line 64]

CollisionMeshData couldn't be created because the mesh has been marked as non-accessible. Mesh name "Combined Mesh (root: scene)"
UnityEngine.Debug:ExtractStackTraceNoAlloc (byte*,int,string)
UnityEngine.StackTraceUtility:ExtractStackTrace () (at C:/build/output/unity/unity/Runtime/Export/Scripting/StackTrace.cs:35)
UnityEngine.GameObject:Internal_AddComponentWithType (System.Type)
UnityEngine.GameObject:AddComponent (System.Type) (at C:/build/output/unity/unity/Runtime/Export/Scripting/GameObject.bindings.cs:264)
UnityEngine.GameObject:AddComponent<UnityEngine.MeshCollider> () (at C:/build/output/unity/unity/Runtime/Export/Scripting/GameObject.bindings.cs:269)
Game.View.CampPlayerView:BuildNavigation (UnityEngine.Transform) (at C:/Users/d.grab/Desktop/the-game/artifacts/capture-project/Assets/Game.View/CampPlayerView.cs:166)
Game.View.CampPlayerView:Start () (at C:/Users/d.grab/Desktop/the-game/artifacts/capture-project/Assets/Game.View/CampPlayerView.cs:64)

[C:/Users/d.grab/Desktop/the-game/artifacts/capture-project/Assets/Game.View/CampPlayerView.cs line 64]

CollisionMeshData couldn't be created because the mesh has been marked as non-accessible. Mesh name "Combined Mesh (root: scene)"
UnityEngine.Debug:ExtractStackTraceNoAlloc (byte*,int,string)
UnityEngine.StackTraceUtility:ExtractStackTrace () (at C:/build/output/unity/unity/Runtime/Export/Scripting/StackTrace.cs:35)
UnityEngine.GameObject:Internal_AddComponentWithType (System.Type)
UnityEngine.GameObject:AddComponent (System.Type) (at C:/build/output/unity/unity/Runtime/Export/Scripting/GameObject.bindings.cs:264)
UnityEngine.GameObject:AddComponent<UnityEngine.MeshCollider> () (at C:/build/output/unity/unity/Runtime/Export/Scripting/GameObject.bindings.cs:269)
Game.View.CampPlayerView:BuildNavigation (UnityEngine.Transform) (at C:/Users/d.grab/Desktop/the-game/artifacts/capture-project/Assets/Game.View/CampPlayerView.cs:166)
Game.View.CampPlayerView:Start () (at C:/Users/d.grab/Desktop/the-game/artifacts/capture-project/Assets/Game.View/CampPlayerView.cs:64)

[C:/Users/d.grab/Desktop/the-game/artifacts/capture-project/Assets/Game.View/CampPlayerView.cs line 64]

CollisionMeshData couldn't be created because the mesh has been marked as non-accessible. Mesh name "Combined Mesh (root: scene)"
UnityEngine.Debug:ExtractStackTraceNoAlloc (byte*,int,string)
UnityEngine.StackTraceUtility:ExtractStackTrace () (at C:/build/output/unity/unity/Runtime/Export/Scripting/StackTrace.cs:35)
UnityEngine.GameObject:Internal_AddComponentWithType (System.Type)
UnityEngine.GameObject:AddComponent (System.Type) (at C:/build/output/unity/unity/Runtime/Export/Scripting/GameObject.bindings.cs:264)
UnityEngine.GameObject:AddComponent<UnityEngine.MeshCollider> () (at C:/build/output/unity/unity/Runtime/Export/Scripting/GameObject.bindings.cs:269)
Game.View.CampPlayerView:BuildNavigation (UnityEngine.Transform) (at C:/Users/d.grab/Desktop/the-game/artifacts/capture-project/Assets/Game.View/CampPlayerView.cs:166)
Game.View.CampPlayerView:Start () (at C:/Users/d.grab/Desktop/the-game/artifacts/capture-project/Assets/Game.View/CampPlayerView.cs:64)

[C:/Users/d.grab/Desktop/the-game/artifacts/capture-project/Assets/Game.View/CampPlayerView.cs line 64]

CollisionMeshData couldn't be created because the mesh has been marked as non-accessible. Mesh name "Combined Mesh (root: scene)"
UnityEngine.Debug:ExtractStackTraceNoAlloc (byte*,int,string)
UnityEngine.StackTraceUtility:ExtractStackTrace () (at C:/build/output/unity/unity/Runtime/Export/Scripting/StackTrace.cs:35)
UnityEngine.GameObject:Internal_AddComponentWithType (System.Type)
UnityEngine.GameObject:AddComponent (System.Type) (at C:/build/output/unity/unity/Runtime/Export/Scripting/GameObject.bindings.cs:264)
UnityEngine.GameObject:AddComponent<UnityEngine.MeshCollider> () (at C:/build/output/unity/unity/Runtime/Export/Scripting/GameObject.bindings.cs:269)
Game.View.CampPlayerView:BuildNavigation (UnityEngine.Transform) (at C:/Users/d.grab/Desktop/the-game/artifacts/capture-project/Assets/Game.View/CampPlayerView.cs:166)
Game.View.CampPlayerView:Start () (at C:/Users/d.grab/Desktop/the-game/artifacts/capture-project/Assets/Game.View/CampPlayerView.cs:64)

[C:/Users/d.grab/Desktop/the-game/artifacts/capture-project/Assets/Game.View/CampPlayerView.cs line 64]

CollisionMeshData couldn't be created because the mesh has been marked as non-accessible. Mesh name "Combined Mesh (root: scene)"
UnityEngine.Debug:ExtractStackTraceNoAlloc (byte*,int,string)
UnityEngine.StackTraceUtility:ExtractStackTrace () (at C:/build/output/unity/unity/Runtime/Export/Scripting/StackTrace.cs:35)
UnityEngine.GameObject:Internal_AddComponentWithType (System.Type)
UnityEngine.GameObject:AddComponent (System.Type) (at C:/build/output/unity/unity/Runtime/Export/Scripting/GameObject.bindings.cs:264)
UnityEngine.GameObject:AddComponent<UnityEngine.MeshCollider> () (at C:/build/output/unity/unity/Runtime/Export/Scripting/GameObject.bindings.cs:269)
Game.View.CampPlayerView:BuildNavigation (UnityEngine.Transform) (at C:/Users/d.grab/Desktop/the-game/artifacts/capture-project/Assets/Game.View/CampPlayerView.cs:166)
Game.View.CampPlayerView:Start () (at C:/Users/d.grab/Desktop/the-game/artifacts/capture-project/Assets/Game.View/CampPlayerView.cs:64)

[C:/Users/d.grab/Desktop/the-game/artifacts/capture-project/Assets/Game.View/CampPlayerView.cs line 64]

CollisionMeshData couldn't be created because the mesh has been marked as non-accessible. Mesh name "Combined Mesh (root: scene)"
UnityEngine.Debug:ExtractStackTraceNoAlloc (byte*,int,string)
UnityEngine.StackTraceUtility:ExtractStackTrace () (at C:/build/output/unity/unity/Runtime/Export/Scripting/StackTrace.cs:35)
UnityEngine.GameObject:Internal_AddComponentWithType (System.Type)
UnityEngine.GameObject:AddComponent (System.Type) (at C:/build/output/unity/unity/Runtime/Export/Scripting/GameObject.bindings.cs:264)
UnityEngine.GameObject:AddComponent<UnityEngine.MeshCollider> () (at C:/build/output/unity/unity/Runtime/Export/Scripting/GameObject.bindings.cs:269)
Game.View.CampPlayerView:BuildNavigation (UnityEngine.Transform) (at C:/Users/d.grab/Desktop/the-game/artifacts/capture-project/Assets/Game.View/CampPlayerView.cs:166)
Game.View.CampPlayerView:Start () (at C:/Users/d.grab/Desktop/the-game/artifacts/capture-project/Assets/Game.View/CampPlayerView.cs:64)

[C:/Users/d.grab/Desktop/the-game/artifacts/capture-project/Assets/Game.View/CampPlayerView.cs line 64]

CollisionMeshData couldn't be created because the mesh has been marked as non-accessible. Mesh name "Combined Mesh (root: scene)"
UnityEngine.Debug:ExtractStackTraceNoAlloc (byte*,int,string)
UnityEngine.StackTraceUtility:ExtractStackTrace () (at C:/build/output/unity/unity/Runtime/Export/Scripting/StackTrace.cs:35)
UnityEngine.GameObject:Internal_AddComponentWithType (System.Type)
UnityEngine.GameObject:AddComponent (System.Type) (at C:/build/output/unity/unity/Runtime/Export/Scripting/GameObject.bindings.cs:264)
UnityEngine.GameObject:AddComponent<UnityEngine.MeshCollider> () (at C:/build/output/unity/unity/Runtime/Export/Scripting/GameObject.bindings.cs:269)
Game.View.CampPlayerView:BuildNavigation (UnityEngine.Transform) (at C:/Users/d.grab/Desktop/the-game/artifacts/capture-project/Assets/Game.View/CampPlayerView.cs:166)
Game.View.CampPlayerView:Start () (at C:/Users/d.grab/Desktop/the-game/artifacts/capture-project/Assets/Game.View/CampPlayerView.cs:64)

[C:/Users/d.grab/Desktop/the-game/artifacts/capture-project/Assets/Game.View/CampPlayerView.cs line 64]

CollisionMeshData couldn't be created because the mesh has been marked as non-accessible. Mesh name "Combined Mesh (root: scene)"
UnityEngine.Debug:ExtractStackTraceNoAlloc (byte*,int,string)
UnityEngine.StackTraceUtility:ExtractStackTrace () (at C:/build/output/unity/unity/Runtime/Export/Scripting/StackTrace.cs:35)
UnityEngine.GameObject:Internal_AddComponentWithType (System.Type)
UnityEngine.GameObject:AddComponent (System.Type) (at C:/build/output/unity/unity/Runtime/Export/Scripting/GameObject.bindings.cs:264)
UnityEngine.GameObject:AddComponent<UnityEngine.MeshCollider> () (at C:/build/output/unity/unity/Runtime/Export/Scripting/GameObject.bindings.cs:269)
Game.View.CampPlayerView:BuildNavigation (UnityEngine.Transform) (at C:/Users/d.grab/Desktop/the-game/artifacts/capture-project/Assets/Game.View/CampPlayerView.cs:166)
Game.View.CampPlayerView:Start () (at C:/Users/d.grab/Desktop/the-game/artifacts/capture-project/Assets/Game.View/CampPlayerView.cs:64)

[C:/Users/d.grab/Desktop/the-game/artifacts/capture-project/Assets/Game.View/CampPlayerView.cs line 64]

CollisionMeshData couldn't be created because the mesh has been marked as non-accessible. Mesh name "Combined Mesh (root: scene)"
UnityEngine.Debug:ExtractStackTraceNoAlloc (byte*,int,string)
UnityEngine.StackTraceUtility:ExtractStackTrace () (at C:/build/output/unity/unity/Runtime/Export/Scripting/StackTrace.cs:35)
UnityEngine.GameObject:Internal_AddComponentWithType (System.Type)
UnityEngine.GameObject:AddComponent (System.Type) (at C:/build/output/unity/unity/Runtime/Export/Scripting/GameObject.bindings.cs:264)
UnityEngine.GameObject:AddComponent<UnityEngine.MeshCollider> () (at C:/build/output/unity/unity/Runtime/Export/Scripting/GameObject.bindings.cs:269)
Game.View.CampPlayerView:BuildNavigation (UnityEngine.Transform) (at C:/Users/d.grab/Desktop/the-game/artifacts/capture-project/Assets/Game.View/CampPlayerView.cs:166)
Game.View.CampPlayerView:Start () (at C:/Users/d.grab/Desktop/the-game/artifacts/capture-project/Assets/Game.View/CampPlayerView.cs:64)

[C:/Users/d.grab/Desktop/the-game/artifacts/capture-project/Assets/Game.View/CampPlayerView.cs line 64]

CollisionMeshData couldn't be created because the mesh has been marked as non-accessible. Mesh name "Combined Mesh (root: scene)"
UnityEngine.Debug:ExtractStackTraceNoAlloc (byte*,int,string)
UnityEngine.StackTraceUtility:ExtractStackTrace () (at C:/build/output/unity/unity/Runtime/Export/Scripting/StackTrace.cs:35)
UnityEngine.GameObject:Internal_AddComponentWithType (System.Type)
UnityEngine.GameObject:AddComponent (System.Type) (at C:/build/output/unity/unity/Runtime/Export/Scripting/GameObject.bindings.cs:264)
UnityEngine.GameObject:AddComponent<UnityEngine.MeshCollider> () (at C:/build/output/unity/unity/Runtime/Export/Scripting/GameObject.bindings.cs:269)
Game.View.CampPlayerView:BuildNavigation (UnityEngine.Transform) (at C:/Users/d.grab/Desktop/the-game/artifacts/capture-project/Assets/Game.View/CampPlayerView.cs:166)
Game.View.CampPlayerView:Start () (at C:/Users/d.grab/Desktop/the-game/artifacts/capture-project/Assets/Game.View/CampPlayerView.cs:64)

[C:/Users/d.grab/Desktop/the-game/artifacts/capture-project/Assets/Game.View/CampPlayerView.cs line 64]

CollisionMeshData couldn't be created because the mesh has been marked as non-accessible. Mesh name "Combined Mesh (root: scene)"
UnityEngine.Debug:ExtractStackTraceNoAlloc (byte*,int,string)
UnityEngine.StackTraceUtility:ExtractStackTrace () (at C:/build/output/unity/unity/Runtime/Export/Scripting/StackTrace.cs:35)
UnityEngine.GameObject:Internal_AddComponentWithType (System.Type)
UnityEngine.GameObject:AddComponent (System.Type) (at C:/build/output/unity/unity/Runtime/Export/Scripting/GameObject.bindings.cs:264)
UnityEngine.GameObject:AddComponent<UnityEngine.MeshCollider> () (at C:/build/output/unity/unity/Runtime/Export/Scripting/GameObject.bindings.cs:269)
Game.View.CampPlayerView:BuildNavigation (UnityEngine.Transform) (at C:/Users/d.grab/Desktop/the-game/artifacts/capture-project/Assets/Game.View/CampPlayerView.cs:166)
Game.View.CampPlayerView:Start () (at C:/Users/d.grab/Desktop/the-game/artifacts/capture-project/Assets/Game.View/CampPlayerView.cs:64)

[C:/Users/d.grab/Desktop/the-game/artifacts/capture-project/Assets/Game.View/CampPlayerView.cs line 64]

CollisionMeshData couldn't be created because the mesh has been marked as non-accessible. Mesh name "Combined Mesh (root: scene)"
UnityEngine.Debug:ExtractStackTraceNoAlloc (byte*,int,string)
UnityEngine.StackTraceUtility:ExtractStackTrace () (at C:/build/output/unity/unity/Runtime/Export/Scripting/StackTrace.cs:35)
UnityEngine.GameObject:Internal_AddComponentWithType (System.Type)
UnityEngine.GameObject:AddComponent (System.Type) (at C:/build/output/unity/unity/Runtime/Export/Scripting/GameObject.bindings.cs:264)
UnityEngine.GameObject:AddComponent<UnityEngine.MeshCollider> () (at C:/build/output/unity/unity/Runtime/Export/Scripting/GameObject.bindings.cs:269)
Game.View.CampPlayerView:BuildNavigation (UnityEngine.Transform) (at C:/Users/d.grab/Desktop/the-game/artifacts/capture-project/Assets/Game.View/CampPlayerView.cs:166)
Game.View.CampPlayerView:Start () (at C:/Users/d.grab/Desktop/the-game/artifacts/capture-project/Assets/Game.View/CampPlayerView.cs:64)

[C:/Users/d.grab/Desktop/the-game/artifacts/capture-project/Assets/Game.View/CampPlayerView.cs line 64]

CollisionMeshData couldn't be created because the mesh has been marked as non-accessible. Mesh name "Combined Mesh (root: scene)"
UnityEngine.Debug:ExtractStackTraceNoAlloc (byte*,int,string)
UnityEngine.StackTraceUtility:ExtractStackTrace () (at C:/build/output/unity/unity/Runtime/Export/Scripting/StackTrace.cs:35)
UnityEngine.GameObject:Internal_AddComponentWithType (System.Type)
UnityEngine.GameObject:AddComponent (System.Type) (at C:/build/output/unity/unity/Runtime/Export/Scripting/GameObject.bindings.cs:264)
UnityEngine.GameObject:AddComponent<UnityEngine.MeshCollider> () (at C:/build/output/unity/unity/Runtime/Export/Scripting/GameObject.bindings.cs:269)
Game.View.CampPlayerView:BuildNavigation (UnityEngine.Transform) (at C:/Users/d.grab/Desktop/the-game/artifacts/capture-project/Assets/Game.View/CampPlayerView.cs:166)
Game.View.CampPlayerView:Start () (at C:/Users/d.grab/Desktop/the-game/artifacts/capture-project/Assets/Game.View/CampPlayerView.cs:64)

[C:/Users/d.grab/Desktop/the-game/artifacts/capture-project/Assets/Game.View/CampPlayerView.cs line 64]

CollisionMeshData couldn't be created because the mesh has been marked as non-accessible. Mesh name "Combined Mesh (root: scene)"
UnityEngine.Debug:ExtractStackTraceNoAlloc (byte*,int,string)
UnityEngine.StackTraceUtility:ExtractStackTrace () (at C:/build/output/unity/unity/Runtime/Export/Scripting/StackTrace.cs:35)
UnityEngine.GameObject:Internal_AddComponentWithType (System.Type)
UnityEngine.GameObject:AddComponent (System.Type) (at C:/build/output/unity/unity/Runtime/Export/Scripting/GameObject.bindings.cs:264)
UnityEngine.GameObject:AddComponent<UnityEngine.MeshCollider> () (at C:/build/output/unity/unity/Runtime/Export/Scripting/GameObject.bindings.cs:269)
Game.View.CampPlayerView:BuildNavigation (UnityEngine.Transform) (at C:/Users/d.grab/Desktop/the-game/artifacts/capture-project/Assets/Game.View/CampPlayerView.cs:166)
Game.View.CampPlayerView:Start () (at C:/Users/d.grab/Desktop/the-game/artifacts/capture-project/Assets/Game.View/CampPlayerView.cs:64)

[C:/Users/d.grab/Desktop/the-game/artifacts/capture-project/Assets/Game.View/CampPlayerView.cs line 64]

CollisionMeshData couldn't be created because the mesh has been marked as non-accessible. Mesh name "Combined Mesh (root: scene)"
UnityEngine.Debug:ExtractStackTraceNoAlloc (byte*,int,string)
UnityEngine.StackTraceUtility:ExtractStackTrace () (at C:/build/output/unity/unity/Runtime/Export/Scripting/StackTrace.cs:35)
UnityEngine.GameObject:Internal_AddComponentWithType (System.Type)
UnityEngine.GameObject:AddComponent (System.Type) (at C:/build/output/unity/unity/Runtime/Export/Scripting/GameObject.bindings.cs:264)
UnityEngine.GameObject:AddComponent<UnityEngine.MeshCollider> () (at C:/build/output/unity/unity/Runtime/Export/Scripting/GameObject.bindings.cs:269)
Game.View.CampPlayerView:BuildNavigation (UnityEngine.Transform) (at C:/Users/d.grab/Desktop/the-game/artifacts/capture-project/Assets/Game.View/CampPlayerView.cs:166)
Game.View.CampPlayerView:Start () (at C:/Users/d.grab/Desktop/the-game/artifacts/capture-project/Assets/Game.View/CampPlayerView.cs:64)

[C:/Users/d.grab/Desktop/the-game/artifacts/capture-project/Assets/Game.View/CampPlayerView.cs line 64]

CollisionMeshData couldn't be created because the mesh has been marked as non-accessible. Mesh name "Combined Mesh (root: scene)"
UnityEngine.Debug:ExtractStackTraceNoAlloc (byte*,int,string)
UnityEngine.StackTraceUtility:ExtractStackTrace () (at C:/build/output/unity/unity/Runtime/Export/Scripting/StackTrace.cs:35)
UnityEngine.GameObject:Internal_AddComponentWithType (System.Type)
UnityEngine.GameObject:AddComponent (System.Type) (at C:/build/output/unity/unity/Runtime/Export/Scripting/GameObject.bindings.cs:264)
UnityEngine.GameObject:AddComponent<UnityEngine.MeshCollider> () (at C:/build/output/unity/unity/Runtime/Export/Scripting/GameObject.bindings.cs:269)
Game.View.CampPlayerView:BuildNavigation (UnityEngine.Transform) (at C:/Users/d.grab/Desktop/the-game/artifacts/capture-project/Assets/Game.View/CampPlayerView.cs:166)
Game.View.CampPlayerView:Start () (at C:/Users/d.grab/Desktop/the-game/artifacts/capture-project/Assets/Game.View/CampPlayerView.cs:64)

[C:/Users/d.grab/Desktop/the-game/artifacts/capture-project/Assets/Game.View/CampPlayerView.cs line 64]

CollisionMeshData couldn't be created because the mesh has been marked as non-accessible. Mesh name "Combined Mesh (root: scene)"
UnityEngine.Debug:ExtractStackTraceNoAlloc (byte*,int,string)
UnityEngine.StackTraceUtility:ExtractStackTrace () (at C:/build/output/unity/unity/Runtime/Export/Scripting/StackTrace.cs:35)
UnityEngine.GameObject:Internal_AddComponentWithType (System.Type)
UnityEngine.GameObject:AddComponent (System.Type) (at C:/build/output/unity/unity/Runtime/Export/Scripting/GameObject.bindings.cs:264)
UnityEngine.GameObject:AddComponent<UnityEngine.MeshCollider> () (at C:/build/output/unity/unity/Runtime/Export/Scripting/GameObject.bindings.cs:269)
Game.View.CampPlayerView:BuildNavigation (UnityEngine.Transform) (at C:/Users/d.grab/Desktop/the-game/artifacts/capture-project/Assets/Game.View/CampPlayerView.cs:166)
Game.View.CampPlayerView:Start () (at C:/Users/d.grab/Desktop/the-game/artifacts/capture-project/Assets/Game.View/CampPlayerView.cs:64)

[C:/Users/d.grab/Desktop/the-game/artifacts/capture-project/Assets/Game.View/CampPlayerView.cs line 64]

CollisionMeshData couldn't be created because the mesh has been marked as non-accessible. Mesh name "Combined Mesh (root: scene)"
UnityEngine.Debug:ExtractStackTraceNoAlloc (byte*,int,string)
UnityEngine.StackTraceUtility:ExtractStackTrace () (at C:/build/output/unity/unity/Runtime/Export/Scripting/StackTrace.cs:35)
UnityEngine.GameObject:Internal_AddComponentWithType (System.Type)
UnityEngine.GameObject:AddComponent (System.Type) (at C:/build/output/unity/unity/Runtime/Export/Scripting/GameObject.bindings.cs:264)
UnityEngine.GameObject:AddComponent<UnityEngine.MeshCollider> () (at C:/build/output/unity/unity/Runtime/Export/Scripting/GameObject.bindings.cs:269)
Game.View.CampPlayerView:BuildNavigation (UnityEngine.Transform) (at C:/Users/d.grab/Desktop/the-game/artifacts/capture-project/Assets/Game.View/CampPlayerView.cs:166)
Game.View.CampPlayerView:Start () (at C:/Users/d.grab/Desktop/the-game/artifacts/capture-project/Assets/Game.View/CampPlayerView.cs:64)

[C:/Users/d.grab/Desktop/the-game/artifacts/capture-project/Assets/Game.View/CampPlayerView.cs line 64]

CollisionMeshData couldn't be created because the mesh has been marked as non-accessible. Mesh name "Combined Mesh (root: scene)"
UnityEngine.Debug:ExtractStackTraceNoAlloc (byte*,int,string)
UnityEngine.StackTraceUtility:ExtractStackTrace () (at C:/build/output/unity/unity/Runtime/Export/Scripting/StackTrace.cs:35)
UnityEngine.GameObject:Internal_AddComponentWithType (System.Type)
UnityEngine.GameObject:AddComponent (System.Type) (at C:/build/output/unity/unity/Runtime/Export/Scripting/GameObject.bindings.cs:264)
UnityEngine.GameObject:AddComponent<UnityEngine.MeshCollider> () (at C:/build/output/unity/unity/Runtime/Export/Scripting/GameObject.bindings.cs:269)
Game.View.CampPlayerView:BuildNavigation (UnityEngine.Transform) (at C:/Users/d.grab/Desktop/the-game/artifacts/capture-project/Assets/Game.View/CampPlayerView.cs:166)
Game.View.CampPlayerView:Start () (at C:/Users/d.grab/Desktop/the-game/artifacts/capture-project/Assets/Game.View/CampPlayerView.cs:64)

[C:/Users/d.grab/Desktop/the-game/artifacts/capture-project/Assets/Game.View/CampPlayerView.cs line 64]

CollisionMeshData couldn't be created because the mesh has been marked as non-accessible. Mesh name "Combined Mesh (root: scene)"
UnityEngine.Debug:ExtractStackTraceNoAlloc (byte*,int,string)
UnityEngine.StackTraceUtility:ExtractStackTrace () (at C:/build/output/unity/unity/Runtime/Export/Scripting/StackTrace.cs:35)
UnityEngine.GameObject:Internal_AddComponentWithType (System.Type)
UnityEngine.GameObject:AddComponent (System.Type) (at C:/build/output/unity/unity/Runtime/Export/Scripting/GameObject.bindings.cs:264)
UnityEngine.GameObject:AddComponent<UnityEngine.MeshCollider> () (at C:/build/output/unity/unity/Runtime/Export/Scripting/GameObject.bindings.cs:269)
Game.View.CampPlayerView:BuildNavigation (UnityEngine.Transform) (at C:/Users/d.grab/Desktop/the-game/artifacts/capture-project/Assets/Game.View/CampPlayerView.cs:166)
Game.View.CampPlayerView:Start () (at C:/Users/d.grab/Desktop/the-game/artifacts/capture-project/Assets/Game.View/CampPlayerView.cs:64)

[C:/Users/d.grab/Desktop/the-game/artifacts/capture-project/Assets/Game.View/CampPlayerView.cs line 64]

CollisionMeshData couldn't be created because the mesh has been marked as non-accessible. Mesh name "Combined Mesh (root: scene)"
UnityEngine.Debug:ExtractStackTraceNoAlloc (byte*,int,string)
UnityEngine.StackTraceUtility:ExtractStackTrace () (at C:/build/output/unity/unity/Runtime/Export/Scripting/StackTrace.cs:35)
UnityEngine.GameObject:Internal_AddComponentWithType (System.Type)
UnityEngine.GameObject:AddComponent (System.Type) (at C:/build/output/unity/unity/Runtime/Export/Scripting/GameObject.bindings.cs:264)
UnityEngine.GameObject:AddComponent<UnityEngine.MeshCollider> () (at C:/build/output/unity/unity/Runtime/Export/Scripting/GameObject.bindings.cs:269)
Game.View.CampPlayerView:BuildNavigation (UnityEngine.Transform) (at C:/Users/d.grab/Desktop/the-game/artifacts/capture-project/Assets/Game.View/CampPlayerView.cs:166)
Game.View.CampPlayerView:Start () (at C:/Users/d.grab/Desktop/the-game/artifacts/capture-project/Assets/Game.View/CampPlayerView.cs:64)

[C:/Users/d.grab/Desktop/the-game/artifacts/capture-project/Assets/Game.View/CampPlayerView.cs line 64]

CollisionMeshData couldn't be created because the mesh has been marked as non-accessible. Mesh name "Combined Mesh (root: scene)"
UnityEngine.Debug:ExtractStackTraceNoAlloc (byte*,int,string)
UnityEngine.StackTraceUtility:ExtractStackTrace () (at C:/build/output/unity/unity/Runtime/Export/Scripting/StackTrace.cs:35)
UnityEngine.GameObject:Internal_AddComponentWithType (System.Type)
UnityEngine.GameObject:AddComponent (System.Type) (at C:/build/output/unity/unity/Runtime/Export/Scripting/GameObject.bindings.cs:264)
UnityEngine.GameObject:AddComponent<UnityEngine.MeshCollider> () (at C:/build/output/unity/unity/Runtime/Export/Scripting/GameObject.bindings.cs:269)
Game.View.CampPlayerView:BuildNavigation (UnityEngine.Transform) (at C:/Users/d.grab/Desktop/the-game/artifacts/capture-project/Assets/Game.View/CampPlayerView.cs:166)
Game.View.CampPlayerView:Start () (at C:/Users/d.grab/Desktop/the-game/artifacts/capture-project/Assets/Game.View/CampPlayerView.cs:64)

[C:/Users/d.grab/Desktop/the-game/artifacts/capture-project/Assets/Game.View/CampPlayerView.cs line 64]

CollisionMeshData couldn't be created because the mesh has been marked as non-accessible. Mesh name "Combined Mesh (root: scene)"
UnityEngine.Debug:ExtractStackTraceNoAlloc (byte*,int,string)
UnityEngine.StackTraceUtility:ExtractStackTrace () (at C:/build/output/unity/unity/Runtime/Export/Scripting/StackTrace.cs:35)
UnityEngine.GameObject:Internal_AddComponentWithType (System.Type)
UnityEngine.GameObject:AddComponent (System.Type) (at C:/build/output/unity/unity/Runtime/Export/Scripting/GameObject.bindings.cs:264)
UnityEngine.GameObject:AddComponent<UnityEngine.MeshCollider> () (at C:/build/output/unity/unity/Runtime/Export/Scripting/GameObject.bindings.cs:269)
Game.View.CampPlayerView:BuildNavigation (UnityEngine.Transform) (at C:/Users/d.grab/Desktop/the-game/artifacts/capture-project/Assets/Game.View/CampPlayerView.cs:166)
Game.View.CampPlayerView:Start () (at C:/Users/d.grab/Desktop/the-game/artifacts/capture-project/Assets/Game.View/CampPlayerView.cs:64)

[C:/Users/d.grab/Desktop/the-game/artifacts/capture-project/Assets/Game.View/CampPlayerView.cs line 64]

CollisionMeshData couldn't be created because the mesh has been marked as non-accessible. Mesh name "Combined Mesh (root: scene)"
UnityEngine.Debug:ExtractStackTraceNoAlloc (byte*,int,string)
UnityEngine.StackTraceUtility:ExtractStackTrace () (at C:/build/output/unity/unity/Runtime/Export/Scripting/StackTrace.cs:35)
UnityEngine.GameObject:Internal_AddComponentWithType (System.Type)
UnityEngine.GameObject:AddComponent (System.Type) (at C:/build/output/unity/unity/Runtime/Export/Scripting/GameObject.bindings.cs:264)
UnityEngine.GameObject:AddComponent<UnityEngine.MeshCollider> () (at C:/build/output/unity/unity/Runtime/Export/Scripting/GameObject.bindings.cs:269)
Game.View.CampPlayerView:BuildNavigation (UnityEngine.Transform) (at C:/Users/d.grab/Desktop/the-game/artifacts/capture-project/Assets/Game.View/CampPlayerView.cs:166)
Game.View.CampPlayerView:Start () (at C:/Users/d.grab/Desktop/the-game/artifacts/capture-project/Assets/Game.View/CampPlayerView.cs:64)

[C:/Users/d.grab/Desktop/the-game/artifacts/capture-project/Assets/Game.View/CampPlayerView.cs line 64]

CollisionMeshData couldn't be created because the mesh has been marked as non-accessible. Mesh name "Combined Mesh (root: scene)"
UnityEngine.Debug:ExtractStackTraceNoAlloc (byte*,int,string)
UnityEngine.StackTraceUtility:ExtractStackTrace () (at C:/build/output/unity/unity/Runtime/Export/Scripting/StackTrace.cs:35)
UnityEngine.GameObject:Internal_AddComponentWithType (System.Type)
UnityEngine.GameObject:AddComponent (System.Type) (at C:/build/output/unity/unity/Runtime/Export/Scripting/GameObject.bindings.cs:264)
UnityEngine.GameObject:AddComponent<UnityEngine.MeshCollider> () (at C:/build/output/unity/unity/Runtime/Export/Scripting/GameObject.bindings.cs:269)
Game.View.CampPlayerView:BuildNavigation (UnityEngine.Transform) (at C:/Users/d.grab/Desktop/the-game/artifacts/capture-project/Assets/Game.View/CampPlayerView.cs:166)
Game.View.CampPlayerView:Start () (at C:/Users/d.grab/Desktop/the-game/artifacts/capture-project/Assets/Game.View/CampPlayerView.cs:64)

[C:/Users/d.grab/Desktop/the-game/artifacts/capture-project/Assets/Game.View/CampPlayerView.cs line 64]

CollisionMeshData couldn't be created because the mesh has been marked as non-accessible. Mesh name "Combined Mesh (root: scene)"
UnityEngine.Debug:ExtractStackTraceNoAlloc (byte*,int,string)
UnityEngine.StackTraceUtility:ExtractStackTrace () (at C:/build/output/unity/unity/Runtime/Export/Scripting/StackTrace.cs:35)
UnityEngine.GameObject:Internal_AddComponentWithType (System.Type)
UnityEngine.GameObject:AddComponent (System.Type) (at C:/build/output/unity/unity/Runtime/Export/Scripting/GameObject.bindings.cs:264)
UnityEngine.GameObject:AddComponent<UnityEngine.MeshCollider> () (at C:/build/output/unity/unity/Runtime/Export/Scripting/GameObject.bindings.cs:269)
Game.View.CampPlayerView:BuildNavigation (UnityEngine.Transform) (at C:/Users/d.grab/Desktop/the-game/artifacts/capture-project/Assets/Game.View/CampPlayerView.cs:166)
Game.View.CampPlayerView:Start () (at C:/Users/d.grab/Desktop/the-game/artifacts/capture-project/Assets/Game.View/CampPlayerView.cs:64)

[C:/Users/d.grab/Desktop/the-game/artifacts/capture-project/Assets/Game.View/CampPlayerView.cs line 64]

CollisionMeshData couldn't be created because the mesh has been marked as non-accessible. Mesh name "Combined Mesh (root: scene)"
UnityEngine.Debug:ExtractStackTraceNoAlloc (byte*,int,string)
UnityEngine.StackTraceUtility:ExtractStackTrace () (at C:/build/output/unity/unity/Runtime/Export/Scripting/StackTrace.cs:35)
UnityEngine.GameObject:Internal_AddComponentWithType (System.Type)
UnityEngine.GameObject:AddComponent (System.Type) (at C:/build/output/unity/unity/Runtime/Export/Scripting/GameObject.bindings.cs:264)
UnityEngine.GameObject:AddComponent<UnityEngine.MeshCollider> () (at C:/build/output/unity/unity/Runtime/Export/Scripting/GameObject.bindings.cs:269)
Game.View.CampPlayerView:BuildNavigation (UnityEngine.Transform) (at C:/Users/d.grab/Desktop/the-game/artifacts/capture-project/Assets/Game.View/CampPlayerView.cs:166)
Game.View.CampPlayerView:Start () (at C:/Users/d.grab/Desktop/the-game/artifacts/capture-project/Assets/Game.View/CampPlayerView.cs:64)

[C:/Users/d.grab/Desktop/the-game/artifacts/capture-project/Assets/Game.View/CampPlayerView.cs line 64]

CollisionMeshData couldn't be created because the mesh has been marked as non-accessible. Mesh name "Combined Mesh (root: scene)"
UnityEngine.Debug:ExtractStackTraceNoAlloc (byte*,int,string)
UnityEngine.StackTraceUtility:ExtractStackTrace () (at C:/build/output/unity/unity/Runtime/Export/Scripting/StackTrace.cs:35)
UnityEngine.GameObject:Internal_AddComponentWithType (System.Type)
UnityEngine.GameObject:AddComponent (System.Type) (at C:/build/output/unity/unity/Runtime/Export/Scripting/GameObject.bindings.cs:264)
UnityEngine.GameObject:AddComponent<UnityEngine.MeshCollider> () (at C:/build/output/unity/unity/Runtime/Export/Scripting/GameObject.bindings.cs:269)
Game.View.CampPlayerView:BuildNavigation (UnityEngine.Transform) (at C:/Users/d.grab/Desktop/the-game/artifacts/capture-project/Assets/Game.View/CampPlayerView.cs:166)
Game.View.CampPlayerView:Start () (at C:/Users/d.grab/Desktop/the-game/artifacts/capture-project/Assets/Game.View/CampPlayerView.cs:64)

[C:/Users/d.grab/Desktop/the-game/artifacts/capture-project/Assets/Game.View/CampPlayerView.cs line 64]

CollisionMeshData couldn't be created because the mesh has been marked as non-accessible. Mesh name "Combined Mesh (root: scene)"
UnityEngine.Debug:ExtractStackTraceNoAlloc (byte*,int,string)
UnityEngine.StackTraceUtility:ExtractStackTrace () (at C:/build/output/unity/unity/Runtime/Export/Scripting/StackTrace.cs:35)
UnityEngine.GameObject:Internal_AddComponentWithType (System.Type)
UnityEngine.GameObject:AddComponent (System.Type) (at C:/build/output/unity/unity/Runtime/Export/Scripting/GameObject.bindings.cs:264)
UnityEngine.GameObject:AddComponent<UnityEngine.MeshCollider> () (at C:/build/output/unity/unity/Runtime/Export/Scripting/GameObject.bindings.cs:269)
Game.View.CampPlayerView:BuildNavigation (UnityEngine.Transform) (at C:/Users/d.grab/Desktop/the-game/artifacts/capture-project/Assets/Game.View/CampPlayerView.cs:166)
Game.View.CampPlayerView:Start () (at C:/Users/d.grab/Desktop/the-game/artifacts/capture-project/Assets/Game.View/CampPlayerView.cs:64)

[C:/Users/d.grab/Desktop/the-game/artifacts/capture-project/Assets/Game.View/CampPlayerView.cs line 64]

CollisionMeshData couldn't be created because the mesh has been marked as non-accessible. Mesh name "Combined Mesh (root: scene)"
UnityEngine.Debug:ExtractStackTraceNoAlloc (byte*,int,string)
UnityEngine.StackTraceUtility:ExtractStackTrace () (at C:/build/output/unity/unity/Runtime/Export/Scripting/StackTrace.cs:35)
UnityEngine.GameObject:Internal_AddComponentWithType (System.Type)
UnityEngine.GameObject:AddComponent (System.Type) (at C:/build/output/unity/unity/Runtime/Export/Scripting/GameObject.bindings.cs:264)
UnityEngine.GameObject:AddComponent<UnityEngine.MeshCollider> () (at C:/build/output/unity/unity/Runtime/Export/Scripting/GameObject.bindings.cs:269)
Game.View.CampPlayerView:BuildNavigation (UnityEngine.Transform) (at C:/Users/d.grab/Desktop/the-game/artifacts/capture-project/Assets/Game.View/CampPlayerView.cs:166)
Game.View.CampPlayerView:Start () (at C:/Users/d.grab/Desktop/the-game/artifacts/capture-project/Assets/Game.View/CampPlayerView.cs:64)

[C:/Users/d.grab/Desktop/the-game/artifacts/capture-project/Assets/Game.View/CampPlayerView.cs line 64]

CollisionMeshData couldn't be created because the mesh has been marked as non-accessible. Mesh name "Combined Mesh (root: scene)"
UnityEngine.Debug:ExtractStackTraceNoAlloc (byte*,int,string)
UnityEngine.StackTraceUtility:ExtractStackTrace () (at C:/build/output/unity/unity/Runtime/Export/Scripting/StackTrace.cs:35)
UnityEngine.GameObject:Internal_AddComponentWithType (System.Type)
UnityEngine.GameObject:AddComponent (System.Type) (at C:/build/output/unity/unity/Runtime/Export/Scripting/GameObject.bindings.cs:264)
UnityEngine.GameObject:AddComponent<UnityEngine.MeshCollider> () (at C:/build/output/unity/unity/Runtime/Export/Scripting/GameObject.bindings.cs:269)
Game.View.CampPlayerView:BuildNavigation (UnityEngine.Transform) (at C:/Users/d.grab/Desktop/the-game/artifacts/capture-project/Assets/Game.View/CampPlayerView.cs:166)
Game.View.CampPlayerView:Start () (at C:/Users/d.grab/Desktop/the-game/artifacts/capture-project/Assets/Game.View/CampPlayerView.cs:64)

[C:/Users/d.grab/Desktop/the-game/artifacts/capture-project/Assets/Game.View/CampPlayerView.cs line 64]

CollisionMeshData couldn't be created because the mesh has been marked as non-accessible. Mesh name "Combined Mesh (root: scene)"
UnityEngine.Debug:ExtractStackTraceNoAlloc (byte*,int,string)
UnityEngine.StackTraceUtility:ExtractStackTrace () (at C:/build/output/unity/unity/Runtime/Export/Scripting/StackTrace.cs:35)
UnityEngine.GameObject:Internal_AddComponentWithType (System.Type)
UnityEngine.GameObject:AddComponent (System.Type) (at C:/build/output/unity/unity/Runtime/Export/Scripting/GameObject.bindings.cs:264)
UnityEngine.GameObject:AddComponent<UnityEngine.MeshCollider> () (at C:/build/output/unity/unity/Runtime/Export/Scripting/GameObject.bindings.cs:269)
Game.View.CampPlayerView:BuildNavigation (UnityEngine.Transform) (at C:/Users/d.grab/Desktop/the-game/artifacts/capture-project/Assets/Game.View/CampPlayerView.cs:166)
Game.View.CampPlayerView:Start () (at C:/Users/d.grab/Desktop/the-game/artifacts/capture-project/Assets/Game.View/CampPlayerView.cs:64)

[C:/Users/d.grab/Desktop/the-game/artifacts/capture-project/Assets/Game.View/CampPlayerView.cs line 64]

CollisionMeshData couldn't be created because the mesh has been marked as non-accessible. Mesh name "Combined Mesh (root: scene)"
UnityEngine.Debug:ExtractStackTraceNoAlloc (byte*,int,string)
UnityEngine.StackTraceUtility:ExtractStackTrace () (at C:/build/output/unity/unity/Runtime/Export/Scripting/StackTrace.cs:35)
UnityEngine.GameObject:Internal_AddComponentWithType (System.Type)
UnityEngine.GameObject:AddComponent (System.Type) (at C:/build/output/unity/unity/Runtime/Export/Scripting/GameObject.bindings.cs:264)
UnityEngine.GameObject:AddComponent<UnityEngine.MeshCollider> () (at C:/build/output/unity/unity/Runtime/Export/Scripting/GameObject.bindings.cs:269)
Game.View.CampPlayerView:BuildNavigation (UnityEngine.Transform) (at C:/Users/d.grab/Desktop/the-game/artifacts/capture-project/Assets/Game.View/CampPlayerView.cs:166)
Game.View.CampPlayerView:Start () (at C:/Users/d.grab/Desktop/the-game/artifacts/capture-project/Assets/Game.View/CampPlayerView.cs:64)

[C:/Users/d.grab/Desktop/the-game/artifacts/capture-project/Assets/Game.View/CampPlayerView.cs line 64]

CollisionMeshData couldn't be created because the mesh has been marked as non-accessible. Mesh name "Combined Mesh (root: scene)"
UnityEngine.Debug:ExtractStackTraceNoAlloc (byte*,int,string)
UnityEngine.StackTraceUtility:ExtractStackTrace () (at C:/build/output/unity/unity/Runtime/Export/Scripting/StackTrace.cs:35)
UnityEngine.GameObject:Internal_AddComponentWithType (System.Type)
UnityEngine.GameObject:AddComponent (System.Type) (at C:/build/output/unity/unity/Runtime/Export/Scripting/GameObject.bindings.cs:264)
UnityEngine.GameObject:AddComponent<UnityEngine.MeshCollider> () (at C:/build/output/unity/unity/Runtime/Export/Scripting/GameObject.bindings.cs:269)
Game.View.CampPlayerView:BuildNavigation (UnityEngine.Transform) (at C:/Users/d.grab/Desktop/the-game/artifacts/capture-project/Assets/Game.View/CampPlayerView.cs:166)
Game.View.CampPlayerView:Start () (at C:/Users/d.grab/Desktop/the-game/artifacts/capture-project/Assets/Game.View/CampPlayerView.cs:64)

[C:/Users/d.grab/Desktop/the-game/artifacts/capture-project/Assets/Game.View/CampPlayerView.cs line 64]

CollisionMeshData couldn't be created because the mesh has been marked as non-accessible. Mesh name "Combined Mesh (root: scene)"
UnityEngine.Debug:ExtractStackTraceNoAlloc (byte*,int,string)
UnityEngine.StackTraceUtility:ExtractStackTrace () (at C:/build/output/unity/unity/Runtime/Export/Scripting/StackTrace.cs:35)
UnityEngine.GameObject:Internal_AddComponentWithType (System.Type)
UnityEngine.GameObject:AddComponent (System.Type) (at C:/build/output/unity/unity/Runtime/Export/Scripting/GameObject.bindings.cs:264)
UnityEngine.GameObject:AddComponent<UnityEngine.MeshCollider> () (at C:/build/output/unity/unity/Runtime/Export/Scripting/GameObject.bindings.cs:269)
Game.View.CampPlayerView:BuildNavigation (UnityEngine.Transform) (at C:/Users/d.grab/Desktop/the-game/artifacts/capture-project/Assets/Game.View/CampPlayerView.cs:166)
Game.View.CampPlayerView:Start () (at C:/Users/d.grab/Desktop/the-game/artifacts/capture-project/Assets/Game.View/CampPlayerView.cs:64)

[C:/Users/d.grab/Desktop/the-game/artifacts/capture-project/Assets/Game.View/CampPlayerView.cs line 64]

CollisionMeshData couldn't be created because the mesh has been marked as non-accessible. Mesh name "Combined Mesh (root: scene)"
UnityEngine.Debug:ExtractStackTraceNoAlloc (byte*,int,string)
UnityEngine.StackTraceUtility:ExtractStackTrace () (at C:/build/output/unity/unity/Runtime/Export/Scripting/StackTrace.cs:35)
UnityEngine.GameObject:Internal_AddComponentWithType (System.Type)
UnityEngine.GameObject:AddComponent (System.Type) (at C:/build/output/unity/unity/Runtime/Export/Scripting/GameObject.bindings.cs:264)
UnityEngine.GameObject:AddComponent<UnityEngine.MeshCollider> () (at C:/build/output/unity/unity/Runtime/Export/Scripting/GameObject.bindings.cs:269)
Game.View.CampPlayerView:BuildNavigation (UnityEngine.Transform) (at C:/Users/d.grab/Desktop/the-game/artifacts/capture-project/Assets/Game.View/CampPlayerView.cs:166)
Game.View.CampPlayerView:Start () (at C:/Users/d.grab/Desktop/the-game/artifacts/capture-project/Assets/Game.View/CampPlayerView.cs:64)

[C:/Users/d.grab/Desktop/the-game/artifacts/capture-project/Assets/Game.View/CampPlayerView.cs line 64]

CollisionMeshData couldn't be created because the mesh has been marked as non-accessible. Mesh name "Combined Mesh (root: scene)"
UnityEngine.Debug:ExtractStackTraceNoAlloc (byte*,int,string)
UnityEngine.StackTraceUtility:ExtractStackTrace () (at C:/build/output/unity/unity/Runtime/Export/Scripting/StackTrace.cs:35)
UnityEngine.GameObject:Internal_AddComponentWithType (System.Type)
UnityEngine.GameObject:AddComponent (System.Type) (at C:/build/output/unity/unity/Runtime/Export/Scripting/GameObject.bindings.cs:264)
UnityEngine.GameObject:AddComponent<UnityEngine.MeshCollider> () (at C:/build/output/unity/unity/Runtime/Export/Scripting/GameObject.bindings.cs:269)
Game.View.CampPlayerView:BuildNavigation (UnityEngine.Transform) (at C:/Users/d.grab/Desktop/the-game/artifacts/capture-project/Assets/Game.View/CampPlayerView.cs:166)
Game.View.CampPlayerView:Start () (at C:/Users/d.grab/Desktop/the-game/artifacts/capture-project/Assets/Game.View/CampPlayerView.cs:64)

[C:/Users/d.grab/Desktop/the-game/artifacts/capture-project/Assets/Game.View/CampPlayerView.cs line 64]

CollisionMeshData couldn't be created because the mesh has been marked as non-accessible. Mesh name "Combined Mesh (root: scene)"
UnityEngine.Debug:ExtractStackTraceNoAlloc (byte*,int,string)
UnityEngine.StackTraceUtility:ExtractStackTrace () (at C:/build/output/unity/unity/Runtime/Export/Scripting/StackTrace.cs:35)
UnityEngine.GameObject:Internal_AddComponentWithType (System.Type)
UnityEngine.GameObject:AddComponent (System.Type) (at C:/build/output/unity/unity/Runtime/Export/Scripting/GameObject.bindings.cs:264)
UnityEngine.GameObject:AddComponent<UnityEngine.MeshCollider> () (at C:/build/output/unity/unity/Runtime/Export/Scripting/GameObject.bindings.cs:269)
Game.View.CampPlayerView:BuildNavigation (UnityEngine.Transform) (at C:/Users/d.grab/Desktop/the-game/artifacts/capture-project/Assets/Game.View/CampPlayerView.cs:166)
Game.View.CampPlayerView:Start () (at C:/Users/d.grab/Desktop/the-game/artifacts/capture-project/Assets/Game.View/CampPlayerView.cs:64)

[C:/Users/d.grab/Desktop/the-game/artifacts/capture-project/Assets/Game.View/CampPlayerView.cs line 64]

CollisionMeshData couldn't be created because the mesh has been marked as non-accessible. Mesh name "Combined Mesh (root: scene)"
UnityEngine.Debug:ExtractStackTraceNoAlloc (byte*,int,string)
UnityEngine.StackTraceUtility:ExtractStackTrace () (at C:/build/output/unity/unity/Runtime/Export/Scripting/StackTrace.cs:35)
UnityEngine.GameObject:Internal_AddComponentWithType (System.Type)
UnityEngine.GameObject:AddComponent (System.Type) (at C:/build/output/unity/unity/Runtime/Export/Scripting/GameObject.bindings.cs:264)
UnityEngine.GameObject:AddComponent<UnityEngine.MeshCollider> () (at C:/build/output/unity/unity/Runtime/Export/Scripting/GameObject.bindings.cs:269)
Game.View.CampPlayerView:BuildNavigation (UnityEngine.Transform) (at C:/Users/d.grab/Desktop/the-game/artifacts/capture-project/Assets/Game.View/CampPlayerView.cs:166)
Game.View.CampPlayerView:Start () (at C:/Users/d.grab/Desktop/the-game/artifacts/capture-project/Assets/Game.View/CampPlayerView.cs:64)

[C:/Users/d.grab/Desktop/the-game/artifacts/capture-project/Assets/Game.View/CampPlayerView.cs line 64]

[camp] Навигация собрана из 20 нечитаемых мешей — в собранной игре их не будет. Меню «Разлом → Лагерь → Разрешить чтение мешей навигации». Список: Combined Mesh (root: scene), Combined Mesh (root: scene), Combined Mesh (root: scene), Combined Mesh (root: scene), Combined Mesh (root: scene), Combined Mesh (root: scene), Combined Mesh (root: scene), Combined Mesh (root: scene), Combined Mesh (root: scene), Combined Mesh (root: scene), Combined Mesh (root: scene), Combined Mesh (root: scene), Combined Mesh (root: scene), Combined Mesh (root: scene), Combined Mesh (root: scene), Combined Mesh (root: scene), Combined Mesh (root: scene), Combined Mesh (root: scene), Combined Mesh (root: scene), Combined Mesh (root: scene)
UnityEngine.Debug:ExtractStackTraceNoAlloc (byte*,int,string)
UnityEngine.StackTraceUtility:ExtractStackTrace () (at C:/build/output/unity/unity/Runtime/Export/Scripting/StackTrace.cs:35)
UnityEngine.DebugLogHandler:Internal_Log (UnityEngine.LogType,UnityEngine.LogOption,string,UnityEngine.Object)
UnityEngine.DebugLogHandler:LogFormat (UnityEngine.LogType,UnityEngine.Object,string,object[]) (at C:/build/output/unity/unity/Runtime/Export/Logging/DebugLogHandler.cs:9)
UnityEngine.Logger:Log (UnityEngine.LogType,object) (at C:/build/output/unity/unity/Runtime/Export/Logging/Logger.cs:60)
UnityEngine.Debug:LogWarning (object) (at C:/build/output/unity/unity/Runtime/Export/Debug/Debug.bindings.cs:216)
Game.View.CampPlayerView:BuildNavigation (UnityEngine.Transform) (at C:/Users/d.grab/Desktop/the-game/artifacts/capture-project/Assets/Game.View/CampPlayerView.cs:173)
Game.View.CampPlayerView:Start () (at C:/Users/d.grab/Desktop/the-game/artifacts/capture-project/Assets/Game.View/CampPlayerView.cs:64)

(Filename: C:/build/output/unity/unity/Runtime/Export/Debug/Debug.bindings.cs Line: 216)

RuntimeNavMeshBuilder: Source mesh Combined Mesh (root: scene) is skipped because it does not allow read access
UnityEngine.Debug:ExtractStackTraceNoAlloc (byte*,int,string)
UnityEngine.StackTraceUtility:ExtractStackTrace () (at C:/build/output/unity/unity/Runtime/Export/Scripting/StackTrace.cs:35)
UnityEngine.AI.NavMeshBuilder:UpdateNavMeshDataListInternal (UnityEngine.AI.NavMeshData,UnityEngine.AI.NavMeshBuildSettings,System.ReadOnlySpan`1<UnityEngine.AI.NavMeshBuildSource>,UnityEngine.Bounds)
UnityEngine.AI.NavMeshBuilder:BuildNavMeshData (UnityEngine.AI.NavMeshBuildSettings,System.Collections.Generic.List`1<UnityEngine.AI.NavMeshBuildSource>,UnityEngine.Bounds,UnityEngine.Vector3,UnityEngine.Quaternion) (at C:/build/output/unity/unity/Modules/AI/Builder/NavMeshBuilder.bindings.cs:81)
Game.View.CampPlayerView:BuildNavigation (UnityEngine.Transform) (at C:/Users/d.grab/Desktop/the-game/artifacts/capture-project/Assets/Game.View/CampPlayerView.cs:235)
Game.View.CampPlayerView:Start () (at C:/Users/d.grab/Desktop/the-game/artifacts/capture-project/Assets/Game.View/CampPlayerView.cs:64)

[C:/Users/d.grab/Desktop/the-game/artifacts/capture-project/Assets/Game.View/CampPlayerView.cs line 64]

RuntimeNavMeshBuilder: Source mesh Combined Mesh (root: scene) is skipped because it does not allow read access
UnityEngine.Debug:ExtractStackTraceNoAlloc (byte*,int,string)
UnityEngine.StackTraceUtility:ExtractStackTrace () (at C:/build/output/unity/unity/Runtime/Export/Scripting/StackTrace.cs:35)
UnityEngine.AI.NavMeshBuilder:UpdateNavMeshDataListInternal (UnityEngine.AI.NavMeshData,UnityEngine.AI.NavMeshBuildSettings,System.ReadOnlySpan`1<UnityEngine.AI.NavMeshBuildSource>,UnityEngine.Bounds)
UnityEngine.AI.NavMeshBuilder:BuildNavMeshData (UnityEngine.AI.NavMeshBuildSettings,System.Collections.Generic.List`1<UnityEngine.AI.NavMeshBuildSource>,UnityEngine.Bounds,UnityEngine.Vector3,UnityEngine.Quaternion) (at C:/build/output/unity/unity/Modules/AI/Builder/NavMeshBuilder.bindings.cs:81)
Game.View.CampPlayerView:BuildNavigation (UnityEngine.Transform) (at C:/Users/d.grab/Desktop/the-game/artifacts/capture-project/Assets/Game.View/CampPlayerView.cs:235)
Game.View.CampPlayerView:Start () (at C:/Users/d.grab/Desktop/the-game/artifacts/capture-project/Assets/Game.View/CampPlayerView.cs:64)

[C:/Users/d.grab/Desktop/the-game/artifacts/capture-project/Assets/Game.View/CampPlayerView.cs line 64]

RuntimeNavMeshBuilder: Source mesh Combined Mesh (root: scene) is skipped because it does not allow read access
UnityEngine.Debug:ExtractStackTraceNoAlloc (byte*,int,string)
UnityEngine.StackTraceUtility:ExtractStackTrace () (at C:/build/output/unity/unity/Runtime/Export/Scripting/StackTrace.cs:35)
UnityEngine.AI.NavMeshBuilder:UpdateNavMeshDataListInternal (UnityEngine.AI.NavMeshData,UnityEngine.AI.NavMeshBuildSettings,System.ReadOnlySpan`1<UnityEngine.AI.NavMeshBuildSource>,UnityEngine.Bounds)
UnityEngine.AI.NavMeshBuilder:BuildNavMeshData (UnityEngine.AI.NavMeshBuildSettings,System.Collections.Generic.List`1<UnityEngine.AI.NavMeshBuildSource>,UnityEngine.Bounds,UnityEngine.Vector3,UnityEngine.Quaternion) (at C:/build/output/unity/unity/Modules/AI/Builder/NavMeshBuilder.bindings.cs:81)
Game.View.CampPlayerView:BuildNavigation (UnityEngine.Transform) (at C:/Users/d.grab/Desktop/the-game/artifacts/capture-project/Assets/Game.View/CampPlayerView.cs:235)
Game.View.CampPlayerView:Start () (at C:/Users/d.grab/Desktop/the-game/artifacts/capture-project/Assets/Game.View/CampPlayerView.cs:64)

[C:/Users/d.grab/Desktop/the-game/artifacts/capture-project/Assets/Game.View/CampPlayerView.cs line 64]

RuntimeNavMeshBuilder: Source mesh Combined Mesh (root: scene) is skipped because it does not allow read access
UnityEngine.Debug:ExtractStackTraceNoAlloc (byte*,int,string)
UnityEngine.StackTraceUtility:ExtractStackTrace () (at C:/build/output/unity/unity/Runtime/Export/Scripting/StackTrace.cs:35)
UnityEngine.AI.NavMeshBuilder:UpdateNavMeshDataListInternal (UnityEngine.AI.NavMeshData,UnityEngine.AI.NavMeshBuildSettings,System.ReadOnlySpan`1<UnityEngine.AI.NavMeshBuildSource>,UnityEngine.Bounds)
UnityEngine.AI.NavMeshBuilder:BuildNavMeshData (UnityEngine.AI.NavMeshBuildSettings,System.Collections.Generic.List`1<UnityEngine.AI.NavMeshBuildSource>,UnityEngine.Bounds,UnityEngine.Vector3,UnityEngine.Quaternion) (at C:/build/output/unity/unity/Modules/AI/Builder/NavMeshBuilder.bindings.cs:81)
Game.View.CampPlayerView:BuildNavigation (UnityEngine.Transform) (at C:/Users/d.grab/Desktop/the-game/artifacts/capture-project/Assets/Game.View/CampPlayerView.cs:235)
Game.View.CampPlayerView:Start () (at C:/Users/d.grab/Desktop/the-game/artifacts/capture-project/Assets/Game.View/CampPlayerView.cs:64)

[C:/Users/d.grab/Desktop/the-game/artifacts/capture-project/Assets/Game.View/CampPlayerView.cs line 64]

RuntimeNavMeshBuilder: Source mesh Combined Mesh (root: scene) is skipped because it does not allow read access
UnityEngine.Debug:ExtractStackTraceNoAlloc (byte*,int,string)
UnityEngine.StackTraceUtility:ExtractStackTrace () (at C:/build/output/unity/unity/Runtime/Export/Scripting/StackTrace.cs:35)
UnityEngine.AI.NavMeshBuilder:UpdateNavMeshDataListInternal (UnityEngine.AI.NavMeshData,UnityEngine.AI.NavMeshBuildSettings,System.ReadOnlySpan`1<UnityEngine.AI.NavMeshBuildSource>,UnityEngine.Bounds)
UnityEngine.AI.NavMeshBuilder:BuildNavMeshData (UnityEngine.AI.NavMeshBuildSettings,System.Collections.Generic.List`1<UnityEngine.AI.NavMeshBuildSource>,UnityEngine.Bounds,UnityEngine.Vector3,UnityEngine.Quaternion) (at C:/build/output/unity/unity/Modules/AI/Builder/NavMeshBuilder.bindings.cs:81)
Game.View.CampPlayerView:BuildNavigation (UnityEngine.Transform) (at C:/Users/d.grab/Desktop/the-game/artifacts/capture-project/Assets/Game.View/CampPlayerView.cs:235)
Game.View.CampPlayerView:Start () (at C:/Users/d.grab/Desktop/the-game/artifacts/capture-project/Assets/Game.View/CampPlayerView.cs:64)

[C:/Users/d.grab/Desktop/the-game/artifacts/capture-project/Assets/Game.View/CampPlayerView.cs line 64]

RuntimeNavMeshBuilder: Source mesh Combined Mesh (root: scene) is skipped because it does not allow read access
UnityEngine.Debug:ExtractStackTraceNoAlloc (byte*,int,string)
UnityEngine.StackTraceUtility:ExtractStackTrace () (at C:/build/output/unity/unity/Runtime/Export/Scripting/StackTrace.cs:35)
UnityEngine.AI.NavMeshBuilder:UpdateNavMeshDataListInternal (UnityEngine.AI.NavMeshData,UnityEngine.AI.NavMeshBuildSettings,System.ReadOnlySpan`1<UnityEngine.AI.NavMeshBuildSource>,UnityEngine.Bounds)
UnityEngine.AI.NavMeshBuilder:BuildNavMeshData (UnityEngine.AI.NavMeshBuildSettings,System.Collections.Generic.List`1<UnityEngine.AI.NavMeshBuildSource>,UnityEngine.Bounds,UnityEngine.Vector3,UnityEngine.Quaternion) (at C:/build/output/unity/unity/Modules/AI/Builder/NavMeshBuilder.bindings.cs:81)
Game.View.CampPlayerView:BuildNavigation (UnityEngine.Transform) (at C:/Users/d.grab/Desktop/the-game/artifacts/capture-project/Assets/Game.View/CampPlayerView.cs:235)
Game.View.CampPlayerView:Start () (at C:/Users/d.grab/Desktop/the-game/artifacts/capture-project/Assets/Game.View/CampPlayerView.cs:64)

[C:/Users/d.grab/Desktop/the-game/artifacts/capture-project/Assets/Game.View/CampPlayerView.cs line 64]

RuntimeNavMeshBuilder: Source mesh Combined Mesh (root: scene) is skipped because it does not allow read access
UnityEngine.Debug:ExtractStackTraceNoAlloc (byte*,int,string)
UnityEngine.StackTraceUtility:ExtractStackTrace () (at C:/build/output/unity/unity/Runtime/Export/Scripting/StackTrace.cs:35)
UnityEngine.AI.NavMeshBuilder:UpdateNavMeshDataListInternal (UnityEngine.AI.NavMeshData,UnityEngine.AI.NavMeshBuildSettings,System.ReadOnlySpan`1<UnityEngine.AI.NavMeshBuildSource>,UnityEngine.Bounds)
UnityEngine.AI.NavMeshBuilder:BuildNavMeshData (UnityEngine.AI.NavMeshBuildSettings,System.Collections.Generic.List`1<UnityEngine.AI.NavMeshBuildSource>,UnityEngine.Bounds,UnityEngine.Vector3,UnityEngine.Quaternion) (at C:/build/output/unity/unity/Modules/AI/Builder/NavMeshBuilder.bindings.cs:81)
Game.View.CampPlayerView:BuildNavigation (UnityEngine.Transform) (at C:/Users/d.grab/Desktop/the-game/artifacts/capture-project/Assets/Game.View/CampPlayerView.cs:235)
Game.View.CampPlayerView:Start () (at C:/Users/d.grab/Desktop/the-game/artifacts/capture-project/Assets/Game.View/CampPlayerView.cs:64)

[C:/Users/d.grab/Desktop/the-game/artifacts/capture-project/Assets/Game.View/CampPlayerView.cs line 64]

RuntimeNavMeshBuilder: Source mesh Combined Mesh (root: scene) is skipped because it does not allow read access
UnityEngine.Debug:ExtractStackTraceNoAlloc (byte*,int,string)
UnityEngine.StackTraceUtility:ExtractStackTrace () (at C:/build/output/unity/unity/Runtime/Export/Scripting/StackTrace.cs:35)
UnityEngine.AI.NavMeshBuilder:UpdateNavMeshDataListInternal (UnityEngine.AI.NavMeshData,UnityEngine.AI.NavMeshBuildSettings,System.ReadOnlySpan`1<UnityEngine.AI.NavMeshBuildSource>,UnityEngine.Bounds)
UnityEngine.AI.NavMeshBuilder:BuildNavMeshData (UnityEngine.AI.NavMeshBuildSettings,System.Collections.Generic.List`1<UnityEngine.AI.NavMeshBuildSource>,UnityEngine.Bounds,UnityEngine.Vector3,UnityEngine.Quaternion) (at C:/build/output/unity/unity/Modules/AI/Builder/NavMeshBuilder.bindings.cs:81)
Game.View.CampPlayerView:BuildNavigation (UnityEngine.Transform) (at C:/Users/d.grab/Desktop/the-game/artifacts/capture-project/Assets/Game.View/CampPlayerView.cs:235)
Game.View.CampPlayerView:Start () (at C:/Users/d.grab/Desktop/the-game/artifacts/capture-project/Assets/Game.View/CampPlayerView.cs:64)

[C:/Users/d.grab/Desktop/the-game/artifacts/capture-project/Assets/Game.View/CampPlayerView.cs line 64]

RuntimeNavMeshBuilder: Source mesh Combined Mesh (root: scene) is skipped because it does not allow read access
UnityEngine.Debug:ExtractStackTraceNoAlloc (byte*,int,string)
UnityEngine.StackTraceUtility:ExtractStackTrace () (at C:/build/output/unity/unity/Runtime/Export/Scripting/StackTrace.cs:35)
UnityEngine.AI.NavMeshBuilder:UpdateNavMeshDataListInternal (UnityEngine.AI.NavMeshData,UnityEngine.AI.NavMeshBuildSettings,System.ReadOnlySpan`1<UnityEngine.AI.NavMeshBuildSource>,UnityEngine.Bounds)
UnityEngine.AI.NavMeshBuilder:BuildNavMeshData (UnityEngine.AI.NavMeshBuildSettings,System.Collections.Generic.List`1<UnityEngine.AI.NavMeshBuildSource>,UnityEngine.Bounds,UnityEngine.Vector3,UnityEngine.Quaternion) (at C:/build/output/unity/unity/Modules/AI/Builder/NavMeshBuilder.bindings.cs:81)
Game.View.CampPlayerView:BuildNavigation (UnityEngine.Transform) (at C:/Users/d.grab/Desktop/the-game/artifacts/capture-project/Assets/Game.View/CampPlayerView.cs:235)
Game.View.CampPlayerView:Start () (at C:/Users/d.grab/Desktop/the-game/artifacts/capture-project/Assets/Game.View/CampPlayerView.cs:64)

[C:/Users/d.grab/Desktop/the-game/artifacts/capture-project/Assets/Game.View/CampPlayerView.cs line 64]

RuntimeNavMeshBuilder: Source mesh Combined Mesh (root: scene) is skipped because it does not allow read access
UnityEngine.Debug:ExtractStackTraceNoAlloc (byte*,int,string)
UnityEngine.StackTraceUtility:ExtractStackTrace () (at C:/build/output/unity/unity/Runtime/Export/Scripting/StackTrace.cs:35)
UnityEngine.AI.NavMeshBuilder:UpdateNavMeshDataListInternal (UnityEngine.AI.NavMeshData,UnityEngine.AI.NavMeshBuildSettings,System.ReadOnlySpan`1<UnityEngine.AI.NavMeshBuildSource>,UnityEngine.Bounds)
UnityEngine.AI.NavMeshBuilder:BuildNavMeshData (UnityEngine.AI.NavMeshBuildSettings,System.Collections.Generic.List`1<UnityEngine.AI.NavMeshBuildSource>,UnityEngine.Bounds,UnityEngine.Vector3,UnityEngine.Quaternion) (at C:/build/output/unity/unity/Modules/AI/Builder/NavMeshBuilder.bindings.cs:81)
Game.View.CampPlayerView:BuildNavigation (UnityEngine.Transform) (at C:/Users/d.grab/Desktop/the-game/artifacts/capture-project/Assets/Game.View/CampPlayerView.cs:235)
Game.View.CampPlayerView:Start () (at C:/Users/d.grab/Desktop/the-game/artifacts/capture-project/Assets/Game.View/CampPlayerView.cs:64)

[C:/Users/d.grab/Desktop/the-game/artifacts/capture-project/Assets/Game.View/CampPlayerView.cs line 64]

RuntimeNavMeshBuilder: Source mesh Combined Mesh (root: scene) is skipped because it does not allow read access
UnityEngine.Debug:ExtractStackTraceNoAlloc (byte*,int,string)
UnityEngine.StackTraceUtility:ExtractStackTrace () (at C:/build/output/unity/unity/Runtime/Export/Scripting/StackTrace.cs:35)
UnityEngine.AI.NavMeshBuilder:UpdateNavMeshDataListInternal (UnityEngine.AI.NavMeshData,UnityEngine.AI.NavMeshBuildSettings,System.ReadOnlySpan`1<UnityEngine.AI.NavMeshBuildSource>,UnityEngine.Bounds)
UnityEngine.AI.NavMeshBuilder:BuildNavMeshData (UnityEngine.AI.NavMeshBuildSettings,System.Collections.Generic.List`1<UnityEngine.AI.NavMeshBuildSource>,UnityEngine.Bounds,UnityEngine.Vector3,UnityEngine.Quaternion) (at C:/build/output/unity/unity/Modules/AI/Builder/NavMeshBuilder.bindings.cs:81)
Game.View.CampPlayerView:BuildNavigation (UnityEngine.Transform) (at C:/Users/d.grab/Desktop/the-game/artifacts/capture-project/Assets/Game.View/CampPlayerView.cs:235)
Game.View.CampPlayerView:Start () (at C:/Users/d.grab/Desktop/the-game/artifacts/capture-project/Assets/Game.View/CampPlayerView.cs:64)

[C:/Users/d.grab/Desktop/the-game/artifacts/capture-project/Assets/Game.View/CampPlayerView.cs line 64]

RuntimeNavMeshBuilder: Source mesh Combined Mesh (root: scene) is skipped because it does not allow read access
UnityEngine.Debug:ExtractStackTraceNoAlloc (byte*,int,string)
UnityEngine.StackTraceUtility:ExtractStackTrace () (at C:/build/output/unity/unity/Runtime/Export/Scripting/StackTrace.cs:35)
UnityEngine.AI.NavMeshBuilder:UpdateNavMeshDataListInternal (UnityEngine.AI.NavMeshData,UnityEngine.AI.NavMeshBuildSettings,System.ReadOnlySpan`1<UnityEngine.AI.NavMeshBuildSource>,UnityEngine.Bounds)
UnityEngine.AI.NavMeshBuilder:BuildNavMeshData (UnityEngine.AI.NavMeshBuildSettings,System.Collections.Generic.List`1<UnityEngine.AI.NavMeshBuildSource>,UnityEngine.Bounds,UnityEngine.Vector3,UnityEngine.Quaternion) (at C:/build/output/unity/unity/Modules/AI/Builder/NavMeshBuilder.bindings.cs:81)
Game.View.CampPlayerView:BuildNavigation (UnityEngine.Transform) (at C:/Users/d.grab/Desktop/the-game/artifacts/capture-project/Assets/Game.View/CampPlayerView.cs:235)
Game.View.CampPlayerView:Start () (at C:/Users/d.grab/Desktop/the-game/artifacts/capture-project/Assets/Game.View/CampPlayerView.cs:64)

[C:/Users/d.grab/Desktop/the-game/artifacts/capture-project/Assets/Game.View/CampPlayerView.cs line 64]

RuntimeNavMeshBuilder: Source mesh Combined Mesh (root: scene) is skipped because it does not allow read access
UnityEngine.Debug:ExtractStackTraceNoAlloc (byte*,int,string)
UnityEngine.StackTraceUtility:ExtractStackTrace () (at C:/build/output/unity/unity/Runtime/Export/Scripting/StackTrace.cs:35)
UnityEngine.AI.NavMeshBuilder:UpdateNavMeshDataListInternal (UnityEngine.AI.NavMeshData,UnityEngine.AI.NavMeshBuildSettings,System.ReadOnlySpan`1<UnityEngine.AI.NavMeshBuildSource>,UnityEngine.Bounds)
UnityEngine.AI.NavMeshBuilder:BuildNavMeshData (UnityEngine.AI.NavMeshBuildSettings,System.Collections.Generic.List`1<UnityEngine.AI.NavMeshBuildSource>,UnityEngine.Bounds,UnityEngine.Vector3,UnityEngine.Quaternion) (at C:/build/output/unity/unity/Modules/AI/Builder/NavMeshBuilder.bindings.cs:81)
Game.View.CampPlayerView:BuildNavigation (UnityEngine.Transform) (at C:/Users/d.grab/Desktop/the-game/artifacts/capture-project/Assets/Game.View/CampPlayerView.cs:235)
Game.View.CampPlayerView:Start () (at C:/Users/d.grab/Desktop/the-game/artifacts/capture-project/Assets/Game.View/CampPlayerView.cs:64)

[C:/Users/d.grab/Desktop/the-game/artifacts/capture-project/Assets/Game.View/CampPlayerView.cs line 64]

RuntimeNavMeshBuilder: Source mesh Combined Mesh (root: scene) is skipped because it does not allow read access
UnityEngine.Debug:ExtractStackTraceNoAlloc (byte*,int,string)
UnityEngine.StackTraceUtility:ExtractStackTrace () (at C:/build/output/unity/unity/Runtime/Export/Scripting/StackTrace.cs:35)
UnityEngine.AI.NavMeshBuilder:UpdateNavMeshDataListInternal (UnityEngine.AI.NavMeshData,UnityEngine.AI.NavMeshBuildSettings,System.ReadOnlySpan`1<UnityEngine.AI.NavMeshBuildSource>,UnityEngine.Bounds)
UnityEngine.AI.NavMeshBuilder:BuildNavMeshData (UnityEngine.AI.NavMeshBuildSettings,System.Collections.Generic.List`1<UnityEngine.AI.NavMeshBuildSource>,UnityEngine.Bounds,UnityEngine.Vector3,UnityEngine.Quaternion) (at C:/build/output/unity/unity/Modules/AI/Builder/NavMeshBuilder.bindings.cs:81)
Game.View.CampPlayerView:BuildNavigation (UnityEngine.Transform) (at C:/Users/d.grab/Desktop/the-game/artifacts/capture-project/Assets/Game.View/CampPlayerView.cs:235)
Game.View.CampPlayerView:Start () (at C:/Users/d.grab/Desktop/the-game/artifacts/capture-project/Assets/Game.View/CampPlayerView.cs:64)

[C:/Users/d.grab/Desktop/the-game/artifacts/capture-project/Assets/Game.View/CampPlayerView.cs line 64]

RuntimeNavMeshBuilder: Source mesh Combined Mesh (root: scene) is skipped because it does not allow read access
UnityEngine.Debug:ExtractStackTraceNoAlloc (byte*,int,string)
UnityEngine.StackTraceUtility:ExtractStackTrace () (at C:/build/output/unity/unity/Runtime/Export/Scripting/StackTrace.cs:35)
UnityEngine.AI.NavMeshBuilder:UpdateNavMeshDataListInternal (UnityEngine.AI.NavMeshData,UnityEngine.AI.NavMeshBuildSettings,System.ReadOnlySpan`1<UnityEngine.AI.NavMeshBuildSource>,UnityEngine.Bounds)
UnityEngine.AI.NavMeshBuilder:BuildNavMeshData (UnityEngine.AI.NavMeshBuildSettings,System.Collections.Generic.List`1<UnityEngine.AI.NavMeshBuildSource>,UnityEngine.Bounds,UnityEngine.Vector3,UnityEngine.Quaternion) (at C:/build/output/unity/unity/Modules/AI/Builder/NavMeshBuilder.bindings.cs:81)
Game.View.CampPlayerView:BuildNavigation (UnityEngine.Transform) (at C:/Users/d.grab/Desktop/the-game/artifacts/capture-project/Assets/Game.View/CampPlayerView.cs:235)
Game.View.CampPlayerView:Start () (at C:/Users/d.grab/Desktop/the-game/artifacts/capture-project/Assets/Game.View/CampPlayerView.cs:64)

[C:/Users/d.grab/Desktop/the-game/artifacts/capture-project/Assets/Game.View/CampPlayerView.cs line 64]

RuntimeNavMeshBuilder: Source mesh Combined Mesh (root: scene) is skipped because it does not allow read access
UnityEngine.Debug:ExtractStackTraceNoAlloc (byte*,int,string)
UnityEngine.StackTraceUtility:ExtractStackTrace () (at C:/build/output/unity/unity/Runtime/Export/Scripting/StackTrace.cs:35)
UnityEngine.AI.NavMeshBuilder:UpdateNavMeshDataListInternal (UnityEngine.AI.NavMeshData,UnityEngine.AI.NavMeshBuildSettings,System.ReadOnlySpan`1<UnityEngine.AI.NavMeshBuildSource>,UnityEngine.Bounds)
UnityEngine.AI.NavMeshBuilder:BuildNavMeshData (UnityEngine.AI.NavMeshBuildSettings,System.Collections.Generic.List`1<UnityEngine.AI.NavMeshBuildSource>,UnityEngine.Bounds,UnityEngine.Vector3,UnityEngine.Quaternion) (at C:/build/output/unity/unity/Modules/AI/Builder/NavMeshBuilder.bindings.cs:81)
Game.View.CampPlayerView:BuildNavigation (UnityEngine.Transform) (at C:/Users/d.grab/Desktop/the-game/artifacts/capture-project/Assets/Game.View/CampPlayerView.cs:235)
Game.View.CampPlayerView:Start () (at C:/Users/d.grab/Desktop/the-game/artifacts/capture-project/Assets/Game.View/CampPlayerView.cs:64)

[C:/Users/d.grab/Desktop/the-game/artifacts/capture-project/Assets/Game.View/CampPlayerView.cs line 64]

RuntimeNavMeshBuilder: Source mesh Combined Mesh (root: scene) is skipped because it does not allow read access
UnityEngine.Debug:ExtractStackTraceNoAlloc (byte*,int,string)
UnityEngine.StackTraceUtility:ExtractStackTrace () (at C:/build/output/unity/unity/Runtime/Export/Scripting/StackTrace.cs:35)
UnityEngine.AI.NavMeshBuilder:UpdateNavMeshDataListInternal (UnityEngine.AI.NavMeshData,UnityEngine.AI.NavMeshBuildSettings,System.ReadOnlySpan`1<UnityEngine.AI.NavMeshBuildSource>,UnityEngine.Bounds)
UnityEngine.AI.NavMeshBuilder:BuildNavMeshData (UnityEngine.AI.NavMeshBuildSettings,System.Collections.Generic.List`1<UnityEngine.AI.NavMeshBuildSource>,UnityEngine.Bounds,UnityEngine.Vector3,UnityEngine.Quaternion) (at C:/build/output/unity/unity/Modules/AI/Builder/NavMeshBuilder.bindings.cs:81)
Game.View.CampPlayerView:BuildNavigation (UnityEngine.Transform) (at C:/Users/d.grab/Desktop/the-game/artifacts/capture-project/Assets/Game.View/CampPlayerView.cs:235)
Game.View.CampPlayerView:Start () (at C:/Users/d.grab/Desktop/the-game/artifacts/capture-project/Assets/Game.View/CampPlayerView.cs:64)

[C:/Users/d.grab/Desktop/the-game/artifacts/capture-project/Assets/Game.View/CampPlayerView.cs line 64]

RuntimeNavMeshBuilder: Source mesh Combined Mesh (root: scene) is skipped because it does not allow read access
UnityEngine.Debug:ExtractStackTraceNoAlloc (byte*,int,string)
UnityEngine.StackTraceUtility:ExtractStackTrace () (at C:/build/output/unity/unity/Runtime/Export/Scripting/StackTrace.cs:35)
UnityEngine.AI.NavMeshBuilder:UpdateNavMeshDataListInternal (UnityEngine.AI.NavMeshData,UnityEngine.AI.NavMeshBuildSettings,System.ReadOnlySpan`1<UnityEngine.AI.NavMeshBuildSource>,UnityEngine.Bounds)
UnityEngine.AI.NavMeshBuilder:BuildNavMeshData (UnityEngine.AI.NavMeshBuildSettings,System.Collections.Generic.List`1<UnityEngine.AI.NavMeshBuildSource>,UnityEngine.Bounds,UnityEngine.Vector3,UnityEngine.Quaternion) (at C:/build/output/unity/unity/Modules/AI/Builder/NavMeshBuilder.bindings.cs:81)
Game.View.CampPlayerView:BuildNavigation (UnityEngine.Transform) (at C:/Users/d.grab/Desktop/the-game/artifacts/capture-project/Assets/Game.View/CampPlayerView.cs:235)
Game.View.CampPlayerView:Start () (at C:/Users/d.grab/Desktop/the-game/artifacts/capture-project/Assets/Game.View/CampPlayerView.cs:64)

[C:/Users/d.grab/Desktop/the-game/artifacts/capture-project/Assets/Game.View/CampPlayerView.cs line 64]

RuntimeNavMeshBuilder: Source mesh Combined Mesh (root: scene) is skipped because it does not allow read access
UnityEngine.Debug:ExtractStackTraceNoAlloc (byte*,int,string)
UnityEngine.StackTraceUtility:ExtractStackTrace () (at C:/build/output/unity/unity/Runtime/Export/Scripting/StackTrace.cs:35)
UnityEngine.AI.NavMeshBuilder:UpdateNavMeshDataListInternal (UnityEngine.AI.NavMeshData,UnityEngine.AI.NavMeshBuildSettings,System.ReadOnlySpan`1<UnityEngine.AI.NavMeshBuildSource>,UnityEngine.Bounds)
UnityEngine.AI.NavMeshBuilder:BuildNavMeshData (UnityEngine.AI.NavMeshBuildSettings,System.Collections.Generic.List`1<UnityEngine.AI.NavMeshBuildSource>,UnityEngine.Bounds,UnityEngine.Vector3,UnityEngine.Quaternion) (at C:/build/output/unity/unity/Modules/AI/Builder/NavMeshBuilder.bindings.cs:81)
Game.View.CampPlayerView:BuildNavigation (UnityEngine.Transform) (at C:/Users/d.grab/Desktop/the-game/artifacts/capture-project/Assets/Game.View/CampPlayerView.cs:235)
Game.View.CampPlayerView:Start () (at C:/Users/d.grab/Desktop/the-game/artifacts/capture-project/Assets/Game.View/CampPlayerView.cs:64)

[C:/Users/d.grab/Desktop/the-game/artifacts/capture-project/Assets/Game.View/CampPlayerView.cs line 64]

RuntimeNavMeshBuilder: Source mesh Combined Mesh (root: scene) is skipped because it does not allow read access
UnityEngine.Debug:ExtractStackTraceNoAlloc (byte*,int,string)
UnityEngine.StackTraceUtility:ExtractStackTrace () (at C:/build/output/unity/unity/Runtime/Export/Scripting/StackTrace.cs:35)
UnityEngine.AI.NavMeshBuilder:UpdateNavMeshDataListInternal (UnityEngine.AI.NavMeshData,UnityEngine.AI.NavMeshBuildSettings,System.ReadOnlySpan`1<UnityEngine.AI.NavMeshBuildSource>,UnityEngine.Bounds)
UnityEngine.AI.NavMeshBuilder:BuildNavMeshData (UnityEngine.AI.NavMeshBuildSettings,System.Collections.Generic.List`1<UnityEngine.AI.NavMeshBuildSource>,UnityEngine.Bounds,UnityEngine.Vector3,UnityEngine.Quaternion) (at C:/build/output/unity/unity/Modules/AI/Builder/NavMeshBuilder.bindings.cs:81)
Game.View.CampPlayerView:BuildNavigation (UnityEngine.Transform) (at C:/Users/d.grab/Desktop/the-game/artifacts/capture-project/Assets/Game.View/CampPlayerView.cs:235)
Game.View.CampPlayerView:Start () (at C:/Users/d.grab/Desktop/the-game/artifacts/capture-project/Assets/Game.View/CampPlayerView.cs:64)

[C:/Users/d.grab/Desktop/the-game/artifacts/capture-project/Assets/Game.View/CampPlayerView.cs line 64]

[camp] spawn=(0.00, 0.09, -2.88) sharedCombat=True tent=camping+tent+3d+model (UnityEngine.Transform) cells=240900
UnityEngine.Debug:ExtractStackTraceNoAlloc (byte*,int,string)
UnityEngine.StackTraceUtility:ExtractStackTrace () (at C:/build/output/unity/unity/Runtime/Export/Scripting/StackTrace.cs:35)
UnityEngine.DebugLogHandler:Internal_Log (UnityEngine.LogType,UnityEngine.LogOption,string,UnityEngine.Object)
UnityEngine.DebugLogHandler:LogFormat (UnityEngine.LogType,UnityEngine.Object,string,object[]) (at C:/build/output/unity/unity/Runtime/Export/Logging/DebugLogHandler.cs:9)
UnityEngine.Logger:Log (UnityEngine.LogType,object) (at C:/build/output/unity/unity/Runtime/Export/Logging/Logger.cs:60)
UnityEngine.Debug:Log (object) (at C:/build/output/unity/unity/Runtime/Export/Debug/Debug.bindings.cs:123)
Game.View.CampPlayerView:Start () (at C:/Users/d.grab/Desktop/the-game/artifacts/capture-project/Assets/Game.View/CampPlayerView.cs:98)

(Filename: C:/build/output/unity/unity/Runtime/Export/Debug/Debug.bindings.cs Line: 123)

[SHADOW DEBUG] START: Distance=150 | Asset=PC_RPAsset | Frame=1
UnityEngine.Debug:ExtractStackTraceNoAlloc (byte*,int,string)
UnityEngine.StackTraceUtility:ExtractStackTrace () (at C:/build/output/unity/unity/Runtime/Export/Scripting/StackTrace.cs:35)
UnityEngine.DebugLogHandler:Internal_Log (UnityEngine.LogType,UnityEngine.LogOption,string,UnityEngine.Object)
UnityEngine.DebugLogHandler:LogFormat (UnityEngine.LogType,UnityEngine.Object,string,object[]) (at C:/build/output/unity/unity/Runtime/Export/Logging/DebugLogHandler.cs:9)
UnityEngine.Logger:Log (UnityEngine.LogType,object) (at C:/build/output/unity/unity/Runtime/Export/Logging/Logger.cs:60)
UnityEngine.Debug:LogWarning (object) (at C:/build/output/unity/unity/Runtime/Export/Debug/Debug.bindings.cs:216)
ShadowDistanceDebug:Print (string) (at C:/Users/d.grab/Desktop/the-game/artifacts/capture-project/Assets/Game.View/ShadowDistanceDebug.cs:57)
ShadowDistanceDebug:Start () (at C:/Users/d.grab/Desktop/the-game/artifacts/capture-project/Assets/Game.View/ShadowDistanceDebug.cs:22)

(Filename: C:/build/output/unity/unity/Runtime/Export/Debug/Debug.bindings.cs Line: 216)

[Разлом] Wole: модель Characters/Pelag_v6/Runtime/Pelag_v6_MixamoRig, контроллер найден
UnityEngine.Debug:ExtractStackTraceNoAlloc (byte*,int,string)
UnityEngine.StackTraceUtility:ExtractStackTrace () (at C:/build/output/unity/unity/Runtime/Export/Scripting/StackTrace.cs:35)
UnityEngine.DebugLogHandler:Internal_Log (UnityEngine.LogType,UnityEngine.LogOption,string,UnityEngine.Object)
UnityEngine.DebugLogHandler:LogFormat (UnityEngine.LogType,UnityEngine.Object,string,object[]) (at C:/build/output/unity/unity/Runtime/Export/Logging/DebugLogHandler.cs:9)
UnityEngine.Logger:Log (UnityEngine.LogType,object) (at C:/build/output/unity/unity/Runtime/Export/Logging/Logger.cs:60)
UnityEngine.Debug:Log (object) (at C:/build/output/unity/unity/Runtime/Export/Debug/Debug.bindings.cs:123)
Game.View.ArenaView:BodyFactory (string,string,string,string,Game.Sim.Faction,single) (at C:/Users/d.grab/Desktop/the-game/artifacts/capture-project/Assets/Game.View/ArenaView.cs:1671)
Game.View.ArenaView:Initialize () (at C:/Users/d.grab/Desktop/the-game/artifacts/capture-project/Assets/Game.View/ArenaView.cs:422)
Game.View.ArenaView:LateUpdate () (at C:/Users/d.grab/Desktop/the-game/artifacts/capture-project/Assets/Game.View/ArenaView.cs:482)

(Filename: C:/build/output/unity/unity/Runtime/Export/Debug/Debug.bindings.cs Line: 123)

[Разлом] Wole: материал собран в игре из «Characters/Pelag_v6/Pelag_v6_BaseColor», шейдер Razlom/Texture Toon.
UnityEngine.Debug:ExtractStackTraceNoAlloc (byte*,int,string)
UnityEngine.StackTraceUtility:ExtractStackTrace () (at C:/build/output/unity/unity/Runtime/Export/Scripting/StackTrace.cs:35)
UnityEngine.DebugLogHandler:Internal_Log (UnityEngine.LogType,UnityEngine.LogOption,string,UnityEngine.Object)
UnityEngine.DebugLogHandler:LogFormat (UnityEngine.LogType,UnityEngine.Object,string,object[]) (at C:/build/output/unity/unity/Runtime/Export/Logging/DebugLogHandler.cs:9)
UnityEngine.Logger:Log (UnityEngine.LogType,object) (at C:/build/output/unity/unity/Runtime/Export/Logging/Logger.cs:60)
UnityEngine.Debug:Log (object) (at C:/build/output/unity/unity/Runtime/Export/Debug/Debug.bindings.cs:123)
Game.View.ArenaView:BuildRuntimeMaterial (string,Game.Sim.Faction) (at C:/Users/d.grab/Desktop/the-game/artifacts/capture-project/Assets/Game.View/ArenaView.cs:1810)
Game.View.ArenaView:BodyFactory (string,string,string,string,Game.Sim.Faction,single) (at C:/Users/d.grab/Desktop/the-game/artifacts/capture-project/Assets/Game.View/ArenaView.cs:1701)
Game.View.ArenaView:Initialize () (at C:/Users/d.grab/Desktop/the-game/artifacts/capture-project/Assets/Game.View/ArenaView.cs:422)
Game.View.ArenaView:LateUpdate () (at C:/Users/d.grab/Desktop/the-game/artifacts/capture-project/Assets/Game.View/ArenaView.cs:482)

(Filename: C:/build/output/unity/unity/Runtime/Export/Debug/Debug.bindings.cs Line: 123)

[Разлом] Wole: материал собран в игре из «Weapons/Pelag/AnchorChain/Pelag_AnchorChain_BaseColor», шейдер Razlom/Texture Toon.
UnityEngine.Debug:ExtractStackTraceNoAlloc (byte*,int,string)
UnityEngine.StackTraceUtility:ExtractStackTrace () (at C:/build/output/unity/unity/Runtime/Export/Scripting/StackTrace.cs:35)
UnityEngine.DebugLogHandler:Internal_Log (UnityEngine.LogType,UnityEngine.LogOption,string,UnityEngine.Object)
UnityEngine.DebugLogHandler:LogFormat (UnityEngine.LogType,UnityEngine.Object,string,object[]) (at C:/build/output/unity/unity/Runtime/Export/Logging/DebugLogHandler.cs:9)
UnityEngine.Logger:Log (UnityEngine.LogType,object) (at C:/build/output/unity/unity/Runtime/Export/Logging/Logger.cs:60)
UnityEngine.Debug:Log (object) (at C:/build/output/unity/unity/Runtime/Export/Debug/Debug.bindings.cs:123)
Game.View.ArenaView:BuildRuntimeMaterial (string,Game.Sim.Faction) (at C:/Users/d.grab/Desktop/the-game/artifacts/capture-project/Assets/Game.View/ArenaView.cs:1810)
Game.View.ArenaView:BodyFactory (string,string,string,string,Game.Sim.Faction,single) (at C:/Users/d.grab/Desktop/the-game/artifacts/capture-project/Assets/Game.View/ArenaView.cs:1719)
Game.View.ArenaView:Initialize () (at C:/Users/d.grab/Desktop/the-game/artifacts/capture-project/Assets/Game.View/ArenaView.cs:422)
Game.View.ArenaView:LateUpdate () (at C:/Users/d.grab/Desktop/the-game/artifacts/capture-project/Assets/Game.View/ArenaView.cs:482)

(Filename: C:/build/output/unity/unity/Runtime/Export/Debug/Debug.bindings.cs Line: 123)

[Разлом] Orvill: модель Characters/Forest_Guardian/Forest_Guardian, контроллер найден
UnityEngine.Debug:ExtractStackTraceNoAlloc (byte*,int,string)
UnityEngine.StackTraceUtility:ExtractStackTrace () (at C:/build/output/unity/unity/Runtime/Export/Scripting/StackTrace.cs:35)
UnityEngine.DebugLogHandler:Internal_Log (UnityEngine.LogType,UnityEngine.LogOption,string,UnityEngine.Object)
UnityEngine.DebugLogHandler:LogFormat (UnityEngine.LogType,UnityEngine.Object,string,object[]) (at C:/build/output/unity/unity/Runtime/Export/Logging/DebugLogHandler.cs:9)
UnityEngine.Logger:Log (UnityEngine.LogType,object) (at C:/build/output/unity/unity/Runtime/Export/Logging/Logger.cs:60)
UnityEngine.Debug:Log (object) (at C:/build/output/unity/unity/Runtime/Export/Debug/Debug.bindings.cs:123)
Game.View.ArenaView:BodyFactory (string,string,string,string,Game.Sim.Faction,single) (at C:/Users/d.grab/Desktop/the-game/artifacts/capture-project/Assets/Game.View/ArenaView.cs:1671)
Game.View.ArenaView:Initialize () (at C:/Users/d.grab/Desktop/the-game/artifacts/capture-project/Assets/Game.View/ArenaView.cs:426)
Game.View.ArenaView:LateUpdate () (at C:/Users/d.grab/Desktop/the-game/artifacts/capture-project/Assets/Game.View/ArenaView.cs:482)

(Filename: C:/build/output/unity/unity/Runtime/Export/Debug/Debug.bindings.cs Line: 123)

[Разлом] Orvill: материал собран в игре из «Characters/Forest_Guardian/Forest_Guardian_BaseColor», шейдер Razlom/Texture Toon.
UnityEngine.Debug:ExtractStackTraceNoAlloc (byte*,int,string)
UnityEngine.StackTraceUtility:ExtractStackTrace () (at C:/build/output/unity/unity/Runtime/Export/Scripting/StackTrace.cs:35)
UnityEngine.DebugLogHandler:Internal_Log (UnityEngine.LogType,UnityEngine.LogOption,string,UnityEngine.Object)
UnityEngine.DebugLogHandler:LogFormat (UnityEngine.LogType,UnityEngine.Object,string,object[]) (at C:/build/output/unity/unity/Runtime/Export/Logging/DebugLogHandler.cs:9)
UnityEngine.Logger:Log (UnityEngine.LogType,object) (at C:/build/output/unity/unity/Runtime/Export/Logging/Logger.cs:60)
UnityEngine.Debug:Log (object) (at C:/build/output/unity/unity/Runtime/Export/Debug/Debug.bindings.cs:123)
Game.View.ArenaView:BuildRuntimeMaterial (string,Game.Sim.Faction) (at C:/Users/d.grab/Desktop/the-game/artifacts/capture-project/Assets/Game.View/ArenaView.cs:1810)
Game.View.ArenaView:BodyFactory (string,string,string,string,Game.Sim.Faction,single) (at C:/Users/d.grab/Desktop/the-game/artifacts/capture-project/Assets/Game.View/ArenaView.cs:1701)
Game.View.ArenaView:Initialize () (at C:/Users/d.grab/Desktop/the-game/artifacts/capture-project/Assets/Game.View/ArenaView.cs:426)
Game.View.ArenaView:LateUpdate () (at C:/Users/d.grab/Desktop/the-game/artifacts/capture-project/Assets/Game.View/ArenaView.cs:482)

(Filename: C:/build/output/unity/unity/Runtime/Export/Debug/Debug.bindings.cs Line: 123)

[Разлом] Orvill: модель Characters/Forest_RootSwarm/Forest_RootSwarm@Idle, контроллер найден
UnityEngine.Debug:ExtractStackTraceNoAlloc (byte*,int,string)
UnityEngine.StackTraceUtility:ExtractStackTrace () (at C:/build/output/unity/unity/Runtime/Export/Scripting/StackTrace.cs:35)
UnityEngine.DebugLogHandler:Internal_Log (UnityEngine.LogType,UnityEngine.LogOption,string,UnityEngine.Object)
UnityEngine.DebugLogHandler:LogFormat (UnityEngine.LogType,UnityEngine.Object,string,object[]) (at C:/build/output/unity/unity/Runtime/Export/Logging/DebugLogHandler.cs:9)
UnityEngine.Logger:Log (UnityEngine.LogType,object) (at C:/build/output/unity/unity/Runtime/Export/Logging/Logger.cs:60)
UnityEngine.Debug:Log (object) (at C:/build/output/unity/unity/Runtime/Export/Debug/Debug.bindings.cs:123)
Game.View.ArenaView:BodyFactory (string,string,string,string,Game.Sim.Faction,single) (at C:/Users/d.grab/Desktop/the-game/artifacts/capture-project/Assets/Game.View/ArenaView.cs:1671)
Game.View.ArenaView:Initialize () (at C:/Users/d.grab/Desktop/the-game/artifacts/capture-project/Assets/Game.View/ArenaView.cs:430)
Game.View.ArenaView:LateUpdate () (at C:/Users/d.grab/Desktop/the-game/artifacts/capture-project/Assets/Game.View/ArenaView.cs:482)

(Filename: C:/build/output/unity/unity/Runtime/Export/Debug/Debug.bindings.cs Line: 123)

[Разлом] Orvill: материал собран в игре из «Characters/Forest_RootSwarm/Forest_RootSwarm_BaseColor», шейдер Razlom/Texture Toon.
UnityEngine.Debug:ExtractStackTraceNoAlloc (byte*,int,string)
UnityEngine.StackTraceUtility:ExtractStackTrace () (at C:/build/output/unity/unity/Runtime/Export/Scripting/StackTrace.cs:35)
UnityEngine.DebugLogHandler:Internal_Log (UnityEngine.LogType,UnityEngine.LogOption,string,UnityEngine.Object)
UnityEngine.DebugLogHandler:LogFormat (UnityEngine.LogType,UnityEngine.Object,string,object[]) (at C:/build/output/unity/unity/Runtime/Export/Logging/DebugLogHandler.cs:9)
UnityEngine.Logger:Log (UnityEngine.LogType,object) (at C:/build/output/unity/unity/Runtime/Export/Logging/Logger.cs:60)
UnityEngine.Debug:Log (object) (at C:/build/output/unity/unity/Runtime/Export/Debug/Debug.bindings.cs:123)
Game.View.ArenaView:BuildRuntimeMaterial (string,Game.Sim.Faction) (at C:/Users/d.grab/Desktop/the-game/artifacts/capture-project/Assets/Game.View/ArenaView.cs:1810)
Game.View.ArenaView:BodyFactory (string,string,string,string,Game.Sim.Faction,single) (at C:/Users/d.grab/Desktop/the-game/artifacts/capture-project/Assets/Game.View/ArenaView.cs:1701)
Game.View.ArenaView:Initialize () (at C:/Users/d.grab/Desktop/the-game/artifacts/capture-project/Assets/Game.View/ArenaView.cs:430)
Game.View.ArenaView:LateUpdate () (at C:/Users/d.grab/Desktop/the-game/artifacts/capture-project/Assets/Game.View/ArenaView.cs:482)

(Filename: C:/build/output/unity/unity/Runtime/Export/Debug/Debug.bindings.cs Line: 123)

[Разлом] Опознаватели собраны: колец 96, сектор есть, курсор готов.
UnityEngine.Debug:ExtractStackTraceNoAlloc (byte*,int,string)
UnityEngine.StackTraceUtility:ExtractStackTrace () (at C:/build/output/unity/unity/Runtime/Export/Scripting/StackTrace.cs:35)
UnityEngine.DebugLogHandler:Internal_Log (UnityEngine.LogType,UnityEngine.LogOption,string,UnityEngine.Object)
UnityEngine.DebugLogHandler:LogFormat (UnityEngine.LogType,UnityEngine.Object,string,object[]) (at C:/build/output/unity/unity/Runtime/Export/Logging/DebugLogHandler.cs:9)
UnityEngine.Logger:Log (UnityEngine.LogType,object) (at C:/build/output/unity/unity/Runtime/Export/Logging/Logger.cs:60)
UnityEngine.Debug:Log (object) (at C:/build/output/unity/unity/Runtime/Export/Debug/Debug.bindings.cs:123)
Game.View.CombatIndicators:Build () (at C:/Users/d.grab/Desktop/the-game/artifacts/capture-project/Assets/Game.View/CombatIndicators.cs:136)
Game.View.CombatIndicators:LateUpdate () (at C:/Users/d.grab/Desktop/the-game/artifacts/capture-project/Assets/Game.View/CombatIndicators.cs:150)

(Filename: C:/build/output/unity/unity/Runtime/Export/Debug/Debug.bindings.cs Line: 123)

[capture-grip] root=(-0.07, 0.90, -2.70), tip=(-0.49, 0.37, -2.76), length=0,678, edge=(0.78, -0.62, -0.04), edgeDown=0,619, socketRight=(0.03, 0.09, -1.00), socketUp=(-0.02, 1.00, 0.09), socketForward=(1.00, 0.02, 0.03), renderer=Pelag_FantasySaber_Equipped, enabled=True, active=True, boundsCenter=(-0.12, 0.79, -2.72), boundsSize=(0.92, 1.07, 0.22), shader=Universal Render Pipeline/Lit
UnityEngine.Debug:ExtractStackTraceNoAlloc (byte*,int,string)
UnityEngine.StackTraceUtility:ExtractStackTrace () (at C:/build/output/unity/unity/Runtime/Export/Scripting/StackTrace.cs:35)
UnityEngine.DebugLogHandler:Internal_Log (UnityEngine.LogType,UnityEngine.LogOption,string,UnityEngine.Object)
UnityEngine.DebugLogHandler:LogFormat (UnityEngine.LogType,UnityEngine.Object,string,object[]) (at C:/build/output/unity/unity/Runtime/Export/Logging/DebugLogHandler.cs:9)
UnityEngine.Logger:Log (UnityEngine.LogType,object) (at C:/build/output/unity/unity/Runtime/Export/Logging/Logger.cs:60)
UnityEngine.Debug:Log (object) (at C:/build/output/unity/unity/Runtime/Export/Debug/Debug.bindings.cs:123)
Game.View.CaptureRig:ConfigureCaptureView () (at C:/Users/d.grab/Desktop/the-game/artifacts/capture-project/Assets/Game.View/CaptureRig.cs:725)
Game.View.CaptureRig/<Run>d__188:MoveNext () (at C:/Users/d.grab/Desktop/the-game/artifacts/capture-project/Assets/Game.View/CaptureRig.cs:364)
UnityEngine.SetupCoroutine:InvokeMoveNext (System.Collections.IEnumerator,intptr) (at C:/build/output/unity/unity/Runtime/Export/Scripting/Coroutines.cs:17)

(Filename: C:/build/output/unity/unity/Runtime/Export/Debug/Debug.bindings.cs Line: 123)

[capture-hud] Developer console overlay hidden for UI review; diagnostics remain in player.log.
UnityEngine.Debug:ExtractStackTraceNoAlloc (byte*,int,string)
UnityEngine.StackTraceUtility:ExtractStackTrace () (at C:/build/output/unity/unity/Runtime/Export/Scripting/StackTrace.cs:35)
UnityEngine.DebugLogHandler:Internal_Log (UnityEngine.LogType,UnityEngine.LogOption,string,UnityEngine.Object)
UnityEngine.DebugLogHandler:LogFormat (UnityEngine.LogType,UnityEngine.Object,string,object[]) (at C:/build/output/unity/unity/Runtime/Export/Logging/DebugLogHandler.cs:9)
UnityEngine.Logger:Log (UnityEngine.LogType,object) (at C:/build/output/unity/unity/Runtime/Export/Logging/Logger.cs:60)
UnityEngine.Debug:Log (object) (at C:/build/output/unity/unity/Runtime/Export/Debug/Debug.bindings.cs:123)
Game.View.CaptureRig/<Run>d__188:MoveNext () (at C:/Users/d.grab/Desktop/the-game/artifacts/capture-project/Assets/Game.View/CaptureRig.cs:459)
UnityEngine.SetupCoroutine:InvokeMoveNext (System.Collections.IEnumerator,intptr) (at C:/build/output/unity/unity/Runtime/Export/Scripting/Coroutines.cs:17)

(Filename: C:/build/output/unity/unity/Runtime/Export/Debug/Debug.bindings.cs Line: 123)

[capture-lines] TrailRenderer «Pelag Leap Trail» путь=«Bootstrap/Симуляция/Pelag Leap Trail» emitting=False позиция=(0.00, 0.00, 0.00)
UnityEngine.Debug:ExtractStackTraceNoAlloc (byte*,int,string)
UnityEngine.StackTraceUtility:ExtractStackTrace () (at C:/build/output/unity/unity/Runtime/Export/Scripting/StackTrace.cs:35)
UnityEngine.DebugLogHandler:Internal_Log (UnityEngine.LogType,UnityEngine.LogOption,string,UnityEngine.Object)
UnityEngine.DebugLogHandler:LogFormat (UnityEngine.LogType,UnityEngine.Object,string,object[]) (at C:/build/output/unity/unity/Runtime/Export/Logging/DebugLogHandler.cs:9)
UnityEngine.Logger:Log (UnityEngine.LogType,object) (at C:/build/output/unity/unity/Runtime/Export/Logging/Logger.cs:60)
UnityEngine.Debug:Log (object) (at C:/build/output/unity/unity/Runtime/Export/Debug/Debug.bindings.cs:123)
Game.View.CaptureRig:DumpSceneLines () (at C:/Users/d.grab/Desktop/the-game/artifacts/capture-project/Assets/Game.View/CaptureRig.cs:799)
Game.View.CaptureRig:CaptureStill (int,single) (at C:/Users/d.grab/Desktop/the-game/artifacts/capture-project/Assets/Game.View/CaptureRig.cs:813)
Game.View.CaptureRig/<Run>d__188:MoveNext () (at C:/Users/d.grab/Desktop/the-game/artifacts/capture-project/Assets/Game.View/CaptureRig.cs:478)
UnityEngine.SetupCoroutine:InvokeMoveNext (System.Collections.IEnumerator,intptr) (at C:/build/output/unity/unity/Runtime/Export/Scripting/Coroutines.cs:17)

(Filename: C:/build/output/unity/unity/Runtime/Export/Debug/Debug.bindings.cs Line: 123)

[capture-lines] TrailRenderer «Leap side stroke 1» путь=«Bootstrap/Симуляция/Leap side stroke 1» emitting=False позиция=(0.00, 0.00, 0.00)
UnityEngine.Debug:ExtractStackTraceNoAlloc (byte*,int,string)
UnityEngine.StackTraceUtility:ExtractStackTrace () (at C:/build/output/unity/unity/Runtime/Export/Scripting/StackTrace.cs:35)
UnityEngine.DebugLogHandler:Internal_Log (UnityEngine.LogType,UnityEngine.LogOption,string,UnityEngine.Object)
UnityEngine.DebugLogHandler:LogFormat (UnityEngine.LogType,UnityEngine.Object,string,object[]) (at C:/build/output/unity/unity/Runtime/Export/Logging/DebugLogHandler.cs:9)
UnityEngine.Logger:Log (UnityEngine.LogType,object) (at C:/build/output/unity/unity/Runtime/Export/Logging/Logger.cs:60)
UnityEngine.Debug:Log (object) (at C:/build/output/unity/unity/Runtime/Export/Debug/Debug.bindings.cs:123)
Game.View.CaptureRig:DumpSceneLines () (at C:/Users/d.grab/Desktop/the-game/artifacts/capture-project/Assets/Game.View/CaptureRig.cs:799)
Game.View.CaptureRig:CaptureStill (int,single) (at C:/Users/d.grab/Desktop/the-game/artifacts/capture-project/Assets/Game.View/CaptureRig.cs:813)
Game.View.CaptureRig/<Run>d__188:MoveNext () (at C:/Users/d.grab/Desktop/the-game/artifacts/capture-project/Assets/Game.View/CaptureRig.cs:478)
UnityEngine.SetupCoroutine:InvokeMoveNext (System.Collections.IEnumerator,intptr) (at C:/build/output/unity/unity/Runtime/Export/Scripting/Coroutines.cs:17)

(Filename: C:/build/output/unity/unity/Runtime/Export/Debug/Debug.bindings.cs Line: 123)

[capture-lines] TrailRenderer «Leap side stroke 0» путь=«Bootstrap/Симуляция/Leap side stroke 0» emitting=False позиция=(0.00, 0.00, 0.00)
UnityEngine.Debug:ExtractStackTraceNoAlloc (byte*,int,string)
UnityEngine.StackTraceUtility:ExtractStackTrace () (at C:/build/output/unity/unity/Runtime/Export/Scripting/StackTrace.cs:35)
UnityEngine.DebugLogHandler:Internal_Log (UnityEngine.LogType,UnityEngine.LogOption,string,UnityEngine.Object)
UnityEngine.DebugLogHandler:LogFormat (UnityEngine.LogType,UnityEngine.Object,string,object[]) (at C:/build/output/unity/unity/Runtime/Export/Logging/DebugLogHandler.cs:9)
UnityEngine.Logger:Log (UnityEngine.LogType,object) (at C:/build/output/unity/unity/Runtime/Export/Logging/Logger.cs:60)
UnityEngine.Debug:Log (object) (at C:/build/output/unity/unity/Runtime/Export/Debug/Debug.bindings.cs:123)
Game.View.CaptureRig:DumpSceneLines () (at C:/Users/d.grab/Desktop/the-game/artifacts/capture-project/Assets/Game.View/CaptureRig.cs:799)
Game.View.CaptureRig:CaptureStill (int,single) (at C:/Users/d.grab/Desktop/the-game/artifacts/capture-project/Assets/Game.View/CaptureRig.cs:813)
Game.View.CaptureRig/<Run>d__188:MoveNext () (at C:/Users/d.grab/Desktop/the-game/artifacts/capture-project/Assets/Game.View/CaptureRig.cs:478)
UnityEngine.SetupCoroutine:InvokeMoveNext (System.Collections.IEnumerator,intptr) (at C:/build/output/unity/unity/Runtime/Export/Scripting/Coroutines.cs:17)

(Filename: C:/build/output/unity/unity/Runtime/Export/Debug/Debug.bindings.cs Line: 123)

[capture] ART/HUD/final-2026-09-15/before\shot_00_t3.00s.png  1920x1080
UnityEngine.Debug:ExtractStackTraceNoAlloc (byte*,int,string)
UnityEngine.StackTraceUtility:ExtractStackTrace () (at C:/build/output/unity/unity/Runtime/Export/Scripting/StackTrace.cs:35)
UnityEngine.DebugLogHandler:Internal_Log (UnityEngine.LogType,UnityEngine.LogOption,string,UnityEngine.Object)
UnityEngine.DebugLogHandler:LogFormat (UnityEngine.LogType,UnityEngine.Object,string,object[]) (at C:/build/output/unity/unity/Runtime/Export/Logging/DebugLogHandler.cs:9)
UnityEngine.Logger:Log (UnityEngine.LogType,object) (at C:/build/output/unity/unity/Runtime/Export/Logging/Logger.cs:60)
UnityEngine.Debug:Log (object) (at C:/build/output/unity/unity/Runtime/Export/Debug/Debug.bindings.cs:123)
Game.View.CaptureRig:CaptureStill (int,single) (at C:/Users/d.grab/Desktop/the-game/artifacts/capture-project/Assets/Game.View/CaptureRig.cs:820)
Game.View.CaptureRig/<Run>d__188:MoveNext () (at C:/Users/d.grab/Desktop/the-game/artifacts/capture-project/Assets/Game.View/CaptureRig.cs:478)
UnityEngine.SetupCoroutine:InvokeMoveNext (System.Collections.IEnumerator,intptr) (at C:/build/output/unity/unity/Runtime/Export/Scripting/Coroutines.cs:17)

(Filename: C:/build/output/unity/unity/Runtime/Export/Debug/Debug.bindings.cs Line: 123)

[camp-self-click] active=True position=(0.00, 0.09, -2.88) mode=Camp
UnityEngine.Debug:ExtractStackTraceNoAlloc (byte*,int,string)
UnityEngine.StackTraceUtility:ExtractStackTrace () (at C:/build/output/unity/unity/Runtime/Export/Scripting/StackTrace.cs:35)
UnityEngine.DebugLogHandler:Internal_Log (UnityEngine.LogType,UnityEngine.LogOption,string,UnityEngine.Object)
UnityEngine.DebugLogHandler:LogFormat (UnityEngine.LogType,UnityEngine.Object,string,object[]) (at C:/build/output/unity/unity/Runtime/Export/Logging/DebugLogHandler.cs:9)
UnityEngine.Logger:Log (UnityEngine.LogType,object) (at C:/build/output/unity/unity/Runtime/Export/Logging/Logger.cs:60)
UnityEngine.Debug:Log (object) (at C:/build/output/unity/unity/Runtime/Export/Debug/Debug.bindings.cs:123)
Game.View.CampWalkCapture/<Start>d__0:MoveNext () (at C:/Users/d.grab/Desktop/the-game/artifacts/capture-project/Assets/Game.View/CampWalkCapture.cs:93)
UnityEngine.SetupCoroutine:InvokeMoveNext (System.Collections.IEnumerator,intptr) (at C:/build/output/unity/unity/Runtime/Export/Scripting/Coroutines.cs:17)

(Filename: C:/build/output/unity/unity/Runtime/Export/Debug/Debug.bindings.cs Line: 123)

[camp-route] откуда 0,00,-2,88 → -3,73,4,89 | герой в карте=True цель в карте=False прямая=False углов=3 маршрут=True
UnityEngine.Debug:ExtractStackTraceNoAlloc (byte*,int,string)
UnityEngine.StackTraceUtility:ExtractStackTrace () (at C:/build/output/unity/unity/Runtime/Export/Scripting/StackTrace.cs:35)
UnityEngine.DebugLogHandler:Internal_Log (UnityEngine.LogType,UnityEngine.LogOption,string,UnityEngine.Object)
UnityEngine.DebugLogHandler:LogFormat (UnityEngine.LogType,UnityEngine.Object,string,object[]) (at C:/build/output/unity/unity/Runtime/Export/Logging/DebugLogHandler.cs:9)
UnityEngine.Logger:Log (UnityEngine.LogType,object) (at C:/build/output/unity/unity/Runtime/Export/Logging/Logger.cs:60)
UnityEngine.Debug:Log (object) (at C:/build/output/unity/unity/Runtime/Export/Debug/Debug.bindings.cs:123)
Game.View.CampPlayerView:RouteTo (UnityEngine.Vector3) (at C:/Users/d.grab/Desktop/the-game/artifacts/capture-project/Assets/Game.View/CampPlayerView.cs:337)
Game.View.CampPlayerView:ApproachTent () (at C:/Users/d.grab/Desktop/the-game/artifacts/capture-project/Assets/Game.View/CampPlayerView.cs:379)
Game.View.CampWalkCapture/<Start>d__0:MoveNext () (at C:/Users/d.grab/Desktop/the-game/artifacts/capture-project/Assets/Game.View/CampWalkCapture.cs:98)
UnityEngine.SetupCoroutine:InvokeMoveNext (System.Collections.IEnumerator,intptr) (at C:/build/output/unity/unity/Runtime/Export/Scripting/Coroutines.cs:17)

(Filename: C:/build/output/unity/unity/Runtime/Export/Debug/Debug.bindings.cs Line: 123)

[camp-path] corners=3 from=(0.00, 0.09, -2.88) target=(-3.73, 0.09, 4.89)
UnityEngine.Debug:ExtractStackTraceNoAlloc (byte*,int,string)
UnityEngine.StackTraceUtility:ExtractStackTrace () (at C:/build/output/unity/unity/Runtime/Export/Scripting/StackTrace.cs:35)
UnityEngine.DebugLogHandler:Internal_Log (UnityEngine.LogType,UnityEngine.LogOption,string,UnityEngine.Object)
UnityEngine.DebugLogHandler:LogFormat (UnityEngine.LogType,UnityEngine.Object,string,object[]) (at C:/build/output/unity/unity/Runtime/Export/Logging/DebugLogHandler.cs:9)
UnityEngine.Logger:Log (UnityEngine.LogType,object) (at C:/build/output/unity/unity/Runtime/Export/Logging/Logger.cs:60)
UnityEngine.Debug:Log (object) (at C:/build/output/unity/unity/Runtime/Export/Debug/Debug.bindings.cs:123)
Game.View.CampPlayerView:ApproachTent () (at C:/Users/d.grab/Desktop/the-game/artifacts/capture-project/Assets/Game.View/CampPlayerView.cs:380)
Game.View.CampWalkCapture/<Start>d__0:MoveNext () (at C:/Users/d.grab/Desktop/the-game/artifacts/capture-project/Assets/Game.View/CampWalkCapture.cs:98)
UnityEngine.SetupCoroutine:InvokeMoveNext (System.Collections.IEnumerator,intptr) (at C:/build/output/unity/unity/Runtime/Export/Scripting/Coroutines.cs:17)

(Filename: C:/build/output/unity/unity/Runtime/Export/Debug/Debug.bindings.cs Line: 123)

[camp-check] approach=True
UnityEngine.Debug:ExtractStackTraceNoAlloc (byte*,int,string)
UnityEngine.StackTraceUtility:ExtractStackTrace () (at C:/build/output/unity/unity/Runtime/Export/Scripting/StackTrace.cs:35)
UnityEngine.DebugLogHandler:Internal_Log (UnityEngine.LogType,UnityEngine.LogOption,string,UnityEngine.Object)
UnityEngine.DebugLogHandler:LogFormat (UnityEngine.LogType,UnityEngine.Object,string,object[]) (at C:/build/output/unity/unity/Runtime/Export/Logging/DebugLogHandler.cs:9)
UnityEngine.Logger:Log (UnityEngine.LogType,object) (at C:/build/output/unity/unity/Runtime/Export/Logging/Logger.cs:60)
UnityEngine.Debug:Log (object) (at C:/build/output/unity/unity/Runtime/Export/Debug/Debug.bindings.cs:123)
Game.View.CampWalkCapture/<Start>d__0:MoveNext () (at C:/Users/d.grab/Desktop/the-game/artifacts/capture-project/Assets/Game.View/CampWalkCapture.cs:98)
UnityEngine.SetupCoroutine:InvokeMoveNext (System.Collections.IEnumerator,intptr) (at C:/build/output/unity/unity/Runtime/Export/Scripting/Coroutines.cs:17)

(Filename: C:/build/output/unity/unity/Runtime/Export/Debug/Debug.bindings.cs Line: 123)

[footstep-surface] side=0 time=2,310 dust=True position=(-0.89, 0.12, -1.91)
UnityEngine.Debug:ExtractStackTraceNoAlloc (byte*,int,string)
UnityEngine.StackTraceUtility:ExtractStackTrace () (at C:/build/output/unity/unity/Runtime/Export/Scripting/StackTrace.cs:35)
UnityEngine.DebugLogHandler:Internal_Log (UnityEngine.LogType,UnityEngine.LogOption,string,UnityEngine.Object)
UnityEngine.DebugLogHandler:LogFormat (UnityEngine.LogType,UnityEngine.Object,string,object[]) (at C:/build/output/unity/unity/Runtime/Export/Logging/DebugLogHandler.cs:9)
UnityEngine.Logger:Log (UnityEngine.LogType,object) (at C:/build/output/unity/unity/Runtime/Export/Logging/Logger.cs:60)
UnityEngine.Debug:Log (object) (at C:/build/output/unity/unity/Runtime/Export/Debug/Debug.bindings.cs:123)
Game.View.PelagVfxController:UpdateFootstepDust () (at C:/Users/d.grab/Desktop/the-game/artifacts/capture-project/Assets/Game.View/PelagVfxController.cs:154)
Game.View.PelagVfxController:LateUpdate () (at C:/Users/d.grab/Desktop/the-game/artifacts/capture-project/Assets/Game.View/PelagVfxController.cs:129)

(Filename: C:/build/output/unity/unity/Runtime/Export/Debug/Debug.bindings.cs Line: 123)

[footstep-vfx] side=0 time=2,310 position=(-0.89, 0.12, -1.91)
UnityEngine.Debug:ExtractStackTraceNoAlloc (byte*,int,string)
UnityEngine.StackTraceUtility:ExtractStackTrace () (at C:/build/output/unity/unity/Runtime/Export/Scripting/StackTrace.cs:35)
UnityEngine.DebugLogHandler:Internal_Log (UnityEngine.LogType,UnityEngine.LogOption,string,UnityEngine.Object)
UnityEngine.DebugLogHandler:LogFormat (UnityEngine.LogType,UnityEngine.Object,string,object[]) (at C:/build/output/unity/unity/Runtime/Export/Logging/DebugLogHandler.cs:9)
UnityEngine.Logger:Log (UnityEngine.LogType,object) (at C:/build/output/unity/unity/Runtime/Export/Logging/Logger.cs:60)
UnityEngine.Debug:Log (object) (at C:/build/output/unity/unity/Runtime/Export/Debug/Debug.bindings.cs:123)
Game.View.PelagVfxController:UpdateFootstepDust () (at C:/Users/d.grab/Desktop/the-game/artifacts/capture-project/Assets/Game.View/PelagVfxController.cs:159)
Game.View.PelagVfxController:LateUpdate () (at C:/Users/d.grab/Desktop/the-game/artifacts/capture-project/Assets/Game.View/PelagVfxController.cs:129)

(Filename: C:/build/output/unity/unity/Runtime/Export/Debug/Debug.bindings.cs Line: 123)

[footstep-particles] count=5
UnityEngine.Debug:ExtractStackTraceNoAlloc (byte*,int,string)
UnityEngine.StackTraceUtility:ExtractStackTrace () (at C:/build/output/unity/unity/Runtime/Export/Scripting/StackTrace.cs:35)
UnityEngine.DebugLogHandler:Internal_Log (UnityEngine.LogType,UnityEngine.LogOption,string,UnityEngine.Object)
UnityEngine.DebugLogHandler:LogFormat (UnityEngine.LogType,UnityEngine.Object,string,object[]) (at C:/build/output/unity/unity/Runtime/Export/Logging/DebugLogHandler.cs:9)
UnityEngine.Logger:Log (UnityEngine.LogType,object) (at C:/build/output/unity/unity/Runtime/Export/Logging/Logger.cs:60)
UnityEngine.Debug:Log (object) (at C:/build/output/unity/unity/Runtime/Export/Debug/Debug.bindings.cs:123)
Game.View.PelagVfxController:UpdateActive (single) (at C:/Users/d.grab/Desktop/the-game/artifacts/capture-project/Assets/Game.View/PelagVfxController.cs:1331)
Game.View.PelagVfxController:LateUpdate () (at C:/Users/d.grab/Desktop/the-game/artifacts/capture-project/Assets/Game.View/PelagVfxController.cs:130)

(Filename: C:/build/output/unity/unity/Runtime/Export/Debug/Debug.bindings.cs Line: 123)

[footstep-surface] side=1 time=2,577 dust=True position=(-1.50, 0.12, -0.88)
UnityEngine.Debug:ExtractStackTraceNoAlloc (byte*,int,string)
UnityEngine.StackTraceUtility:ExtractStackTrace () (at C:/build/output/unity/unity/Runtime/Export/Scripting/StackTrace.cs:35)
UnityEngine.DebugLogHandler:Internal_Log (UnityEngine.LogType,UnityEngine.LogOption,string,UnityEngine.Object)
UnityEngine.DebugLogHandler:LogFormat (UnityEngine.LogType,UnityEngine.Object,string,object[]) (at C:/build/output/unity/unity/Runtime/Export/Logging/DebugLogHandler.cs:9)
UnityEngine.Logger:Log (UnityEngine.LogType,object) (at C:/build/output/unity/unity/Runtime/Export/Logging/Logger.cs:60)
UnityEngine.Debug:Log (object) (at C:/build/output/unity/unity/Runtime/Export/Debug/Debug.bindings.cs:123)
Game.View.PelagVfxController:UpdateFootstepDust () (at C:/Users/d.grab/Desktop/the-game/artifacts/capture-project/Assets/Game.View/PelagVfxController.cs:154)
Game.View.PelagVfxController:LateUpdate () (at C:/Users/d.grab/Desktop/the-game/artifacts/capture-project/Assets/Game.View/PelagVfxController.cs:129)

(Filename: C:/build/output/unity/unity/Runtime/Export/Debug/Debug.bindings.cs Line: 123)

[footstep-vfx] side=1 time=2,577 position=(-1.50, 0.12, -0.88)
UnityEngine.Debug:ExtractStackTraceNoAlloc (byte*,int,string)
UnityEngine.StackTraceUtility:ExtractStackTrace () (at C:/build/output/unity/unity/Runtime/Export/Scripting/StackTrace.cs:35)
UnityEngine.DebugLogHandler:Internal_Log (UnityEngine.LogType,UnityEngine.LogOption,string,UnityEngine.Object)
UnityEngine.DebugLogHandler:LogFormat (UnityEngine.LogType,UnityEngine.Object,string,object[]) (at C:/build/output/unity/unity/Runtime/Export/Logging/DebugLogHandler.cs:9)
UnityEngine.Logger:Log (UnityEngine.LogType,object) (at C:/build/output/unity/unity/Runtime/Export/Logging/Logger.cs:60)
UnityEngine.Debug:Log (object) (at C:/build/output/unity/unity/Runtime/Export/Debug/Debug.bindings.cs:123)
Game.View.PelagVfxController:UpdateFootstepDust () (at C:/Users/d.grab/Desktop/the-game/artifacts/capture-project/Assets/Game.View/PelagVfxController.cs:159)
Game.View.PelagVfxController:LateUpdate () (at C:/Users/d.grab/Desktop/the-game/artifacts/capture-project/Assets/Game.View/PelagVfxController.cs:129)

(Filename: C:/build/output/unity/unity/Runtime/Export/Debug/Debug.bindings.cs Line: 123)

[footstep-particles] count=5
UnityEngine.Debug:ExtractStackTraceNoAlloc (byte*,int,string)
UnityEngine.StackTraceUtility:ExtractStackTrace () (at C:/build/output/unity/unity/Runtime/Export/Scripting/StackTrace.cs:35)
UnityEngine.DebugLogHandler:Internal_Log (UnityEngine.LogType,UnityEngine.LogOption,string,UnityEngine.Object)
UnityEngine.DebugLogHandler:LogFormat (UnityEngine.LogType,UnityEngine.Object,string,object[]) (at C:/build/output/unity/unity/Runtime/Export/Logging/DebugLogHandler.cs:9)
UnityEngine.Logger:Log (UnityEngine.LogType,object) (at C:/build/output/unity/unity/Runtime/Export/Logging/Logger.cs:60)
UnityEngine.Debug:Log (object) (at C:/build/output/unity/unity/Runtime/Export/Debug/Debug.bindings.cs:123)
Game.View.PelagVfxController:UpdateActive (single) (at C:/Users/d.grab/Desktop/the-game/artifacts/capture-project/Assets/Game.View/PelagVfxController.cs:1331)
Game.View.PelagVfxController:LateUpdate () (at C:/Users/d.grab/Desktop/the-game/artifacts/capture-project/Assets/Game.View/PelagVfxController.cs:130)

(Filename: C:/build/output/unity/unity/Runtime/Export/Debug/Debug.bindings.cs Line: 123)

[footstep-surface] side=0 time=2,877 dust=True position=(-2.50, 0.12, -0.13)
UnityEngine.Debug:ExtractStackTraceNoAlloc (byte*,int,string)
UnityEngine.StackTraceUtility:ExtractStackTrace () (at C:/build/output/unity/unity/Runtime/Export/Scripting/StackTrace.cs:35)
UnityEngine.DebugLogHandler:Internal_Log (UnityEngine.LogType,UnityEngine.LogOption,string,UnityEngine.Object)
UnityEngine.DebugLogHandler:LogFormat (UnityEngine.LogType,UnityEngine.Object,string,object[]) (at C:/build/output/unity/unity/Runtime/Export/Logging/DebugLogHandler.cs:9)
UnityEngine.Logger:Log (UnityEngine.LogType,object) (at C:/build/output/unity/unity/Runtime/Export/Logging/Logger.cs:60)
UnityEngine.Debug:Log (object) (at C:/build/output/unity/unity/Runtime/Export/Debug/Debug.bindings.cs:123)
Game.View.PelagVfxController:UpdateFootstepDust () (at C:/Users/d.grab/Desktop/the-game/artifacts/capture-project/Assets/Game.View/PelagVfxController.cs:154)
Game.View.PelagVfxController:LateUpdate () (at C:/Users/d.grab/Desktop/the-game/artifacts/capture-project/Assets/Game.View/PelagVfxController.cs:129)

(Filename: C:/build/output/unity/unity/Runtime/Export/Debug/Debug.bindings.cs Line: 123)

[footstep-vfx] side=0 time=2,877 position=(-2.50, 0.12, -0.13)
UnityEngine.Debug:ExtractStackTraceNoAlloc (byte*,int,string)
UnityEngine.StackTraceUtility:ExtractStackTrace () (at C:/build/output/unity/unity/Runtime/Export/Scripting/StackTrace.cs:35)
UnityEngine.DebugLogHandler:Internal_Log (UnityEngine.LogType,UnityEngine.LogOption,string,UnityEngine.Object)
UnityEngine.DebugLogHandler:LogFormat (UnityEngine.LogType,UnityEngine.Object,string,object[]) (at C:/build/output/unity/unity/Runtime/Export/Logging/DebugLogHandler.cs:9)
UnityEngine.Logger:Log (UnityEngine.LogType,object) (at C:/build/output/unity/unity/Runtime/Export/Logging/Logger.cs:60)
UnityEngine.Debug:Log (object) (at C:/build/output/unity/unity/Runtime/Export/Debug/Debug.bindings.cs:123)
Game.View.PelagVfxController:UpdateFootstepDust () (at C:/Users/d.grab/Desktop/the-game/artifacts/capture-project/Assets/Game.View/PelagVfxController.cs:159)
Game.View.PelagVfxController:LateUpdate () (at C:/Users/d.grab/Desktop/the-game/artifacts/capture-project/Assets/Game.View/PelagVfxController.cs:129)

(Filename: C:/build/output/unity/unity/Runtime/Export/Debug/Debug.bindings.cs Line: 123)

[footstep-particles] count=5
UnityEngine.Debug:ExtractStackTraceNoAlloc (byte*,int,string)
UnityEngine.StackTraceUtility:ExtractStackTrace () (at C:/build/output/unity/unity/Runtime/Export/Scripting/StackTrace.cs:35)
UnityEngine.DebugLogHandler:Internal_Log (UnityEngine.LogType,UnityEngine.LogOption,string,UnityEngine.Object)
UnityEngine.DebugLogHandler:LogFormat (UnityEngine.LogType,UnityEngine.Object,string,object[]) (at C:/build/output/unity/unity/Runtime/Export/Logging/DebugLogHandler.cs:9)
UnityEngine.Logger:Log (UnityEngine.LogType,object) (at C:/build/output/unity/unity/Runtime/Export/Logging/Logger.cs:60)
UnityEngine.Debug:Log (object) (at C:/build/output/unity/unity/Runtime/Export/Debug/Debug.bindings.cs:123)
Game.View.PelagVfxController:UpdateActive (single) (at C:/Users/d.grab/Desktop/the-game/artifacts/capture-project/Assets/Game.View/PelagVfxController.cs:1331)
Game.View.PelagVfxController:LateUpdate () (at C:/Users/d.grab/Desktop/the-game/artifacts/capture-project/Assets/Game.View/PelagVfxController.cs:130)

(Filename: C:/build/output/unity/unity/Runtime/Export/Debug/Debug.bindings.cs Line: 123)

[footstep-surface] side=1 time=3,127 dust=True position=(-2.77, 0.12, 1.12)
UnityEngine.Debug:ExtractStackTraceNoAlloc (byte*,int,string)
UnityEngine.StackTraceUtility:ExtractStackTrace () (at C:/build/output/unity/unity/Runtime/Export/Scripting/StackTrace.cs:35)
UnityEngine.DebugLogHandler:Internal_Log (UnityEngine.LogType,UnityEngine.LogOption,string,UnityEngine.Object)
UnityEngine.DebugLogHandler:LogFormat (UnityEngine.LogType,UnityEngine.Object,string,object[]) (at C:/build/output/unity/unity/Runtime/Export/Logging/DebugLogHandler.cs:9)
UnityEngine.Logger:Log (UnityEngine.LogType,object) (at C:/build/output/unity/unity/Runtime/Export/Logging/Logger.cs:60)
UnityEngine.Debug:Log (object) (at C:/build/output/unity/unity/Runtime/Export/Debug/Debug.bindings.cs:123)
Game.View.PelagVfxController:UpdateFootstepDust () (at C:/Users/d.grab/Desktop/the-game/artifacts/capture-project/Assets/Game.View/PelagVfxController.cs:154)
Game.View.PelagVfxController:LateUpdate () (at C:/Users/d.grab/Desktop/the-game/artifacts/capture-project/Assets/Game.View/PelagVfxController.cs:129)

(Filename: C:/build/output/unity/unity/Runtime/Export/Debug/Debug.bindings.cs Line: 123)

[footstep-vfx] side=1 time=3,127 position=(-2.77, 0.12, 1.12)
UnityEngine.Debug:ExtractStackTraceNoAlloc (byte*,int,string)
UnityEngine.StackTraceUtility:ExtractStackTrace () (at C:/build/output/unity/unity/Runtime/Export/Scripting/StackTrace.cs:35)
UnityEngine.DebugLogHandler:Internal_Log (UnityEngine.LogType,UnityEngine.LogOption,string,UnityEngine.Object)
UnityEngine.DebugLogHandler:LogFormat (UnityEngine.LogType,UnityEngine.Object,string,object[]) (at C:/build/output/unity/unity/Runtime/Export/Logging/DebugLogHandler.cs:9)
UnityEngine.Logger:Log (UnityEngine.LogType,object) (at C:/build/output/unity/unity/Runtime/Export/Logging/Logger.cs:60)
UnityEngine.Debug:Log (object) (at C:/build/output/unity/unity/Runtime/Export/Debug/Debug.bindings.cs:123)
Game.View.PelagVfxController:UpdateFootstepDust () (at C:/Users/d.grab/Desktop/the-game/artifacts/capture-project/Assets/Game.View/PelagVfxController.cs:159)
Game.View.PelagVfxController:LateUpdate () (at C:/Users/d.grab/Desktop/the-game/artifacts/capture-project/Assets/Game.View/PelagVfxController.cs:129)

(Filename: C:/build/output/unity/unity/Runtime/Export/Debug/Debug.bindings.cs Line: 123)

[footstep-particles] count=5
UnityEngine.Debug:ExtractStackTraceNoAlloc (byte*,int,string)
UnityEngine.StackTraceUtility:ExtractStackTrace () (at C:/build/output/unity/unity/Runtime/Export/Scripting/StackTrace.cs:35)
UnityEngine.DebugLogHandler:Internal_Log (UnityEngine.LogType,UnityEngine.LogOption,string,UnityEngine.Object)
UnityEngine.DebugLogHandler:LogFormat (UnityEngine.LogType,UnityEngine.Object,string,object[]) (at C:/build/output/unity/unity/Runtime/Export/Logging/DebugLogHandler.cs:9)
UnityEngine.Logger:Log (UnityEngine.LogType,object) (at C:/build/output/unity/unity/Runtime/Export/Logging/Logger.cs:60)
UnityEngine.Debug:Log (object) (at C:/build/output/unity/unity/Runtime/Export/Debug/Debug.bindings.cs:123)
Game.View.PelagVfxController:UpdateActive (single) (at C:/Users/d.grab/Desktop/the-game/artifacts/capture-project/Assets/Game.View/PelagVfxController.cs:1331)
Game.View.PelagVfxController:LateUpdate () (at C:/Users/d.grab/Desktop/the-game/artifacts/capture-project/Assets/Game.View/PelagVfxController.cs:130)

(Filename: C:/build/output/unity/unity/Runtime/Export/Debug/Debug.bindings.cs Line: 123)

[footstep-surface] side=0 time=3,410 dust=True position=(-3.44, 0.12, 2.14)
UnityEngine.Debug:ExtractStackTraceNoAlloc (byte*,int,string)
UnityEngine.StackTraceUtility:ExtractStackTrace () (at C:/build/output/unity/unity/Runtime/Export/Scripting/StackTrace.cs:35)
UnityEngine.DebugLogHandler:Internal_Log (UnityEngine.LogType,UnityEngine.LogOption,string,UnityEngine.Object)
UnityEngine.DebugLogHandler:LogFormat (UnityEngine.LogType,UnityEngine.Object,string,object[]) (at C:/build/output/unity/unity/Runtime/Export/Logging/DebugLogHandler.cs:9)
UnityEngine.Logger:Log (UnityEngine.LogType,object) (at C:/build/output/unity/unity/Runtime/Export/Logging/Logger.cs:60)
UnityEngine.Debug:Log (object) (at C:/build/output/unity/unity/Runtime/Export/Debug/Debug.bindings.cs:123)
Game.View.PelagVfxController:UpdateFootstepDust () (at C:/Users/d.grab/Desktop/the-game/artifacts/capture-project/Assets/Game.View/PelagVfxController.cs:154)
Game.View.PelagVfxController:LateUpdate () (at C:/Users/d.grab/Desktop/the-game/artifacts/capture-project/Assets/Game.View/PelagVfxController.cs:129)

(Filename: C:/build/output/unity/unity/Runtime/Export/Debug/Debug.bindings.cs Line: 123)

[footstep-vfx] side=0 time=3,410 position=(-3.44, 0.12, 2.14)
UnityEngine.Debug:ExtractStackTraceNoAlloc (byte*,int,string)
UnityEngine.StackTraceUtility:ExtractStackTrace () (at C:/build/output/unity/unity/Runtime/Export/Scripting/StackTrace.cs:35)
UnityEngine.DebugLogHandler:Internal_Log (UnityEngine.LogType,UnityEngine.LogOption,string,UnityEngine.Object)
UnityEngine.DebugLogHandler:LogFormat (UnityEngine.LogType,UnityEngine.Object,string,object[]) (at C:/build/output/unity/unity/Runtime/Export/Logging/DebugLogHandler.cs:9)
UnityEngine.Logger:Log (UnityEngine.LogType,object) (at C:/build/output/unity/unity/Runtime/Export/Logging/Logger.cs:60)
UnityEngine.Debug:Log (object) (at C:/build/output/unity/unity/Runtime/Export/Debug/Debug.bindings.cs:123)
Game.View.PelagVfxController:UpdateFootstepDust () (at C:/Users/d.grab/Desktop/the-game/artifacts/capture-project/Assets/Game.View/PelagVfxController.cs:159)
Game.View.PelagVfxController:LateUpdate () (at C:/Users/d.grab/Desktop/the-game/artifacts/capture-project/Assets/Game.View/PelagVfxController.cs:129)

(Filename: C:/build/output/unity/unity/Runtime/Export/Debug/Debug.bindings.cs Line: 123)

[footstep-particles] count=5
UnityEngine.Debug:ExtractStackTraceNoAlloc (byte*,int,string)
UnityEngine.StackTraceUtility:ExtractStackTrace () (at C:/build/output/unity/unity/Runtime/Export/Scripting/StackTrace.cs:35)
UnityEngine.DebugLogHandler:Internal_Log (UnityEngine.LogType,UnityEngine.LogOption,string,UnityEngine.Object)
UnityEngine.DebugLogHandler:LogFormat (UnityEngine.LogType,UnityEngine.Object,string,object[]) (at C:/build/output/unity/unity/Runtime/Export/Logging/DebugLogHandler.cs:9)
UnityEngine.Logger:Log (UnityEngine.LogType,object) (at C:/build/output/unity/unity/Runtime/Export/Logging/Logger.cs:60)
UnityEngine.Debug:Log (object) (at C:/build/output/unity/unity/Runtime/Export/Debug/Debug.bindings.cs:123)
Game.View.PelagVfxController:UpdateActive (single) (at C:/Users/d.grab/Desktop/the-game/artifacts/capture-project/Assets/Game.View/PelagVfxController.cs:1331)
Game.View.PelagVfxController:LateUpdate () (at C:/Users/d.grab/Desktop/the-game/artifacts/capture-project/Assets/Game.View/PelagVfxController.cs:130)

(Filename: C:/build/output/unity/unity/Runtime/Export/Debug/Debug.bindings.cs Line: 123)

[footstep-surface] side=1 time=3,660 dust=True position=(-3.57, 0.12, 3.43)
UnityEngine.Debug:ExtractStackTraceNoAlloc (byte*,int,string)
UnityEngine.StackTraceUtility:ExtractStackTrace () (at C:/build/output/unity/unity/Runtime/Export/Scripting/StackTrace.cs:35)
UnityEngine.DebugLogHandler:Internal_Log (UnityEngine.LogType,UnityEngine.LogOption,string,UnityEngine.Object)
UnityEngine.DebugLogHandler:LogFormat (UnityEngine.LogType,UnityEngine.Object,string,object[]) (at C:/build/output/unity/unity/Runtime/Export/Logging/DebugLogHandler.cs:9)
UnityEngine.Logger:Log (UnityEngine.LogType,object) (at C:/build/output/unity/unity/Runtime/Export/Logging/Logger.cs:60)
UnityEngine.Debug:Log (object) (at C:/build/output/unity/unity/Runtime/Export/Debug/Debug.bindings.cs:123)
Game.View.PelagVfxController:UpdateFootstepDust () (at C:/Users/d.grab/Desktop/the-game/artifacts/capture-project/Assets/Game.View/PelagVfxController.cs:154)
Game.View.PelagVfxController:LateUpdate () (at C:/Users/d.grab/Desktop/the-game/artifacts/capture-project/Assets/Game.View/PelagVfxController.cs:129)

(Filename: C:/build/output/unity/unity/Runtime/Export/Debug/Debug.bindings.cs Line: 123)

[footstep-vfx] side=1 time=3,660 position=(-3.57, 0.12, 3.43)
UnityEngine.Debug:ExtractStackTraceNoAlloc (byte*,int,string)
UnityEngine.StackTraceUtility:ExtractStackTrace () (at C:/build/output/unity/unity/Runtime/Export/Scripting/StackTrace.cs:35)
UnityEngine.DebugLogHandler:Internal_Log (UnityEngine.LogType,UnityEngine.LogOption,string,UnityEngine.Object)
UnityEngine.DebugLogHandler:LogFormat (UnityEngine.LogType,UnityEngine.Object,string,object[]) (at C:/build/output/unity/unity/Runtime/Export/Logging/DebugLogHandler.cs:9)
UnityEngine.Logger:Log (UnityEngine.LogType,object) (at C:/build/output/unity/unity/Runtime/Export/Logging/Logger.cs:60)
UnityEngine.Debug:Log (object) (at C:/build/output/unity/unity/Runtime/Export/Debug/Debug.bindings.cs:123)
Game.View.PelagVfxController:UpdateFootstepDust () (at C:/Users/d.grab/Desktop/the-game/artifacts/capture-project/Assets/Game.View/PelagVfxController.cs:159)
Game.View.PelagVfxController:LateUpdate () (at C:/Users/d.grab/Desktop/the-game/artifacts/capture-project/Assets/Game.View/PelagVfxController.cs:129)

(Filename: C:/build/output/unity/unity/Runtime/Export/Debug/Debug.bindings.cs Line: 123)

[footstep-particles] count=5
UnityEngine.Debug:ExtractStackTraceNoAlloc (byte*,int,string)
UnityEngine.StackTraceUtility:ExtractStackTrace () (at C:/build/output/unity/unity/Runtime/Export/Scripting/StackTrace.cs:35)
UnityEngine.DebugLogHandler:Internal_Log (UnityEngine.LogType,UnityEngine.LogOption,string,UnityEngine.Object)
UnityEngine.DebugLogHandler:LogFormat (UnityEngine.LogType,UnityEngine.Object,string,object[]) (at C:/build/output/unity/unity/Runtime/Export/Logging/DebugLogHandler.cs:9)
UnityEngine.Logger:Log (UnityEngine.LogType,object) (at C:/build/output/unity/unity/Runtime/Export/Logging/Logger.cs:60)
UnityEngine.Debug:Log (object) (at C:/build/output/unity/unity/Runtime/Export/Debug/Debug.bindings.cs:123)
Game.View.PelagVfxController:UpdateActive (single) (at C:/Users/d.grab/Desktop/the-game/artifacts/capture-project/Assets/Game.View/PelagVfxController.cs:1331)
Game.View.PelagVfxController:LateUpdate () (at C:/Users/d.grab/Desktop/the-game/artifacts/capture-project/Assets/Game.View/PelagVfxController.cs:130)

(Filename: C:/build/output/unity/unity/Runtime/Export/Debug/Debug.bindings.cs Line: 123)

[Разлом] Wole: модель Characters/Pelag_v6/Runtime/Pelag_v6_MixamoRig, контроллер найден
UnityEngine.Debug:ExtractStackTraceNoAlloc (byte*,int,string)
UnityEngine.StackTraceUtility:ExtractStackTrace () (at C:/build/output/unity/unity/Runtime/Export/Scripting/StackTrace.cs:35)
UnityEngine.DebugLogHandler:Internal_Log (UnityEngine.LogType,UnityEngine.LogOption,string,UnityEngine.Object)
UnityEngine.DebugLogHandler:LogFormat (UnityEngine.LogType,UnityEngine.Object,string,object[]) (at C:/build/output/unity/unity/Runtime/Export/Logging/DebugLogHandler.cs:9)
UnityEngine.Logger:Log (UnityEngine.LogType,object) (at C:/build/output/unity/unity/Runtime/Export/Logging/Logger.cs:60)
UnityEngine.Debug:Log (object) (at C:/build/output/unity/unity/Runtime/Export/Debug/Debug.bindings.cs:123)
Game.View.ArenaView:BodyFactory (string,string,string,string,Game.Sim.Faction,single) (at C:/Users/d.grab/Desktop/the-game/artifacts/capture-project/Assets/Game.View/ArenaView.cs:1671)
Game.View.ArenaView:CreateCampPlayer () (at C:/Users/d.grab/Desktop/the-game/artifacts/capture-project/Assets/Game.View/ArenaView.cs:1645)
Game.View.PortraitStudio:Create (Game.View.ArenaView,string,UnityEngine.Vector3,UnityEngine.Vector3,single,UnityEngine.RenderTexture,System.Collections.Generic.List`1<UnityEngine.Material>,UnityEngine.Camera&) (at C:/Users/d.grab/Desktop/the-game/artifacts/capture-project/Assets/Game.View/HeroPortrait.cs:25)
Game.View.CampInventoryView:CreatePortrait () (at C:/Users/d.grab/Desktop/the-game/artifacts/capture-project/Assets/Game.View/CampInventoryView.cs:192)
Game.View.CampInventoryView:Build () (at C:/Users/d.grab/Desktop/the-game/artifacts/capture-project/Assets/Game.View/CampInventoryView.cs:103)
Game.View.CampInventoryView:Open () (at C:/Users/d.grab/Desktop/the-game/artifacts/capture-project/Assets/Game.View/CampInventoryView.cs:25)
Game.View.CampPlayerView:Update () (at C:/Users/d.grab/Desktop/the-game/artifacts/capture-project/Assets/Game.View/CampPlayerView.cs:285)

(Filename: C:/build/output/unity/unity/Runtime/Export/Debug/Debug.bindings.cs Line: 123)

[Разлом] Wole: материал собран в игре из «Characters/Pelag_v6/Pelag_v6_BaseColor», шейдер Razlom/Texture Toon.
UnityEngine.Debug:ExtractStackTraceNoAlloc (byte*,int,string)
UnityEngine.StackTraceUtility:ExtractStackTrace () (at C:/build/output/unity/unity/Runtime/Export/Scripting/StackTrace.cs:35)
UnityEngine.DebugLogHandler:Internal_Log (UnityEngine.LogType,UnityEngine.LogOption,string,UnityEngine.Object)
UnityEngine.DebugLogHandler:LogFormat (UnityEngine.LogType,UnityEngine.Object,string,object[]) (at C:/build/output/unity/unity/Runtime/Export/Logging/DebugLogHandler.cs:9)
UnityEngine.Logger:Log (UnityEngine.LogType,object) (at C:/build/output/unity/unity/Runtime/Export/Logging/Logger.cs:60)
UnityEngine.Debug:Log (object) (at C:/build/output/unity/unity/Runtime/Export/Debug/Debug.bindings.cs:123)
Game.View.ArenaView:BuildRuntimeMaterial (string,Game.Sim.Faction) (at C:/Users/d.grab/Desktop/the-game/artifacts/capture-project/Assets/Game.View/ArenaView.cs:1810)
Game.View.ArenaView:BodyFactory (string,string,string,string,Game.Sim.Faction,single) (at C:/Users/d.grab/Desktop/the-game/artifacts/capture-project/Assets/Game.View/ArenaView.cs:1701)
Game.View.ArenaView:CreateCampPlayer () (at C:/Users/d.grab/Desktop/the-game/artifacts/capture-project/Assets/Game.View/ArenaView.cs:1645)
Game.View.PortraitStudio:Create (Game.View.ArenaView,string,UnityEngine.Vector3,UnityEngine.Vector3,single,UnityEngine.RenderTexture,System.Collections.Generic.List`1<UnityEngine.Material>,UnityEngine.Camera&) (at C:/Users/d.grab/Desktop/the-game/artifacts/capture-project/Assets/Game.View/HeroPortrait.cs:25)
Game.View.CampInventoryView:CreatePortrait () (at C:/Users/d.grab/Desktop/the-game/artifacts/capture-project/Assets/Game.View/CampInventoryView.cs:192)
Game.View.CampInventoryView:Build () (at C:/Users/d.grab/Desktop/the-game/artifacts/capture-project/Assets/Game.View/CampInventoryView.cs:103)
Game.View.CampInventoryView:Open () (at C:/Users/d.grab/Desktop/the-game/artifacts/capture-project/Assets/Game.View/CampInventoryView.cs:25)
Game.View.CampPlayerView:Update () (at C:/Users/d.grab/Desktop/the-game/artifacts/capture-project/Assets/Game.View/CampPlayerView.cs:285)

(Filename: C:/build/output/unity/unity/Runtime/Export/Debug/Debug.bindings.cs Line: 123)

[Разлом] Wole: материал собран в игре из «Weapons/Pelag/AnchorChain/Pelag_AnchorChain_BaseColor», шейдер Razlom/Texture Toon.
UnityEngine.Debug:ExtractStackTraceNoAlloc (byte*,int,string)
UnityEngine.StackTraceUtility:ExtractStackTrace () (at C:/build/output/unity/unity/Runtime/Export/Scripting/StackTrace.cs:35)
UnityEngine.DebugLogHandler:Internal_Log (UnityEngine.LogType,UnityEngine.LogOption,string,UnityEngine.Object)
UnityEngine.DebugLogHandler:LogFormat (UnityEngine.LogType,UnityEngine.Object,string,object[]) (at C:/build/output/unity/unity/Runtime/Export/Logging/DebugLogHandler.cs:9)
UnityEngine.Logger:Log (UnityEngine.LogType,object) (at C:/build/output/unity/unity/Runtime/Export/Logging/Logger.cs:60)
UnityEngine.Debug:Log (object) (at C:/build/output/unity/unity/Runtime/Export/Debug/Debug.bindings.cs:123)
Game.View.ArenaView:BuildRuntimeMaterial (string,Game.Sim.Faction) (at C:/Users/d.grab/Desktop/the-game/artifacts/capture-project/Assets/Game.View/ArenaView.cs:1810)
Game.View.ArenaView:BodyFactory (string,string,string,string,Game.Sim.Faction,single) (at C:/Users/d.grab/Desktop/the-game/artifacts/capture-project/Assets/Game.View/ArenaView.cs:1719)
Game.View.ArenaView:CreateCampPlayer () (at C:/Users/d.grab/Desktop/the-game/artifacts/capture-project/Assets/Game.View/ArenaView.cs:1645)
Game.View.PortraitStudio:Create (Game.View.ArenaView,string,UnityEngine.Vector3,UnityEngine.Vector3,single,UnityEngine.RenderTexture,System.Collections.Generic.List`1<UnityEngine.Material>,UnityEngine.Camera&) (at C:/Users/d.grab/Desktop/the-game/artifacts/capture-project/Assets/Game.View/HeroPortrait.cs:25)
Game.View.CampInventoryView:CreatePortrait () (at C:/Users/d.grab/Desktop/the-game/artifacts/capture-project/Assets/Game.View/CampInventoryView.cs:192)
Game.View.CampInventoryView:Build () (at C:/Users/d.grab/Desktop/the-game/artifacts/capture-project/Assets/Game.View/CampInventoryView.cs:103)
Game.View.CampInventoryView:Open () (at C:/Users/d.grab/Desktop/the-game/artifacts/capture-project/Assets/Game.View/CampInventoryView.cs:25)
Game.View.CampPlayerView:Update () (at C:/Users/d.grab/Desktop/the-game/artifacts/capture-project/Assets/Game.View/CampPlayerView.cs:285)

(Filename: C:/build/output/unity/unity/Runtime/Export/Debug/Debug.bindings.cs Line: 123)

[capture] ART/HUD/final-2026-09-15/before\shot_01_t6.00s.png  1920x1080
UnityEngine.Debug:ExtractStackTraceNoAlloc (byte*,int,string)
UnityEngine.StackTraceUtility:ExtractStackTrace () (at C:/build/output/unity/unity/Runtime/Export/Scripting/StackTrace.cs:35)
UnityEngine.DebugLogHandler:Internal_Log (UnityEngine.LogType,UnityEngine.LogOption,string,UnityEngine.Object)
UnityEngine.DebugLogHandler:LogFormat (UnityEngine.LogType,UnityEngine.Object,string,object[]) (at C:/build/output/unity/unity/Runtime/Export/Logging/DebugLogHandler.cs:9)
UnityEngine.Logger:Log (UnityEngine.LogType,object) (at C:/build/output/unity/unity/Runtime/Export/Logging/Logger.cs:60)
UnityEngine.Debug:Log (object) (at C:/build/output/unity/unity/Runtime/Export/Debug/Debug.bindings.cs:123)
Game.View.CaptureRig:CaptureStill (int,single) (at C:/Users/d.grab/Desktop/the-game/artifacts/capture-project/Assets/Game.View/CaptureRig.cs:820)
Game.View.CaptureRig/<Run>d__188:MoveNext () (at C:/Users/d.grab/Desktop/the-game/artifacts/capture-project/Assets/Game.View/CaptureRig.cs:478)
UnityEngine.SetupCoroutine:InvokeMoveNext (System.Collections.IEnumerator,intptr) (at C:/build/output/unity/unity/Runtime/Export/Scripting/Coroutines.cs:17)

(Filename: C:/build/output/unity/unity/Runtime/Export/Debug/Debug.bindings.cs Line: 123)

[capture] ART/HUD/final-2026-09-15/before\shot_02_t10.00s.png  1920x1080
UnityEngine.Debug:ExtractStackTraceNoAlloc (byte*,int,string)
UnityEngine.StackTraceUtility:ExtractStackTrace () (at C:/build/output/unity/unity/Runtime/Export/Scripting/StackTrace.cs:35)
UnityEngine.DebugLogHandler:Internal_Log (UnityEngine.LogType,UnityEngine.LogOption,string,UnityEngine.Object)
UnityEngine.DebugLogHandler:LogFormat (UnityEngine.LogType,UnityEngine.Object,string,object[]) (at C:/build/output/unity/unity/Runtime/Export/Logging/DebugLogHandler.cs:9)
UnityEngine.Logger:Log (UnityEngine.LogType,object) (at C:/build/output/unity/unity/Runtime/Export/Logging/Logger.cs:60)
UnityEngine.Debug:Log (object) (at C:/build/output/unity/unity/Runtime/Export/Debug/Debug.bindings.cs:123)
Game.View.CaptureRig:CaptureStill (int,single) (at C:/Users/d.grab/Desktop/the-game/artifacts/capture-project/Assets/Game.View/CaptureRig.cs:820)
Game.View.CaptureRig/<Run>d__188:MoveNext () (at C:/Users/d.grab/Desktop/the-game/artifacts/capture-project/Assets/Game.View/CaptureRig.cs:478)
UnityEngine.SetupCoroutine:InvokeMoveNext (System.Collections.IEnumerator,intptr) (at C:/build/output/unity/unity/Runtime/Export/Scripting/Coroutines.cs:17)

(Filename: C:/build/output/unity/unity/Runtime/Export/Debug/Debug.bindings.cs Line: 123)

[camp-ambience] Fire Light base=2,700 observed=1,586..3,473 restored=True
UnityEngine.Debug:ExtractStackTraceNoAlloc (byte*,int,string)
UnityEngine.StackTraceUtility:ExtractStackTrace () (at C:/build/output/unity/unity/Runtime/Export/Scripting/StackTrace.cs:35)
UnityEngine.DebugLogHandler:Internal_Log (UnityEngine.LogType,UnityEngine.LogOption,string,UnityEngine.Object)
UnityEngine.DebugLogHandler:LogFormat (UnityEngine.LogType,UnityEngine.Object,string,object[]) (at C:/build/output/unity/unity/Runtime/Export/Logging/DebugLogHandler.cs:9)
UnityEngine.Logger:Log (UnityEngine.LogType,object) (at C:/build/output/unity/unity/Runtime/Export/Logging/Logger.cs:60)
UnityEngine.Debug:Log (object) (at C:/build/output/unity/unity/Runtime/Export/Debug/Debug.bindings.cs:123)
Game.View.CampAmbience:StopPreview () (at C:/Users/d.grab/Desktop/the-game/artifacts/capture-project/Assets/Game.View/CampAmbience.cs:106)
Game.View.CampAmbience:OnDisable () (at C:/Users/d.grab/Desktop/the-game/artifacts/capture-project/Assets/Game.View/CampAmbience.cs:98)

(Filename: C:/build/output/unity/unity/Runtime/Export/Debug/Debug.bindings.cs Line: 123)

[camp-ambience] Fire Light (1) base=2,700 observed=1,586..3,473 restored=True
UnityEngine.Debug:ExtractStackTraceNoAlloc (byte*,int,string)
UnityEngine.StackTraceUtility:ExtractStackTrace () (at C:/build/output/unity/unity/Runtime/Export/Scripting/StackTrace.cs:35)
UnityEngine.DebugLogHandler:Internal_Log (UnityEngine.LogType,UnityEngine.LogOption,string,UnityEngine.Object)
UnityEngine.DebugLogHandler:LogFormat (UnityEngine.LogType,UnityEngine.Object,string,object[]) (at C:/build/output/unity/unity/Runtime/Export/Logging/DebugLogHandler.cs:9)
UnityEngine.Logger:Log (UnityEngine.LogType,object) (at C:/build/output/unity/unity/Runtime/Export/Logging/Logger.cs:60)
UnityEngine.Debug:Log (object) (at C:/build/output/unity/unity/Runtime/Export/Debug/Debug.bindings.cs:123)
Game.View.CampAmbience:StopPreview () (at C:/Users/d.grab/Desktop/the-game/artifacts/capture-project/Assets/Game.View/CampAmbience.cs:106)
Game.View.CampAmbience:OnDisable () (at C:/Users/d.grab/Desktop/the-game/artifacts/capture-project/Assets/Game.View/CampAmbience.cs:98)

(Filename: C:/build/output/unity/unity/Runtime/Export/Debug/Debug.bindings.cs Line: 123)

[camp-ambience] Fire Light (2) base=2,700 observed=1,586..3,473 restored=True
UnityEngine.Debug:ExtractStackTraceNoAlloc (byte*,int,string)
UnityEngine.StackTraceUtility:ExtractStackTrace () (at C:/build/output/unity/unity/Runtime/Export/Scripting/StackTrace.cs:35)
UnityEngine.DebugLogHandler:Internal_Log (UnityEngine.LogType,UnityEngine.LogOption,string,UnityEngine.Object)
UnityEngine.DebugLogHandler:LogFormat (UnityEngine.LogType,UnityEngine.Object,string,object[]) (at C:/build/output/unity/unity/Runtime/Export/Logging/DebugLogHandler.cs:9)
UnityEngine.Logger:Log (UnityEngine.LogType,object) (at C:/build/output/unity/unity/Runtime/Export/Logging/Logger.cs:60)
UnityEngine.Debug:Log (object) (at C:/build/output/unity/unity/Runtime/Export/Debug/Debug.bindings.cs:123)
Game.View.CampAmbience:StopPreview () (at C:/Users/d.grab/Desktop/the-game/artifacts/capture-project/Assets/Game.View/CampAmbience.cs:106)
Game.View.CampAmbience:OnDisable () (at C:/Users/d.grab/Desktop/the-game/artifacts/capture-project/Assets/Game.View/CampAmbience.cs:98)

(Filename: C:/build/output/unity/unity/Runtime/Export/Debug/Debug.bindings.cs Line: 123)

[camp-ambience] Fire Light base=3,700 observed=2,855..4,707 restored=True
UnityEngine.Debug:ExtractStackTraceNoAlloc (byte*,int,string)
UnityEngine.StackTraceUtility:ExtractStackTrace () (at C:/build/output/unity/unity/Runtime/Export/Scripting/StackTrace.cs:35)
UnityEngine.DebugLogHandler:Internal_Log (UnityEngine.LogType,UnityEngine.LogOption,string,UnityEngine.Object)
UnityEngine.DebugLogHandler:LogFormat (UnityEngine.LogType,UnityEngine.Object,string,object[]) (at C:/build/output/unity/unity/Runtime/Export/Logging/DebugLogHandler.cs:9)
UnityEngine.Logger:Log (UnityEngine.LogType,object) (at C:/build/output/unity/unity/Runtime/Export/Logging/Logger.cs:60)
UnityEngine.Debug:Log (object) (at C:/build/output/unity/unity/Runtime/Export/Debug/Debug.bindings.cs:123)
Game.View.CampAmbience:StopPreview () (at C:/Users/d.grab/Desktop/the-game/artifacts/capture-project/Assets/Game.View/CampAmbience.cs:106)
Game.View.CampAmbience:OnDisable () (at C:/Users/d.grab/Desktop/the-game/artifacts/capture-project/Assets/Game.View/CampAmbience.cs:98)

(Filename: C:/build/output/unity/unity/Runtime/Export/Debug/Debug.bindings.cs Line: 123)

[camp-ambience] Fire Light (1) base=3,700 observed=2,744..4,778 restored=True
UnityEngine.Debug:ExtractStackTraceNoAlloc (byte*,int,string)
UnityEngine.StackTraceUtility:ExtractStackTrace () (at C:/build/output/unity/unity/Runtime/Export/Scripting/StackTrace.cs:35)
UnityEngine.DebugLogHandler:Internal_Log (UnityEngine.LogType,UnityEngine.LogOption,string,UnityEngine.Object)
UnityEngine.DebugLogHandler:LogFormat (UnityEngine.LogType,UnityEngine.Object,string,object[]) (at C:/build/output/unity/unity/Runtime/Export/Logging/DebugLogHandler.cs:9)
UnityEngine.Logger:Log (UnityEngine.LogType,object) (at C:/build/output/unity/unity/Runtime/Export/Logging/Logger.cs:60)
UnityEngine.Debug:Log (object) (at C:/build/output/unity/unity/Runtime/Export/Debug/Debug.bindings.cs:123)
Game.View.CampAmbience:StopPreview () (at C:/Users/d.grab/Desktop/the-game/artifacts/capture-project/Assets/Game.View/CampAmbience.cs:106)
Game.View.CampAmbience:OnDisable () (at C:/Users/d.grab/Desktop/the-game/artifacts/capture-project/Assets/Game.View/CampAmbience.cs:98)

(Filename: C:/build/output/unity/unity/Runtime/Export/Debug/Debug.bindings.cs Line: 123)

[camp-ambience] Fire Light (1) base=2,800 observed=2,194..3,635 restored=True
UnityEngine.Debug:ExtractStackTraceNoAlloc (byte*,int,string)
UnityEngine.StackTraceUtility:ExtractStackTrace () (at C:/build/output/unity/unity/Runtime/Export/Scripting/StackTrace.cs:35)
UnityEngine.DebugLogHandler:Internal_Log (UnityEngine.LogType,UnityEngine.LogOption,string,UnityEngine.Object)
UnityEngine.DebugLogHandler:LogFormat (UnityEngine.LogType,UnityEngine.Object,string,object[]) (at C:/build/output/unity/unity/Runtime/Export/Logging/DebugLogHandler.cs:9)
UnityEngine.Logger:Log (UnityEngine.LogType,object) (at C:/build/output/unity/unity/Runtime/Export/Logging/Logger.cs:60)
UnityEngine.Debug:Log (object) (at C:/build/output/unity/unity/Runtime/Export/Debug/Debug.bindings.cs:123)
Game.View.CampAmbience:StopPreview () (at C:/Users/d.grab/Desktop/the-game/artifacts/capture-project/Assets/Game.View/CampAmbience.cs:106)
Game.View.CampAmbience:OnDisable () (at C:/Users/d.grab/Desktop/the-game/artifacts/capture-project/Assets/Game.View/CampAmbience.cs:98)

(Filename: C:/build/output/unity/unity/Runtime/Export/Debug/Debug.bindings.cs Line: 123)

[camp-ambience] Fire Light (2) base=2,800 observed=1,954..3,339 restored=True
UnityEngine.Debug:ExtractStackTraceNoAlloc (byte*,int,string)
UnityEngine.StackTraceUtility:ExtractStackTrace () (at C:/build/output/unity/unity/Runtime/Export/Scripting/StackTrace.cs:35)
UnityEngine.DebugLogHandler:Internal_Log (UnityEngine.LogType,UnityEngine.LogOption,string,UnityEngine.Object)
UnityEngine.DebugLogHandler:LogFormat (UnityEngine.LogType,UnityEngine.Object,string,object[]) (at C:/build/output/unity/unity/Runtime/Export/Logging/DebugLogHandler.cs:9)
UnityEngine.Logger:Log (UnityEngine.LogType,object) (at C:/build/output/unity/unity/Runtime/Export/Logging/Logger.cs:60)
UnityEngine.Debug:Log (object) (at C:/build/output/unity/unity/Runtime/Export/Debug/Debug.bindings.cs:123)
Game.View.CampAmbience:StopPreview () (at C:/Users/d.grab/Desktop/the-game/artifacts/capture-project/Assets/Game.View/CampAmbience.cs:106)
Game.View.CampAmbience:OnDisable () (at C:/Users/d.grab/Desktop/the-game/artifacts/capture-project/Assets/Game.View/CampAmbience.cs:98)

(Filename: C:/build/output/unity/unity/Runtime/Export/Debug/Debug.bindings.cs Line: 123)

[camp-ambience] Fire Light (3) base=2,800 observed=1,904..3,573 restored=True
UnityEngine.Debug:ExtractStackTraceNoAlloc (byte*,int,string)
UnityEngine.StackTraceUtility:ExtractStackTrace () (at C:/build/output/unity/unity/Runtime/Export/Scripting/StackTrace.cs:35)
UnityEngine.DebugLogHandler:Internal_Log (UnityEngine.LogType,UnityEngine.LogOption,string,UnityEngine.Object)
UnityEngine.DebugLogHandler:LogFormat (UnityEngine.LogType,UnityEngine.Object,string,object[]) (at C:/build/output/unity/unity/Runtime/Export/Logging/DebugLogHandler.cs:9)
UnityEngine.Logger:Log (UnityEngine.LogType,object) (at C:/build/output/unity/unity/Runtime/Export/Logging/Logger.cs:60)
UnityEngine.Debug:Log (object) (at C:/build/output/unity/unity/Runtime/Export/Debug/Debug.bindings.cs:123)
Game.View.CampAmbience:StopPreview () (at C:/Users/d.grab/Desktop/the-game/artifacts/capture-project/Assets/Game.View/CampAmbience.cs:106)
Game.View.CampAmbience:OnDisable () (at C:/Users/d.grab/Desktop/the-game/artifacts/capture-project/Assets/Game.View/CampAmbience.cs:98)

(Filename: C:/build/output/unity/unity/Runtime/Export/Debug/Debug.bindings.cs Line: 123)

[camp-ambience] Fire Light (1) base=10,000 observed=7,377..12,851 restored=True
UnityEngine.Debug:ExtractStackTraceNoAlloc (byte*,int,string)
UnityEngine.StackTraceUtility:ExtractStackTrace () (at C:/build/output/unity/unity/Runtime/Export/Scripting/StackTrace.cs:35)
UnityEngine.DebugLogHandler:Internal_Log (UnityEngine.LogType,UnityEngine.LogOption,string,UnityEngine.Object)
UnityEngine.DebugLogHandler:LogFormat (UnityEngine.LogType,UnityEngine.Object,string,object[]) (at C:/build/output/unity/unity/Runtime/Export/Logging/DebugLogHandler.cs:9)
UnityEngine.Logger:Log (UnityEngine.LogType,object) (at C:/build/output/unity/unity/Runtime/Export/Logging/Logger.cs:60)
UnityEngine.Debug:Log (object) (at C:/build/output/unity/unity/Runtime/Export/Debug/Debug.bindings.cs:123)
Game.View.CampAmbience:StopPreview () (at C:/Users/d.grab/Desktop/the-game/artifacts/capture-project/Assets/Game.View/CampAmbience.cs:106)
Game.View.CampAmbience:OnDisable () (at C:/Users/d.grab/Desktop/the-game/artifacts/capture-project/Assets/Game.View/CampAmbience.cs:98)

(Filename: C:/build/output/unity/unity/Runtime/Export/Debug/Debug.bindings.cs Line: 123)

[camp-ambience] Fire Light (2) base=10,000 observed=7,203..12,263 restored=True
UnityEngine.Debug:ExtractStackTraceNoAlloc (byte*,int,string)
UnityEngine.StackTraceUtility:ExtractStackTrace () (at C:/build/output/unity/unity/Runtime/Export/Scripting/StackTrace.cs:35)
UnityEngine.DebugLogHandler:Internal_Log (UnityEngine.LogType,UnityEngine.LogOption,string,UnityEngine.Object)
UnityEngine.DebugLogHandler:LogFormat (UnityEngine.LogType,UnityEngine.Object,string,object[]) (at C:/build/output/unity/unity/Runtime/Export/Logging/DebugLogHandler.cs:9)
UnityEngine.Logger:Log (UnityEngine.LogType,object) (at C:/build/output/unity/unity/Runtime/Export/Logging/Logger.cs:60)
UnityEngine.Debug:Log (object) (at C:/build/output/unity/unity/Runtime/Export/Debug/Debug.bindings.cs:123)
Game.View.CampAmbience:StopPreview () (at C:/Users/d.grab/Desktop/the-game/artifacts/capture-project/Assets/Game.View/CampAmbience.cs:106)
Game.View.CampAmbience:OnDisable () (at C:/Users/d.grab/Desktop/the-game/artifacts/capture-project/Assets/Game.View/CampAmbience.cs:98)

(Filename: C:/build/output/unity/unity/Runtime/Export/Debug/Debug.bindings.cs Line: 123)

[camp-ambience] Fire Light (3) base=10,000 observed=6,820..11,903 restored=True
UnityEngine.Debug:ExtractStackTraceNoAlloc (byte*,int,string)
UnityEngine.StackTraceUtility:ExtractStackTrace () (at C:/build/output/unity/unity/Runtime/Export/Scripting/StackTrace.cs:35)
UnityEngine.DebugLogHandler:Internal_Log (UnityEngine.LogType,UnityEngine.LogOption,string,UnityEngine.Object)
UnityEngine.DebugLogHandler:LogFormat (UnityEngine.LogType,UnityEngine.Object,string,object[]) (at C:/build/output/unity/unity/Runtime/Export/Logging/DebugLogHandler.cs:9)
UnityEngine.Logger:Log (UnityEngine.LogType,object) (at C:/build/output/unity/unity/Runtime/Export/Logging/Logger.cs:60)
UnityEngine.Debug:Log (object) (at C:/build/output/unity/unity/Runtime/Export/Debug/Debug.bindings.cs:123)
Game.View.CampAmbience:StopPreview () (at C:/Users/d.grab/Desktop/the-game/artifacts/capture-project/Assets/Game.View/CampAmbience.cs:106)
Game.View.CampAmbience:OnDisable () (at C:/Users/d.grab/Desktop/the-game/artifacts/capture-project/Assets/Game.View/CampAmbience.cs:98)

(Filename: C:/build/output/unity/unity/Runtime/Export/Debug/Debug.bindings.cs Line: 123)

[camp-ambience] Огонь чаши base=1,250 observed=1,250..1,250 restored=True
UnityEngine.Debug:ExtractStackTraceNoAlloc (byte*,int,string)
UnityEngine.StackTraceUtility:ExtractStackTrace () (at C:/build/output/unity/unity/Runtime/Export/Scripting/StackTrace.cs:35)
UnityEngine.DebugLogHandler:Internal_Log (UnityEngine.LogType,UnityEngine.LogOption,string,UnityEngine.Object)
UnityEngine.DebugLogHandler:LogFormat (UnityEngine.LogType,UnityEngine.Object,string,object[]) (at C:/build/output/unity/unity/Runtime/Export/Logging/DebugLogHandler.cs:9)
UnityEngine.Logger:Log (UnityEngine.LogType,object) (at C:/build/output/unity/unity/Runtime/Export/Logging/Logger.cs:60)
UnityEngine.Debug:Log (object) (at C:/build/output/unity/unity/Runtime/Export/Debug/Debug.bindings.cs:123)
Game.View.CampAmbience:StopPreview () (at C:/Users/d.grab/Desktop/the-game/artifacts/capture-project/Assets/Game.View/CampAmbience.cs:106)
Game.View.CampAmbience:OnDisable () (at C:/Users/d.grab/Desktop/the-game/artifacts/capture-project/Assets/Game.View/CampAmbience.cs:98)

(Filename: C:/build/output/unity/unity/Runtime/Export/Debug/Debug.bindings.cs Line: 123)

[camp-ambience] Холод кристалла base=1,100 observed=1,100..1,100 restored=True
UnityEngine.Debug:ExtractStackTraceNoAlloc (byte*,int,string)
UnityEngine.StackTraceUtility:ExtractStackTrace () (at C:/build/output/unity/unity/Runtime/Export/Scripting/StackTrace.cs:35)
UnityEngine.DebugLogHandler:Internal_Log (UnityEngine.LogType,UnityEngine.LogOption,string,UnityEngine.Object)
UnityEngine.DebugLogHandler:LogFormat (UnityEngine.LogType,UnityEngine.Object,string,object[]) (at C:/build/output/unity/unity/Runtime/Export/Logging/DebugLogHandler.cs:9)
UnityEngine.Logger:Log (UnityEngine.LogType,object) (at C:/build/output/unity/unity/Runtime/Export/Logging/Logger.cs:60)
UnityEngine.Debug:Log (object) (at C:/build/output/unity/unity/Runtime/Export/Debug/Debug.bindings.cs:123)
Game.View.CampAmbience:StopPreview () (at C:/Users/d.grab/Desktop/the-game/artifacts/capture-project/Assets/Game.View/CampAmbience.cs:106)
Game.View.CampAmbience:OnDisable () (at C:/Users/d.grab/Desktop/the-game/artifacts/capture-project/Assets/Game.View/CampAmbience.cs:98)

(Filename: C:/build/output/unity/unity/Runtime/Export/Debug/Debug.bindings.cs Line: 123)

[camp-ambience] Алхимическое зелье base=1,150 observed=1,150..1,150 restored=True
UnityEngine.Debug:ExtractStackTraceNoAlloc (byte*,int,string)
UnityEngine.StackTraceUtility:ExtractStackTrace () (at C:/build/output/unity/unity/Runtime/Export/Scripting/StackTrace.cs:35)
UnityEngine.DebugLogHandler:Internal_Log (UnityEngine.LogType,UnityEngine.LogOption,string,UnityEngine.Object)
UnityEngine.DebugLogHandler:LogFormat (UnityEngine.LogType,UnityEngine.Object,string,object[]) (at C:/build/output/unity/unity/Runtime/Export/Logging/DebugLogHandler.cs:9)
UnityEngine.Logger:Log (UnityEngine.LogType,object) (at C:/build/output/unity/unity/Runtime/Export/Logging/Logger.cs:60)
UnityEngine.Debug:Log (object) (at C:/build/output/unity/unity/Runtime/Export/Debug/Debug.bindings.cs:123)
Game.View.CampAmbience:StopPreview () (at C:/Users/d.grab/Desktop/the-game/artifacts/capture-project/Assets/Game.View/CampAmbience.cs:106)
Game.View.CampAmbience:OnDisable () (at C:/Users/d.grab/Desktop/the-game/artifacts/capture-project/Assets/Game.View/CampAmbience.cs:98)

(Filename: C:/build/output/unity/unity/Runtime/Export/Debug/Debug.bindings.cs Line: 123)

[camp-ambience] Золотые руны base=0,280 observed=0,280..0,280 restored=True
UnityEngine.Debug:ExtractStackTraceNoAlloc (byte*,int,string)
UnityEngine.StackTraceUtility:ExtractStackTrace () (at C:/build/output/unity/unity/Runtime/Export/Scripting/StackTrace.cs:35)
UnityEngine.DebugLogHandler:Internal_Log (UnityEngine.LogType,UnityEngine.LogOption,string,UnityEngine.Object)
UnityEngine.DebugLogHandler:LogFormat (UnityEngine.LogType,UnityEngine.Object,string,object[]) (at C:/build/output/unity/unity/Runtime/Export/Logging/DebugLogHandler.cs:9)
UnityEngine.Logger:Log (UnityEngine.LogType,object) (at C:/build/output/unity/unity/Runtime/Export/Logging/Logger.cs:60)
UnityEngine.Debug:Log (object) (at C:/build/output/unity/unity/Runtime/Export/Debug/Debug.bindings.cs:123)
Game.View.CampAmbience:StopPreview () (at C:/Users/d.grab/Desktop/the-game/artifacts/capture-project/Assets/Game.View/CampAmbience.cs:106)
Game.View.CampAmbience:OnDisable () (at C:/Users/d.grab/Desktop/the-game/artifacts/capture-project/Assets/Game.View/CampAmbience.cs:98)

(Filename: C:/build/output/unity/unity/Runtime/Export/Debug/Debug.bindings.cs Line: 123)

[camp-ambience] Сердце круга base=2,100 observed=2,100..2,100 restored=True
UnityEngine.Debug:ExtractStackTraceNoAlloc (byte*,int,string)
UnityEngine.StackTraceUtility:ExtractStackTrace () (at C:/build/output/unity/unity/Runtime/Export/Scripting/StackTrace.cs:35)
UnityEngine.DebugLogHandler:Internal_Log (UnityEngine.LogType,UnityEngine.LogOption,string,UnityEngine.Object)
UnityEngine.DebugLogHandler:LogFormat (UnityEngine.LogType,UnityEngine.Object,string,object[]) (at C:/build/output/unity/unity/Runtime/Export/Logging/DebugLogHandler.cs:9)
UnityEngine.Logger:Log (UnityEngine.LogType,object) (at C:/build/output/unity/unity/Runtime/Export/Logging/Logger.cs:60)
UnityEngine.Debug:Log (object) (at C:/build/output/unity/unity/Runtime/Export/Debug/Debug.bindings.cs:123)
Game.View.CampAmbience:StopPreview () (at C:/Users/d.grab/Desktop/the-game/artifacts/capture-project/Assets/Game.View/CampAmbience.cs:106)
Game.View.CampAmbience:OnDisable () (at C:/Users/d.grab/Desktop/the-game/artifacts/capture-project/Assets/Game.View/CampAmbience.cs:98)

(Filename: C:/build/output/unity/unity/Runtime/Export/Debug/Debug.bindings.cs Line: 123)

[camp-ambience] Fire Light (5) base=3,700 observed=2,606..4,692 restored=True
UnityEngine.Debug:ExtractStackTraceNoAlloc (byte*,int,string)
UnityEngine.StackTraceUtility:ExtractStackTrace () (at C:/build/output/unity/unity/Runtime/Export/Scripting/StackTrace.cs:35)
UnityEngine.DebugLogHandler:Internal_Log (UnityEngine.LogType,UnityEngine.LogOption,string,UnityEngine.Object)
UnityEngine.DebugLogHandler:LogFormat (UnityEngine.LogType,UnityEngine.Object,string,object[]) (at C:/build/output/unity/unity/Runtime/Export/Logging/DebugLogHandler.cs:9)
UnityEngine.Logger:Log (UnityEngine.LogType,object) (at C:/build/output/unity/unity/Runtime/Export/Logging/Logger.cs:60)
UnityEngine.Debug:Log (object) (at C:/build/output/unity/unity/Runtime/Export/Debug/Debug.bindings.cs:123)
Game.View.CampAmbience:StopPreview () (at C:/Users/d.grab/Desktop/the-game/artifacts/capture-project/Assets/Game.View/CampAmbience.cs:106)
Game.View.CampAmbience:OnDisable () (at C:/Users/d.grab/Desktop/the-game/artifacts/capture-project/Assets/Game.View/CampAmbience.cs:98)

(Filename: C:/build/output/unity/unity/Runtime/Export/Debug/Debug.bindings.cs Line: 123)

[camp-ambience] Fire Light (4) base=3,700 observed=2,562..4,394 restored=True
UnityEngine.Debug:ExtractStackTraceNoAlloc (byte*,int,string)
UnityEngine.StackTraceUtility:ExtractStackTrace () (at C:/build/output/unity/unity/Runtime/Export/Scripting/StackTrace.cs:35)
UnityEngine.DebugLogHandler:Internal_Log (UnityEngine.LogType,UnityEngine.LogOption,string,UnityEngine.Object)
UnityEngine.DebugLogHandler:LogFormat (UnityEngine.LogType,UnityEngine.Object,string,object[]) (at C:/build/output/unity/unity/Runtime/Export/Logging/DebugLogHandler.cs:9)
UnityEngine.Logger:Log (UnityEngine.LogType,object) (at C:/build/output/unity/unity/Runtime/Export/Logging/Logger.cs:60)
UnityEngine.Debug:Log (object) (at C:/build/output/unity/unity/Runtime/Export/Debug/Debug.bindings.cs:123)
Game.View.CampAmbience:StopPreview () (at C:/Users/d.grab/Desktop/the-game/artifacts/capture-project/Assets/Game.View/CampAmbience.cs:106)
Game.View.CampAmbience:OnDisable () (at C:/Users/d.grab/Desktop/the-game/artifacts/capture-project/Assets/Game.View/CampAmbience.cs:98)

(Filename: C:/build/output/unity/unity/Runtime/Export/Debug/Debug.bindings.cs Line: 123)

[Physics::Module] Cleanup current backend.
[Physics::Module] Id: 0xf2b8ea05
Input System module state changed to: ShutdownInProgress.
Input Polling Thread exited.
Input System module state changed to: Shutdown.
CodeReloadManager destroyed
PlayerConnection::Cleanup##utp:{"type":"MemoryLeaks","version":2,"phase":"Immediate","time":1789430501288,"processId":35992,"allocatedMemory":637371,"memoryLabels":[{"Default":29824},{"Thread":11712},{"Manager":540249},{"Shader":6808},{"GfxDevice":2448},{"GfxThread":12288},{"Animation":629280},{"Serialization":8984},{"Input":2440},{"ScriptingNativeRuntime":15168},{"BaseObject":15232},{"String":517},{"PoolAlloc":240},{"CodeReload":440},{"CloudService":144},{"WebRequest":3917},{"VR":1928},{"Video":144},{"NativeArray":372},{"Subsystems":96},{"Gui":340},{"CoreBusinessMetrics":128}]}
