Mono path[0] = 'C:/Users/d.grab/Desktop/the-game/artifacts/camp-polish-build/Razlom_Data/Managed'
Mono config path = 'C:/Users/d.grab/Desktop/the-game/artifacts/camp-polish-build/MonoBleedingEdge/etc'
Starting managed debugger on port 56064
Using monoOptions --debugger-agent=transport=dt_socket,embedding=1,server=y,suspend=n,address=0.0.0.0:56064
CodeReloadManager initialized
Found 2 interfaces on host : 0) 172.19.0.1 1) 192.168.0.103
Player connection [108828]  Target information:

Player connection [108828]  * "[IP] 172.19.0.1 [Port] 55000 [Flags] 2 [Guid] 125815064 [EditorId] 1858068216 [Version] 1048832 [Id] WindowsPlayer(2,mitpc08) [Debug] 1 [PackageName] WindowsPlayer [ProjectName] razlom" 

Player connection [108828]  * "[IP] 192.168.0.103 [Port] 55000 [Flags] 2 [Guid] 125815064 [EditorId] 1858068216 [Version] 1048832 [Id] WindowsPlayer(2,mitpc08) [Debug] 1 [PackageName] WindowsPlayer [ProjectName] razlom" 

Player connection [108828] Started UDP target info broadcast (1) on [225.0.0.222:54997].

Input System module state changed to: Initialized.
[Physics::Module] Initialized fallback backend.
[Physics::Module] Id: 0xdecafbad
Initialize engine version: 6000.5.10f1 (3bd4f66ad299)
[Subsystems] Discovering subsystems at path C:/Users/d.grab/Desktop/the-game/artifacts/camp-polish-build/Razlom_Data/UnitySubsystems
[D3D12 Device Filter] Vendor Name: NVIDIA
[D3D12 Device Filter] Device Name: NVIDIA GeForce RTX 3060
[D3D12 Device Filter] Driver Version: 32.0.15.6094
[D3D12 Device Filter] Feature Level: 12.2
[D3D12 Device Filter] Graphics Memory: 12115 MB
[D3D12 Device Filter] Processor Count: 20
[D3D12 Device Filter] Device Type: Discrete
GfxDevice: creating device client; kGfxThreadingModeSplitJobs
d3d12: failed to query info queue interface (0x80004002).
Direct3D:
    Version:         Direct3D 12 [level 12.2]
    Renderer:        NVIDIA GeForce RTX 3060 (ID=0x2504)
    Vendor:          NVIDIA
    VRAM:            12115 MB
    App VRAM Budget: 11347 MB
    Driver:          32.0.15.6094
Begin MonoManager ReloadAssembly
- Finished resetting the current domain, in  0.070 seconds
[Physics::Module] Selected backend.
[Physics::Module] Name: PhysX
[Physics::Module] Id: 0xf2b8ea05
[Physics::Module] SDK Version: 4.1.2
[Physics::Module] Integration Version: 1.0.0
[Physics::Module] Threading Mode: Multi-Threaded
<RI> Initializing input.
Using Windows.Gaming.Input
<RI> Input initialized.
UnloadTime: 3.467400 ms
[Разлом] Потолок кадров: Синхронизация → vSyncCount=1, targetFrameRate=-1
UnityEngine.Debug:ExtractStackTraceNoAlloc (byte*,int,string)
UnityEngine.StackTraceUtility:ExtractStackTrace () (at C:/build/output/unity/unity/Runtime/Export/Scripting/StackTrace.cs:35)
UnityEngine.DebugLogHandler:Internal_Log (UnityEngine.LogType,UnityEngine.LogOption,string,UnityEngine.Object)
UnityEngine.DebugLogHandler:LogFormat (UnityEngine.LogType,UnityEngine.Object,string,object[]) (at C:/build/output/unity/unity/Runtime/Export/Logging/DebugLogHandler.cs:9)
UnityEngine.Logger:Log (UnityEngine.LogType,object) (at C:/build/output/unity/unity/Runtime/Export/Logging/Logger.cs:60)
UnityEngine.Debug:Log (object) (at C:/build/output/unity/unity/Runtime/Export/Debug/Debug.bindings.cs:123)
Game.View.GameUserSettings:ApplyFrameCap () (at C:/Users/d.grab/Desktop/the-game/artifacts/camp-polish-project/Assets/Game.View/GameUserSettings.cs:313)
Game.View.GameUserSettings:Load () (at C:/Users/d.grab/Desktop/the-game/artifacts/camp-polish-project/Assets/Game.View/GameUserSettings.cs:254)
Game.View.GameUserSettings:RuntimeLoad () (at C:/Users/d.grab/Desktop/the-game/artifacts/camp-polish-project/Assets/Game.View/GameUserSettings.cs:234)

(Filename: C:/build/output/unity/unity/Runtime/Export/Debug/Debug.bindings.cs Line: 123)

[Разлом] Лагерь. Сид сессии 20260829. E — войти в Разлом, T — Полигон.
UnityEngine.Debug:ExtractStackTraceNoAlloc (byte*,int,string)
UnityEngine.StackTraceUtility:ExtractStackTrace () (at C:/build/output/unity/unity/Runtime/Export/Scripting/StackTrace.cs:35)
UnityEngine.DebugLogHandler:Internal_Log (UnityEngine.LogType,UnityEngine.LogOption,string,UnityEngine.Object)
UnityEngine.DebugLogHandler:LogFormat (UnityEngine.LogType,UnityEngine.Object,string,object[]) (at C:/build/output/unity/unity/Runtime/Export/Logging/DebugLogHandler.cs:9)
UnityEngine.Logger:Log (UnityEngine.LogType,object) (at C:/build/output/unity/unity/Runtime/Export/Logging/Logger.cs:60)
UnityEngine.Debug:Log (object) (at C:/build/output/unity/unity/Runtime/Export/Debug/Debug.bindings.cs:123)
Game.View.TickDriver:Awake () (at C:/Users/d.grab/Desktop/the-game/artifacts/camp-polish-project/Assets/Game.View/TickDriver.cs:301)
UnityEngine.GameObject:SetActive (bool)
Game.View.Bootstrap:Awake () (at C:/Users/d.grab/Desktop/the-game/artifacts/camp-polish-project/Assets/Game.View/Bootstrap.cs:114)

(Filename: C:/build/output/unity/unity/Runtime/Export/Debug/Debug.bindings.cs Line: 123)

[camp-ambience] lights=24 breeze=0,80 fire=0,420 lamps=0,320
UnityEngine.Debug:ExtractStackTraceNoAlloc (byte*,int,string)
UnityEngine.StackTraceUtility:ExtractStackTrace () (at C:/build/output/unity/unity/Runtime/Export/Scripting/StackTrace.cs:35)
UnityEngine.DebugLogHandler:Internal_Log (UnityEngine.LogType,UnityEngine.LogOption,string,UnityEngine.Object)
UnityEngine.DebugLogHandler:LogFormat (UnityEngine.LogType,UnityEngine.Object,string,object[]) (at C:/build/output/unity/unity/Runtime/Export/Logging/DebugLogHandler.cs:9)
UnityEngine.Logger:Log (UnityEngine.LogType,object) (at C:/build/output/unity/unity/Runtime/Export/Logging/Logger.cs:60)
UnityEngine.Debug:Log (object) (at C:/build/output/unity/unity/Runtime/Export/Debug/Debug.bindings.cs:123)
Game.View.CampAmbience:OnEnable () (at C:/Users/d.grab/Desktop/the-game/artifacts/camp-polish-project/Assets/Game.View/CampAmbience.cs:64)

(Filename: C:/build/output/unity/unity/Runtime/Export/Debug/Debug.bindings.cs Line: 123)

[pso] прогрев: вариантов 115, состояний 349, Direct3D12/PC
UnityEngine.Debug:ExtractStackTraceNoAlloc (byte*,int,string)
UnityEngine.StackTraceUtility:ExtractStackTrace () (at C:/build/output/unity/unity/Runtime/Export/Scripting/StackTrace.cs:35)
UnityEngine.DebugLogHandler:Internal_Log (UnityEngine.LogType,UnityEngine.LogOption,string,UnityEngine.Object)
UnityEngine.DebugLogHandler:LogFormat (UnityEngine.LogType,UnityEngine.Object,string,object[]) (at C:/build/output/unity/unity/Runtime/Export/Logging/DebugLogHandler.cs:9)
UnityEngine.Logger:Log (UnityEngine.LogType,object) (at C:/build/output/unity/unity/Runtime/Export/Logging/Logger.cs:60)
UnityEngine.Debug:Log (object) (at C:/build/output/unity/unity/Runtime/Export/Debug/Debug.bindings.cs:123)
Game.View.ShaderWarmup:StartWarmup (bool) (at C:/Users/d.grab/Desktop/the-game/artifacts/camp-polish-project/Assets/Game.View/ShaderWarmup.cs:72)
Game.View.ShaderWarmup:Install () (at C:/Users/d.grab/Desktop/the-game/artifacts/camp-polish-project/Assets/Game.View/ShaderWarmup.cs:53)

(Filename: C:/build/output/unity/unity/Runtime/Export/Debug/Debug.bindings.cs Line: 123)

[camp-navigation] simpleFootprints=330 sources=1525 visualMeshCollidersAdded=0
UnityEngine.Debug:ExtractStackTraceNoAlloc (byte*,int,string)
UnityEngine.StackTraceUtility:ExtractStackTrace () (at C:/build/output/unity/unity/Runtime/Export/Scripting/StackTrace.cs:35)
UnityEngine.DebugLogHandler:Internal_Log (UnityEngine.LogType,UnityEngine.LogOption,string,UnityEngine.Object)
UnityEngine.DebugLogHandler:LogFormat (UnityEngine.LogType,UnityEngine.Object,string,object[]) (at C:/build/output/unity/unity/Runtime/Export/Logging/DebugLogHandler.cs:9)
UnityEngine.Logger:Log (UnityEngine.LogType,object) (at C:/build/output/unity/unity/Runtime/Export/Logging/Logger.cs:60)
UnityEngine.Debug:Log (object) (at C:/build/output/unity/unity/Runtime/Export/Debug/Debug.bindings.cs:123)
Game.View.CampPlayerView:BuildNavigation (UnityEngine.Transform) (at C:/Users/d.grab/Desktop/the-game/artifacts/camp-polish-project/Assets/Game.View/CampPlayerView.cs:230)
Game.View.CampPlayerView:Start () (at C:/Users/d.grab/Desktop/the-game/artifacts/camp-polish-project/Assets/Game.View/CampPlayerView.cs:76)

(Filename: C:/build/output/unity/unity/Runtime/Export/Debug/Debug.bindings.cs Line: 123)

[camp] spawn=(0.00, 0.05, -2.88) sharedCombat=True tent=camping+tent+3d+model (UnityEngine.Transform) cells=395724
UnityEngine.Debug:ExtractStackTraceNoAlloc (byte*,int,string)
UnityEngine.StackTraceUtility:ExtractStackTrace () (at C:/build/output/unity/unity/Runtime/Export/Scripting/StackTrace.cs:35)
UnityEngine.DebugLogHandler:Internal_Log (UnityEngine.LogType,UnityEngine.LogOption,string,UnityEngine.Object)
UnityEngine.DebugLogHandler:LogFormat (UnityEngine.LogType,UnityEngine.Object,string,object[]) (at C:/build/output/unity/unity/Runtime/Export/Logging/DebugLogHandler.cs:9)
UnityEngine.Logger:Log (UnityEngine.LogType,object) (at C:/build/output/unity/unity/Runtime/Export/Logging/Logger.cs:60)
UnityEngine.Debug:Log (object) (at C:/build/output/unity/unity/Runtime/Export/Debug/Debug.bindings.cs:123)
Game.View.CampPlayerView:Start () (at C:/Users/d.grab/Desktop/the-game/artifacts/camp-polish-project/Assets/Game.View/CampPlayerView.cs:124)

(Filename: C:/build/output/unity/unity/Runtime/Export/Debug/Debug.bindings.cs Line: 123)

[pso] прогрев готов за 1,74 с: 349 состояний
UnityEngine.Debug:ExtractStackTraceNoAlloc (byte*,int,string)
UnityEngine.StackTraceUtility:ExtractStackTrace () (at C:/build/output/unity/unity/Runtime/Export/Scripting/StackTrace.cs:35)
UnityEngine.DebugLogHandler:Internal_Log (UnityEngine.LogType,UnityEngine.LogOption,string,UnityEngine.Object)
UnityEngine.DebugLogHandler:LogFormat (UnityEngine.LogType,UnityEngine.Object,string,object[]) (at C:/build/output/unity/unity/Runtime/Export/Logging/DebugLogHandler.cs:9)
UnityEngine.Logger:Log (UnityEngine.LogType,object) (at C:/build/output/unity/unity/Runtime/Export/Logging/Logger.cs:60)
UnityEngine.Debug:Log (object) (at C:/build/output/unity/unity/Runtime/Export/Debug/Debug.bindings.cs:123)
Game.View.ShaderWarmup:Update () (at C:/Users/d.grab/Desktop/the-game/artifacts/camp-polish-project/Assets/Game.View/ShaderWarmup.cs:102)

(Filename: C:/build/output/unity/unity/Runtime/Export/Debug/Debug.bindings.cs Line: 123)

[Разлом] Wole: модель Characters/Pelag_v6/Runtime/Pelag_v6_MixamoRig, контроллер найден
UnityEngine.Debug:ExtractStackTraceNoAlloc (byte*,int,string)
UnityEngine.StackTraceUtility:ExtractStackTrace () (at C:/build/output/unity/unity/Runtime/Export/Scripting/StackTrace.cs:35)
UnityEngine.DebugLogHandler:Internal_Log (UnityEngine.LogType,UnityEngine.LogOption,string,UnityEngine.Object)
UnityEngine.DebugLogHandler:LogFormat (UnityEngine.LogType,UnityEngine.Object,string,object[]) (at C:/build/output/unity/unity/Runtime/Export/Logging/DebugLogHandler.cs:9)
UnityEngine.Logger:Log (UnityEngine.LogType,object) (at C:/build/output/unity/unity/Runtime/Export/Logging/Logger.cs:60)
UnityEngine.Debug:Log (object) (at C:/build/output/unity/unity/Runtime/Export/Debug/Debug.bindings.cs:123)
Game.View.ArenaView:BodyFactory (string,string,string,string,Game.Sim.Faction,single) (at C:/Users/d.grab/Desktop/the-game/artifacts/camp-polish-project/Assets/Game.View/ArenaView.cs:2349)
Game.View.ArenaView:Initialize () (at C:/Users/d.grab/Desktop/the-game/artifacts/camp-polish-project/Assets/Game.View/ArenaView.cs:506)
Game.View.ArenaView:LateUpdate () (at C:/Users/d.grab/Desktop/the-game/artifacts/camp-polish-project/Assets/Game.View/ArenaView.cs:753)

(Filename: C:/build/output/unity/unity/Runtime/Export/Debug/Debug.bindings.cs Line: 123)

[Разлом] Wole: материал собран в игре из «Weapons/Pelag/AnchorChain/Pelag_AnchorChain_BaseColor», шейдер Razlom/Texture Toon.
UnityEngine.Debug:ExtractStackTraceNoAlloc (byte*,int,string)
UnityEngine.StackTraceUtility:ExtractStackTrace () (at C:/build/output/unity/unity/Runtime/Export/Scripting/StackTrace.cs:35)
UnityEngine.DebugLogHandler:Internal_Log (UnityEngine.LogType,UnityEngine.LogOption,string,UnityEngine.Object)
UnityEngine.DebugLogHandler:LogFormat (UnityEngine.LogType,UnityEngine.Object,string,object[]) (at C:/build/output/unity/unity/Runtime/Export/Logging/DebugLogHandler.cs:9)
UnityEngine.Logger:Log (UnityEngine.LogType,object) (at C:/build/output/unity/unity/Runtime/Export/Logging/Logger.cs:60)
UnityEngine.Debug:Log (object) (at C:/build/output/unity/unity/Runtime/Export/Debug/Debug.bindings.cs:123)
Game.View.ArenaView:BuildRuntimeMaterial (string,Game.Sim.Faction) (at C:/Users/d.grab/Desktop/the-game/artifacts/camp-polish-project/Assets/Game.View/ArenaView.cs:2493)
Game.View.ArenaView:BodyFactory (string,string,string,string,Game.Sim.Faction,single) (at C:/Users/d.grab/Desktop/the-game/artifacts/camp-polish-project/Assets/Game.View/ArenaView.cs:2402)
Game.View.ArenaView:Initialize () (at C:/Users/d.grab/Desktop/the-game/artifacts/camp-polish-project/Assets/Game.View/ArenaView.cs:506)
Game.View.ArenaView:LateUpdate () (at C:/Users/d.grab/Desktop/the-game/artifacts/camp-polish-project/Assets/Game.View/ArenaView.cs:753)

(Filename: C:/build/output/unity/unity/Runtime/Export/Debug/Debug.bindings.cs Line: 123)

[Разлом] Orvill: модель Characters/Forest_Guardian/Forest_Guardian, контроллер найден
UnityEngine.Debug:ExtractStackTraceNoAlloc (byte*,int,string)
UnityEngine.StackTraceUtility:ExtractStackTrace () (at C:/build/output/unity/unity/Runtime/Export/Scripting/StackTrace.cs:35)
UnityEngine.DebugLogHandler:Internal_Log (UnityEngine.LogType,UnityEngine.LogOption,string,UnityEngine.Object)
UnityEngine.DebugLogHandler:LogFormat (UnityEngine.LogType,UnityEngine.Object,string,object[]) (at C:/build/output/unity/unity/Runtime/Export/Logging/DebugLogHandler.cs:9)
UnityEngine.Logger:Log (UnityEngine.LogType,object) (at C:/build/output/unity/unity/Runtime/Export/Logging/Logger.cs:60)
UnityEngine.Debug:Log (object) (at C:/build/output/unity/unity/Runtime/Export/Debug/Debug.bindings.cs:123)
Game.View.ArenaView:BodyFactory (string,string,string,string,Game.Sim.Faction,single) (at C:/Users/d.grab/Desktop/the-game/artifacts/camp-polish-project/Assets/Game.View/ArenaView.cs:2349)
Game.View.ArenaView:Initialize () (at C:/Users/d.grab/Desktop/the-game/artifacts/camp-polish-project/Assets/Game.View/ArenaView.cs:510)
Game.View.ArenaView:LateUpdate () (at C:/Users/d.grab/Desktop/the-game/artifacts/camp-polish-project/Assets/Game.View/ArenaView.cs:753)

(Filename: C:/build/output/unity/unity/Runtime/Export/Debug/Debug.bindings.cs Line: 123)

[Разлом] Orvill: материал собран в игре из «Characters/Forest_Guardian/Forest_Guardian_BaseColor», шейдер Razlom/Texture Toon.
UnityEngine.Debug:ExtractStackTraceNoAlloc (byte*,int,string)
UnityEngine.StackTraceUtility:ExtractStackTrace () (at C:/build/output/unity/unity/Runtime/Export/Scripting/StackTrace.cs:35)
UnityEngine.DebugLogHandler:Internal_Log (UnityEngine.LogType,UnityEngine.LogOption,string,UnityEngine.Object)
UnityEngine.DebugLogHandler:LogFormat (UnityEngine.LogType,UnityEngine.Object,string,object[]) (at C:/build/output/unity/unity/Runtime/Export/Logging/DebugLogHandler.cs:9)
UnityEngine.Logger:Log (UnityEngine.LogType,object) (at C:/build/output/unity/unity/Runtime/Export/Logging/Logger.cs:60)
UnityEngine.Debug:Log (object) (at C:/build/output/unity/unity/Runtime/Export/Debug/Debug.bindings.cs:123)
Game.View.ArenaView:BuildRuntimeMaterial (string,Game.Sim.Faction) (at C:/Users/d.grab/Desktop/the-game/artifacts/camp-polish-project/Assets/Game.View/ArenaView.cs:2493)
Game.View.ArenaView:BodyFactory (string,string,string,string,Game.Sim.Faction,single) (at C:/Users/d.grab/Desktop/the-game/artifacts/camp-polish-project/Assets/Game.View/ArenaView.cs:2381)
Game.View.ArenaView:Initialize () (at C:/Users/d.grab/Desktop/the-game/artifacts/camp-polish-project/Assets/Game.View/ArenaView.cs:510)
Game.View.ArenaView:LateUpdate () (at C:/Users/d.grab/Desktop/the-game/artifacts/camp-polish-project/Assets/Game.View/ArenaView.cs:753)

(Filename: C:/build/output/unity/unity/Runtime/Export/Debug/Debug.bindings.cs Line: 123)

[Разлом] Orvill: модель Characters/Forest_RootSwarm/Forest_RootSwarm@Idle, контроллер найден
UnityEngine.Debug:ExtractStackTraceNoAlloc (byte*,int,string)
UnityEngine.StackTraceUtility:ExtractStackTrace () (at C:/build/output/unity/unity/Runtime/Export/Scripting/StackTrace.cs:35)
UnityEngine.DebugLogHandler:Internal_Log (UnityEngine.LogType,UnityEngine.LogOption,string,UnityEngine.Object)
UnityEngine.DebugLogHandler:LogFormat (UnityEngine.LogType,UnityEngine.Object,string,object[]) (at C:/build/output/unity/unity/Runtime/Export/Logging/DebugLogHandler.cs:9)
UnityEngine.Logger:Log (UnityEngine.LogType,object) (at C:/build/output/unity/unity/Runtime/Export/Logging/Logger.cs:60)
UnityEngine.Debug:Log (object) (at C:/build/output/unity/unity/Runtime/Export/Debug/Debug.bindings.cs:123)
Game.View.ArenaView:BodyFactory (string,string,string,string,Game.Sim.Faction,single) (at C:/Users/d.grab/Desktop/the-game/artifacts/camp-polish-project/Assets/Game.View/ArenaView.cs:2349)
Game.View.ArenaView:Initialize () (at C:/Users/d.grab/Desktop/the-game/artifacts/camp-polish-project/Assets/Game.View/ArenaView.cs:516)
Game.View.ArenaView:LateUpdate () (at C:/Users/d.grab/Desktop/the-game/artifacts/camp-polish-project/Assets/Game.View/ArenaView.cs:753)

(Filename: C:/build/output/unity/unity/Runtime/Export/Debug/Debug.bindings.cs Line: 123)

[Разлом] Orvill: материал собран в игре из «Characters/Forest_RootSwarm/Forest_RootSwarm_BaseColor», шейдер Razlom/Texture Toon.
UnityEngine.Debug:ExtractStackTraceNoAlloc (byte*,int,string)
UnityEngine.StackTraceUtility:ExtractStackTrace () (at C:/build/output/unity/unity/Runtime/Export/Scripting/StackTrace.cs:35)
UnityEngine.DebugLogHandler:Internal_Log (UnityEngine.LogType,UnityEngine.LogOption,string,UnityEngine.Object)
UnityEngine.DebugLogHandler:LogFormat (UnityEngine.LogType,UnityEngine.Object,string,object[]) (at C:/build/output/unity/unity/Runtime/Export/Logging/DebugLogHandler.cs:9)
UnityEngine.Logger:Log (UnityEngine.LogType,object) (at C:/build/output/unity/unity/Runtime/Export/Logging/Logger.cs:60)
UnityEngine.Debug:Log (object) (at C:/build/output/unity/unity/Runtime/Export/Debug/Debug.bindings.cs:123)
Game.View.ArenaView:BuildRuntimeMaterial (string,Game.Sim.Faction) (at C:/Users/d.grab/Desktop/the-game/artifacts/camp-polish-project/Assets/Game.View/ArenaView.cs:2493)
Game.View.ArenaView:BodyFactory (string,string,string,string,Game.Sim.Faction,single) (at C:/Users/d.grab/Desktop/the-game/artifacts/camp-polish-project/Assets/Game.View/ArenaView.cs:2381)
Game.View.ArenaView:Initialize () (at C:/Users/d.grab/Desktop/the-game/artifacts/camp-polish-project/Assets/Game.View/ArenaView.cs:516)
Game.View.ArenaView:LateUpdate () (at C:/Users/d.grab/Desktop/the-game/artifacts/camp-polish-project/Assets/Game.View/ArenaView.cs:753)

(Filename: C:/build/output/unity/unity/Runtime/Export/Debug/Debug.bindings.cs Line: 123)

[Разлом] Опознаватели собраны: колец 96, сектор есть, курсор готов.
UnityEngine.Debug:ExtractStackTraceNoAlloc (byte*,int,string)
UnityEngine.StackTraceUtility:ExtractStackTrace () (at C:/build/output/unity/unity/Runtime/Export/Scripting/StackTrace.cs:35)
UnityEngine.DebugLogHandler:Internal_Log (UnityEngine.LogType,UnityEngine.LogOption,string,UnityEngine.Object)
UnityEngine.DebugLogHandler:LogFormat (UnityEngine.LogType,UnityEngine.Object,string,object[]) (at C:/build/output/unity/unity/Runtime/Export/Logging/DebugLogHandler.cs:9)
UnityEngine.Logger:Log (UnityEngine.LogType,object) (at C:/build/output/unity/unity/Runtime/Export/Logging/Logger.cs:60)
UnityEngine.Debug:Log (object) (at C:/build/output/unity/unity/Runtime/Export/Debug/Debug.bindings.cs:123)
Game.View.CombatIndicators:Build () (at C:/Users/d.grab/Desktop/the-game/artifacts/camp-polish-project/Assets/Game.View/CombatIndicators.cs:138)
Game.View.CombatIndicators:LateUpdate () (at C:/Users/d.grab/Desktop/the-game/artifacts/camp-polish-project/Assets/Game.View/CombatIndicators.cs:152)

(Filename: C:/build/output/unity/unity/Runtime/Export/Debug/Debug.bindings.cs Line: 123)

[capture-grip] root=(-0.07, 0.85, -2.70), tip=(-0.49, 0.32, -2.76), length=0,678, edge=(0.78, -0.62, -0.04), edgeDown=0,619, socketRight=(0.03, 0.09, -1.00), socketUp=(-0.02, 1.00, 0.09), socketForward=(1.00, 0.02, 0.03), renderer=Pelag_FantasySaber_Equipped, enabled=True, active=True, boundsCenter=(-0.12, 0.75, -2.72), boundsSize=(0.92, 1.07, 0.22), shader=Universal Render Pipeline/Lit
UnityEngine.Debug:ExtractStackTraceNoAlloc (byte*,int,string)
UnityEngine.StackTraceUtility:ExtractStackTrace () (at C:/build/output/unity/unity/Runtime/Export/Scripting/StackTrace.cs:35)
UnityEngine.DebugLogHandler:Internal_Log (UnityEngine.LogType,UnityEngine.LogOption,string,UnityEngine.Object)
UnityEngine.DebugLogHandler:LogFormat (UnityEngine.LogType,UnityEngine.Object,string,object[]) (at C:/build/output/unity/unity/Runtime/Export/Logging/DebugLogHandler.cs:9)
UnityEngine.Logger:Log (UnityEngine.LogType,object) (at C:/build/output/unity/unity/Runtime/Export/Logging/Logger.cs:60)
UnityEngine.Debug:Log (object) (at C:/build/output/unity/unity/Runtime/Export/Debug/Debug.bindings.cs:123)
Game.View.CaptureRig:ConfigureCaptureView () (at C:/Users/d.grab/Desktop/the-game/artifacts/camp-polish-project/Assets/Game.View/CaptureRig.cs:964)
Game.View.CaptureRig/<Run>d__254:MoveNext () (at C:/Users/d.grab/Desktop/the-game/artifacts/camp-polish-project/Assets/Game.View/CaptureRig.cs:529)
UnityEngine.SetupCoroutine:InvokeMoveNext (System.Collections.IEnumerator,intptr) (at C:/build/output/unity/unity/Runtime/Export/Scripting/Coroutines.cs:17)

(Filename: C:/build/output/unity/unity/Runtime/Export/Debug/Debug.bindings.cs Line: 123)

[capture-hud] Developer console overlay hidden for UI review; diagnostics remain in player.log.
UnityEngine.Debug:ExtractStackTraceNoAlloc (byte*,int,string)
UnityEngine.StackTraceUtility:ExtractStackTrace () (at C:/build/output/unity/unity/Runtime/Export/Scripting/StackTrace.cs:35)
UnityEngine.DebugLogHandler:Internal_Log (UnityEngine.LogType,UnityEngine.LogOption,string,UnityEngine.Object)
UnityEngine.DebugLogHandler:LogFormat (UnityEngine.LogType,UnityEngine.Object,string,object[]) (at C:/build/output/unity/unity/Runtime/Export/Logging/DebugLogHandler.cs:9)
UnityEngine.Logger:Log (UnityEngine.LogType,object) (at C:/build/output/unity/unity/Runtime/Export/Logging/Logger.cs:60)
UnityEngine.Debug:Log (object) (at C:/build/output/unity/unity/Runtime/Export/Debug/Debug.bindings.cs:123)
Game.View.CaptureRig/<Run>d__254:MoveNext () (at C:/Users/d.grab/Desktop/the-game/artifacts/camp-polish-project/Assets/Game.View/CaptureRig.cs:643)
UnityEngine.SetupCoroutine:InvokeMoveNext (System.Collections.IEnumerator,intptr) (at C:/build/output/unity/unity/Runtime/Export/Scripting/Coroutines.cs:17)

(Filename: C:/build/output/unity/unity/Runtime/Export/Debug/Debug.bindings.cs Line: 123)

[camp-route] откуда 0,00,-2,88 → 2,81,-3,94 | герой в карте=True цель в карте=True прямая=True углов=2 маршрут=True
UnityEngine.Debug:ExtractStackTraceNoAlloc (byte*,int,string)
UnityEngine.StackTraceUtility:ExtractStackTrace () (at C:/build/output/unity/unity/Runtime/Export/Scripting/StackTrace.cs:35)
UnityEngine.DebugLogHandler:Internal_Log (UnityEngine.LogType,UnityEngine.LogOption,string,UnityEngine.Object)
UnityEngine.DebugLogHandler:LogFormat (UnityEngine.LogType,UnityEngine.Object,string,object[]) (at C:/build/output/unity/unity/Runtime/Export/Logging/DebugLogHandler.cs:9)
UnityEngine.Logger:Log (UnityEngine.LogType,object) (at C:/build/output/unity/unity/Runtime/Export/Logging/Logger.cs:60)
UnityEngine.Debug:Log (object) (at C:/build/output/unity/unity/Runtime/Export/Debug/Debug.bindings.cs:123)
Game.View.CampPlayerView:RouteTo (UnityEngine.Vector3) (at C:/Users/d.grab/Desktop/the-game/artifacts/camp-polish-project/Assets/Game.View/CampPlayerView.cs:342)
Game.View.CampServicesView:Begin (Game.View.CampServiceNpc) (at C:/Users/d.grab/Desktop/the-game/artifacts/camp-polish-project/Assets/Game.View/CampServicesView.cs:140)
Game.View.CampReviewCapture/<CancelApproach>d__17:MoveNext () (at C:/Users/d.grab/Desktop/the-game/artifacts/camp-polish-project/Assets/Game.View/CampReviewCapture.cs:111)
UnityEngine.SetupCoroutine:InvokeMoveNext (System.Collections.IEnumerator,intptr) (at C:/build/output/unity/unity/Runtime/Export/Scripting/Coroutines.cs:17)

(Filename: C:/build/output/unity/unity/Runtime/Export/Debug/Debug.bindings.cs Line: 123)

[camp-route] откуда 0,70,-3,14 → 5,31,7,06 | герой в карте=True цель в карте=True прямая=False углов=5 маршрут=True
UnityEngine.Debug:ExtractStackTraceNoAlloc (byte*,int,string)
UnityEngine.StackTraceUtility:ExtractStackTrace () (at C:/build/output/unity/unity/Runtime/Export/Scripting/StackTrace.cs:35)
UnityEngine.DebugLogHandler:Internal_Log (UnityEngine.LogType,UnityEngine.LogOption,string,UnityEngine.Object)
UnityEngine.DebugLogHandler:LogFormat (UnityEngine.LogType,UnityEngine.Object,string,object[]) (at C:/build/output/unity/unity/Runtime/Export/Logging/DebugLogHandler.cs:9)
UnityEngine.Logger:Log (UnityEngine.LogType,object) (at C:/build/output/unity/unity/Runtime/Export/Logging/Logger.cs:60)
UnityEngine.Debug:Log (object) (at C:/build/output/unity/unity/Runtime/Export/Debug/Debug.bindings.cs:123)
Game.View.CampPlayerView:RouteTo (UnityEngine.Vector3) (at C:/Users/d.grab/Desktop/the-game/artifacts/camp-polish-project/Assets/Game.View/CampPlayerView.cs:342)
Game.View.CampServicesView:Begin (Game.View.CampServiceNpc) (at C:/Users/d.grab/Desktop/the-game/artifacts/camp-polish-project/Assets/Game.View/CampServicesView.cs:140)
Game.View.CampReviewCapture/<Service>d__18:MoveNext () (at C:/Users/d.grab/Desktop/the-game/artifacts/camp-polish-project/Assets/Game.View/CampReviewCapture.cs:128)
UnityEngine.SetupCoroutine:InvokeMoveNext (System.Collections.IEnumerator,intptr) (at C:/build/output/unity/unity/Runtime/Export/Scripting/Coroutines.cs:17)

(Filename: C:/build/output/unity/unity/Runtime/Export/Debug/Debug.bindings.cs Line: 123)

[footstep-surface] side=0 time=1,783 dust=False position=(1.80, 0.08, -2.08)
UnityEngine.Debug:ExtractStackTraceNoAlloc (byte*,int,string)
UnityEngine.StackTraceUtility:ExtractStackTrace () (at C:/build/output/unity/unity/Runtime/Export/Scripting/StackTrace.cs:35)
UnityEngine.DebugLogHandler:Internal_Log (UnityEngine.LogType,UnityEngine.LogOption,string,UnityEngine.Object)
UnityEngine.DebugLogHandler:LogFormat (UnityEngine.LogType,UnityEngine.Object,string,object[]) (at C:/build/output/unity/unity/Runtime/Export/Logging/DebugLogHandler.cs:9)
UnityEngine.Logger:Log (UnityEngine.LogType,object) (at C:/build/output/unity/unity/Runtime/Export/Logging/Logger.cs:60)
UnityEngine.Debug:Log (object) (at C:/build/output/unity/unity/Runtime/Export/Debug/Debug.bindings.cs:123)
Game.View.PelagVfxController:UpdateFootstepDust () (at C:/Users/d.grab/Desktop/the-game/artifacts/camp-polish-project/Assets/Game.View/PelagVfxController.cs:208)
Game.View.PelagVfxController:LateUpdate () (at C:/Users/d.grab/Desktop/the-game/artifacts/camp-polish-project/Assets/Game.View/PelagVfxController.cs:184)

(Filename: C:/build/output/unity/unity/Runtime/Export/Debug/Debug.bindings.cs Line: 123)

[footstep-surface] side=1 time=2,051 dust=False position=(2.71, 0.08, -1.21)
UnityEngine.Debug:ExtractStackTraceNoAlloc (byte*,int,string)
UnityEngine.StackTraceUtility:ExtractStackTrace () (at C:/build/output/unity/unity/Runtime/Export/Scripting/StackTrace.cs:35)
UnityEngine.DebugLogHandler:Internal_Log (UnityEngine.LogType,UnityEngine.LogOption,string,UnityEngine.Object)
UnityEngine.DebugLogHandler:LogFormat (UnityEngine.LogType,UnityEngine.Object,string,object[]) (at C:/build/output/unity/unity/Runtime/Export/Logging/DebugLogHandler.cs:9)
UnityEngine.Logger:Log (UnityEngine.LogType,object) (at C:/build/output/unity/unity/Runtime/Export/Logging/Logger.cs:60)
UnityEngine.Debug:Log (object) (at C:/build/output/unity/unity/Runtime/Export/Debug/Debug.bindings.cs:123)
Game.View.PelagVfxController:UpdateFootstepDust () (at C:/Users/d.grab/Desktop/the-game/artifacts/camp-polish-project/Assets/Game.View/PelagVfxController.cs:208)
Game.View.PelagVfxController:LateUpdate () (at C:/Users/d.grab/Desktop/the-game/artifacts/camp-polish-project/Assets/Game.View/PelagVfxController.cs:184)

(Filename: C:/build/output/unity/unity/Runtime/Export/Debug/Debug.bindings.cs Line: 123)

[footstep-surface] side=0 time=2,334 dust=True position=(2.75, 0.08, 0.05)
UnityEngine.Debug:ExtractStackTraceNoAlloc (byte*,int,string)
UnityEngine.StackTraceUtility:ExtractStackTrace () (at C:/build/output/unity/unity/Runtime/Export/Scripting/StackTrace.cs:35)
UnityEngine.DebugLogHandler:Internal_Log (UnityEngine.LogType,UnityEngine.LogOption,string,UnityEngine.Object)
UnityEngine.DebugLogHandler:LogFormat (UnityEngine.LogType,UnityEngine.Object,string,object[]) (at C:/build/output/unity/unity/Runtime/Export/Logging/DebugLogHandler.cs:9)
UnityEngine.Logger:Log (UnityEngine.LogType,object) (at C:/build/output/unity/unity/Runtime/Export/Logging/Logger.cs:60)
UnityEngine.Debug:Log (object) (at C:/build/output/unity/unity/Runtime/Export/Debug/Debug.bindings.cs:123)
Game.View.PelagVfxController:UpdateFootstepDust () (at C:/Users/d.grab/Desktop/the-game/artifacts/camp-polish-project/Assets/Game.View/PelagVfxController.cs:208)
Game.View.PelagVfxController:LateUpdate () (at C:/Users/d.grab/Desktop/the-game/artifacts/camp-polish-project/Assets/Game.View/PelagVfxController.cs:184)

(Filename: C:/build/output/unity/unity/Runtime/Export/Debug/Debug.bindings.cs Line: 123)

[footstep-vfx] side=0 time=2,334 position=(2.75, 0.08, 0.05)
UnityEngine.Debug:ExtractStackTraceNoAlloc (byte*,int,string)
UnityEngine.StackTraceUtility:ExtractStackTrace () (at C:/build/output/unity/unity/Runtime/Export/Scripting/StackTrace.cs:35)
UnityEngine.DebugLogHandler:Internal_Log (UnityEngine.LogType,UnityEngine.LogOption,string,UnityEngine.Object)
UnityEngine.DebugLogHandler:LogFormat (UnityEngine.LogType,UnityEngine.Object,string,object[]) (at C:/build/output/unity/unity/Runtime/Export/Logging/DebugLogHandler.cs:9)
UnityEngine.Logger:Log (UnityEngine.LogType,object) (at C:/build/output/unity/unity/Runtime/Export/Logging/Logger.cs:60)
UnityEngine.Debug:Log (object) (at C:/build/output/unity/unity/Runtime/Export/Debug/Debug.bindings.cs:123)
Game.View.PelagVfxController:UpdateFootstepDust () (at C:/Users/d.grab/Desktop/the-game/artifacts/camp-polish-project/Assets/Game.View/PelagVfxController.cs:213)
Game.View.PelagVfxController:LateUpdate () (at C:/Users/d.grab/Desktop/the-game/artifacts/camp-polish-project/Assets/Game.View/PelagVfxController.cs:184)

(Filename: C:/build/output/unity/unity/Runtime/Export/Debug/Debug.bindings.cs Line: 123)

[footstep-particles] count=5
UnityEngine.Debug:ExtractStackTraceNoAlloc (byte*,int,string)
UnityEngine.StackTraceUtility:ExtractStackTrace () (at C:/build/output/unity/unity/Runtime/Export/Scripting/StackTrace.cs:35)
UnityEngine.DebugLogHandler:Internal_Log (UnityEngine.LogType,UnityEngine.LogOption,string,UnityEngine.Object)
UnityEngine.DebugLogHandler:LogFormat (UnityEngine.LogType,UnityEngine.Object,string,object[]) (at C:/build/output/unity/unity/Runtime/Export/Logging/DebugLogHandler.cs:9)
UnityEngine.Logger:Log (UnityEngine.LogType,object) (at C:/build/output/unity/unity/Runtime/Export/Logging/Logger.cs:60)
UnityEngine.Debug:Log (object) (at C:/build/output/unity/unity/Runtime/Export/Debug/Debug.bindings.cs:123)
Game.View.PelagVfxController:UpdateActive (single) (at C:/Users/d.grab/Desktop/the-game/artifacts/camp-polish-project/Assets/Game.View/PelagVfxController.cs:1726)
Game.View.PelagVfxController:LateUpdate () (at C:/Users/d.grab/Desktop/the-game/artifacts/camp-polish-project/Assets/Game.View/PelagVfxController.cs:185)

(Filename: C:/build/output/unity/unity/Runtime/Export/Debug/Debug.bindings.cs Line: 123)

[footstep-surface] side=1 time=2,583 dust=False position=(3.43, 0.08, 1.14)
UnityEngine.Debug:ExtractStackTraceNoAlloc (byte*,int,string)
UnityEngine.StackTraceUtility:ExtractStackTrace () (at C:/build/output/unity/unity/Runtime/Export/Scripting/StackTrace.cs:35)
UnityEngine.DebugLogHandler:Internal_Log (UnityEngine.LogType,UnityEngine.LogOption,string,UnityEngine.Object)
UnityEngine.DebugLogHandler:LogFormat (UnityEngine.LogType,UnityEngine.Object,string,object[]) (at C:/build/output/unity/unity/Runtime/Export/Logging/DebugLogHandler.cs:9)
UnityEngine.Logger:Log (UnityEngine.LogType,object) (at C:/build/output/unity/unity/Runtime/Export/Logging/Logger.cs:60)
UnityEngine.Debug:Log (object) (at C:/build/output/unity/unity/Runtime/Export/Debug/Debug.bindings.cs:123)
Game.View.PelagVfxController:UpdateFootstepDust () (at C:/Users/d.grab/Desktop/the-game/artifacts/camp-polish-project/Assets/Game.View/PelagVfxController.cs:208)
Game.View.PelagVfxController:LateUpdate () (at C:/Users/d.grab/Desktop/the-game/artifacts/camp-polish-project/Assets/Game.View/PelagVfxController.cs:184)

(Filename: C:/build/output/unity/unity/Runtime/Export/Debug/Debug.bindings.cs Line: 123)

[footstep-surface] side=0 time=2,867 dust=False position=(3.51, 0.08, 2.36)
UnityEngine.Debug:ExtractStackTraceNoAlloc (byte*,int,string)
UnityEngine.StackTraceUtility:ExtractStackTrace () (at C:/build/output/unity/unity/Runtime/Export/Scripting/StackTrace.cs:35)
UnityEngine.DebugLogHandler:Internal_Log (UnityEngine.LogType,UnityEngine.LogOption,string,UnityEngine.Object)
UnityEngine.DebugLogHandler:LogFormat (UnityEngine.LogType,UnityEngine.Object,string,object[]) (at C:/build/output/unity/unity/Runtime/Export/Logging/DebugLogHandler.cs:9)
UnityEngine.Logger:Log (UnityEngine.LogType,object) (at C:/build/output/unity/unity/Runtime/Export/Logging/Logger.cs:60)
UnityEngine.Debug:Log (object) (at C:/build/output/unity/unity/Runtime/Export/Debug/Debug.bindings.cs:123)
Game.View.PelagVfxController:UpdateFootstepDust () (at C:/Users/d.grab/Desktop/the-game/artifacts/camp-polish-project/Assets/Game.View/PelagVfxController.cs:208)
Game.View.PelagVfxController:LateUpdate () (at C:/Users/d.grab/Desktop/the-game/artifacts/camp-polish-project/Assets/Game.View/PelagVfxController.cs:184)

(Filename: C:/build/output/unity/unity/Runtime/Export/Debug/Debug.bindings.cs Line: 123)

[footstep-surface] side=1 time=3,116 dust=False position=(4.19, 0.08, 3.46)
UnityEngine.Debug:ExtractStackTraceNoAlloc (byte*,int,string)
UnityEngine.StackTraceUtility:ExtractStackTrace () (at C:/build/output/unity/unity/Runtime/Export/Scripting/StackTrace.cs:35)
UnityEngine.DebugLogHandler:Internal_Log (UnityEngine.LogType,UnityEngine.LogOption,string,UnityEngine.Object)
UnityEngine.DebugLogHandler:LogFormat (UnityEngine.LogType,UnityEngine.Object,string,object[]) (at C:/build/output/unity/unity/Runtime/Export/Logging/DebugLogHandler.cs:9)
UnityEngine.Logger:Log (UnityEngine.LogType,object) (at C:/build/output/unity/unity/Runtime/Export/Logging/Logger.cs:60)
UnityEngine.Debug:Log (object) (at C:/build/output/unity/unity/Runtime/Export/Debug/Debug.bindings.cs:123)
Game.View.PelagVfxController:UpdateFootstepDust () (at C:/Users/d.grab/Desktop/the-game/artifacts/camp-polish-project/Assets/Game.View/PelagVfxController.cs:208)
Game.View.PelagVfxController:LateUpdate () (at C:/Users/d.grab/Desktop/the-game/artifacts/camp-polish-project/Assets/Game.View/PelagVfxController.cs:184)

(Filename: C:/build/output/unity/unity/Runtime/Export/Debug/Debug.bindings.cs Line: 123)

[footstep-surface] side=0 time=3,416 dust=True position=(4.27, 0.08, 4.68)
UnityEngine.Debug:ExtractStackTraceNoAlloc (byte*,int,string)
UnityEngine.StackTraceUtility:ExtractStackTrace () (at C:/build/output/unity/unity/Runtime/Export/Scripting/StackTrace.cs:35)
UnityEngine.DebugLogHandler:Internal_Log (UnityEngine.LogType,UnityEngine.LogOption,string,UnityEngine.Object)
UnityEngine.DebugLogHandler:LogFormat (UnityEngine.LogType,UnityEngine.Object,string,object[]) (at C:/build/output/unity/unity/Runtime/Export/Logging/DebugLogHandler.cs:9)
UnityEngine.Logger:Log (UnityEngine.LogType,object) (at C:/build/output/unity/unity/Runtime/Export/Logging/Logger.cs:60)
UnityEngine.Debug:Log (object) (at C:/build/output/unity/unity/Runtime/Export/Debug/Debug.bindings.cs:123)
Game.View.PelagVfxController:UpdateFootstepDust () (at C:/Users/d.grab/Desktop/the-game/artifacts/camp-polish-project/Assets/Game.View/PelagVfxController.cs:208)
Game.View.PelagVfxController:LateUpdate () (at C:/Users/d.grab/Desktop/the-game/artifacts/camp-polish-project/Assets/Game.View/PelagVfxController.cs:184)

(Filename: C:/build/output/unity/unity/Runtime/Export/Debug/Debug.bindings.cs Line: 123)

[footstep-vfx] side=0 time=3,416 position=(4.27, 0.08, 4.68)
UnityEngine.Debug:ExtractStackTraceNoAlloc (byte*,int,string)
UnityEngine.StackTraceUtility:ExtractStackTrace () (at C:/build/output/unity/unity/Runtime/Export/Scripting/StackTrace.cs:35)
UnityEngine.DebugLogHandler:Internal_Log (UnityEngine.LogType,UnityEngine.LogOption,string,UnityEngine.Object)
UnityEngine.DebugLogHandler:LogFormat (UnityEngine.LogType,UnityEngine.Object,string,object[]) (at C:/build/output/unity/unity/Runtime/Export/Logging/DebugLogHandler.cs:9)
UnityEngine.Logger:Log (UnityEngine.LogType,object) (at C:/build/output/unity/unity/Runtime/Export/Logging/Logger.cs:60)
UnityEngine.Debug:Log (object) (at C:/build/output/unity/unity/Runtime/Export/Debug/Debug.bindings.cs:123)
Game.View.PelagVfxController:UpdateFootstepDust () (at C:/Users/d.grab/Desktop/the-game/artifacts/camp-polish-project/Assets/Game.View/PelagVfxController.cs:213)
Game.View.PelagVfxController:LateUpdate () (at C:/Users/d.grab/Desktop/the-game/artifacts/camp-polish-project/Assets/Game.View/PelagVfxController.cs:184)

(Filename: C:/build/output/unity/unity/Runtime/Export/Debug/Debug.bindings.cs Line: 123)

[footstep-particles] count=5
UnityEngine.Debug:ExtractStackTraceNoAlloc (byte*,int,string)
UnityEngine.StackTraceUtility:ExtractStackTrace () (at C:/build/output/unity/unity/Runtime/Export/Scripting/StackTrace.cs:35)
UnityEngine.DebugLogHandler:Internal_Log (UnityEngine.LogType,UnityEngine.LogOption,string,UnityEngine.Object)
UnityEngine.DebugLogHandler:LogFormat (UnityEngine.LogType,UnityEngine.Object,string,object[]) (at C:/build/output/unity/unity/Runtime/Export/Logging/DebugLogHandler.cs:9)
UnityEngine.Logger:Log (UnityEngine.LogType,object) (at C:/build/output/unity/unity/Runtime/Export/Logging/Logger.cs:60)
UnityEngine.Debug:Log (object) (at C:/build/output/unity/unity/Runtime/Export/Debug/Debug.bindings.cs:123)
Game.View.PelagVfxController:UpdateActive (single) (at C:/Users/d.grab/Desktop/the-game/artifacts/camp-polish-project/Assets/Game.View/PelagVfxController.cs:1726)
Game.View.PelagVfxController:LateUpdate () (at C:/Users/d.grab/Desktop/the-game/artifacts/camp-polish-project/Assets/Game.View/PelagVfxController.cs:185)

(Filename: C:/build/output/unity/unity/Runtime/Export/Debug/Debug.bindings.cs Line: 123)

[footstep-surface] side=1 time=3,666 dust=False position=(4.95, 0.08, 5.77)
UnityEngine.Debug:ExtractStackTraceNoAlloc (byte*,int,string)
UnityEngine.StackTraceUtility:ExtractStackTrace () (at C:/build/output/unity/unity/Runtime/Export/Scripting/StackTrace.cs:35)
UnityEngine.DebugLogHandler:Internal_Log (UnityEngine.LogType,UnityEngine.LogOption,string,UnityEngine.Object)
UnityEngine.DebugLogHandler:LogFormat (UnityEngine.LogType,UnityEngine.Object,string,object[]) (at C:/build/output/unity/unity/Runtime/Export/Logging/DebugLogHandler.cs:9)
UnityEngine.Logger:Log (UnityEngine.LogType,object) (at C:/build/output/unity/unity/Runtime/Export/Logging/Logger.cs:60)
UnityEngine.Debug:Log (object) (at C:/build/output/unity/unity/Runtime/Export/Debug/Debug.bindings.cs:123)
Game.View.PelagVfxController:UpdateFootstepDust () (at C:/Users/d.grab/Desktop/the-game/artifacts/camp-polish-project/Assets/Game.View/PelagVfxController.cs:208)
Game.View.PelagVfxController:LateUpdate () (at C:/Users/d.grab/Desktop/the-game/artifacts/camp-polish-project/Assets/Game.View/PelagVfxController.cs:184)

(Filename: C:/build/output/unity/unity/Runtime/Export/Debug/Debug.bindings.cs Line: 123)

[camp-route] откуда 5,00,6,50 → -1,94,-1,31 | герой в карте=True цель в карте=True прямая=False углов=3 маршрут=True
UnityEngine.Debug:ExtractStackTraceNoAlloc (byte*,int,string)
UnityEngine.StackTraceUtility:ExtractStackTrace () (at C:/build/output/unity/unity/Runtime/Export/Scripting/StackTrace.cs:35)
UnityEngine.DebugLogHandler:Internal_Log (UnityEngine.LogType,UnityEngine.LogOption,string,UnityEngine.Object)
UnityEngine.DebugLogHandler:LogFormat (UnityEngine.LogType,UnityEngine.Object,string,object[]) (at C:/build/output/unity/unity/Runtime/Export/Logging/DebugLogHandler.cs:9)
UnityEngine.Logger:Log (UnityEngine.LogType,object) (at C:/build/output/unity/unity/Runtime/Export/Logging/Logger.cs:60)
UnityEngine.Debug:Log (object) (at C:/build/output/unity/unity/Runtime/Export/Debug/Debug.bindings.cs:123)
Game.View.CampPlayerView:RouteTo (UnityEngine.Vector3) (at C:/Users/d.grab/Desktop/the-game/artifacts/camp-polish-project/Assets/Game.View/CampPlayerView.cs:342)
Game.View.CampReviewCapture/<Walk>d__20:MoveNext () (at C:/Users/d.grab/Desktop/the-game/artifacts/camp-polish-project/Assets/Game.View/CampReviewCapture.cs:169)
UnityEngine.SetupCoroutine:InvokeMoveNext (System.Collections.IEnumerator,intptr) (at C:/build/output/unity/unity/Runtime/Export/Scripting/Coroutines.cs:17)

(Filename: C:/build/output/unity/unity/Runtime/Export/Debug/Debug.bindings.cs Line: 123)

[footstep-surface] side=0 time=4,933 dust=True position=(3.63, 0.08, 5.53)
UnityEngine.Debug:ExtractStackTraceNoAlloc (byte*,int,string)
UnityEngine.StackTraceUtility:ExtractStackTrace () (at C:/build/output/unity/unity/Runtime/Export/Scripting/StackTrace.cs:35)
UnityEngine.DebugLogHandler:Internal_Log (UnityEngine.LogType,UnityEngine.LogOption,string,UnityEngine.Object)
UnityEngine.DebugLogHandler:LogFormat (UnityEngine.LogType,UnityEngine.Object,string,object[]) (at C:/build/output/unity/unity/Runtime/Export/Logging/DebugLogHandler.cs:9)
UnityEngine.Logger:Log (UnityEngine.LogType,object) (at C:/build/output/unity/unity/Runtime/Export/Logging/Logger.cs:60)
UnityEngine.Debug:Log (object) (at C:/build/output/unity/unity/Runtime/Export/Debug/Debug.bindings.cs:123)
Game.View.PelagVfxController:UpdateFootstepDust () (at C:/Users/d.grab/Desktop/the-game/artifacts/camp-polish-project/Assets/Game.View/PelagVfxController.cs:208)
Game.View.PelagVfxController:LateUpdate () (at C:/Users/d.grab/Desktop/the-game/artifacts/camp-polish-project/Assets/Game.View/PelagVfxController.cs:184)

(Filename: C:/build/output/unity/unity/Runtime/Export/Debug/Debug.bindings.cs Line: 123)

[footstep-vfx] side=0 time=4,933 position=(3.63, 0.08, 5.53)
UnityEngine.Debug:ExtractStackTraceNoAlloc (byte*,int,string)
UnityEngine.StackTraceUtility:ExtractStackTrace () (at C:/build/output/unity/unity/Runtime/Export/Scripting/StackTrace.cs:35)
UnityEngine.DebugLogHandler:Internal_Log (UnityEngine.LogType,UnityEngine.LogOption,string,UnityEngine.Object)
UnityEngine.DebugLogHandler:LogFormat (UnityEngine.LogType,UnityEngine.Object,string,object[]) (at C:/build/output/unity/unity/Runtime/Export/Logging/DebugLogHandler.cs:9)
UnityEngine.Logger:Log (UnityEngine.LogType,object) (at C:/build/output/unity/unity/Runtime/Export/Logging/Logger.cs:60)
UnityEngine.Debug:Log (object) (at C:/build/output/unity/unity/Runtime/Export/Debug/Debug.bindings.cs:123)
Game.View.PelagVfxController:UpdateFootstepDust () (at C:/Users/d.grab/Desktop/the-game/artifacts/camp-polish-project/Assets/Game.View/PelagVfxController.cs:213)
Game.View.PelagVfxController:LateUpdate () (at C:/Users/d.grab/Desktop/the-game/artifacts/camp-polish-project/Assets/Game.View/PelagVfxController.cs:184)

(Filename: C:/build/output/unity/unity/Runtime/Export/Debug/Debug.bindings.cs Line: 123)

[footstep-particles] count=5
UnityEngine.Debug:ExtractStackTraceNoAlloc (byte*,int,string)
UnityEngine.StackTraceUtility:ExtractStackTrace () (at C:/build/output/unity/unity/Runtime/Export/Scripting/StackTrace.cs:35)
UnityEngine.DebugLogHandler:Internal_Log (UnityEngine.LogType,UnityEngine.LogOption,string,UnityEngine.Object)
UnityEngine.DebugLogHandler:LogFormat (UnityEngine.LogType,UnityEngine.Object,string,object[]) (at C:/build/output/unity/unity/Runtime/Export/Logging/DebugLogHandler.cs:9)
UnityEngine.Logger:Log (UnityEngine.LogType,object) (at C:/build/output/unity/unity/Runtime/Export/Logging/Logger.cs:60)
UnityEngine.Debug:Log (object) (at C:/build/output/unity/unity/Runtime/Export/Debug/Debug.bindings.cs:123)
Game.View.PelagVfxController:UpdateActive (single) (at C:/Users/d.grab/Desktop/the-game/artifacts/camp-polish-project/Assets/Game.View/PelagVfxController.cs:1726)
Game.View.PelagVfxController:LateUpdate () (at C:/Users/d.grab/Desktop/the-game/artifacts/camp-polish-project/Assets/Game.View/PelagVfxController.cs:185)

(Filename: C:/build/output/unity/unity/Runtime/Export/Debug/Debug.bindings.cs Line: 123)

[footstep-surface] side=1 time=5,183 dust=False position=(2.41, 0.08, 5.13)
UnityEngine.Debug:ExtractStackTraceNoAlloc (byte*,int,string)
UnityEngine.StackTraceUtility:ExtractStackTrace () (at C:/build/output/unity/unity/Runtime/Export/Scripting/StackTrace.cs:35)
UnityEngine.DebugLogHandler:Internal_Log (UnityEngine.LogType,UnityEngine.LogOption,string,UnityEngine.Object)
UnityEngine.DebugLogHandler:LogFormat (UnityEngine.LogType,UnityEngine.Object,string,object[]) (at C:/build/output/unity/unity/Runtime/Export/Logging/DebugLogHandler.cs:9)
UnityEngine.Logger:Log (UnityEngine.LogType,object) (at C:/build/output/unity/unity/Runtime/Export/Logging/Logger.cs:60)
UnityEngine.Debug:Log (object) (at C:/build/output/unity/unity/Runtime/Export/Debug/Debug.bindings.cs:123)
Game.View.PelagVfxController:UpdateFootstepDust () (at C:/Users/d.grab/Desktop/the-game/artifacts/camp-polish-project/Assets/Game.View/PelagVfxController.cs:208)
Game.View.PelagVfxController:LateUpdate () (at C:/Users/d.grab/Desktop/the-game/artifacts/camp-polish-project/Assets/Game.View/PelagVfxController.cs:184)

(Filename: C:/build/output/unity/unity/Runtime/Export/Debug/Debug.bindings.cs Line: 123)

[footstep-surface] side=0 time=5,483 dust=False position=(1.55, 0.08, 4.27)
UnityEngine.Debug:ExtractStackTraceNoAlloc (byte*,int,string)
UnityEngine.StackTraceUtility:ExtractStackTrace () (at C:/build/output/unity/unity/Runtime/Export/Scripting/StackTrace.cs:35)
UnityEngine.DebugLogHandler:Internal_Log (UnityEngine.LogType,UnityEngine.LogOption,string,UnityEngine.Object)
UnityEngine.DebugLogHandler:LogFormat (UnityEngine.LogType,UnityEngine.Object,string,object[]) (at C:/build/output/unity/unity/Runtime/Export/Logging/DebugLogHandler.cs:9)
UnityEngine.Logger:Log (UnityEngine.LogType,object) (at C:/build/output/unity/unity/Runtime/Export/Logging/Logger.cs:60)
UnityEngine.Debug:Log (object) (at C:/build/output/unity/unity/Runtime/Export/Debug/Debug.bindings.cs:123)
Game.View.PelagVfxController:UpdateFootstepDust () (at C:/Users/d.grab/Desktop/the-game/artifacts/camp-polish-project/Assets/Game.View/PelagVfxController.cs:208)
Game.View.PelagVfxController:LateUpdate () (at C:/Users/d.grab/Desktop/the-game/artifacts/camp-polish-project/Assets/Game.View/PelagVfxController.cs:184)

(Filename: C:/build/output/unity/unity/Runtime/Export/Debug/Debug.bindings.cs Line: 123)

[footstep-surface] side=1 time=5,733 dust=False position=(0.32, 0.08, 3.88)
UnityEngine.Debug:ExtractStackTraceNoAlloc (byte*,int,string)
UnityEngine.StackTraceUtility:ExtractStackTrace () (at C:/build/output/unity/unity/Runtime/Export/Scripting/StackTrace.cs:35)
UnityEngine.DebugLogHandler:Internal_Log (UnityEngine.LogType,UnityEngine.LogOption,string,UnityEngine.Object)
UnityEngine.DebugLogHandler:LogFormat (UnityEngine.LogType,UnityEngine.Object,string,object[]) (at C:/build/output/unity/unity/Runtime/Export/Logging/DebugLogHandler.cs:9)
UnityEngine.Logger:Log (UnityEngine.LogType,object) (at C:/build/output/unity/unity/Runtime/Export/Logging/Logger.cs:60)
UnityEngine.Debug:Log (object) (at C:/build/output/unity/unity/Runtime/Export/Debug/Debug.bindings.cs:123)
Game.View.PelagVfxController:UpdateFootstepDust () (at C:/Users/d.grab/Desktop/the-game/artifacts/camp-polish-project/Assets/Game.View/PelagVfxController.cs:208)
Game.View.PelagVfxController:LateUpdate () (at C:/Users/d.grab/Desktop/the-game/artifacts/camp-polish-project/Assets/Game.View/PelagVfxController.cs:184)

(Filename: C:/build/output/unity/unity/Runtime/Export/Debug/Debug.bindings.cs Line: 123)

[footstep-surface] side=0 time=6,033 dust=True position=(-0.53, 0.08, 3.01)
UnityEngine.Debug:ExtractStackTraceNoAlloc (byte*,int,string)
UnityEngine.StackTraceUtility:ExtractStackTrace () (at C:/build/output/unity/unity/Runtime/Export/Scripting/StackTrace.cs:35)
UnityEngine.DebugLogHandler:Internal_Log (UnityEngine.LogType,UnityEngine.LogOption,string,UnityEngine.Object)
UnityEngine.DebugLogHandler:LogFormat (UnityEngine.LogType,UnityEngine.Object,string,object[]) (at C:/build/output/unity/unity/Runtime/Export/Logging/DebugLogHandler.cs:9)
UnityEngine.Logger:Log (UnityEngine.LogType,object) (at C:/build/output/unity/unity/Runtime/Export/Logging/Logger.cs:60)
UnityEngine.Debug:Log (object) (at C:/build/output/unity/unity/Runtime/Export/Debug/Debug.bindings.cs:123)
Game.View.PelagVfxController:UpdateFootstepDust () (at C:/Users/d.grab/Desktop/the-game/artifacts/camp-polish-project/Assets/Game.View/PelagVfxController.cs:208)
Game.View.PelagVfxController:LateUpdate () (at C:/Users/d.grab/Desktop/the-game/artifacts/camp-polish-project/Assets/Game.View/PelagVfxController.cs:184)

(Filename: C:/build/output/unity/unity/Runtime/Export/Debug/Debug.bindings.cs Line: 123)

[footstep-vfx] side=0 time=6,033 position=(-0.53, 0.08, 3.01)
UnityEngine.Debug:ExtractStackTraceNoAlloc (byte*,int,string)
UnityEngine.StackTraceUtility:ExtractStackTrace () (at C:/build/output/unity/unity/Runtime/Export/Scripting/StackTrace.cs:35)
UnityEngine.DebugLogHandler:Internal_Log (UnityEngine.LogType,UnityEngine.LogOption,string,UnityEngine.Object)
UnityEngine.DebugLogHandler:LogFormat (UnityEngine.LogType,UnityEngine.Object,string,object[]) (at C:/build/output/unity/unity/Runtime/Export/Logging/DebugLogHandler.cs:9)
UnityEngine.Logger:Log (UnityEngine.LogType,object) (at C:/build/output/unity/unity/Runtime/Export/Logging/Logger.cs:60)
UnityEngine.Debug:Log (object) (at C:/build/output/unity/unity/Runtime/Export/Debug/Debug.bindings.cs:123)
Game.View.PelagVfxController:UpdateFootstepDust () (at C:/Users/d.grab/Desktop/the-game/artifacts/camp-polish-project/Assets/Game.View/PelagVfxController.cs:213)
Game.View.PelagVfxController:LateUpdate () (at C:/Users/d.grab/Desktop/the-game/artifacts/camp-polish-project/Assets/Game.View/PelagVfxController.cs:184)

(Filename: C:/build/output/unity/unity/Runtime/Export/Debug/Debug.bindings.cs Line: 123)

[footstep-particles] count=5
UnityEngine.Debug:ExtractStackTraceNoAlloc (byte*,int,string)
UnityEngine.StackTraceUtility:ExtractStackTrace () (at C:/build/output/unity/unity/Runtime/Export/Scripting/StackTrace.cs:35)
UnityEngine.DebugLogHandler:Internal_Log (UnityEngine.LogType,UnityEngine.LogOption,string,UnityEngine.Object)
UnityEngine.DebugLogHandler:LogFormat (UnityEngine.LogType,UnityEngine.Object,string,object[]) (at C:/build/output/unity/unity/Runtime/Export/Logging/DebugLogHandler.cs:9)
UnityEngine.Logger:Log (UnityEngine.LogType,object) (at C:/build/output/unity/unity/Runtime/Export/Logging/Logger.cs:60)
UnityEngine.Debug:Log (object) (at C:/build/output/unity/unity/Runtime/Export/Debug/Debug.bindings.cs:123)
Game.View.PelagVfxController:UpdateActive (single) (at C:/Users/d.grab/Desktop/the-game/artifacts/camp-polish-project/Assets/Game.View/PelagVfxController.cs:1726)
Game.View.PelagVfxController:LateUpdate () (at C:/Users/d.grab/Desktop/the-game/artifacts/camp-polish-project/Assets/Game.View/PelagVfxController.cs:185)

(Filename: C:/build/output/unity/unity/Runtime/Export/Debug/Debug.bindings.cs Line: 123)

[footstep-surface] side=1 time=6,266 dust=True position=(-1.10, 0.08, 1.93)
UnityEngine.Debug:ExtractStackTraceNoAlloc (byte*,int,string)
UnityEngine.StackTraceUtility:ExtractStackTrace () (at C:/build/output/unity/unity/Runtime/Export/Scripting/StackTrace.cs:35)
UnityEngine.DebugLogHandler:Internal_Log (UnityEngine.LogType,UnityEngine.LogOption,string,UnityEngine.Object)
UnityEngine.DebugLogHandler:LogFormat (UnityEngine.LogType,UnityEngine.Object,string,object[]) (at C:/build/output/unity/unity/Runtime/Export/Logging/DebugLogHandler.cs:9)
UnityEngine.Logger:Log (UnityEngine.LogType,object) (at C:/build/output/unity/unity/Runtime/Export/Logging/Logger.cs:60)
UnityEngine.Debug:Log (object) (at C:/build/output/unity/unity/Runtime/Export/Debug/Debug.bindings.cs:123)
Game.View.PelagVfxController:UpdateFootstepDust () (at C:/Users/d.grab/Desktop/the-game/artifacts/camp-polish-project/Assets/Game.View/PelagVfxController.cs:208)
Game.View.PelagVfxController:LateUpdate () (at C:/Users/d.grab/Desktop/the-game/artifacts/camp-polish-project/Assets/Game.View/PelagVfxController.cs:184)

(Filename: C:/build/output/unity/unity/Runtime/Export/Debug/Debug.bindings.cs Line: 123)

[footstep-vfx] side=1 time=6,266 position=(-1.10, 0.08, 1.93)
UnityEngine.Debug:ExtractStackTraceNoAlloc (byte*,int,string)
UnityEngine.StackTraceUtility:ExtractStackTrace () (at C:/build/output/unity/unity/Runtime/Export/Scripting/StackTrace.cs:35)
UnityEngine.DebugLogHandler:Internal_Log (UnityEngine.LogType,UnityEngine.LogOption,string,UnityEngine.Object)
UnityEngine.DebugLogHandler:LogFormat (UnityEngine.LogType,UnityEngine.Object,string,object[]) (at C:/build/output/unity/unity/Runtime/Export/Logging/DebugLogHandler.cs:9)
UnityEngine.Logger:Log (UnityEngine.LogType,object) (at C:/build/output/unity/unity/Runtime/Export/Logging/Logger.cs:60)
UnityEngine.Debug:Log (object) (at C:/build/output/unity/unity/Runtime/Export/Debug/Debug.bindings.cs:123)
Game.View.PelagVfxController:UpdateFootstepDust () (at C:/Users/d.grab/Desktop/the-game/artifacts/camp-polish-project/Assets/Game.View/PelagVfxController.cs:213)
Game.View.PelagVfxController:LateUpdate () (at C:/Users/d.grab/Desktop/the-game/artifacts/camp-polish-project/Assets/Game.View/PelagVfxController.cs:184)

(Filename: C:/build/output/unity/unity/Runtime/Export/Debug/Debug.bindings.cs Line: 123)

[footstep-particles] count=5
UnityEngine.Debug:ExtractStackTraceNoAlloc (byte*,int,string)
UnityEngine.StackTraceUtility:ExtractStackTrace () (at C:/build/output/unity/unity/Runtime/Export/Scripting/StackTrace.cs:35)
UnityEngine.DebugLogHandler:Internal_Log (UnityEngine.LogType,UnityEngine.LogOption,string,UnityEngine.Object)
UnityEngine.DebugLogHandler:LogFormat (UnityEngine.LogType,UnityEngine.Object,string,object[]) (at C:/build/output/unity/unity/Runtime/Export/Logging/DebugLogHandler.cs:9)
UnityEngine.Logger:Log (UnityEngine.LogType,object) (at C:/build/output/unity/unity/Runtime/Export/Logging/Logger.cs:60)
UnityEngine.Debug:Log (object) (at C:/build/output/unity/unity/Runtime/Export/Debug/Debug.bindings.cs:123)
Game.View.PelagVfxController:UpdateActive (single) (at C:/Users/d.grab/Desktop/the-game/artifacts/camp-polish-project/Assets/Game.View/PelagVfxController.cs:1726)
Game.View.PelagVfxController:LateUpdate () (at C:/Users/d.grab/Desktop/the-game/artifacts/camp-polish-project/Assets/Game.View/PelagVfxController.cs:185)

(Filename: C:/build/output/unity/unity/Runtime/Export/Debug/Debug.bindings.cs Line: 123)

[footstep-surface] side=0 time=6,566 dust=True position=(-1.16, 0.08, 0.72)
UnityEngine.Debug:ExtractStackTraceNoAlloc (byte*,int,string)
UnityEngine.StackTraceUtility:ExtractStackTrace () (at C:/build/output/unity/unity/Runtime/Export/Scripting/StackTrace.cs:35)
UnityEngine.DebugLogHandler:Internal_Log (UnityEngine.LogType,UnityEngine.LogOption,string,UnityEngine.Object)
UnityEngine.DebugLogHandler:LogFormat (UnityEngine.LogType,UnityEngine.Object,string,object[]) (at C:/build/output/unity/unity/Runtime/Export/Logging/DebugLogHandler.cs:9)
UnityEngine.Logger:Log (UnityEngine.LogType,object) (at C:/build/output/unity/unity/Runtime/Export/Logging/Logger.cs:60)
UnityEngine.Debug:Log (object) (at C:/build/output/unity/unity/Runtime/Export/Debug/Debug.bindings.cs:123)
Game.View.PelagVfxController:UpdateFootstepDust () (at C:/Users/d.grab/Desktop/the-game/artifacts/camp-polish-project/Assets/Game.View/PelagVfxController.cs:208)
Game.View.PelagVfxController:LateUpdate () (at C:/Users/d.grab/Desktop/the-game/artifacts/camp-polish-project/Assets/Game.View/PelagVfxController.cs:184)

(Filename: C:/build/output/unity/unity/Runtime/Export/Debug/Debug.bindings.cs Line: 123)

[footstep-vfx] side=0 time=6,566 position=(-1.16, 0.08, 0.72)
UnityEngine.Debug:ExtractStackTraceNoAlloc (byte*,int,string)
UnityEngine.StackTraceUtility:ExtractStackTrace () (at C:/build/output/unity/unity/Runtime/Export/Scripting/StackTrace.cs:35)
UnityEngine.DebugLogHandler:Internal_Log (UnityEngine.LogType,UnityEngine.LogOption,string,UnityEngine.Object)
UnityEngine.DebugLogHandler:LogFormat (UnityEngine.LogType,UnityEngine.Object,string,object[]) (at C:/build/output/unity/unity/Runtime/Export/Logging/DebugLogHandler.cs:9)
UnityEngine.Logger:Log (UnityEngine.LogType,object) (at C:/build/output/unity/unity/Runtime/Export/Logging/Logger.cs:60)
UnityEngine.Debug:Log (object) (at C:/build/output/unity/unity/Runtime/Export/Debug/Debug.bindings.cs:123)
Game.View.PelagVfxController:UpdateFootstepDust () (at C:/Users/d.grab/Desktop/the-game/artifacts/camp-polish-project/Assets/Game.View/PelagVfxController.cs:213)
Game.View.PelagVfxController:LateUpdate () (at C:/Users/d.grab/Desktop/the-game/artifacts/camp-polish-project/Assets/Game.View/PelagVfxController.cs:184)

(Filename: C:/build/output/unity/unity/Runtime/Export/Debug/Debug.bindings.cs Line: 123)

[footstep-particles] count=5
UnityEngine.Debug:ExtractStackTraceNoAlloc (byte*,int,string)
UnityEngine.StackTraceUtility:ExtractStackTrace () (at C:/build/output/unity/unity/Runtime/Export/Scripting/StackTrace.cs:35)
UnityEngine.DebugLogHandler:Internal_Log (UnityEngine.LogType,UnityEngine.LogOption,string,UnityEngine.Object)
UnityEngine.DebugLogHandler:LogFormat (UnityEngine.LogType,UnityEngine.Object,string,object[]) (at C:/build/output/unity/unity/Runtime/Export/Logging/DebugLogHandler.cs:9)
UnityEngine.Logger:Log (UnityEngine.LogType,object) (at C:/build/output/unity/unity/Runtime/Export/Logging/Logger.cs:60)
UnityEngine.Debug:Log (object) (at C:/build/output/unity/unity/Runtime/Export/Debug/Debug.bindings.cs:123)
Game.View.PelagVfxController:UpdateActive (single) (at C:/Users/d.grab/Desktop/the-game/artifacts/camp-polish-project/Assets/Game.View/PelagVfxController.cs:1726)
Game.View.PelagVfxController:LateUpdate () (at C:/Users/d.grab/Desktop/the-game/artifacts/camp-polish-project/Assets/Game.View/PelagVfxController.cs:185)

(Filename: C:/build/output/unity/unity/Runtime/Export/Debug/Debug.bindings.cs Line: 123)

[footstep-surface] side=1 time=6,816 dust=True position=(-1.84, 0.08, -0.39)
UnityEngine.Debug:ExtractStackTraceNoAlloc (byte*,int,string)
UnityEngine.StackTraceUtility:ExtractStackTrace () (at C:/build/output/unity/unity/Runtime/Export/Scripting/StackTrace.cs:35)
UnityEngine.DebugLogHandler:Internal_Log (UnityEngine.LogType,UnityEngine.LogOption,string,UnityEngine.Object)
UnityEngine.DebugLogHandler:LogFormat (UnityEngine.LogType,UnityEngine.Object,string,object[]) (at C:/build/output/unity/unity/Runtime/Export/Logging/DebugLogHandler.cs:9)
UnityEngine.Logger:Log (UnityEngine.LogType,object) (at C:/build/output/unity/unity/Runtime/Export/Logging/Logger.cs:60)
UnityEngine.Debug:Log (object) (at C:/build/output/unity/unity/Runtime/Export/Debug/Debug.bindings.cs:123)
Game.View.PelagVfxController:UpdateFootstepDust () (at C:/Users/d.grab/Desktop/the-game/artifacts/camp-polish-project/Assets/Game.View/PelagVfxController.cs:208)
Game.View.PelagVfxController:LateUpdate () (at C:/Users/d.grab/Desktop/the-game/artifacts/camp-polish-project/Assets/Game.View/PelagVfxController.cs:184)

(Filename: C:/build/output/unity/unity/Runtime/Export/Debug/Debug.bindings.cs Line: 123)

[footstep-vfx] side=1 time=6,816 position=(-1.84, 0.08, -0.39)
UnityEngine.Debug:ExtractStackTraceNoAlloc (byte*,int,string)
UnityEngine.StackTraceUtility:ExtractStackTrace () (at C:/build/output/unity/unity/Runtime/Export/Scripting/StackTrace.cs:35)
UnityEngine.DebugLogHandler:Internal_Log (UnityEngine.LogType,UnityEngine.LogOption,string,UnityEngine.Object)
UnityEngine.DebugLogHandler:LogFormat (UnityEngine.LogType,UnityEngine.Object,string,object[]) (at C:/build/output/unity/unity/Runtime/Export/Logging/DebugLogHandler.cs:9)
UnityEngine.Logger:Log (UnityEngine.LogType,object) (at C:/build/output/unity/unity/Runtime/Export/Logging/Logger.cs:60)
UnityEngine.Debug:Log (object) (at C:/build/output/unity/unity/Runtime/Export/Debug/Debug.bindings.cs:123)
Game.View.PelagVfxController:UpdateFootstepDust () (at C:/Users/d.grab/Desktop/the-game/artifacts/camp-polish-project/Assets/Game.View/PelagVfxController.cs:213)
Game.View.PelagVfxController:LateUpdate () (at C:/Users/d.grab/Desktop/the-game/artifacts/camp-polish-project/Assets/Game.View/PelagVfxController.cs:184)

(Filename: C:/build/output/unity/unity/Runtime/Export/Debug/Debug.bindings.cs Line: 123)

[footstep-particles] count=5
UnityEngine.Debug:ExtractStackTraceNoAlloc (byte*,int,string)
UnityEngine.StackTraceUtility:ExtractStackTrace () (at C:/build/output/unity/unity/Runtime/Export/Scripting/StackTrace.cs:35)
UnityEngine.DebugLogHandler:Internal_Log (UnityEngine.LogType,UnityEngine.LogOption,string,UnityEngine.Object)
UnityEngine.DebugLogHandler:LogFormat (UnityEngine.LogType,UnityEngine.Object,string,object[]) (at C:/build/output/unity/unity/Runtime/Export/Logging/DebugLogHandler.cs:9)
UnityEngine.Logger:Log (UnityEngine.LogType,object) (at C:/build/output/unity/unity/Runtime/Export/Logging/Logger.cs:60)
UnityEngine.Debug:Log (object) (at C:/build/output/unity/unity/Runtime/Export/Debug/Debug.bindings.cs:123)
Game.View.PelagVfxController:UpdateActive (single) (at C:/Users/d.grab/Desktop/the-game/artifacts/camp-polish-project/Assets/Game.View/PelagVfxController.cs:1726)
Game.View.PelagVfxController:LateUpdate () (at C:/Users/d.grab/Desktop/the-game/artifacts/camp-polish-project/Assets/Game.View/PelagVfxController.cs:185)

(Filename: C:/build/output/unity/unity/Runtime/Export/Debug/Debug.bindings.cs Line: 123)

[camp-route] откуда -1,92,-1,26 → 2,81,-3,94 | герой в карте=True цель в карте=True прямая=True углов=2 маршрут=True
UnityEngine.Debug:ExtractStackTraceNoAlloc (byte*,int,string)
UnityEngine.StackTraceUtility:ExtractStackTrace () (at C:/build/output/unity/unity/Runtime/Export/Scripting/StackTrace.cs:35)
UnityEngine.DebugLogHandler:Internal_Log (UnityEngine.LogType,UnityEngine.LogOption,string,UnityEngine.Object)
UnityEngine.DebugLogHandler:LogFormat (UnityEngine.LogType,UnityEngine.Object,string,object[]) (at C:/build/output/unity/unity/Runtime/Export/Logging/DebugLogHandler.cs:9)
UnityEngine.Logger:Log (UnityEngine.LogType,object) (at C:/build/output/unity/unity/Runtime/Export/Logging/Logger.cs:60)
UnityEngine.Debug:Log (object) (at C:/build/output/unity/unity/Runtime/Export/Debug/Debug.bindings.cs:123)
Game.View.CampPlayerView:RouteTo (UnityEngine.Vector3) (at C:/Users/d.grab/Desktop/the-game/artifacts/camp-polish-project/Assets/Game.View/CampPlayerView.cs:342)
Game.View.CampServicesView:Begin (Game.View.CampServiceNpc) (at C:/Users/d.grab/Desktop/the-game/artifacts/camp-polish-project/Assets/Game.View/CampServicesView.cs:140)
Game.View.CampReviewCapture/<Service>d__18:MoveNext () (at C:/Users/d.grab/Desktop/the-game/artifacts/camp-polish-project/Assets/Game.View/CampReviewCapture.cs:128)
UnityEngine.SetupCoroutine:InvokeMoveNext (System.Collections.IEnumerator,intptr) (at C:/build/output/unity/unity/Runtime/Export/Scripting/Coroutines.cs:17)

(Filename: C:/build/output/unity/unity/Runtime/Export/Debug/Debug.bindings.cs Line: 123)

[footstep-surface] side=0 time=7,716 dust=False position=(-0.20, 0.08, -2.09)
UnityEngine.Debug:ExtractStackTraceNoAlloc (byte*,int,string)
UnityEngine.StackTraceUtility:ExtractStackTrace () (at C:/build/output/unity/unity/Runtime/Export/Scripting/StackTrace.cs:35)
UnityEngine.DebugLogHandler:Internal_Log (UnityEngine.LogType,UnityEngine.LogOption,string,UnityEngine.Object)
UnityEngine.DebugLogHandler:LogFormat (UnityEngine.LogType,UnityEngine.Object,string,object[]) (at C:/build/output/unity/unity/Runtime/Export/Logging/DebugLogHandler.cs:9)
UnityEngine.Logger:Log (UnityEngine.LogType,object) (at C:/build/output/unity/unity/Runtime/Export/Logging/Logger.cs:60)
UnityEngine.Debug:Log (object) (at C:/build/output/unity/unity/Runtime/Export/Debug/Debug.bindings.cs:123)
Game.View.PelagVfxController:UpdateFootstepDust () (at C:/Users/d.grab/Desktop/the-game/artifacts/camp-polish-project/Assets/Game.View/PelagVfxController.cs:208)
Game.View.PelagVfxController:LateUpdate () (at C:/Users/d.grab/Desktop/the-game/artifacts/camp-polish-project/Assets/Game.View/PelagVfxController.cs:184)

(Filename: C:/build/output/unity/unity/Runtime/Export/Debug/Debug.bindings.cs Line: 123)

[footstep-surface] side=1 time=7,966 dust=True position=(0.74, 0.08, -2.97)
UnityEngine.Debug:ExtractStackTraceNoAlloc (byte*,int,string)
UnityEngine.StackTraceUtility:ExtractStackTrace () (at C:/build/output/unity/unity/Runtime/Export/Scripting/StackTrace.cs:35)
UnityEngine.DebugLogHandler:Internal_Log (UnityEngine.LogType,UnityEngine.LogOption,string,UnityEngine.Object)
UnityEngine.DebugLogHandler:LogFormat (UnityEngine.LogType,UnityEngine.Object,string,object[]) (at C:/build/output/unity/unity/Runtime/Export/Logging/DebugLogHandler.cs:9)
UnityEngine.Logger:Log (UnityEngine.LogType,object) (at C:/build/output/unity/unity/Runtime/Export/Logging/Logger.cs:60)
UnityEngine.Debug:Log (object) (at C:/build/output/unity/unity/Runtime/Export/Debug/Debug.bindings.cs:123)
Game.View.PelagVfxController:UpdateFootstepDust () (at C:/Users/d.grab/Desktop/the-game/artifacts/camp-polish-project/Assets/Game.View/PelagVfxController.cs:208)
Game.View.PelagVfxController:LateUpdate () (at C:/Users/d.grab/Desktop/the-game/artifacts/camp-polish-project/Assets/Game.View/PelagVfxController.cs:184)

(Filename: C:/build/output/unity/unity/Runtime/Export/Debug/Debug.bindings.cs Line: 123)

[footstep-vfx] side=1 time=7,966 position=(0.74, 0.08, -2.97)
UnityEngine.Debug:ExtractStackTraceNoAlloc (byte*,int,string)
UnityEngine.StackTraceUtility:ExtractStackTrace () (at C:/build/output/unity/unity/Runtime/Export/Scripting/StackTrace.cs:35)
UnityEngine.DebugLogHandler:Internal_Log (UnityEngine.LogType,UnityEngine.LogOption,string,UnityEngine.Object)
UnityEngine.DebugLogHandler:LogFormat (UnityEngine.LogType,UnityEngine.Object,string,object[]) (at C:/build/output/unity/unity/Runtime/Export/Logging/DebugLogHandler.cs:9)
UnityEngine.Logger:Log (UnityEngine.LogType,object) (at C:/build/output/unity/unity/Runtime/Export/Logging/Logger.cs:60)
UnityEngine.Debug:Log (object) (at C:/build/output/unity/unity/Runtime/Export/Debug/Debug.bindings.cs:123)
Game.View.PelagVfxController:UpdateFootstepDust () (at C:/Users/d.grab/Desktop/the-game/artifacts/camp-polish-project/Assets/Game.View/PelagVfxController.cs:213)
Game.View.PelagVfxController:LateUpdate () (at C:/Users/d.grab/Desktop/the-game/artifacts/camp-polish-project/Assets/Game.View/PelagVfxController.cs:184)

(Filename: C:/build/output/unity/unity/Runtime/Export/Debug/Debug.bindings.cs Line: 123)

[footstep-particles] count=5
UnityEngine.Debug:ExtractStackTraceNoAlloc (byte*,int,string)
UnityEngine.StackTraceUtility:ExtractStackTrace () (at C:/build/output/unity/unity/Runtime/Export/Scripting/StackTrace.cs:35)
UnityEngine.DebugLogHandler:Internal_Log (UnityEngine.LogType,UnityEngine.LogOption,string,UnityEngine.Object)
UnityEngine.DebugLogHandler:LogFormat (UnityEngine.LogType,UnityEngine.Object,string,object[]) (at C:/build/output/unity/unity/Runtime/Export/Logging/DebugLogHandler.cs:9)
UnityEngine.Logger:Log (UnityEngine.LogType,object) (at C:/build/output/unity/unity/Runtime/Export/Logging/Logger.cs:60)
UnityEngine.Debug:Log (object) (at C:/build/output/unity/unity/Runtime/Export/Debug/Debug.bindings.cs:123)
Game.View.PelagVfxController:UpdateActive (single) (at C:/Users/d.grab/Desktop/the-game/artifacts/camp-polish-project/Assets/Game.View/PelagVfxController.cs:1726)
Game.View.PelagVfxController:LateUpdate () (at C:/Users/d.grab/Desktop/the-game/artifacts/camp-polish-project/Assets/Game.View/PelagVfxController.cs:185)

(Filename: C:/build/output/unity/unity/Runtime/Export/Debug/Debug.bindings.cs Line: 123)

[footstep-surface] side=0 time=8,266 dust=False position=(1.92, 0.08, -3.28)
UnityEngine.Debug:ExtractStackTraceNoAlloc (byte*,int,string)
UnityEngine.StackTraceUtility:ExtractStackTrace () (at C:/build/output/unity/unity/Runtime/Export/Scripting/StackTrace.cs:35)
UnityEngine.DebugLogHandler:Internal_Log (UnityEngine.LogType,UnityEngine.LogOption,string,UnityEngine.Object)
UnityEngine.DebugLogHandler:LogFormat (UnityEngine.LogType,UnityEngine.Object,string,object[]) (at C:/build/output/unity/unity/Runtime/Export/Logging/DebugLogHandler.cs:9)
UnityEngine.Logger:Log (UnityEngine.LogType,object) (at C:/build/output/unity/unity/Runtime/Export/Logging/Logger.cs:60)
UnityEngine.Debug:Log (object) (at C:/build/output/unity/unity/Runtime/Export/Debug/Debug.bindings.cs:123)
Game.View.PelagVfxController:UpdateFootstepDust () (at C:/Users/d.grab/Desktop/the-game/artifacts/camp-polish-project/Assets/Game.View/PelagVfxController.cs:208)
Game.View.PelagVfxController:LateUpdate () (at C:/Users/d.grab/Desktop/the-game/artifacts/camp-polish-project/Assets/Game.View/PelagVfxController.cs:184)

(Filename: C:/build/output/unity/unity/Runtime/Export/Debug/Debug.bindings.cs Line: 123)

[camp-route] откуда 2,26,-3,62 → -1,94,-1,31 | герой в карте=True цель в карте=True прямая=True углов=2 маршрут=True
UnityEngine.Debug:ExtractStackTraceNoAlloc (byte*,int,string)
UnityEngine.StackTraceUtility:ExtractStackTrace () (at C:/build/output/unity/unity/Runtime/Export/Scripting/StackTrace.cs:35)
UnityEngine.DebugLogHandler:Internal_Log (UnityEngine.LogType,UnityEngine.LogOption,string,UnityEngine.Object)
UnityEngine.DebugLogHandler:LogFormat (UnityEngine.LogType,UnityEngine.Object,string,object[]) (at C:/build/output/unity/unity/Runtime/Export/Logging/DebugLogHandler.cs:9)
UnityEngine.Logger:Log (UnityEngine.LogType,object) (at C:/build/output/unity/unity/Runtime/Export/Logging/Logger.cs:60)
UnityEngine.Debug:Log (object) (at C:/build/output/unity/unity/Runtime/Export/Debug/Debug.bindings.cs:123)
Game.View.CampPlayerView:RouteTo (UnityEngine.Vector3) (at C:/Users/d.grab/Desktop/the-game/artifacts/camp-polish-project/Assets/Game.View/CampPlayerView.cs:342)
Game.View.CampReviewCapture/<Walk>d__20:MoveNext () (at C:/Users/d.grab/Desktop/the-game/artifacts/camp-polish-project/Assets/Game.View/CampReviewCapture.cs:169)
UnityEngine.SetupCoroutine:InvokeMoveNext (System.Collections.IEnumerator,intptr) (at C:/build/output/unity/unity/Runtime/Export/Scripting/Coroutines.cs:17)

(Filename: C:/build/output/unity/unity/Runtime/Export/Debug/Debug.bindings.cs Line: 123)

[footstep-surface] side=1 time=9,299 dust=False position=(2.09, 0.08, -3.20)
UnityEngine.Debug:ExtractStackTraceNoAlloc (byte*,int,string)
UnityEngine.StackTraceUtility:ExtractStackTrace () (at C:/build/output/unity/unity/Runtime/Export/Scripting/StackTrace.cs:35)
UnityEngine.DebugLogHandler:Internal_Log (UnityEngine.LogType,UnityEngine.LogOption,string,UnityEngine.Object)
UnityEngine.DebugLogHandler:LogFormat (UnityEngine.LogType,UnityEngine.Object,string,object[]) (at C:/build/output/unity/unity/Runtime/Export/Logging/DebugLogHandler.cs:9)
UnityEngine.Logger:Log (UnityEngine.LogType,object) (at C:/build/output/unity/unity/Runtime/Export/Logging/Logger.cs:60)
UnityEngine.Debug:Log (object) (at C:/build/output/unity/unity/Runtime/Export/Debug/Debug.bindings.cs:123)
Game.View.PelagVfxController:UpdateFootstepDust () (at C:/Users/d.grab/Desktop/the-game/artifacts/camp-polish-project/Assets/Game.View/PelagVfxController.cs:208)
Game.View.PelagVfxController:LateUpdate () (at C:/Users/d.grab/Desktop/the-game/artifacts/camp-polish-project/Assets/Game.View/PelagVfxController.cs:184)

(Filename: C:/build/output/unity/unity/Runtime/Export/Debug/Debug.bindings.cs Line: 123)

[footstep-surface] side=0 time=9,416 dust=True position=(0.99, 0.08, -3.11)
UnityEngine.Debug:ExtractStackTraceNoAlloc (byte*,int,string)
UnityEngine.StackTraceUtility:ExtractStackTrace () (at C:/build/output/unity/unity/Runtime/Export/Scripting/StackTrace.cs:35)
UnityEngine.DebugLogHandler:Internal_Log (UnityEngine.LogType,UnityEngine.LogOption,string,UnityEngine.Object)
UnityEngine.DebugLogHandler:LogFormat (UnityEngine.LogType,UnityEngine.Object,string,object[]) (at C:/build/output/unity/unity/Runtime/Export/Logging/DebugLogHandler.cs:9)
UnityEngine.Logger:Log (UnityEngine.LogType,object) (at C:/build/output/unity/unity/Runtime/Export/Logging/Logger.cs:60)
UnityEngine.Debug:Log (object) (at C:/build/output/unity/unity/Runtime/Export/Debug/Debug.bindings.cs:123)
Game.View.PelagVfxController:UpdateFootstepDust () (at C:/Users/d.grab/Desktop/the-game/artifacts/camp-polish-project/Assets/Game.View/PelagVfxController.cs:208)
Game.View.PelagVfxController:LateUpdate () (at C:/Users/d.grab/Desktop/the-game/artifacts/camp-polish-project/Assets/Game.View/PelagVfxController.cs:184)

(Filename: C:/build/output/unity/unity/Runtime/Export/Debug/Debug.bindings.cs Line: 123)

[footstep-vfx] side=0 time=9,416 position=(0.99, 0.08, -3.11)
UnityEngine.Debug:ExtractStackTraceNoAlloc (byte*,int,string)
UnityEngine.StackTraceUtility:ExtractStackTrace () (at C:/build/output/unity/unity/Runtime/Export/Scripting/StackTrace.cs:35)
UnityEngine.DebugLogHandler:Internal_Log (UnityEngine.LogType,UnityEngine.LogOption,string,UnityEngine.Object)
UnityEngine.DebugLogHandler:LogFormat (UnityEngine.LogType,UnityEngine.Object,string,object[]) (at C:/build/output/unity/unity/Runtime/Export/Logging/DebugLogHandler.cs:9)
UnityEngine.Logger:Log (UnityEngine.LogType,object) (at C:/build/output/unity/unity/Runtime/Export/Logging/Logger.cs:60)
UnityEngine.Debug:Log (object) (at C:/build/output/unity/unity/Runtime/Export/Debug/Debug.bindings.cs:123)
Game.View.PelagVfxController:UpdateFootstepDust () (at C:/Users/d.grab/Desktop/the-game/artifacts/camp-polish-project/Assets/Game.View/PelagVfxController.cs:213)
Game.View.PelagVfxController:LateUpdate () (at C:/Users/d.grab/Desktop/the-game/artifacts/camp-polish-project/Assets/Game.View/PelagVfxController.cs:184)

(Filename: C:/build/output/unity/unity/Runtime/Export/Debug/Debug.bindings.cs Line: 123)

[footstep-particles] count=5
UnityEngine.Debug:ExtractStackTraceNoAlloc (byte*,int,string)
UnityEngine.StackTraceUtility:ExtractStackTrace () (at C:/build/output/unity/unity/Runtime/Export/Scripting/StackTrace.cs:35)
UnityEngine.DebugLogHandler:Internal_Log (UnityEngine.LogType,UnityEngine.LogOption,string,UnityEngine.Object)
UnityEngine.DebugLogHandler:LogFormat (UnityEngine.LogType,UnityEngine.Object,string,object[]) (at C:/build/output/unity/unity/Runtime/Export/Logging/DebugLogHandler.cs:9)
UnityEngine.Logger:Log (UnityEngine.LogType,object) (at C:/build/output/unity/unity/Runtime/Export/Logging/Logger.cs:60)
UnityEngine.Debug:Log (object) (at C:/build/output/unity/unity/Runtime/Export/Debug/Debug.bindings.cs:123)
Game.View.PelagVfxController:UpdateActive (single) (at C:/Users/d.grab/Desktop/the-game/artifacts/camp-polish-project/Assets/Game.View/PelagVfxController.cs:1726)
Game.View.PelagVfxController:LateUpdate () (at C:/Users/d.grab/Desktop/the-game/artifacts/camp-polish-project/Assets/Game.View/PelagVfxController.cs:185)

(Filename: C:/build/output/unity/unity/Runtime/Export/Debug/Debug.bindings.cs Line: 123)

[footstep-surface] side=1 time=9,649 dust=True position=(0.05, 0.08, -2.21)
UnityEngine.Debug:ExtractStackTraceNoAlloc (byte*,int,string)
UnityEngine.StackTraceUtility:ExtractStackTrace () (at C:/build/output/unity/unity/Runtime/Export/Scripting/StackTrace.cs:35)
UnityEngine.DebugLogHandler:Internal_Log (UnityEngine.LogType,UnityEngine.LogOption,string,UnityEngine.Object)
UnityEngine.DebugLogHandler:LogFormat (UnityEngine.LogType,UnityEngine.Object,string,object[]) (at C:/build/output/unity/unity/Runtime/Export/Logging/DebugLogHandler.cs:9)
UnityEngine.Logger:Log (UnityEngine.LogType,object) (at C:/build/output/unity/unity/Runtime/Export/Logging/Logger.cs:60)
UnityEngine.Debug:Log (object) (at C:/build/output/unity/unity/Runtime/Export/Debug/Debug.bindings.cs:123)
Game.View.PelagVfxController:UpdateFootstepDust () (at C:/Users/d.grab/Desktop/the-game/artifacts/camp-polish-project/Assets/Game.View/PelagVfxController.cs:208)
Game.View.PelagVfxController:LateUpdate () (at C:/Users/d.grab/Desktop/the-game/artifacts/camp-polish-project/Assets/Game.View/PelagVfxController.cs:184)

(Filename: C:/build/output/unity/unity/Runtime/Export/Debug/Debug.bindings.cs Line: 123)

[footstep-vfx] side=1 time=9,649 position=(0.05, 0.08, -2.21)
UnityEngine.Debug:ExtractStackTraceNoAlloc (byte*,int,string)
UnityEngine.StackTraceUtility:ExtractStackTrace () (at C:/build/output/unity/unity/Runtime/Export/Scripting/StackTrace.cs:35)
UnityEngine.DebugLogHandler:Internal_Log (UnityEngine.LogType,UnityEngine.LogOption,string,UnityEngine.Object)
UnityEngine.DebugLogHandler:LogFormat (UnityEngine.LogType,UnityEngine.Object,string,object[]) (at C:/build/output/unity/unity/Runtime/Export/Logging/DebugLogHandler.cs:9)
UnityEngine.Logger:Log (UnityEngine.LogType,object) (at C:/build/output/unity/unity/Runtime/Export/Logging/Logger.cs:60)
UnityEngine.Debug:Log (object) (at C:/build/output/unity/unity/Runtime/Export/Debug/Debug.bindings.cs:123)
Game.View.PelagVfxController:UpdateFootstepDust () (at C:/Users/d.grab/Desktop/the-game/artifacts/camp-polish-project/Assets/Game.View/PelagVfxController.cs:213)
Game.View.PelagVfxController:LateUpdate () (at C:/Users/d.grab/Desktop/the-game/artifacts/camp-polish-project/Assets/Game.View/PelagVfxController.cs:184)

(Filename: C:/build/output/unity/unity/Runtime/Export/Debug/Debug.bindings.cs Line: 123)

[footstep-particles] count=5
UnityEngine.Debug:ExtractStackTraceNoAlloc (byte*,int,string)
UnityEngine.StackTraceUtility:ExtractStackTrace () (at C:/build/output/unity/unity/Runtime/Export/Scripting/StackTrace.cs:35)
UnityEngine.DebugLogHandler:Internal_Log (UnityEngine.LogType,UnityEngine.LogOption,string,UnityEngine.Object)
UnityEngine.DebugLogHandler:LogFormat (UnityEngine.LogType,UnityEngine.Object,string,object[]) (at C:/build/output/unity/unity/Runtime/Export/Logging/DebugLogHandler.cs:9)
UnityEngine.Logger:Log (UnityEngine.LogType,object) (at C:/build/output/unity/unity/Runtime/Export/Logging/Logger.cs:60)
UnityEngine.Debug:Log (object) (at C:/build/output/unity/unity/Runtime/Export/Debug/Debug.bindings.cs:123)
Game.View.PelagVfxController:UpdateActive (single) (at C:/Users/d.grab/Desktop/the-game/artifacts/camp-polish-project/Assets/Game.View/PelagVfxController.cs:1726)
Game.View.PelagVfxController:LateUpdate () (at C:/Users/d.grab/Desktop/the-game/artifacts/camp-polish-project/Assets/Game.View/PelagVfxController.cs:185)

(Filename: C:/build/output/unity/unity/Runtime/Export/Debug/Debug.bindings.cs Line: 123)

[footstep-surface] side=0 time=9,949 dust=True position=(-1.13, 0.08, -1.90)
UnityEngine.Debug:ExtractStackTraceNoAlloc (byte*,int,string)
UnityEngine.StackTraceUtility:ExtractStackTrace () (at C:/build/output/unity/unity/Runtime/Export/Scripting/StackTrace.cs:35)
UnityEngine.DebugLogHandler:Internal_Log (UnityEngine.LogType,UnityEngine.LogOption,string,UnityEngine.Object)
UnityEngine.DebugLogHandler:LogFormat (UnityEngine.LogType,UnityEngine.Object,string,object[]) (at C:/build/output/unity/unity/Runtime/Export/Logging/DebugLogHandler.cs:9)
UnityEngine.Logger:Log (UnityEngine.LogType,object) (at C:/build/output/unity/unity/Runtime/Export/Logging/Logger.cs:60)
UnityEngine.Debug:Log (object) (at C:/build/output/unity/unity/Runtime/Export/Debug/Debug.bindings.cs:123)
Game.View.PelagVfxController:UpdateFootstepDust () (at C:/Users/d.grab/Desktop/the-game/artifacts/camp-polish-project/Assets/Game.View/PelagVfxController.cs:208)
Game.View.PelagVfxController:LateUpdate () (at C:/Users/d.grab/Desktop/the-game/artifacts/camp-polish-project/Assets/Game.View/PelagVfxController.cs:184)

(Filename: C:/build/output/unity/unity/Runtime/Export/Debug/Debug.bindings.cs Line: 123)

[footstep-vfx] side=0 time=9,949 position=(-1.13, 0.08, -1.90)
UnityEngine.Debug:ExtractStackTraceNoAlloc (byte*,int,string)
UnityEngine.StackTraceUtility:ExtractStackTrace () (at C:/build/output/unity/unity/Runtime/Export/Scripting/StackTrace.cs:35)
UnityEngine.DebugLogHandler:Internal_Log (UnityEngine.LogType,UnityEngine.LogOption,string,UnityEngine.Object)
UnityEngine.DebugLogHandler:LogFormat (UnityEngine.LogType,UnityEngine.Object,string,object[]) (at C:/build/output/unity/unity/Runtime/Export/Logging/DebugLogHandler.cs:9)
UnityEngine.Logger:Log (UnityEngine.LogType,object) (at C:/build/output/unity/unity/Runtime/Export/Logging/Logger.cs:60)
UnityEngine.Debug:Log (object) (at C:/build/output/unity/unity/Runtime/Export/Debug/Debug.bindings.cs:123)
Game.View.PelagVfxController:UpdateFootstepDust () (at C:/Users/d.grab/Desktop/the-game/artifacts/camp-polish-project/Assets/Game.View/PelagVfxController.cs:213)
Game.View.PelagVfxController:LateUpdate () (at C:/Users/d.grab/Desktop/the-game/artifacts/camp-polish-project/Assets/Game.View/PelagVfxController.cs:184)

(Filename: C:/build/output/unity/unity/Runtime/Export/Debug/Debug.bindings.cs Line: 123)

[footstep-particles] count=5
UnityEngine.Debug:ExtractStackTraceNoAlloc (byte*,int,string)
UnityEngine.StackTraceUtility:ExtractStackTrace () (at C:/build/output/unity/unity/Runtime/Export/Scripting/StackTrace.cs:35)
UnityEngine.DebugLogHandler:Internal_Log (UnityEngine.LogType,UnityEngine.LogOption,string,UnityEngine.Object)
UnityEngine.DebugLogHandler:LogFormat (UnityEngine.LogType,UnityEngine.Object,string,object[]) (at C:/build/output/unity/unity/Runtime/Export/Logging/DebugLogHandler.cs:9)
UnityEngine.Logger:Log (UnityEngine.LogType,object) (at C:/build/output/unity/unity/Runtime/Export/Logging/Logger.cs:60)
UnityEngine.Debug:Log (object) (at C:/build/output/unity/unity/Runtime/Export/Debug/Debug.bindings.cs:123)
Game.View.PelagVfxController:UpdateActive (single) (at C:/Users/d.grab/Desktop/the-game/artifacts/camp-polish-project/Assets/Game.View/PelagVfxController.cs:1726)
Game.View.PelagVfxController:LateUpdate () (at C:/Users/d.grab/Desktop/the-game/artifacts/camp-polish-project/Assets/Game.View/PelagVfxController.cs:185)

(Filename: C:/build/output/unity/unity/Runtime/Export/Debug/Debug.bindings.cs Line: 123)

[footstep-surface] side=1 time=10,199 dust=True position=(-2.07, 0.08, -1.03)
UnityEngine.Debug:ExtractStackTraceNoAlloc (byte*,int,string)
UnityEngine.StackTraceUtility:ExtractStackTrace () (at C:/build/output/unity/unity/Runtime/Export/Scripting/StackTrace.cs:35)
UnityEngine.DebugLogHandler:Internal_Log (UnityEngine.LogType,UnityEngine.LogOption,string,UnityEngine.Object)
UnityEngine.DebugLogHandler:LogFormat (UnityEngine.LogType,UnityEngine.Object,string,object[]) (at C:/build/output/unity/unity/Runtime/Export/Logging/DebugLogHandler.cs:9)
UnityEngine.Logger:Log (UnityEngine.LogType,object) (at C:/build/output/unity/unity/Runtime/Export/Logging/Logger.cs:60)
UnityEngine.Debug:Log (object) (at C:/build/output/unity/unity/Runtime/Export/Debug/Debug.bindings.cs:123)
Game.View.PelagVfxController:UpdateFootstepDust () (at C:/Users/d.grab/Desktop/the-game/artifacts/camp-polish-project/Assets/Game.View/PelagVfxController.cs:208)
Game.View.PelagVfxController:LateUpdate () (at C:/Users/d.grab/Desktop/the-game/artifacts/camp-polish-project/Assets/Game.View/PelagVfxController.cs:184)

(Filename: C:/build/output/unity/unity/Runtime/Export/Debug/Debug.bindings.cs Line: 123)

[footstep-vfx] side=1 time=10,199 position=(-2.07, 0.08, -1.03)
UnityEngine.Debug:ExtractStackTraceNoAlloc (byte*,int,string)
UnityEngine.StackTraceUtility:ExtractStackTrace () (at C:/build/output/unity/unity/Runtime/Export/Scripting/StackTrace.cs:35)
UnityEngine.DebugLogHandler:Internal_Log (UnityEngine.LogType,UnityEngine.LogOption,string,UnityEngine.Object)
UnityEngine.DebugLogHandler:LogFormat (UnityEngine.LogType,UnityEngine.Object,string,object[]) (at C:/build/output/unity/unity/Runtime/Export/Logging/DebugLogHandler.cs:9)
UnityEngine.Logger:Log (UnityEngine.LogType,object) (at C:/build/output/unity/unity/Runtime/Export/Logging/Logger.cs:60)
UnityEngine.Debug:Log (object) (at C:/build/output/unity/unity/Runtime/Export/Debug/Debug.bindings.cs:123)
Game.View.PelagVfxController:UpdateFootstepDust () (at C:/Users/d.grab/Desktop/the-game/artifacts/camp-polish-project/Assets/Game.View/PelagVfxController.cs:213)
Game.View.PelagVfxController:LateUpdate () (at C:/Users/d.grab/Desktop/the-game/artifacts/camp-polish-project/Assets/Game.View/PelagVfxController.cs:184)

(Filename: C:/build/output/unity/unity/Runtime/Export/Debug/Debug.bindings.cs Line: 123)

[footstep-particles] count=5
UnityEngine.Debug:ExtractStackTraceNoAlloc (byte*,int,string)
UnityEngine.StackTraceUtility:ExtractStackTrace () (at C:/build/output/unity/unity/Runtime/Export/Scripting/StackTrace.cs:35)
UnityEngine.DebugLogHandler:Internal_Log (UnityEngine.LogType,UnityEngine.LogOption,string,UnityEngine.Object)
UnityEngine.DebugLogHandler:LogFormat (UnityEngine.LogType,UnityEngine.Object,string,object[]) (at C:/build/output/unity/unity/Runtime/Export/Logging/DebugLogHandler.cs:9)
UnityEngine.Logger:Log (UnityEngine.LogType,object) (at C:/build/output/unity/unity/Runtime/Export/Logging/Logger.cs:60)
UnityEngine.Debug:Log (object) (at C:/build/output/unity/unity/Runtime/Export/Debug/Debug.bindings.cs:123)
Game.View.PelagVfxController:UpdateActive (single) (at C:/Users/d.grab/Desktop/the-game/artifacts/camp-polish-project/Assets/Game.View/PelagVfxController.cs:1726)
Game.View.PelagVfxController:LateUpdate () (at C:/Users/d.grab/Desktop/the-game/artifacts/camp-polish-project/Assets/Game.View/PelagVfxController.cs:185)

(Filename: C:/build/output/unity/unity/Runtime/Export/Debug/Debug.bindings.cs Line: 123)

[camp-route] откуда -1,94,-1,31 → 2,81,-16,81 | герой в карте=True цель в карте=True прямая=False углов=3 маршрут=True
UnityEngine.Debug:ExtractStackTraceNoAlloc (byte*,int,string)
UnityEngine.StackTraceUtility:ExtractStackTrace () (at C:/build/output/unity/unity/Runtime/Export/Scripting/StackTrace.cs:35)
UnityEngine.DebugLogHandler:Internal_Log (UnityEngine.LogType,UnityEngine.LogOption,string,UnityEngine.Object)
UnityEngine.DebugLogHandler:LogFormat (UnityEngine.LogType,UnityEngine.Object,string,object[]) (at C:/build/output/unity/unity/Runtime/Export/Logging/DebugLogHandler.cs:9)
UnityEngine.Logger:Log (UnityEngine.LogType,object) (at C:/build/output/unity/unity/Runtime/Export/Logging/Logger.cs:60)
UnityEngine.Debug:Log (object) (at C:/build/output/unity/unity/Runtime/Export/Debug/Debug.bindings.cs:123)
Game.View.CampPlayerView:RouteTo (UnityEngine.Vector3) (at C:/Users/d.grab/Desktop/the-game/artifacts/camp-polish-project/Assets/Game.View/CampPlayerView.cs:342)
Game.View.CampReviewCapture/<Walk>d__20:MoveNext () (at C:/Users/d.grab/Desktop/the-game/artifacts/camp-polish-project/Assets/Game.View/CampReviewCapture.cs:169)
UnityEngine.SetupCoroutine:InvokeMoveNext (System.Collections.IEnumerator,intptr) (at C:/build/output/unity/unity/Runtime/Export/Scripting/Coroutines.cs:17)

(Filename: C:/build/output/unity/unity/Runtime/Export/Debug/Debug.bindings.cs Line: 123)

[footstep-surface] side=0 time=10,816 dust=True position=(-1.13, 0.08, -2.87)
UnityEngine.Debug:ExtractStackTraceNoAlloc (byte*,int,string)
UnityEngine.StackTraceUtility:ExtractStackTrace () (at C:/build/output/unity/unity/Runtime/Export/Scripting/StackTrace.cs:35)
UnityEngine.DebugLogHandler:Internal_Log (UnityEngine.LogType,UnityEngine.LogOption,string,UnityEngine.Object)
UnityEngine.DebugLogHandler:LogFormat (UnityEngine.LogType,UnityEngine.Object,string,object[]) (at C:/build/output/unity/unity/Runtime/Export/Logging/DebugLogHandler.cs:9)
UnityEngine.Logger:Log (UnityEngine.LogType,object) (at C:/build/output/unity/unity/Runtime/Export/Logging/Logger.cs:60)
UnityEngine.Debug:Log (object) (at C:/build/output/unity/unity/Runtime/Export/Debug/Debug.bindings.cs:123)
Game.View.PelagVfxController:UpdateFootstepDust () (at C:/Users/d.grab/Desktop/the-game/artifacts/camp-polish-project/Assets/Game.View/PelagVfxController.cs:208)
Game.View.PelagVfxController:LateUpdate () (at C:/Users/d.grab/Desktop/the-game/artifacts/camp-polish-project/Assets/Game.View/PelagVfxController.cs:184)

(Filename: C:/build/output/unity/unity/Runtime/Export/Debug/Debug.bindings.cs Line: 123)

[footstep-vfx] side=0 time=10,816 position=(-1.13, 0.08, -2.87)
UnityEngine.Debug:ExtractStackTraceNoAlloc (byte*,int,string)
UnityEngine.StackTraceUtility:ExtractStackTrace () (at C:/build/output/unity/unity/Runtime/Export/Scripting/StackTrace.cs:35)
UnityEngine.DebugLogHandler:Internal_Log (UnityEngine.LogType,UnityEngine.LogOption,string,UnityEngine.Object)
UnityEngine.DebugLogHandler:LogFormat (UnityEngine.LogType,UnityEngine.Object,string,object[]) (at C:/build/output/unity/unity/Runtime/Export/Logging/DebugLogHandler.cs:9)
UnityEngine.Logger:Log (UnityEngine.LogType,object) (at C:/build/output/unity/unity/Runtime/Export/Logging/Logger.cs:60)
UnityEngine.Debug:Log (object) (at C:/build/output/unity/unity/Runtime/Export/Debug/Debug.bindings.cs:123)
Game.View.PelagVfxController:UpdateFootstepDust () (at C:/Users/d.grab/Desktop/the-game/artifacts/camp-polish-project/Assets/Game.View/PelagVfxController.cs:213)
Game.View.PelagVfxController:LateUpdate () (at C:/Users/d.grab/Desktop/the-game/artifacts/camp-polish-project/Assets/Game.View/PelagVfxController.cs:184)

(Filename: C:/build/output/unity/unity/Runtime/Export/Debug/Debug.bindings.cs Line: 123)

[footstep-particles] count=5
UnityEngine.Debug:ExtractStackTraceNoAlloc (byte*,int,string)
UnityEngine.StackTraceUtility:ExtractStackTrace () (at C:/build/output/unity/unity/Runtime/Export/Scripting/StackTrace.cs:35)
UnityEngine.DebugLogHandler:Internal_Log (UnityEngine.LogType,UnityEngine.LogOption,string,UnityEngine.Object)
UnityEngine.DebugLogHandler:LogFormat (UnityEngine.LogType,UnityEngine.Object,string,object[]) (at C:/build/output/unity/unity/Runtime/Export/Logging/DebugLogHandler.cs:9)
UnityEngine.Logger:Log (UnityEngine.LogType,object) (at C:/build/output/unity/unity/Runtime/Export/Logging/Logger.cs:60)
UnityEngine.Debug:Log (object) (at C:/build/output/unity/unity/Runtime/Export/Debug/Debug.bindings.cs:123)
Game.View.PelagVfxController:UpdateActive (single) (at C:/Users/d.grab/Desktop/the-game/artifacts/camp-polish-project/Assets/Game.View/PelagVfxController.cs:1726)
Game.View.PelagVfxController:LateUpdate () (at C:/Users/d.grab/Desktop/the-game/artifacts/camp-polish-project/Assets/Game.View/PelagVfxController.cs:185)

(Filename: C:/build/output/unity/unity/Runtime/Export/Debug/Debug.bindings.cs Line: 123)

[footstep-surface] side=1 time=11,066 dust=True position=(-0.90, 0.08, -4.14)
UnityEngine.Debug:ExtractStackTraceNoAlloc (byte*,int,string)
UnityEngine.StackTraceUtility:ExtractStackTrace () (at C:/build/output/unity/unity/Runtime/Export/Scripting/StackTrace.cs:35)
UnityEngine.DebugLogHandler:Internal_Log (UnityEngine.LogType,UnityEngine.LogOption,string,UnityEngine.Object)
UnityEngine.DebugLogHandler:LogFormat (UnityEngine.LogType,UnityEngine.Object,string,object[]) (at C:/build/output/unity/unity/Runtime/Export/Logging/DebugLogHandler.cs:9)
UnityEngine.Logger:Log (UnityEngine.LogType,object) (at C:/build/output/unity/unity/Runtime/Export/Logging/Logger.cs:60)
UnityEngine.Debug:Log (object) (at C:/build/output/unity/unity/Runtime/Export/Debug/Debug.bindings.cs:123)
Game.View.PelagVfxController:UpdateFootstepDust () (at C:/Users/d.grab/Desktop/the-game/artifacts/camp-polish-project/Assets/Game.View/PelagVfxController.cs:208)
Game.View.PelagVfxController:LateUpdate () (at C:/Users/d.grab/Desktop/the-game/artifacts/camp-polish-project/Assets/Game.View/PelagVfxController.cs:184)

(Filename: C:/build/output/unity/unity/Runtime/Export/Debug/Debug.bindings.cs Line: 123)

[footstep-vfx] side=1 time=11,066 position=(-0.90, 0.08, -4.14)
UnityEngine.Debug:ExtractStackTraceNoAlloc (byte*,int,string)
UnityEngine.StackTraceUtility:ExtractStackTrace () (at C:/build/output/unity/unity/Runtime/Export/Scripting/StackTrace.cs:35)
UnityEngine.DebugLogHandler:Internal_Log (UnityEngine.LogType,UnityEngine.LogOption,string,UnityEngine.Object)
UnityEngine.DebugLogHandler:LogFormat (UnityEngine.LogType,UnityEngine.Object,string,object[]) (at C:/build/output/unity/unity/Runtime/Export/Logging/DebugLogHandler.cs:9)
UnityEngine.Logger:Log (UnityEngine.LogType,object) (at C:/build/output/unity/unity/Runtime/Export/Logging/Logger.cs:60)
UnityEngine.Debug:Log (object) (at C:/build/output/unity/unity/Runtime/Export/Debug/Debug.bindings.cs:123)
Game.View.PelagVfxController:UpdateFootstepDust () (at C:/Users/d.grab/Desktop/the-game/artifacts/camp-polish-project/Assets/Game.View/PelagVfxController.cs:213)
Game.View.PelagVfxController:LateUpdate () (at C:/Users/d.grab/Desktop/the-game/artifacts/camp-polish-project/Assets/Game.View/PelagVfxController.cs:184)

(Filename: C:/build/output/unity/unity/Runtime/Export/Debug/Debug.bindings.cs Line: 123)

[footstep-particles] count=5
UnityEngine.Debug:ExtractStackTraceNoAlloc (byte*,int,string)
UnityEngine.StackTraceUtility:ExtractStackTrace () (at C:/build/output/unity/unity/Runtime/Export/Scripting/StackTrace.cs:35)
UnityEngine.DebugLogHandler:Internal_Log (UnityEngine.LogType,UnityEngine.LogOption,string,UnityEngine.Object)
UnityEngine.DebugLogHandler:LogFormat (UnityEngine.LogType,UnityEngine.Object,string,object[]) (at C:/build/output/unity/unity/Runtime/Export/Logging/DebugLogHandler.cs:9)
UnityEngine.Logger:Log (UnityEngine.LogType,object) (at C:/build/output/unity/unity/Runtime/Export/Logging/Logger.cs:60)
UnityEngine.Debug:Log (object) (at C:/build/output/unity/unity/Runtime/Export/Debug/Debug.bindings.cs:123)
Game.View.PelagVfxController:UpdateActive (single) (at C:/Users/d.grab/Desktop/the-game/artifacts/camp-polish-project/Assets/Game.View/PelagVfxController.cs:1726)
Game.View.PelagVfxController:LateUpdate () (at C:/Users/d.grab/Desktop/the-game/artifacts/camp-polish-project/Assets/Game.View/PelagVfxController.cs:185)

(Filename: C:/build/output/unity/unity/Runtime/Export/Debug/Debug.bindings.cs Line: 123)

[footstep-surface] side=0 time=11,366 dust=True position=(-0.16, 0.08, -5.11)
UnityEngine.Debug:ExtractStackTraceNoAlloc (byte*,int,string)
UnityEngine.StackTraceUtility:ExtractStackTrace () (at C:/build/output/unity/unity/Runtime/Export/Scripting/StackTrace.cs:35)
UnityEngine.DebugLogHandler:Internal_Log (UnityEngine.LogType,UnityEngine.LogOption,string,UnityEngine.Object)
UnityEngine.DebugLogHandler:LogFormat (UnityEngine.LogType,UnityEngine.Object,string,object[]) (at C:/build/output/unity/unity/Runtime/Export/Logging/DebugLogHandler.cs:9)
UnityEngine.Logger:Log (UnityEngine.LogType,object) (at C:/build/output/unity/unity/Runtime/Export/Logging/Logger.cs:60)
UnityEngine.Debug:Log (object) (at C:/build/output/unity/unity/Runtime/Export/Debug/Debug.bindings.cs:123)
Game.View.PelagVfxController:UpdateFootstepDust () (at C:/Users/d.grab/Desktop/the-game/artifacts/camp-polish-project/Assets/Game.View/PelagVfxController.cs:208)
Game.View.PelagVfxController:LateUpdate () (at C:/Users/d.grab/Desktop/the-game/artifacts/camp-polish-project/Assets/Game.View/PelagVfxController.cs:184)

(Filename: C:/build/output/unity/unity/Runtime/Export/Debug/Debug.bindings.cs Line: 123)

[footstep-vfx] side=0 time=11,366 position=(-0.16, 0.08, -5.11)
UnityEngine.Debug:ExtractStackTraceNoAlloc (byte*,int,string)
UnityEngine.StackTraceUtility:ExtractStackTrace () (at C:/build/output/unity/unity/Runtime/Export/Scripting/StackTrace.cs:35)
UnityEngine.DebugLogHandler:Internal_Log (UnityEngine.LogType,UnityEngine.LogOption,string,UnityEngine.Object)
UnityEngine.DebugLogHandler:LogFormat (UnityEngine.LogType,UnityEngine.Object,string,object[]) (at C:/build/output/unity/unity/Runtime/Export/Logging/DebugLogHandler.cs:9)
UnityEngine.Logger:Log (UnityEngine.LogType,object) (at C:/build/output/unity/unity/Runtime/Export/Logging/Logger.cs:60)
UnityEngine.Debug:Log (object) (at C:/build/output/unity/unity/Runtime/Export/Debug/Debug.bindings.cs:123)
Game.View.PelagVfxController:UpdateFootstepDust () (at C:/Users/d.grab/Desktop/the-game/artifacts/camp-polish-project/Assets/Game.View/PelagVfxController.cs:213)
Game.View.PelagVfxController:LateUpdate () (at C:/Users/d.grab/Desktop/the-game/artifacts/camp-polish-project/Assets/Game.View/PelagVfxController.cs:184)

(Filename: C:/build/output/unity/unity/Runtime/Export/Debug/Debug.bindings.cs Line: 123)

[footstep-particles] count=5
UnityEngine.Debug:ExtractStackTraceNoAlloc (byte*,int,string)
UnityEngine.StackTraceUtility:ExtractStackTrace () (at C:/build/output/unity/unity/Runtime/Export/Scripting/StackTrace.cs:35)
UnityEngine.DebugLogHandler:Internal_Log (UnityEngine.LogType,UnityEngine.LogOption,string,UnityEngine.Object)
UnityEngine.DebugLogHandler:LogFormat (UnityEngine.LogType,UnityEngine.Object,string,object[]) (at C:/build/output/unity/unity/Runtime/Export/Logging/DebugLogHandler.cs:9)
UnityEngine.Logger:Log (UnityEngine.LogType,object) (at C:/build/output/unity/unity/Runtime/Export/Logging/Logger.cs:60)
UnityEngine.Debug:Log (object) (at C:/build/output/unity/unity/Runtime/Export/Debug/Debug.bindings.cs:123)
Game.View.PelagVfxController:UpdateActive (single) (at C:/Users/d.grab/Desktop/the-game/artifacts/camp-polish-project/Assets/Game.View/PelagVfxController.cs:1726)
Game.View.PelagVfxController:LateUpdate () (at C:/Users/d.grab/Desktop/the-game/artifacts/camp-polish-project/Assets/Game.View/PelagVfxController.cs:185)

(Filename: C:/build/output/unity/unity/Runtime/Export/Debug/Debug.bindings.cs Line: 123)

[footstep-surface] side=1 time=11,616 dust=True position=(0.05, 0.08, -6.38)
UnityEngine.Debug:ExtractStackTraceNoAlloc (byte*,int,string)
UnityEngine.StackTraceUtility:ExtractStackTrace () (at C:/build/output/unity/unity/Runtime/Export/Scripting/StackTrace.cs:35)
UnityEngine.DebugLogHandler:Internal_Log (UnityEngine.LogType,UnityEngine.LogOption,string,UnityEngine.Object)
UnityEngine.DebugLogHandler:LogFormat (UnityEngine.LogType,UnityEngine.Object,string,object[]) (at C:/build/output/unity/unity/Runtime/Export/Logging/DebugLogHandler.cs:9)
UnityEngine.Logger:Log (UnityEngine.LogType,object) (at C:/build/output/unity/unity/Runtime/Export/Logging/Logger.cs:60)
UnityEngine.Debug:Log (object) (at C:/build/output/unity/unity/Runtime/Export/Debug/Debug.bindings.cs:123)
Game.View.PelagVfxController:UpdateFootstepDust () (at C:/Users/d.grab/Desktop/the-game/artifacts/camp-polish-project/Assets/Game.View/PelagVfxController.cs:208)
Game.View.PelagVfxController:LateUpdate () (at C:/Users/d.grab/Desktop/the-game/artifacts/camp-polish-project/Assets/Game.View/PelagVfxController.cs:184)

(Filename: C:/build/output/unity/unity/Runtime/Export/Debug/Debug.bindings.cs Line: 123)

[footstep-vfx] side=1 time=11,616 position=(0.05, 0.08, -6.38)
UnityEngine.Debug:ExtractStackTraceNoAlloc (byte*,int,string)
UnityEngine.StackTraceUtility:ExtractStackTrace () (at C:/build/output/unity/unity/Runtime/Export/Scripting/StackTrace.cs:35)
UnityEngine.DebugLogHandler:Internal_Log (UnityEngine.LogType,UnityEngine.LogOption,string,UnityEngine.Object)
UnityEngine.DebugLogHandler:LogFormat (UnityEngine.LogType,UnityEngine.Object,string,object[]) (at C:/build/output/unity/unity/Runtime/Export/Logging/DebugLogHandler.cs:9)
UnityEngine.Logger:Log (UnityEngine.LogType,object) (at C:/build/output/unity/unity/Runtime/Export/Logging/Logger.cs:60)
UnityEngine.Debug:Log (object) (at C:/build/output/unity/unity/Runtime/Export/Debug/Debug.bindings.cs:123)
Game.View.PelagVfxController:UpdateFootstepDust () (at C:/Users/d.grab/Desktop/the-game/artifacts/camp-polish-project/Assets/Game.View/PelagVfxController.cs:213)
Game.View.PelagVfxController:LateUpdate () (at C:/Users/d.grab/Desktop/the-game/artifacts/camp-polish-project/Assets/Game.View/PelagVfxController.cs:184)

(Filename: C:/build/output/unity/unity/Runtime/Export/Debug/Debug.bindings.cs Line: 123)

[footstep-particles] count=5
UnityEngine.Debug:ExtractStackTraceNoAlloc (byte*,int,string)
UnityEngine.StackTraceUtility:ExtractStackTrace () (at C:/build/output/unity/unity/Runtime/Export/Scripting/StackTrace.cs:35)
UnityEngine.DebugLogHandler:Internal_Log (UnityEngine.LogType,UnityEngine.LogOption,string,UnityEngine.Object)
UnityEngine.DebugLogHandler:LogFormat (UnityEngine.LogType,UnityEngine.Object,string,object[]) (at C:/build/output/unity/unity/Runtime/Export/Logging/DebugLogHandler.cs:9)
UnityEngine.Logger:Log (UnityEngine.LogType,object) (at C:/build/output/unity/unity/Runtime/Export/Logging/Logger.cs:60)
UnityEngine.Debug:Log (object) (at C:/build/output/unity/unity/Runtime/Export/Debug/Debug.bindings.cs:123)
Game.View.PelagVfxController:UpdateActive (single) (at C:/Users/d.grab/Desktop/the-game/artifacts/camp-polish-project/Assets/Game.View/PelagVfxController.cs:1726)
Game.View.PelagVfxController:LateUpdate () (at C:/Users/d.grab/Desktop/the-game/artifacts/camp-polish-project/Assets/Game.View/PelagVfxController.cs:185)

(Filename: C:/build/output/unity/unity/Runtime/Export/Debug/Debug.bindings.cs Line: 123)

[footstep-surface] side=0 time=11,899 dust=True position=(0.81, 0.08, -7.34)
UnityEngine.Debug:ExtractStackTraceNoAlloc (byte*,int,string)
UnityEngine.StackTraceUtility:ExtractStackTrace () (at C:/build/output/unity/unity/Runtime/Export/Scripting/StackTrace.cs:35)
UnityEngine.DebugLogHandler:Internal_Log (UnityEngine.LogType,UnityEngine.LogOption,string,UnityEngine.Object)
UnityEngine.DebugLogHandler:LogFormat (UnityEngine.LogType,UnityEngine.Object,string,object[]) (at C:/build/output/unity/unity/Runtime/Export/Logging/DebugLogHandler.cs:9)
UnityEngine.Logger:Log (UnityEngine.LogType,object) (at C:/build/output/unity/unity/Runtime/Export/Logging/Logger.cs:60)
UnityEngine.Debug:Log (object) (at C:/build/output/unity/unity/Runtime/Export/Debug/Debug.bindings.cs:123)
Game.View.PelagVfxController:UpdateFootstepDust () (at C:/Users/d.grab/Desktop/the-game/artifacts/camp-polish-project/Assets/Game.View/PelagVfxController.cs:208)
Game.View.PelagVfxController:LateUpdate () (at C:/Users/d.grab/Desktop/the-game/artifacts/camp-polish-project/Assets/Game.View/PelagVfxController.cs:184)

(Filename: C:/build/output/unity/unity/Runtime/Export/Debug/Debug.bindings.cs Line: 123)

[footstep-vfx] side=0 time=11,899 position=(0.81, 0.08, -7.34)
UnityEngine.Debug:ExtractStackTraceNoAlloc (byte*,int,string)
UnityEngine.StackTraceUtility:ExtractStackTrace () (at C:/build/output/unity/unity/Runtime/Export/Scripting/StackTrace.cs:35)
UnityEngine.DebugLogHandler:Internal_Log (UnityEngine.LogType,UnityEngine.LogOption,string,UnityEngine.Object)
UnityEngine.DebugLogHandler:LogFormat (UnityEngine.LogType,UnityEngine.Object,string,object[]) (at C:/build/output/unity/unity/Runtime/Export/Logging/DebugLogHandler.cs:9)
UnityEngine.Logger:Log (UnityEngine.LogType,object) (at C:/build/output/unity/unity/Runtime/Export/Logging/Logger.cs:60)
UnityEngine.Debug:Log (object) (at C:/build/output/unity/unity/Runtime/Export/Debug/Debug.bindings.cs:123)
Game.View.PelagVfxController:UpdateFootstepDust () (at C:/Users/d.grab/Desktop/the-game/artifacts/camp-polish-project/Assets/Game.View/PelagVfxController.cs:213)
Game.View.PelagVfxController:LateUpdate () (at C:/Users/d.grab/Desktop/the-game/artifacts/camp-polish-project/Assets/Game.View/PelagVfxController.cs:184)

(Filename: C:/build/output/unity/unity/Runtime/Export/Debug/Debug.bindings.cs Line: 123)

[footstep-particles] count=5
UnityEngine.Debug:ExtractStackTraceNoAlloc (byte*,int,string)
UnityEngine.StackTraceUtility:ExtractStackTrace () (at C:/build/output/unity/unity/Runtime/Export/Scripting/StackTrace.cs:35)
UnityEngine.DebugLogHandler:Internal_Log (UnityEngine.LogType,UnityEngine.LogOption,string,UnityEngine.Object)
UnityEngine.DebugLogHandler:LogFormat (UnityEngine.LogType,UnityEngine.Object,string,object[]) (at C:/build/output/unity/unity/Runtime/Export/Logging/DebugLogHandler.cs:9)
UnityEngine.Logger:Log (UnityEngine.LogType,object) (at C:/build/output/unity/unity/Runtime/Export/Logging/Logger.cs:60)
UnityEngine.Debug:Log (object) (at C:/build/output/unity/unity/Runtime/Export/Debug/Debug.bindings.cs:123)
Game.View.PelagVfxController:UpdateActive (single) (at C:/Users/d.grab/Desktop/the-game/artifacts/camp-polish-project/Assets/Game.View/PelagVfxController.cs:1726)
Game.View.PelagVfxController:LateUpdate () (at C:/Users/d.grab/Desktop/the-game/artifacts/camp-polish-project/Assets/Game.View/PelagVfxController.cs:185)

(Filename: C:/build/output/unity/unity/Runtime/Export/Debug/Debug.bindings.cs Line: 123)

[footstep-surface] side=1 time=12,149 dust=False position=(1.03, 0.08, -8.62)
UnityEngine.Debug:ExtractStackTraceNoAlloc (byte*,int,string)
UnityEngine.StackTraceUtility:ExtractStackTrace () (at C:/build/output/unity/unity/Runtime/Export/Scripting/StackTrace.cs:35)
UnityEngine.DebugLogHandler:Internal_Log (UnityEngine.LogType,UnityEngine.LogOption,string,UnityEngine.Object)
UnityEngine.DebugLogHandler:LogFormat (UnityEngine.LogType,UnityEngine.Object,string,object[]) (at C:/build/output/unity/unity/Runtime/Export/Logging/DebugLogHandler.cs:9)
UnityEngine.Logger:Log (UnityEngine.LogType,object) (at C:/build/output/unity/unity/Runtime/Export/Logging/Logger.cs:60)
UnityEngine.Debug:Log (object) (at C:/build/output/unity/unity/Runtime/Export/Debug/Debug.bindings.cs:123)
Game.View.PelagVfxController:UpdateFootstepDust () (at C:/Users/d.grab/Desktop/the-game/artifacts/camp-polish-project/Assets/Game.View/PelagVfxController.cs:208)
Game.View.PelagVfxController:LateUpdate () (at C:/Users/d.grab/Desktop/the-game/artifacts/camp-polish-project/Assets/Game.View/PelagVfxController.cs:184)

(Filename: C:/build/output/unity/unity/Runtime/Export/Debug/Debug.bindings.cs Line: 123)

[footstep-surface] side=0 time=12,449 dust=False position=(1.54, 0.08, -9.68)
UnityEngine.Debug:ExtractStackTraceNoAlloc (byte*,int,string)
UnityEngine.StackTraceUtility:ExtractStackTrace () (at C:/build/output/unity/unity/Runtime/Export/Scripting/StackTrace.cs:35)
UnityEngine.DebugLogHandler:Internal_Log (UnityEngine.LogType,UnityEngine.LogOption,string,UnityEngine.Object)
UnityEngine.DebugLogHandler:LogFormat (UnityEngine.LogType,UnityEngine.Object,string,object[]) (at C:/build/output/unity/unity/Runtime/Export/Logging/DebugLogHandler.cs:9)
UnityEngine.Logger:Log (UnityEngine.LogType,object) (at C:/build/output/unity/unity/Runtime/Export/Logging/Logger.cs:60)
UnityEngine.Debug:Log (object) (at C:/build/output/unity/unity/Runtime/Export/Debug/Debug.bindings.cs:123)
Game.View.PelagVfxController:UpdateFootstepDust () (at C:/Users/d.grab/Desktop/the-game/artifacts/camp-polish-project/Assets/Game.View/PelagVfxController.cs:208)
Game.View.PelagVfxController:LateUpdate () (at C:/Users/d.grab/Desktop/the-game/artifacts/camp-polish-project/Assets/Game.View/PelagVfxController.cs:184)

(Filename: C:/build/output/unity/unity/Runtime/Export/Debug/Debug.bindings.cs Line: 123)

[footstep-surface] side=1 time=12,699 dust=False position=(1.48, 0.08, -10.97)
UnityEngine.Debug:ExtractStackTraceNoAlloc (byte*,int,string)
UnityEngine.StackTraceUtility:ExtractStackTrace () (at C:/build/output/unity/unity/Runtime/Export/Scripting/StackTrace.cs:35)
UnityEngine.DebugLogHandler:Internal_Log (UnityEngine.LogType,UnityEngine.LogOption,string,UnityEngine.Object)
UnityEngine.DebugLogHandler:LogFormat (UnityEngine.LogType,UnityEngine.Object,string,object[]) (at C:/build/output/unity/unity/Runtime/Export/Logging/DebugLogHandler.cs:9)
UnityEngine.Logger:Log (UnityEngine.LogType,object) (at C:/build/output/unity/unity/Runtime/Export/Logging/Logger.cs:60)
UnityEngine.Debug:Log (object) (at C:/build/output/unity/unity/Runtime/Export/Debug/Debug.bindings.cs:123)
Game.View.PelagVfxController:UpdateFootstepDust () (at C:/Users/d.grab/Desktop/the-game/artifacts/camp-polish-project/Assets/Game.View/PelagVfxController.cs:208)
Game.View.PelagVfxController:LateUpdate () (at C:/Users/d.grab/Desktop/the-game/artifacts/camp-polish-project/Assets/Game.View/PelagVfxController.cs:184)

(Filename: C:/build/output/unity/unity/Runtime/Export/Debug/Debug.bindings.cs Line: 123)

[footstep-surface] side=0 time=12,983 dust=False position=(2.01, 0.08, -12.07)
UnityEngine.Debug:ExtractStackTraceNoAlloc (byte*,int,string)
UnityEngine.StackTraceUtility:ExtractStackTrace () (at C:/build/output/unity/unity/Runtime/Export/Scripting/StackTrace.cs:35)
UnityEngine.DebugLogHandler:Internal_Log (UnityEngine.LogType,UnityEngine.LogOption,string,UnityEngine.Object)
UnityEngine.DebugLogHandler:LogFormat (UnityEngine.LogType,UnityEngine.Object,string,object[]) (at C:/build/output/unity/unity/Runtime/Export/Logging/DebugLogHandler.cs:9)
UnityEngine.Logger:Log (UnityEngine.LogType,object) (at C:/build/output/unity/unity/Runtime/Export/Logging/Logger.cs:60)
UnityEngine.Debug:Log (object) (at C:/build/output/unity/unity/Runtime/Export/Debug/Debug.bindings.cs:123)
Game.View.PelagVfxController:UpdateFootstepDust () (at C:/Users/d.grab/Desktop/the-game/artifacts/camp-polish-project/Assets/Game.View/PelagVfxController.cs:208)
Game.View.PelagVfxController:LateUpdate () (at C:/Users/d.grab/Desktop/the-game/artifacts/camp-polish-project/Assets/Game.View/PelagVfxController.cs:184)

(Filename: C:/build/output/unity/unity/Runtime/Export/Debug/Debug.bindings.cs Line: 123)

[footstep-surface] side=1 time=13,233 dust=False position=(1.96, 0.08, -13.36)
UnityEngine.Debug:ExtractStackTraceNoAlloc (byte*,int,string)
UnityEngine.StackTraceUtility:ExtractStackTrace () (at C:/build/output/unity/unity/Runtime/Export/Scripting/StackTrace.cs:35)
UnityEngine.DebugLogHandler:Internal_Log (UnityEngine.LogType,UnityEngine.LogOption,string,UnityEngine.Object)
UnityEngine.DebugLogHandler:LogFormat (UnityEngine.LogType,UnityEngine.Object,string,object[]) (at C:/build/output/unity/unity/Runtime/Export/Logging/DebugLogHandler.cs:9)
UnityEngine.Logger:Log (UnityEngine.LogType,object) (at C:/build/output/unity/unity/Runtime/Export/Logging/Logger.cs:60)
UnityEngine.Debug:Log (object) (at C:/build/output/unity/unity/Runtime/Export/Debug/Debug.bindings.cs:123)
Game.View.PelagVfxController:UpdateFootstepDust () (at C:/Users/d.grab/Desktop/the-game/artifacts/camp-polish-project/Assets/Game.View/PelagVfxController.cs:208)
Game.View.PelagVfxController:LateUpdate () (at C:/Users/d.grab/Desktop/the-game/artifacts/camp-polish-project/Assets/Game.View/PelagVfxController.cs:184)

(Filename: C:/build/output/unity/unity/Runtime/Export/Debug/Debug.bindings.cs Line: 123)

[footstep-surface] side=0 time=13,533 dust=True position=(2.48, 0.08, -14.46)
UnityEngine.Debug:ExtractStackTraceNoAlloc (byte*,int,string)
UnityEngine.StackTraceUtility:ExtractStackTrace () (at C:/build/output/unity/unity/Runtime/Export/Scripting/StackTrace.cs:35)
UnityEngine.DebugLogHandler:Internal_Log (UnityEngine.LogType,UnityEngine.LogOption,string,UnityEngine.Object)
UnityEngine.DebugLogHandler:LogFormat (UnityEngine.LogType,UnityEngine.Object,string,object[]) (at C:/build/output/unity/unity/Runtime/Export/Logging/DebugLogHandler.cs:9)
UnityEngine.Logger:Log (UnityEngine.LogType,object) (at C:/build/output/unity/unity/Runtime/Export/Logging/Logger.cs:60)
UnityEngine.Debug:Log (object) (at C:/build/output/unity/unity/Runtime/Export/Debug/Debug.bindings.cs:123)
Game.View.PelagVfxController:UpdateFootstepDust () (at C:/Users/d.grab/Desktop/the-game/artifacts/camp-polish-project/Assets/Game.View/PelagVfxController.cs:208)
Game.View.PelagVfxController:LateUpdate () (at C:/Users/d.grab/Desktop/the-game/artifacts/camp-polish-project/Assets/Game.View/PelagVfxController.cs:184)

(Filename: C:/build/output/unity/unity/Runtime/Export/Debug/Debug.bindings.cs Line: 123)

[footstep-vfx] side=0 time=13,533 position=(2.48, 0.08, -14.46)
UnityEngine.Debug:ExtractStackTraceNoAlloc (byte*,int,string)
UnityEngine.StackTraceUtility:ExtractStackTrace () (at C:/build/output/unity/unity/Runtime/Export/Scripting/StackTrace.cs:35)
UnityEngine.DebugLogHandler:Internal_Log (UnityEngine.LogType,UnityEngine.LogOption,string,UnityEngine.Object)
UnityEngine.DebugLogHandler:LogFormat (UnityEngine.LogType,UnityEngine.Object,string,object[]) (at C:/build/output/unity/unity/Runtime/Export/Logging/DebugLogHandler.cs:9)
UnityEngine.Logger:Log (UnityEngine.LogType,object) (at C:/build/output/unity/unity/Runtime/Export/Logging/Logger.cs:60)
UnityEngine.Debug:Log (object) (at C:/build/output/unity/unity/Runtime/Export/Debug/Debug.bindings.cs:123)
Game.View.PelagVfxController:UpdateFootstepDust () (at C:/Users/d.grab/Desktop/the-game/artifacts/camp-polish-project/Assets/Game.View/PelagVfxController.cs:213)
Game.View.PelagVfxController:LateUpdate () (at C:/Users/d.grab/Desktop/the-game/artifacts/camp-polish-project/Assets/Game.View/PelagVfxController.cs:184)

(Filename: C:/build/output/unity/unity/Runtime/Export/Debug/Debug.bindings.cs Line: 123)

[footstep-particles] count=5
UnityEngine.Debug:ExtractStackTraceNoAlloc (byte*,int,string)
UnityEngine.StackTraceUtility:ExtractStackTrace () (at C:/build/output/unity/unity/Runtime/Export/Scripting/StackTrace.cs:35)
UnityEngine.DebugLogHandler:Internal_Log (UnityEngine.LogType,UnityEngine.LogOption,string,UnityEngine.Object)
UnityEngine.DebugLogHandler:LogFormat (UnityEngine.LogType,UnityEngine.Object,string,object[]) (at C:/build/output/unity/unity/Runtime/Export/Logging/DebugLogHandler.cs:9)
UnityEngine.Logger:Log (UnityEngine.LogType,object) (at C:/build/output/unity/unity/Runtime/Export/Logging/Logger.cs:60)
UnityEngine.Debug:Log (object) (at C:/build/output/unity/unity/Runtime/Export/Debug/Debug.bindings.cs:123)
Game.View.PelagVfxController:UpdateActive (single) (at C:/Users/d.grab/Desktop/the-game/artifacts/camp-polish-project/Assets/Game.View/PelagVfxController.cs:1726)
Game.View.PelagVfxController:LateUpdate () (at C:/Users/d.grab/Desktop/the-game/artifacts/camp-polish-project/Assets/Game.View/PelagVfxController.cs:185)

(Filename: C:/build/output/unity/unity/Runtime/Export/Debug/Debug.bindings.cs Line: 123)

[footstep-surface] side=1 time=13,783 dust=True position=(2.42, 0.08, -15.75)
UnityEngine.Debug:ExtractStackTraceNoAlloc (byte*,int,string)
UnityEngine.StackTraceUtility:ExtractStackTrace () (at C:/build/output/unity/unity/Runtime/Export/Scripting/StackTrace.cs:35)
UnityEngine.DebugLogHandler:Internal_Log (UnityEngine.LogType,UnityEngine.LogOption,string,UnityEngine.Object)
UnityEngine.DebugLogHandler:LogFormat (UnityEngine.LogType,UnityEngine.Object,string,object[]) (at C:/build/output/unity/unity/Runtime/Export/Logging/DebugLogHandler.cs:9)
UnityEngine.Logger:Log (UnityEngine.LogType,object) (at C:/build/output/unity/unity/Runtime/Export/Logging/Logger.cs:60)
UnityEngine.Debug:Log (object) (at C:/build/output/unity/unity/Runtime/Export/Debug/Debug.bindings.cs:123)
Game.View.PelagVfxController:UpdateFootstepDust () (at C:/Users/d.grab/Desktop/the-game/artifacts/camp-polish-project/Assets/Game.View/PelagVfxController.cs:208)
Game.View.PelagVfxController:LateUpdate () (at C:/Users/d.grab/Desktop/the-game/artifacts/camp-polish-project/Assets/Game.View/PelagVfxController.cs:184)

(Filename: C:/build/output/unity/unity/Runtime/Export/Debug/Debug.bindings.cs Line: 123)

[footstep-vfx] side=1 time=13,783 position=(2.42, 0.08, -15.75)
UnityEngine.Debug:ExtractStackTraceNoAlloc (byte*,int,string)
UnityEngine.StackTraceUtility:ExtractStackTrace () (at C:/build/output/unity/unity/Runtime/Export/Scripting/StackTrace.cs:35)
UnityEngine.DebugLogHandler:Internal_Log (UnityEngine.LogType,UnityEngine.LogOption,string,UnityEngine.Object)
UnityEngine.DebugLogHandler:LogFormat (UnityEngine.LogType,UnityEngine.Object,string,object[]) (at C:/build/output/unity/unity/Runtime/Export/Logging/DebugLogHandler.cs:9)
UnityEngine.Logger:Log (UnityEngine.LogType,object) (at C:/build/output/unity/unity/Runtime/Export/Logging/Logger.cs:60)
UnityEngine.Debug:Log (object) (at C:/build/output/unity/unity/Runtime/Export/Debug/Debug.bindings.cs:123)
Game.View.PelagVfxController:UpdateFootstepDust () (at C:/Users/d.grab/Desktop/the-game/artifacts/camp-polish-project/Assets/Game.View/PelagVfxController.cs:213)
Game.View.PelagVfxController:LateUpdate () (at C:/Users/d.grab/Desktop/the-game/artifacts/camp-polish-project/Assets/Game.View/PelagVfxController.cs:184)

(Filename: C:/build/output/unity/unity/Runtime/Export/Debug/Debug.bindings.cs Line: 123)

[footstep-particles] count=5
UnityEngine.Debug:ExtractStackTraceNoAlloc (byte*,int,string)
UnityEngine.StackTraceUtility:ExtractStackTrace () (at C:/build/output/unity/unity/Runtime/Export/Scripting/StackTrace.cs:35)
UnityEngine.DebugLogHandler:Internal_Log (UnityEngine.LogType,UnityEngine.LogOption,string,UnityEngine.Object)
UnityEngine.DebugLogHandler:LogFormat (UnityEngine.LogType,UnityEngine.Object,string,object[]) (at C:/build/output/unity/unity/Runtime/Export/Logging/DebugLogHandler.cs:9)
UnityEngine.Logger:Log (UnityEngine.LogType,object) (at C:/build/output/unity/unity/Runtime/Export/Logging/Logger.cs:60)
UnityEngine.Debug:Log (object) (at C:/build/output/unity/unity/Runtime/Export/Debug/Debug.bindings.cs:123)
Game.View.PelagVfxController:UpdateActive (single) (at C:/Users/d.grab/Desktop/the-game/artifacts/camp-polish-project/Assets/Game.View/PelagVfxController.cs:1726)
Game.View.PelagVfxController:LateUpdate () (at C:/Users/d.grab/Desktop/the-game/artifacts/camp-polish-project/Assets/Game.View/PelagVfxController.cs:185)

(Filename: C:/build/output/unity/unity/Runtime/Export/Debug/Debug.bindings.cs Line: 123)

[footstep-surface] side=0 time=14,066 dust=True position=(2.95, 0.08, -16.85)
UnityEngine.Debug:ExtractStackTraceNoAlloc (byte*,int,string)
UnityEngine.StackTraceUtility:ExtractStackTrace () (at C:/build/output/unity/unity/Runtime/Export/Scripting/StackTrace.cs:35)
UnityEngine.DebugLogHandler:Internal_Log (UnityEngine.LogType,UnityEngine.LogOption,string,UnityEngine.Object)
UnityEngine.DebugLogHandler:LogFormat (UnityEngine.LogType,UnityEngine.Object,string,object[]) (at C:/build/output/unity/unity/Runtime/Export/Logging/DebugLogHandler.cs:9)
UnityEngine.Logger:Log (UnityEngine.LogType,object) (at C:/build/output/unity/unity/Runtime/Export/Logging/Logger.cs:60)
UnityEngine.Debug:Log (object) (at C:/build/output/unity/unity/Runtime/Export/Debug/Debug.bindings.cs:123)
Game.View.PelagVfxController:UpdateFootstepDust () (at C:/Users/d.grab/Desktop/the-game/artifacts/camp-polish-project/Assets/Game.View/PelagVfxController.cs:208)
Game.View.PelagVfxController:LateUpdate () (at C:/Users/d.grab/Desktop/the-game/artifacts/camp-polish-project/Assets/Game.View/PelagVfxController.cs:184)

(Filename: C:/build/output/unity/unity/Runtime/Export/Debug/Debug.bindings.cs Line: 123)

[footstep-vfx] side=0 time=14,066 position=(2.95, 0.08, -16.85)
UnityEngine.Debug:ExtractStackTraceNoAlloc (byte*,int,string)
UnityEngine.StackTraceUtility:ExtractStackTrace () (at C:/build/output/unity/unity/Runtime/Export/Scripting/StackTrace.cs:35)
UnityEngine.DebugLogHandler:Internal_Log (UnityEngine.LogType,UnityEngine.LogOption,string,UnityEngine.Object)
UnityEngine.DebugLogHandler:LogFormat (UnityEngine.LogType,UnityEngine.Object,string,object[]) (at C:/build/output/unity/unity/Runtime/Export/Logging/DebugLogHandler.cs:9)
UnityEngine.Logger:Log (UnityEngine.LogType,object) (at C:/build/output/unity/unity/Runtime/Export/Logging/Logger.cs:60)
UnityEngine.Debug:Log (object) (at C:/build/output/unity/unity/Runtime/Export/Debug/Debug.bindings.cs:123)
Game.View.PelagVfxController:UpdateFootstepDust () (at C:/Users/d.grab/Desktop/the-game/artifacts/camp-polish-project/Assets/Game.View/PelagVfxController.cs:213)
Game.View.PelagVfxController:LateUpdate () (at C:/Users/d.grab/Desktop/the-game/artifacts/camp-polish-project/Assets/Game.View/PelagVfxController.cs:184)

(Filename: C:/build/output/unity/unity/Runtime/Export/Debug/Debug.bindings.cs Line: 123)

[footstep-particles] count=5
UnityEngine.Debug:ExtractStackTraceNoAlloc (byte*,int,string)
UnityEngine.StackTraceUtility:ExtractStackTrace () (at C:/build/output/unity/unity/Runtime/Export/Scripting/StackTrace.cs:35)
UnityEngine.DebugLogHandler:Internal_Log (UnityEngine.LogType,UnityEngine.LogOption,string,UnityEngine.Object)
UnityEngine.DebugLogHandler:LogFormat (UnityEngine.LogType,UnityEngine.Object,string,object[]) (at C:/build/output/unity/unity/Runtime/Export/Logging/DebugLogHandler.cs:9)
UnityEngine.Logger:Log (UnityEngine.LogType,object) (at C:/build/output/unity/unity/Runtime/Export/Logging/Logger.cs:60)
UnityEngine.Debug:Log (object) (at C:/build/output/unity/unity/Runtime/Export/Debug/Debug.bindings.cs:123)
Game.View.PelagVfxController:UpdateActive (single) (at C:/Users/d.grab/Desktop/the-game/artifacts/camp-polish-project/Assets/Game.View/PelagVfxController.cs:1726)
Game.View.PelagVfxController:LateUpdate () (at C:/Users/d.grab/Desktop/the-game/artifacts/camp-polish-project/Assets/Game.View/PelagVfxController.cs:185)

(Filename: C:/build/output/unity/unity/Runtime/Export/Debug/Debug.bindings.cs Line: 123)

[camp-route] откуда 2,81,-16,81 → 2,81,-26,19 | герой в карте=True цель в карте=True прямая=True углов=2 маршрут=True
UnityEngine.Debug:ExtractStackTraceNoAlloc (byte*,int,string)
UnityEngine.StackTraceUtility:ExtractStackTrace () (at C:/build/output/unity/unity/Runtime/Export/Scripting/StackTrace.cs:35)
UnityEngine.DebugLogHandler:Internal_Log (UnityEngine.LogType,UnityEngine.LogOption,string,UnityEngine.Object)
UnityEngine.DebugLogHandler:LogFormat (UnityEngine.LogType,UnityEngine.Object,string,object[]) (at C:/build/output/unity/unity/Runtime/Export/Logging/DebugLogHandler.cs:9)
UnityEngine.Logger:Log (UnityEngine.LogType,object) (at C:/build/output/unity/unity/Runtime/Export/Logging/Logger.cs:60)
UnityEngine.Debug:Log (object) (at C:/build/output/unity/unity/Runtime/Export/Debug/Debug.bindings.cs:123)
Game.View.CampPlayerView:RouteTo (UnityEngine.Vector3) (at C:/Users/d.grab/Desktop/the-game/artifacts/camp-polish-project/Assets/Game.View/CampPlayerView.cs:342)
Game.View.CampReviewCapture/<Walk>d__20:MoveNext () (at C:/Users/d.grab/Desktop/the-game/artifacts/camp-polish-project/Assets/Game.View/CampReviewCapture.cs:169)
UnityEngine.SetupCoroutine:InvokeMoveNext (System.Collections.IEnumerator,intptr) (at C:/build/output/unity/unity/Runtime/Export/Scripting/Coroutines.cs:17)

(Filename: C:/build/output/unity/unity/Runtime/Export/Debug/Debug.bindings.cs Line: 123)

[footstep-surface] side=0 time=14,616 dust=False position=(2.94, 0.30, -18.56)
UnityEngine.Debug:ExtractStackTraceNoAlloc (byte*,int,string)
UnityEngine.StackTraceUtility:ExtractStackTrace () (at C:/build/output/unity/unity/Runtime/Export/Scripting/StackTrace.cs:35)
UnityEngine.DebugLogHandler:Internal_Log (UnityEngine.LogType,UnityEngine.LogOption,string,UnityEngine.Object)
UnityEngine.DebugLogHandler:LogFormat (UnityEngine.LogType,UnityEngine.Object,string,object[]) (at C:/build/output/unity/unity/Runtime/Export/Logging/DebugLogHandler.cs:9)
UnityEngine.Logger:Log (UnityEngine.LogType,object) (at C:/build/output/unity/unity/Runtime/Export/Logging/Logger.cs:60)
UnityEngine.Debug:Log (object) (at C:/build/output/unity/unity/Runtime/Export/Debug/Debug.bindings.cs:123)
Game.View.PelagVfxController:UpdateFootstepDust () (at C:/Users/d.grab/Desktop/the-game/artifacts/camp-polish-project/Assets/Game.View/PelagVfxController.cs:208)
Game.View.PelagVfxController:LateUpdate () (at C:/Users/d.grab/Desktop/the-game/artifacts/camp-polish-project/Assets/Game.View/PelagVfxController.cs:184)

(Filename: C:/build/output/unity/unity/Runtime/Export/Debug/Debug.bindings.cs Line: 123)

[footstep-surface] side=1 time=14,866 dust=False position=(2.64, 0.31, -19.81)
UnityEngine.Debug:ExtractStackTraceNoAlloc (byte*,int,string)
UnityEngine.StackTraceUtility:ExtractStackTrace () (at C:/build/output/unity/unity/Runtime/Export/Scripting/StackTrace.cs:35)
UnityEngine.DebugLogHandler:Internal_Log (UnityEngine.LogType,UnityEngine.LogOption,string,UnityEngine.Object)
UnityEngine.DebugLogHandler:LogFormat (UnityEngine.LogType,UnityEngine.Object,string,object[]) (at C:/build/output/unity/unity/Runtime/Export/Logging/DebugLogHandler.cs:9)
UnityEngine.Logger:Log (UnityEngine.LogType,object) (at C:/build/output/unity/unity/Runtime/Export/Logging/Logger.cs:60)
UnityEngine.Debug:Log (object) (at C:/build/output/unity/unity/Runtime/Export/Debug/Debug.bindings.cs:123)
Game.View.PelagVfxController:UpdateFootstepDust () (at C:/Users/d.grab/Desktop/the-game/artifacts/camp-polish-project/Assets/Game.View/PelagVfxController.cs:208)
Game.View.PelagVfxController:LateUpdate () (at C:/Users/d.grab/Desktop/the-game/artifacts/camp-polish-project/Assets/Game.View/PelagVfxController.cs:184)

(Filename: C:/build/output/unity/unity/Runtime/Export/Debug/Debug.bindings.cs Line: 123)

[footstep-surface] side=0 time=15,149 dust=False position=(2.94, 0.29, -20.98)
UnityEngine.Debug:ExtractStackTraceNoAlloc (byte*,int,string)
UnityEngine.StackTraceUtility:ExtractStackTrace () (at C:/build/output/unity/unity/Runtime/Export/Scripting/StackTrace.cs:35)
UnityEngine.DebugLogHandler:Internal_Log (UnityEngine.LogType,UnityEngine.LogOption,string,UnityEngine.Object)
UnityEngine.DebugLogHandler:LogFormat (UnityEngine.LogType,UnityEngine.Object,string,object[]) (at C:/build/output/unity/unity/Runtime/Export/Logging/DebugLogHandler.cs:9)
UnityEngine.Logger:Log (UnityEngine.LogType,object) (at C:/build/output/unity/unity/Runtime/Export/Logging/Logger.cs:60)
UnityEngine.Debug:Log (object) (at C:/build/output/unity/unity/Runtime/Export/Debug/Debug.bindings.cs:123)
Game.View.PelagVfxController:UpdateFootstepDust () (at C:/Users/d.grab/Desktop/the-game/artifacts/camp-polish-project/Assets/Game.View/PelagVfxController.cs:208)
Game.View.PelagVfxController:LateUpdate () (at C:/Users/d.grab/Desktop/the-game/artifacts/camp-polish-project/Assets/Game.View/PelagVfxController.cs:184)

(Filename: C:/build/output/unity/unity/Runtime/Export/Debug/Debug.bindings.cs Line: 123)

[footstep-surface] side=1 time=15,416 dust=False position=(2.63, 0.29, -22.23)
UnityEngine.Debug:ExtractStackTraceNoAlloc (byte*,int,string)
UnityEngine.StackTraceUtility:ExtractStackTrace () (at C:/build/output/unity/unity/Runtime/Export/Scripting/StackTrace.cs:35)
UnityEngine.DebugLogHandler:Internal_Log (UnityEngine.LogType,UnityEngine.LogOption,string,UnityEngine.Object)
UnityEngine.DebugLogHandler:LogFormat (UnityEngine.LogType,UnityEngine.Object,string,object[]) (at C:/build/output/unity/unity/Runtime/Export/Logging/DebugLogHandler.cs:9)
UnityEngine.Logger:Log (UnityEngine.LogType,object) (at C:/build/output/unity/unity/Runtime/Export/Logging/Logger.cs:60)
UnityEngine.Debug:Log (object) (at C:/build/output/unity/unity/Runtime/Export/Debug/Debug.bindings.cs:123)
Game.View.PelagVfxController:UpdateFootstepDust () (at C:/Users/d.grab/Desktop/the-game/artifacts/camp-polish-project/Assets/Game.View/PelagVfxController.cs:208)
Game.View.PelagVfxController:LateUpdate () (at C:/Users/d.grab/Desktop/the-game/artifacts/camp-polish-project/Assets/Game.View/PelagVfxController.cs:184)

(Filename: C:/build/output/unity/unity/Runtime/Export/Debug/Debug.bindings.cs Line: 123)

[footstep-surface] side=0 time=15,699 dust=False position=(2.94, 0.29, -23.41)
UnityEngine.Debug:ExtractStackTraceNoAlloc (byte*,int,string)
UnityEngine.StackTraceUtility:ExtractStackTrace () (at C:/build/output/unity/unity/Runtime/Export/Scripting/StackTrace.cs:35)
UnityEngine.DebugLogHandler:Internal_Log (UnityEngine.LogType,UnityEngine.LogOption,string,UnityEngine.Object)
UnityEngine.DebugLogHandler:LogFormat (UnityEngine.LogType,UnityEngine.Object,string,object[]) (at C:/build/output/unity/unity/Runtime/Export/Logging/DebugLogHandler.cs:9)
UnityEngine.Logger:Log (UnityEngine.LogType,object) (at C:/build/output/unity/unity/Runtime/Export/Logging/Logger.cs:60)
UnityEngine.Debug:Log (object) (at C:/build/output/unity/unity/Runtime/Export/Debug/Debug.bindings.cs:123)
Game.View.PelagVfxController:UpdateFootstepDust () (at C:/Users/d.grab/Desktop/the-game/artifacts/camp-polish-project/Assets/Game.View/PelagVfxController.cs:208)
Game.View.PelagVfxController:LateUpdate () (at C:/Users/d.grab/Desktop/the-game/artifacts/camp-polish-project/Assets/Game.View/PelagVfxController.cs:184)

(Filename: C:/build/output/unity/unity/Runtime/Export/Debug/Debug.bindings.cs Line: 123)

[footstep-surface] side=1 time=15,949 dust=False position=(2.63, 0.30, -24.66)
UnityEngine.Debug:ExtractStackTraceNoAlloc (byte*,int,string)
UnityEngine.StackTraceUtility:ExtractStackTrace () (at C:/build/output/unity/unity/Runtime/Export/Scripting/StackTrace.cs:35)
UnityEngine.DebugLogHandler:Internal_Log (UnityEngine.LogType,UnityEngine.LogOption,string,UnityEngine.Object)
UnityEngine.DebugLogHandler:LogFormat (UnityEngine.LogType,UnityEngine.Object,string,object[]) (at C:/build/output/unity/unity/Runtime/Export/Logging/DebugLogHandler.cs:9)
UnityEngine.Logger:Log (UnityEngine.LogType,object) (at C:/build/output/unity/unity/Runtime/Export/Logging/Logger.cs:60)
UnityEngine.Debug:Log (object) (at C:/build/output/unity/unity/Runtime/Export/Debug/Debug.bindings.cs:123)
Game.View.PelagVfxController:UpdateFootstepDust () (at C:/Users/d.grab/Desktop/the-game/artifacts/camp-polish-project/Assets/Game.View/PelagVfxController.cs:208)
Game.View.PelagVfxController:LateUpdate () (at C:/Users/d.grab/Desktop/the-game/artifacts/camp-polish-project/Assets/Game.View/PelagVfxController.cs:184)

(Filename: C:/build/output/unity/unity/Runtime/Export/Debug/Debug.bindings.cs Line: 123)

[footstep-surface] side=0 time=16,216 dust=False position=(2.94, 0.08, -25.76)
UnityEngine.Debug:ExtractStackTraceNoAlloc (byte*,int,string)
UnityEngine.StackTraceUtility:ExtractStackTrace () (at C:/build/output/unity/unity/Runtime/Export/Scripting/StackTrace.cs:35)
UnityEngine.DebugLogHandler:Internal_Log (UnityEngine.LogType,UnityEngine.LogOption,string,UnityEngine.Object)
UnityEngine.DebugLogHandler:LogFormat (UnityEngine.LogType,UnityEngine.Object,string,object[]) (at C:/build/output/unity/unity/Runtime/Export/Logging/DebugLogHandler.cs:9)
UnityEngine.Logger:Log (UnityEngine.LogType,object) (at C:/build/output/unity/unity/Runtime/Export/Logging/Logger.cs:60)
UnityEngine.Debug:Log (object) (at C:/build/output/unity/unity/Runtime/Export/Debug/Debug.bindings.cs:123)
Game.View.PelagVfxController:UpdateFootstepDust () (at C:/Users/d.grab/Desktop/the-game/artifacts/camp-polish-project/Assets/Game.View/PelagVfxController.cs:208)
Game.View.PelagVfxController:LateUpdate () (at C:/Users/d.grab/Desktop/the-game/artifacts/camp-polish-project/Assets/Game.View/PelagVfxController.cs:184)

(Filename: C:/build/output/unity/unity/Runtime/Export/Debug/Debug.bindings.cs Line: 123)

[camp-route] откуда 2,81,-26,11 → -5,94,-27,44 | герой в карте=True цель в карте=True прямая=True углов=2 маршрут=True
UnityEngine.Debug:ExtractStackTraceNoAlloc (byte*,int,string)
UnityEngine.StackTraceUtility:ExtractStackTrace () (at C:/build/output/unity/unity/Runtime/Export/Scripting/StackTrace.cs:35)
UnityEngine.DebugLogHandler:Internal_Log (UnityEngine.LogType,UnityEngine.LogOption,string,UnityEngine.Object)
UnityEngine.DebugLogHandler:LogFormat (UnityEngine.LogType,UnityEngine.Object,string,object[]) (at C:/build/output/unity/unity/Runtime/Export/Logging/DebugLogHandler.cs:9)
UnityEngine.Logger:Log (UnityEngine.LogType,object) (at C:/build/output/unity/unity/Runtime/Export/Logging/Logger.cs:60)
UnityEngine.Debug:Log (object) (at C:/build/output/unity/unity/Runtime/Export/Debug/Debug.bindings.cs:123)
Game.View.CampPlayerView:RouteTo (UnityEngine.Vector3) (at C:/Users/d.grab/Desktop/the-game/artifacts/camp-polish-project/Assets/Game.View/CampPlayerView.cs:342)
Game.View.CampServicesView:Begin (Game.View.CampServiceNpc) (at C:/Users/d.grab/Desktop/the-game/artifacts/camp-polish-project/Assets/Game.View/CampServicesView.cs:140)
Game.View.CampReviewCapture/<Service>d__18:MoveNext () (at C:/Users/d.grab/Desktop/the-game/artifacts/camp-polish-project/Assets/Game.View/CampReviewCapture.cs:128)
UnityEngine.SetupCoroutine:InvokeMoveNext (System.Collections.IEnumerator,intptr) (at C:/build/output/unity/unity/Runtime/Export/Scripting/Coroutines.cs:17)

(Filename: C:/build/output/unity/unity/Runtime/Export/Debug/Debug.bindings.cs Line: 123)

[footstep-surface] side=0 time=16,899 dust=False position=(1.03, 0.08, -26.52)
UnityEngine.Debug:ExtractStackTraceNoAlloc (byte*,int,string)
UnityEngine.StackTraceUtility:ExtractStackTrace () (at C:/build/output/unity/unity/Runtime/Export/Scripting/StackTrace.cs:35)
UnityEngine.DebugLogHandler:Internal_Log (UnityEngine.LogType,UnityEngine.LogOption,string,UnityEngine.Object)
UnityEngine.DebugLogHandler:LogFormat (UnityEngine.LogType,UnityEngine.Object,string,object[]) (at C:/build/output/unity/unity/Runtime/Export/Logging/DebugLogHandler.cs:9)
UnityEngine.Logger:Log (UnityEngine.LogType,object) (at C:/build/output/unity/unity/Runtime/Export/Logging/Logger.cs:60)
UnityEngine.Debug:Log (object) (at C:/build/output/unity/unity/Runtime/Export/Debug/Debug.bindings.cs:123)
Game.View.PelagVfxController:UpdateFootstepDust () (at C:/Users/d.grab/Desktop/the-game/artifacts/camp-polish-project/Assets/Game.View/PelagVfxController.cs:208)
Game.View.PelagVfxController:LateUpdate () (at C:/Users/d.grab/Desktop/the-game/artifacts/camp-polish-project/Assets/Game.View/PelagVfxController.cs:184)

(Filename: C:/build/output/unity/unity/Runtime/Export/Debug/Debug.bindings.cs Line: 123)

[footstep-surface] side=1 time=17,149 dust=False position=(-0.26, 0.08, -26.40)
UnityEngine.Debug:ExtractStackTraceNoAlloc (byte*,int,string)
UnityEngine.StackTraceUtility:ExtractStackTrace () (at C:/build/output/unity/unity/Runtime/Export/Scripting/StackTrace.cs:35)
UnityEngine.DebugLogHandler:Internal_Log (UnityEngine.LogType,UnityEngine.LogOption,string,UnityEngine.Object)
UnityEngine.DebugLogHandler:LogFormat (UnityEngine.LogType,UnityEngine.Object,string,object[]) (at C:/build/output/unity/unity/Runtime/Export/Logging/DebugLogHandler.cs:9)
UnityEngine.Logger:Log (UnityEngine.LogType,object) (at C:/build/output/unity/unity/Runtime/Export/Logging/Logger.cs:60)
UnityEngine.Debug:Log (object) (at C:/build/output/unity/unity/Runtime/Export/Debug/Debug.bindings.cs:123)
Game.View.PelagVfxController:UpdateFootstepDust () (at C:/Users/d.grab/Desktop/the-game/artifacts/camp-polish-project/Assets/Game.View/PelagVfxController.cs:208)
Game.View.PelagVfxController:LateUpdate () (at C:/Users/d.grab/Desktop/the-game/artifacts/camp-polish-project/Assets/Game.View/PelagVfxController.cs:184)

(Filename: C:/build/output/unity/unity/Runtime/Export/Debug/Debug.bindings.cs Line: 123)

[footstep-surface] side=0 time=17,449 dust=False position=(-1.38, 0.08, -26.88)
UnityEngine.Debug:ExtractStackTraceNoAlloc (byte*,int,string)
UnityEngine.StackTraceUtility:ExtractStackTrace () (at C:/build/output/unity/unity/Runtime/Export/Scripting/StackTrace.cs:35)
UnityEngine.DebugLogHandler:Internal_Log (UnityEngine.LogType,UnityEngine.LogOption,string,UnityEngine.Object)
UnityEngine.DebugLogHandler:LogFormat (UnityEngine.LogType,UnityEngine.Object,string,object[]) (at C:/build/output/unity/unity/Runtime/Export/Logging/DebugLogHandler.cs:9)
UnityEngine.Logger:Log (UnityEngine.LogType,object) (at C:/build/output/unity/unity/Runtime/Export/Logging/Logger.cs:60)
UnityEngine.Debug:Log (object) (at C:/build/output/unity/unity/Runtime/Export/Debug/Debug.bindings.cs:123)
Game.View.PelagVfxController:UpdateFootstepDust () (at C:/Users/d.grab/Desktop/the-game/artifacts/camp-polish-project/Assets/Game.View/PelagVfxController.cs:208)
Game.View.PelagVfxController:LateUpdate () (at C:/Users/d.grab/Desktop/the-game/artifacts/camp-polish-project/Assets/Game.View/PelagVfxController.cs:184)

(Filename: C:/build/output/unity/unity/Runtime/Export/Debug/Debug.bindings.cs Line: 123)

[footstep-surface] side=1 time=17,699 dust=False position=(-2.67, 0.08, -26.76)
UnityEngine.Debug:ExtractStackTraceNoAlloc (byte*,int,string)
UnityEngine.StackTraceUtility:ExtractStackTrace () (at C:/build/output/unity/unity/Runtime/Export/Scripting/StackTrace.cs:35)
UnityEngine.DebugLogHandler:Internal_Log (UnityEngine.LogType,UnityEngine.LogOption,string,UnityEngine.Object)
UnityEngine.DebugLogHandler:LogFormat (UnityEngine.LogType,UnityEngine.Object,string,object[]) (at C:/build/output/unity/unity/Runtime/Export/Logging/DebugLogHandler.cs:9)
UnityEngine.Logger:Log (UnityEngine.LogType,object) (at C:/build/output/unity/unity/Runtime/Export/Logging/Logger.cs:60)
UnityEngine.Debug:Log (object) (at C:/build/output/unity/unity/Runtime/Export/Debug/Debug.bindings.cs:123)
Game.View.PelagVfxController:UpdateFootstepDust () (at C:/Users/d.grab/Desktop/the-game/artifacts/camp-polish-project/Assets/Game.View/PelagVfxController.cs:208)
Game.View.PelagVfxController:LateUpdate () (at C:/Users/d.grab/Desktop/the-game/artifacts/camp-polish-project/Assets/Game.View/PelagVfxController.cs:184)

(Filename: C:/build/output/unity/unity/Runtime/Export/Debug/Debug.bindings.cs Line: 123)

[footstep-surface] side=0 time=17,983 dust=False position=(-3.79, 0.08, -27.24)
UnityEngine.Debug:ExtractStackTraceNoAlloc (byte*,int,string)
UnityEngine.StackTraceUtility:ExtractStackTrace () (at C:/build/output/unity/unity/Runtime/Export/Scripting/StackTrace.cs:35)
UnityEngine.DebugLogHandler:Internal_Log (UnityEngine.LogType,UnityEngine.LogOption,string,UnityEngine.Object)
UnityEngine.DebugLogHandler:LogFormat (UnityEngine.LogType,UnityEngine.Object,string,object[]) (at C:/build/output/unity/unity/Runtime/Export/Logging/DebugLogHandler.cs:9)
UnityEngine.Logger:Log (UnityEngine.LogType,object) (at C:/build/output/unity/unity/Runtime/Export/Logging/Logger.cs:60)
UnityEngine.Debug:Log (object) (at C:/build/output/unity/unity/Runtime/Export/Debug/Debug.bindings.cs:123)
Game.View.PelagVfxController:UpdateFootstepDust () (at C:/Users/d.grab/Desktop/the-game/artifacts/camp-polish-project/Assets/Game.View/PelagVfxController.cs:208)
Game.View.PelagVfxController:LateUpdate () (at C:/Users/d.grab/Desktop/the-game/artifacts/camp-polish-project/Assets/Game.View/PelagVfxController.cs:184)

(Filename: C:/build/output/unity/unity/Runtime/Export/Debug/Debug.bindings.cs Line: 123)

[footstep-surface] side=1 time=18,233 dust=False position=(-5.08, 0.08, -27.13)
UnityEngine.Debug:ExtractStackTraceNoAlloc (byte*,int,string)
UnityEngine.StackTraceUtility:ExtractStackTrace () (at C:/build/output/unity/unity/Runtime/Export/Scripting/StackTrace.cs:35)
UnityEngine.DebugLogHandler:Internal_Log (UnityEngine.LogType,UnityEngine.LogOption,string,UnityEngine.Object)
UnityEngine.DebugLogHandler:LogFormat (UnityEngine.LogType,UnityEngine.Object,string,object[]) (at C:/build/output/unity/unity/Runtime/Export/Logging/DebugLogHandler.cs:9)
UnityEngine.Logger:Log (UnityEngine.LogType,object) (at C:/build/output/unity/unity/Runtime/Export/Logging/Logger.cs:60)
UnityEngine.Debug:Log (object) (at C:/build/output/unity/unity/Runtime/Export/Debug/Debug.bindings.cs:123)
Game.View.PelagVfxController:UpdateFootstepDust () (at C:/Users/d.grab/Desktop/the-game/artifacts/camp-polish-project/Assets/Game.View/PelagVfxController.cs:208)
Game.View.PelagVfxController:LateUpdate () (at C:/Users/d.grab/Desktop/the-game/artifacts/camp-polish-project/Assets/Game.View/PelagVfxController.cs:184)

(Filename: C:/build/output/unity/unity/Runtime/Export/Debug/Debug.bindings.cs Line: 123)

[camp-route] откуда -5,05,-27,30 → 2,81,-16,81 | герой в карте=True цель в карте=True прямая=False углов=3 маршрут=True
UnityEngine.Debug:ExtractStackTraceNoAlloc (byte*,int,string)
UnityEngine.StackTraceUtility:ExtractStackTrace () (at C:/build/output/unity/unity/Runtime/Export/Scripting/StackTrace.cs:35)
UnityEngine.DebugLogHandler:Internal_Log (UnityEngine.LogType,UnityEngine.LogOption,string,UnityEngine.Object)
UnityEngine.DebugLogHandler:LogFormat (UnityEngine.LogType,UnityEngine.Object,string,object[]) (at C:/build/output/unity/unity/Runtime/Export/Logging/DebugLogHandler.cs:9)
UnityEngine.Logger:Log (UnityEngine.LogType,object) (at C:/build/output/unity/unity/Runtime/Export/Logging/Logger.cs:60)
UnityEngine.Debug:Log (object) (at C:/build/output/unity/unity/Runtime/Export/Debug/Debug.bindings.cs:123)
Game.View.CampPlayerView:RouteTo (UnityEngine.Vector3) (at C:/Users/d.grab/Desktop/the-game/artifacts/camp-polish-project/Assets/Game.View/CampPlayerView.cs:342)
Game.View.CampReviewCapture/<Walk>d__20:MoveNext () (at C:/Users/d.grab/Desktop/the-game/artifacts/camp-polish-project/Assets/Game.View/CampReviewCapture.cs:169)
UnityEngine.SetupCoroutine:InvokeMoveNext (System.Collections.IEnumerator,intptr) (at C:/build/output/unity/unity/Runtime/Export/Scripting/Coroutines.cs:17)

(Filename: C:/build/output/unity/unity/Runtime/Export/Debug/Debug.bindings.cs Line: 123)

[footstep-surface] side=1 time=19,249 dust=False position=(-4.43, 0.08, -27.34)
UnityEngine.Debug:ExtractStackTraceNoAlloc (byte*,int,string)
UnityEngine.StackTraceUtility:ExtractStackTrace () (at C:/build/output/unity/unity/Runtime/Export/Scripting/StackTrace.cs:35)
UnityEngine.DebugLogHandler:Internal_Log (UnityEngine.LogType,UnityEngine.LogOption,string,UnityEngine.Object)
UnityEngine.DebugLogHandler:LogFormat (UnityEngine.LogType,UnityEngine.Object,string,object[]) (at C:/build/output/unity/unity/Runtime/Export/Logging/DebugLogHandler.cs:9)
UnityEngine.Logger:Log (UnityEngine.LogType,object) (at C:/build/output/unity/unity/Runtime/Export/Logging/Logger.cs:60)
UnityEngine.Debug:Log (object) (at C:/build/output/unity/unity/Runtime/Export/Debug/Debug.bindings.cs:123)
Game.View.PelagVfxController:UpdateFootstepDust () (at C:/Users/d.grab/Desktop/the-game/artifacts/camp-polish-project/Assets/Game.View/PelagVfxController.cs:208)
Game.View.PelagVfxController:LateUpdate () (at C:/Users/d.grab/Desktop/the-game/artifacts/camp-polish-project/Assets/Game.View/PelagVfxController.cs:184)

(Filename: C:/build/output/unity/unity/Runtime/Export/Debug/Debug.bindings.cs Line: 123)

[footstep-surface] side=0 time=19,349 dust=False position=(-3.39, 0.08, -26.74)
UnityEngine.Debug:ExtractStackTraceNoAlloc (byte*,int,string)
UnityEngine.StackTraceUtility:ExtractStackTrace () (at C:/build/output/unity/unity/Runtime/Export/Scripting/StackTrace.cs:35)
UnityEngine.DebugLogHandler:Internal_Log (UnityEngine.LogType,UnityEngine.LogOption,string,UnityEngine.Object)
UnityEngine.DebugLogHandler:LogFormat (UnityEngine.LogType,UnityEngine.Object,string,object[]) (at C:/build/output/unity/unity/Runtime/Export/Logging/DebugLogHandler.cs:9)
UnityEngine.Logger:Log (UnityEngine.LogType,object) (at C:/build/output/unity/unity/Runtime/Export/Logging/Logger.cs:60)
UnityEngine.Debug:Log (object) (at C:/build/output/unity/unity/Runtime/Export/Debug/Debug.bindings.cs:123)
Game.View.PelagVfxController:UpdateFootstepDust () (at C:/Users/d.grab/Desktop/the-game/artifacts/camp-polish-project/Assets/Game.View/PelagVfxController.cs:208)
Game.View.PelagVfxController:LateUpdate () (at C:/Users/d.grab/Desktop/the-game/artifacts/camp-polish-project/Assets/Game.View/PelagVfxController.cs:184)

(Filename: C:/build/output/unity/unity/Runtime/Export/Debug/Debug.bindings.cs Line: 123)

[footstep-surface] side=1 time=19,599 dust=False position=(-2.09, 0.08, -26.73)
UnityEngine.Debug:ExtractStackTraceNoAlloc (byte*,int,string)
UnityEngine.StackTraceUtility:ExtractStackTrace () (at C:/build/output/unity/unity/Runtime/Export/Scripting/StackTrace.cs:35)
UnityEngine.DebugLogHandler:Internal_Log (UnityEngine.LogType,UnityEngine.LogOption,string,UnityEngine.Object)
UnityEngine.DebugLogHandler:LogFormat (UnityEngine.LogType,UnityEngine.Object,string,object[]) (at C:/build/output/unity/unity/Runtime/Export/Logging/DebugLogHandler.cs:9)
UnityEngine.Logger:Log (UnityEngine.LogType,object) (at C:/build/output/unity/unity/Runtime/Export/Logging/Logger.cs:60)
UnityEngine.Debug:Log (object) (at C:/build/output/unity/unity/Runtime/Export/Debug/Debug.bindings.cs:123)
Game.View.PelagVfxController:UpdateFootstepDust () (at C:/Users/d.grab/Desktop/the-game/artifacts/camp-polish-project/Assets/Game.View/PelagVfxController.cs:208)
Game.View.PelagVfxController:LateUpdate () (at C:/Users/d.grab/Desktop/the-game/artifacts/camp-polish-project/Assets/Game.View/PelagVfxController.cs:184)

(Filename: C:/build/output/unity/unity/Runtime/Export/Debug/Debug.bindings.cs Line: 123)

[footstep-surface] side=0 time=19,899 dust=False position=(-1.02, 0.08, -26.15)
UnityEngine.Debug:ExtractStackTraceNoAlloc (byte*,int,string)
UnityEngine.StackTraceUtility:ExtractStackTrace () (at C:/build/output/unity/unity/Runtime/Export/Scripting/StackTrace.cs:35)
UnityEngine.DebugLogHandler:Internal_Log (UnityEngine.LogType,UnityEngine.LogOption,string,UnityEngine.Object)
UnityEngine.DebugLogHandler:LogFormat (UnityEngine.LogType,UnityEngine.Object,string,object[]) (at C:/build/output/unity/unity/Runtime/Export/Logging/DebugLogHandler.cs:9)
UnityEngine.Logger:Log (UnityEngine.LogType,object) (at C:/build/output/unity/unity/Runtime/Export/Logging/Logger.cs:60)
UnityEngine.Debug:Log (object) (at C:/build/output/unity/unity/Runtime/Export/Debug/Debug.bindings.cs:123)
Game.View.PelagVfxController:UpdateFootstepDust () (at C:/Users/d.grab/Desktop/the-game/artifacts/camp-polish-project/Assets/Game.View/PelagVfxController.cs:208)
Game.View.PelagVfxController:LateUpdate () (at C:/Users/d.grab/Desktop/the-game/artifacts/camp-polish-project/Assets/Game.View/PelagVfxController.cs:184)

(Filename: C:/build/output/unity/unity/Runtime/Export/Debug/Debug.bindings.cs Line: 123)

[footstep-surface] side=1 time=20,149 dust=False position=(0.27, 0.08, -26.14)
UnityEngine.Debug:ExtractStackTraceNoAlloc (byte*,int,string)
UnityEngine.StackTraceUtility:ExtractStackTrace () (at C:/build/output/unity/unity/Runtime/Export/Scripting/StackTrace.cs:35)
UnityEngine.DebugLogHandler:Internal_Log (UnityEngine.LogType,UnityEngine.LogOption,string,UnityEngine.Object)
UnityEngine.DebugLogHandler:LogFormat (UnityEngine.LogType,UnityEngine.Object,string,object[]) (at C:/build/output/unity/unity/Runtime/Export/Logging/DebugLogHandler.cs:9)
UnityEngine.Logger:Log (UnityEngine.LogType,object) (at C:/build/output/unity/unity/Runtime/Export/Logging/Logger.cs:60)
UnityEngine.Debug:Log (object) (at C:/build/output/unity/unity/Runtime/Export/Debug/Debug.bindings.cs:123)
Game.View.PelagVfxController:UpdateFootstepDust () (at C:/Users/d.grab/Desktop/the-game/artifacts/camp-polish-project/Assets/Game.View/PelagVfxController.cs:208)
Game.View.PelagVfxController:LateUpdate () (at C:/Users/d.grab/Desktop/the-game/artifacts/camp-polish-project/Assets/Game.View/PelagVfxController.cs:184)

(Filename: C:/build/output/unity/unity/Runtime/Export/Debug/Debug.bindings.cs Line: 123)

[footstep-surface] side=0 time=20,433 dust=False position=(1.34, 0.08, -25.55)
UnityEngine.Debug:ExtractStackTraceNoAlloc (byte*,int,string)
UnityEngine.StackTraceUtility:ExtractStackTrace () (at C:/build/output/unity/unity/Runtime/Export/Scripting/StackTrace.cs:35)
UnityEngine.DebugLogHandler:Internal_Log (UnityEngine.LogType,UnityEngine.LogOption,string,UnityEngine.Object)
UnityEngine.DebugLogHandler:LogFormat (UnityEngine.LogType,UnityEngine.Object,string,object[]) (at C:/build/output/unity/unity/Runtime/Export/Logging/DebugLogHandler.cs:9)
UnityEngine.Logger:Log (UnityEngine.LogType,object) (at C:/build/output/unity/unity/Runtime/Export/Logging/Logger.cs:60)
UnityEngine.Debug:Log (object) (at C:/build/output/unity/unity/Runtime/Export/Debug/Debug.bindings.cs:123)
Game.View.PelagVfxController:UpdateFootstepDust () (at C:/Users/d.grab/Desktop/the-game/artifacts/camp-polish-project/Assets/Game.View/PelagVfxController.cs:208)
Game.View.PelagVfxController:LateUpdate () (at C:/Users/d.grab/Desktop/the-game/artifacts/camp-polish-project/Assets/Game.View/PelagVfxController.cs:184)

(Filename: C:/build/output/unity/unity/Runtime/Export/Debug/Debug.bindings.cs Line: 123)

[footstep-surface] side=1 time=20,749 dust=False position=(2.35, 0.17, -25.05)
UnityEngine.Debug:ExtractStackTraceNoAlloc (byte*,int,string)
UnityEngine.StackTraceUtility:ExtractStackTrace () (at C:/build/output/unity/unity/Runtime/Export/Scripting/StackTrace.cs:35)
UnityEngine.DebugLogHandler:Internal_Log (UnityEngine.LogType,UnityEngine.LogOption,string,UnityEngine.Object)
UnityEngine.DebugLogHandler:LogFormat (UnityEngine.LogType,UnityEngine.Object,string,object[]) (at C:/build/output/unity/unity/Runtime/Export/Logging/DebugLogHandler.cs:9)
UnityEngine.Logger:Log (UnityEngine.LogType,object) (at C:/build/output/unity/unity/Runtime/Export/Logging/Logger.cs:60)
UnityEngine.Debug:Log (object) (at C:/build/output/unity/unity/Runtime/Export/Debug/Debug.bindings.cs:123)
Game.View.PelagVfxController:UpdateFootstepDust () (at C:/Users/d.grab/Desktop/the-game/artifacts/camp-polish-project/Assets/Game.View/PelagVfxController.cs:208)
Game.View.PelagVfxController:LateUpdate () (at C:/Users/d.grab/Desktop/the-game/artifacts/camp-polish-project/Assets/Game.View/PelagVfxController.cs:184)

(Filename: C:/build/output/unity/unity/Runtime/Export/Debug/Debug.bindings.cs Line: 123)

[footstep-surface] side=0 time=20,949 dust=False position=(2.09, 0.30, -23.87)
UnityEngine.Debug:ExtractStackTraceNoAlloc (byte*,int,string)
UnityEngine.StackTraceUtility:ExtractStackTrace () (at C:/build/output/unity/unity/Runtime/Export/Scripting/StackTrace.cs:35)
UnityEngine.DebugLogHandler:Internal_Log (UnityEngine.LogType,UnityEngine.LogOption,string,UnityEngine.Object)
UnityEngine.DebugLogHandler:LogFormat (UnityEngine.LogType,UnityEngine.Object,string,object[]) (at C:/build/output/unity/unity/Runtime/Export/Logging/DebugLogHandler.cs:9)
UnityEngine.Logger:Log (UnityEngine.LogType,object) (at C:/build/output/unity/unity/Runtime/Export/Logging/Logger.cs:60)
UnityEngine.Debug:Log (object) (at C:/build/output/unity/unity/Runtime/Export/Debug/Debug.bindings.cs:123)
Game.View.PelagVfxController:UpdateFootstepDust () (at C:/Users/d.grab/Desktop/the-game/artifacts/camp-polish-project/Assets/Game.View/PelagVfxController.cs:208)
Game.View.PelagVfxController:LateUpdate () (at C:/Users/d.grab/Desktop/the-game/artifacts/camp-polish-project/Assets/Game.View/PelagVfxController.cs:184)

(Filename: C:/build/output/unity/unity/Runtime/Export/Debug/Debug.bindings.cs Line: 123)

[footstep-surface] side=1 time=21,216 dust=False position=(2.50, 0.30, -22.65)
UnityEngine.Debug:ExtractStackTraceNoAlloc (byte*,int,string)
UnityEngine.StackTraceUtility:ExtractStackTrace () (at C:/build/output/unity/unity/Runtime/Export/Scripting/StackTrace.cs:35)
UnityEngine.DebugLogHandler:Internal_Log (UnityEngine.LogType,UnityEngine.LogOption,string,UnityEngine.Object)
UnityEngine.DebugLogHandler:LogFormat (UnityEngine.LogType,UnityEngine.Object,string,object[]) (at C:/build/output/unity/unity/Runtime/Export/Logging/DebugLogHandler.cs:9)
UnityEngine.Logger:Log (UnityEngine.LogType,object) (at C:/build/output/unity/unity/Runtime/Export/Logging/Logger.cs:60)
UnityEngine.Debug:Log (object) (at C:/build/output/unity/unity/Runtime/Export/Debug/Debug.bindings.cs:123)
Game.View.PelagVfxController:UpdateFootstepDust () (at C:/Users/d.grab/Desktop/the-game/artifacts/camp-polish-project/Assets/Game.View/PelagVfxController.cs:208)
Game.View.PelagVfxController:LateUpdate () (at C:/Users/d.grab/Desktop/the-game/artifacts/camp-polish-project/Assets/Game.View/PelagVfxController.cs:184)

(Filename: C:/build/output/unity/unity/Runtime/Export/Debug/Debug.bindings.cs Line: 123)

[footstep-surface] side=0 time=21,499 dust=False position=(2.29, 0.29, -21.45)
UnityEngine.Debug:ExtractStackTraceNoAlloc (byte*,int,string)
UnityEngine.StackTraceUtility:ExtractStackTrace () (at C:/build/output/unity/unity/Runtime/Export/Scripting/StackTrace.cs:35)
UnityEngine.DebugLogHandler:Internal_Log (UnityEngine.LogType,UnityEngine.LogOption,string,UnityEngine.Object)
UnityEngine.DebugLogHandler:LogFormat (UnityEngine.LogType,UnityEngine.Object,string,object[]) (at C:/build/output/unity/unity/Runtime/Export/Logging/DebugLogHandler.cs:9)
UnityEngine.Logger:Log (UnityEngine.LogType,object) (at C:/build/output/unity/unity/Runtime/Export/Logging/Logger.cs:60)
UnityEngine.Debug:Log (object) (at C:/build/output/unity/unity/Runtime/Export/Debug/Debug.bindings.cs:123)
Game.View.PelagVfxController:UpdateFootstepDust () (at C:/Users/d.grab/Desktop/the-game/artifacts/camp-polish-project/Assets/Game.View/PelagVfxController.cs:208)
Game.View.PelagVfxController:LateUpdate () (at C:/Users/d.grab/Desktop/the-game/artifacts/camp-polish-project/Assets/Game.View/PelagVfxController.cs:184)

(Filename: C:/build/output/unity/unity/Runtime/Export/Debug/Debug.bindings.cs Line: 123)

[footstep-surface] side=1 time=21,749 dust=False position=(2.70, 0.29, -20.23)
UnityEngine.Debug:ExtractStackTraceNoAlloc (byte*,int,string)
UnityEngine.StackTraceUtility:ExtractStackTrace () (at C:/build/output/unity/unity/Runtime/Export/Scripting/StackTrace.cs:35)
UnityEngine.DebugLogHandler:Internal_Log (UnityEngine.LogType,UnityEngine.LogOption,string,UnityEngine.Object)
UnityEngine.DebugLogHandler:LogFormat (UnityEngine.LogType,UnityEngine.Object,string,object[]) (at C:/build/output/unity/unity/Runtime/Export/Logging/DebugLogHandler.cs:9)
UnityEngine.Logger:Log (UnityEngine.LogType,object) (at C:/build/output/unity/unity/Runtime/Export/Logging/Logger.cs:60)
UnityEngine.Debug:Log (object) (at C:/build/output/unity/unity/Runtime/Export/Debug/Debug.bindings.cs:123)
Game.View.PelagVfxController:UpdateFootstepDust () (at C:/Users/d.grab/Desktop/the-game/artifacts/camp-polish-project/Assets/Game.View/PelagVfxController.cs:208)
Game.View.PelagVfxController:LateUpdate () (at C:/Users/d.grab/Desktop/the-game/artifacts/camp-polish-project/Assets/Game.View/PelagVfxController.cs:184)

(Filename: C:/build/output/unity/unity/Runtime/Export/Debug/Debug.bindings.cs Line: 123)

[footstep-surface] side=0 time=22,033 dust=False position=(2.50, 0.33, -19.04)
UnityEngine.Debug:ExtractStackTraceNoAlloc (byte*,int,string)
UnityEngine.StackTraceUtility:ExtractStackTrace () (at C:/build/output/unity/unity/Runtime/Export/Scripting/StackTrace.cs:35)
UnityEngine.DebugLogHandler:Internal_Log (UnityEngine.LogType,UnityEngine.LogOption,string,UnityEngine.Object)
UnityEngine.DebugLogHandler:LogFormat (UnityEngine.LogType,UnityEngine.Object,string,object[]) (at C:/build/output/unity/unity/Runtime/Export/Logging/DebugLogHandler.cs:9)
UnityEngine.Logger:Log (UnityEngine.LogType,object) (at C:/build/output/unity/unity/Runtime/Export/Logging/Logger.cs:60)
UnityEngine.Debug:Log (object) (at C:/build/output/unity/unity/Runtime/Export/Debug/Debug.bindings.cs:123)
Game.View.PelagVfxController:UpdateFootstepDust () (at C:/Users/d.grab/Desktop/the-game/artifacts/camp-polish-project/Assets/Game.View/PelagVfxController.cs:208)
Game.View.PelagVfxController:LateUpdate () (at C:/Users/d.grab/Desktop/the-game/artifacts/camp-polish-project/Assets/Game.View/PelagVfxController.cs:184)

(Filename: C:/build/output/unity/unity/Runtime/Export/Debug/Debug.bindings.cs Line: 123)

[footstep-surface] side=1 time=22,283 dust=True position=(2.90, 0.27, -17.82)
UnityEngine.Debug:ExtractStackTraceNoAlloc (byte*,int,string)
UnityEngine.StackTraceUtility:ExtractStackTrace () (at C:/build/output/unity/unity/Runtime/Export/Scripting/StackTrace.cs:35)
UnityEngine.DebugLogHandler:Internal_Log (UnityEngine.LogType,UnityEngine.LogOption,string,UnityEngine.Object)
UnityEngine.DebugLogHandler:LogFormat (UnityEngine.LogType,UnityEngine.Object,string,object[]) (at C:/build/output/unity/unity/Runtime/Export/Logging/DebugLogHandler.cs:9)
UnityEngine.Logger:Log (UnityEngine.LogType,object) (at C:/build/output/unity/unity/Runtime/Export/Logging/Logger.cs:60)
UnityEngine.Debug:Log (object) (at C:/build/output/unity/unity/Runtime/Export/Debug/Debug.bindings.cs:123)
Game.View.PelagVfxController:UpdateFootstepDust () (at C:/Users/d.grab/Desktop/the-game/artifacts/camp-polish-project/Assets/Game.View/PelagVfxController.cs:208)
Game.View.PelagVfxController:LateUpdate () (at C:/Users/d.grab/Desktop/the-game/artifacts/camp-polish-project/Assets/Game.View/PelagVfxController.cs:184)

(Filename: C:/build/output/unity/unity/Runtime/Export/Debug/Debug.bindings.cs Line: 123)

[footstep-vfx] side=1 time=22,283 position=(2.90, 0.27, -17.82)
UnityEngine.Debug:ExtractStackTraceNoAlloc (byte*,int,string)
UnityEngine.StackTraceUtility:ExtractStackTrace () (at C:/build/output/unity/unity/Runtime/Export/Scripting/StackTrace.cs:35)
UnityEngine.DebugLogHandler:Internal_Log (UnityEngine.LogType,UnityEngine.LogOption,string,UnityEngine.Object)
UnityEngine.DebugLogHandler:LogFormat (UnityEngine.LogType,UnityEngine.Object,string,object[]) (at C:/build/output/unity/unity/Runtime/Export/Logging/DebugLogHandler.cs:9)
UnityEngine.Logger:Log (UnityEngine.LogType,object) (at C:/build/output/unity/unity/Runtime/Export/Logging/Logger.cs:60)
UnityEngine.Debug:Log (object) (at C:/build/output/unity/unity/Runtime/Export/Debug/Debug.bindings.cs:123)
Game.View.PelagVfxController:UpdateFootstepDust () (at C:/Users/d.grab/Desktop/the-game/artifacts/camp-polish-project/Assets/Game.View/PelagVfxController.cs:213)
Game.View.PelagVfxController:LateUpdate () (at C:/Users/d.grab/Desktop/the-game/artifacts/camp-polish-project/Assets/Game.View/PelagVfxController.cs:184)

(Filename: C:/build/output/unity/unity/Runtime/Export/Debug/Debug.bindings.cs Line: 123)

[footstep-particles] count=5
UnityEngine.Debug:ExtractStackTraceNoAlloc (byte*,int,string)
UnityEngine.StackTraceUtility:ExtractStackTrace () (at C:/build/output/unity/unity/Runtime/Export/Scripting/StackTrace.cs:35)
UnityEngine.DebugLogHandler:Internal_Log (UnityEngine.LogType,UnityEngine.LogOption,string,UnityEngine.Object)
UnityEngine.DebugLogHandler:LogFormat (UnityEngine.LogType,UnityEngine.Object,string,object[]) (at C:/build/output/unity/unity/Runtime/Export/Logging/DebugLogHandler.cs:9)
UnityEngine.Logger:Log (UnityEngine.LogType,object) (at C:/build/output/unity/unity/Runtime/Export/Logging/Logger.cs:60)
UnityEngine.Debug:Log (object) (at C:/build/output/unity/unity/Runtime/Export/Debug/Debug.bindings.cs:123)
Game.View.PelagVfxController:UpdateActive (single) (at C:/Users/d.grab/Desktop/the-game/artifacts/camp-polish-project/Assets/Game.View/PelagVfxController.cs:1726)
Game.View.PelagVfxController:LateUpdate () (at C:/Users/d.grab/Desktop/the-game/artifacts/camp-polish-project/Assets/Game.View/PelagVfxController.cs:185)

(Filename: C:/build/output/unity/unity/Runtime/Export/Debug/Debug.bindings.cs Line: 123)

[footstep-surface] side=0 time=22,566 dust=True position=(2.69, 0.08, -16.70)
UnityEngine.Debug:ExtractStackTraceNoAlloc (byte*,int,string)
UnityEngine.StackTraceUtility:ExtractStackTrace () (at C:/build/output/unity/unity/Runtime/Export/Scripting/StackTrace.cs:35)
UnityEngine.DebugLogHandler:Internal_Log (UnityEngine.LogType,UnityEngine.LogOption,string,UnityEngine.Object)
UnityEngine.DebugLogHandler:LogFormat (UnityEngine.LogType,UnityEngine.Object,string,object[]) (at C:/build/output/unity/unity/Runtime/Export/Logging/DebugLogHandler.cs:9)
UnityEngine.Logger:Log (UnityEngine.LogType,object) (at C:/build/output/unity/unity/Runtime/Export/Logging/Logger.cs:60)
UnityEngine.Debug:Log (object) (at C:/build/output/unity/unity/Runtime/Export/Debug/Debug.bindings.cs:123)
Game.View.PelagVfxController:UpdateFootstepDust () (at C:/Users/d.grab/Desktop/the-game/artifacts/camp-polish-project/Assets/Game.View/PelagVfxController.cs:208)
Game.View.PelagVfxController:LateUpdate () (at C:/Users/d.grab/Desktop/the-game/artifacts/camp-polish-project/Assets/Game.View/PelagVfxController.cs:184)

(Filename: C:/build/output/unity/unity/Runtime/Export/Debug/Debug.bindings.cs Line: 123)

[footstep-vfx] side=0 time=22,566 position=(2.69, 0.08, -16.70)
UnityEngine.Debug:ExtractStackTraceNoAlloc (byte*,int,string)
UnityEngine.StackTraceUtility:ExtractStackTrace () (at C:/build/output/unity/unity/Runtime/Export/Scripting/StackTrace.cs:35)
UnityEngine.DebugLogHandler:Internal_Log (UnityEngine.LogType,UnityEngine.LogOption,string,UnityEngine.Object)
UnityEngine.DebugLogHandler:LogFormat (UnityEngine.LogType,UnityEngine.Object,string,object[]) (at C:/build/output/unity/unity/Runtime/Export/Logging/DebugLogHandler.cs:9)
UnityEngine.Logger:Log (UnityEngine.LogType,object) (at C:/build/output/unity/unity/Runtime/Export/Logging/Logger.cs:60)
UnityEngine.Debug:Log (object) (at C:/build/output/unity/unity/Runtime/Export/Debug/Debug.bindings.cs:123)
Game.View.PelagVfxController:UpdateFootstepDust () (at C:/Users/d.grab/Desktop/the-game/artifacts/camp-polish-project/Assets/Game.View/PelagVfxController.cs:213)
Game.View.PelagVfxController:LateUpdate () (at C:/Users/d.grab/Desktop/the-game/artifacts/camp-polish-project/Assets/Game.View/PelagVfxController.cs:184)

(Filename: C:/build/output/unity/unity/Runtime/Export/Debug/Debug.bindings.cs Line: 123)

[footstep-particles] count=5
UnityEngine.Debug:ExtractStackTraceNoAlloc (byte*,int,string)
UnityEngine.StackTraceUtility:ExtractStackTrace () (at C:/build/output/unity/unity/Runtime/Export/Scripting/StackTrace.cs:35)
UnityEngine.DebugLogHandler:Internal_Log (UnityEngine.LogType,UnityEngine.LogOption,string,UnityEngine.Object)
UnityEngine.DebugLogHandler:LogFormat (UnityEngine.LogType,UnityEngine.Object,string,object[]) (at C:/build/output/unity/unity/Runtime/Export/Logging/DebugLogHandler.cs:9)
UnityEngine.Logger:Log (UnityEngine.LogType,object) (at C:/build/output/unity/unity/Runtime/Export/Logging/Logger.cs:60)
UnityEngine.Debug:Log (object) (at C:/build/output/unity/unity/Runtime/Export/Debug/Debug.bindings.cs:123)
Game.View.PelagVfxController:UpdateActive (single) (at C:/Users/d.grab/Desktop/the-game/artifacts/camp-polish-project/Assets/Game.View/PelagVfxController.cs:1726)
Game.View.PelagVfxController:LateUpdate () (at C:/Users/d.grab/Desktop/the-game/artifacts/camp-polish-project/Assets/Game.View/PelagVfxController.cs:185)

(Filename: C:/build/output/unity/unity/Runtime/Export/Debug/Debug.bindings.cs Line: 123)

[camp-route] откуда 2,81,-16,83 → 2,06,11,56 | герой в карте=True цель в карте=True прямая=False углов=4 маршрут=True
UnityEngine.Debug:ExtractStackTraceNoAlloc (byte*,int,string)
UnityEngine.StackTraceUtility:ExtractStackTrace () (at C:/build/output/unity/unity/Runtime/Export/Scripting/StackTrace.cs:35)
UnityEngine.DebugLogHandler:Internal_Log (UnityEngine.LogType,UnityEngine.LogOption,string,UnityEngine.Object)
UnityEngine.DebugLogHandler:LogFormat (UnityEngine.LogType,UnityEngine.Object,string,object[]) (at C:/build/output/unity/unity/Runtime/Export/Logging/DebugLogHandler.cs:9)
UnityEngine.Logger:Log (UnityEngine.LogType,object) (at C:/build/output/unity/unity/Runtime/Export/Logging/Logger.cs:60)
UnityEngine.Debug:Log (object) (at C:/build/output/unity/unity/Runtime/Export/Debug/Debug.bindings.cs:123)
Game.View.CampPlayerView:RouteTo (UnityEngine.Vector3) (at C:/Users/d.grab/Desktop/the-game/artifacts/camp-polish-project/Assets/Game.View/CampPlayerView.cs:342)
Game.View.CampServicesView:Begin (Game.View.CampServiceNpc) (at C:/Users/d.grab/Desktop/the-game/artifacts/camp-polish-project/Assets/Game.View/CampServicesView.cs:140)
Game.View.CampReviewCapture/<Service>d__18:MoveNext () (at C:/Users/d.grab/Desktop/the-game/artifacts/camp-polish-project/Assets/Game.View/CampReviewCapture.cs:128)
UnityEngine.SetupCoroutine:InvokeMoveNext (System.Collections.IEnumerator,intptr) (at C:/build/output/unity/unity/Runtime/Export/Scripting/Coroutines.cs:17)

(Filename: C:/build/output/unity/unity/Runtime/Export/Debug/Debug.bindings.cs Line: 123)

[footstep-surface] side=0 time=23,166 dust=True position=(2.57, 0.08, -15.01)
UnityEngine.Debug:ExtractStackTraceNoAlloc (byte*,int,string)
UnityEngine.StackTraceUtility:ExtractStackTrace () (at C:/build/output/unity/unity/Runtime/Export/Scripting/StackTrace.cs:35)
UnityEngine.DebugLogHandler:Internal_Log (UnityEngine.LogType,UnityEngine.LogOption,string,UnityEngine.Object)
UnityEngine.DebugLogHandler:LogFormat (UnityEngine.LogType,UnityEngine.Object,string,object[]) (at C:/build/output/unity/unity/Runtime/Export/Logging/DebugLogHandler.cs:9)
UnityEngine.Logger:Log (UnityEngine.LogType,object) (at C:/build/output/unity/unity/Runtime/Export/Logging/Logger.cs:60)
UnityEngine.Debug:Log (object) (at C:/build/output/unity/unity/Runtime/Export/Debug/Debug.bindings.cs:123)
Game.View.PelagVfxController:UpdateFootstepDust () (at C:/Users/d.grab/Desktop/the-game/artifacts/camp-polish-project/Assets/Game.View/PelagVfxController.cs:208)
Game.View.PelagVfxController:LateUpdate () (at C:/Users/d.grab/Desktop/the-game/artifacts/camp-polish-project/Assets/Game.View/PelagVfxController.cs:184)

(Filename: C:/build/output/unity/unity/Runtime/Export/Debug/Debug.bindings.cs Line: 123)

[footstep-vfx] side=0 time=23,166 position=(2.57, 0.08, -15.01)
UnityEngine.Debug:ExtractStackTraceNoAlloc (byte*,int,string)
UnityEngine.StackTraceUtility:ExtractStackTrace () (at C:/build/output/unity/unity/Runtime/Export/Scripting/StackTrace.cs:35)
UnityEngine.DebugLogHandler:Internal_Log (UnityEngine.LogType,UnityEngine.LogOption,string,UnityEngine.Object)
UnityEngine.DebugLogHandler:LogFormat (UnityEngine.LogType,UnityEngine.Object,string,object[]) (at C:/build/output/unity/unity/Runtime/Export/Logging/DebugLogHandler.cs:9)
UnityEngine.Logger:Log (UnityEngine.LogType,object) (at C:/build/output/unity/unity/Runtime/Export/Logging/Logger.cs:60)
UnityEngine.Debug:Log (object) (at C:/build/output/unity/unity/Runtime/Export/Debug/Debug.bindings.cs:123)
Game.View.PelagVfxController:UpdateFootstepDust () (at C:/Users/d.grab/Desktop/the-game/artifacts/camp-polish-project/Assets/Game.View/PelagVfxController.cs:213)
Game.View.PelagVfxController:LateUpdate () (at C:/Users/d.grab/Desktop/the-game/artifacts/camp-polish-project/Assets/Game.View/PelagVfxController.cs:184)

(Filename: C:/build/output/unity/unity/Runtime/Export/Debug/Debug.bindings.cs Line: 123)

[footstep-particles] count=5
UnityEngine.Debug:ExtractStackTraceNoAlloc (byte*,int,string)
UnityEngine.StackTraceUtility:ExtractStackTrace () (at C:/build/output/unity/unity/Runtime/Export/Scripting/StackTrace.cs:35)
UnityEngine.DebugLogHandler:Internal_Log (UnityEngine.LogType,UnityEngine.LogOption,string,UnityEngine.Object)
UnityEngine.DebugLogHandler:LogFormat (UnityEngine.LogType,UnityEngine.Object,string,object[]) (at C:/build/output/unity/unity/Runtime/Export/Logging/DebugLogHandler.cs:9)
UnityEngine.Logger:Log (UnityEngine.LogType,object) (at C:/build/output/unity/unity/Runtime/Export/Logging/Logger.cs:60)
UnityEngine.Debug:Log (object) (at C:/build/output/unity/unity/Runtime/Export/Debug/Debug.bindings.cs:123)
Game.View.PelagVfxController:UpdateActive (single) (at C:/Users/d.grab/Desktop/the-game/artifacts/camp-polish-project/Assets/Game.View/PelagVfxController.cs:1726)
Game.View.PelagVfxController:LateUpdate () (at C:/Users/d.grab/Desktop/the-game/artifacts/camp-polish-project/Assets/Game.View/PelagVfxController.cs:185)

(Filename: C:/build/output/unity/unity/Runtime/Export/Debug/Debug.bindings.cs Line: 123)

[footstep-surface] side=1 time=23,416 dust=True position=(2.79, 0.08, -13.74)
UnityEngine.Debug:ExtractStackTraceNoAlloc (byte*,int,string)
UnityEngine.StackTraceUtility:ExtractStackTrace () (at C:/build/output/unity/unity/Runtime/Export/Scripting/StackTrace.cs:35)
UnityEngine.DebugLogHandler:Internal_Log (UnityEngine.LogType,UnityEngine.LogOption,string,UnityEngine.Object)
UnityEngine.DebugLogHandler:LogFormat (UnityEngine.LogType,UnityEngine.Object,string,object[]) (at C:/build/output/unity/unity/Runtime/Export/Logging/DebugLogHandler.cs:9)
UnityEngine.Logger:Log (UnityEngine.LogType,object) (at C:/build/output/unity/unity/Runtime/Export/Logging/Logger.cs:60)
UnityEngine.Debug:Log (object) (at C:/build/output/unity/unity/Runtime/Export/Debug/Debug.bindings.cs:123)
Game.View.PelagVfxController:UpdateFootstepDust () (at C:/Users/d.grab/Desktop/the-game/artifacts/camp-polish-project/Assets/Game.View/PelagVfxController.cs:208)
Game.View.PelagVfxController:LateUpdate () (at C:/Users/d.grab/Desktop/the-game/artifacts/camp-polish-project/Assets/Game.View/PelagVfxController.cs:184)

(Filename: C:/build/output/unity/unity/Runtime/Export/Debug/Debug.bindings.cs Line: 123)

[footstep-vfx] side=1 time=23,416 position=(2.79, 0.08, -13.74)
UnityEngine.Debug:ExtractStackTraceNoAlloc (byte*,int,string)
UnityEngine.StackTraceUtility:ExtractStackTrace () (at C:/build/output/unity/unity/Runtime/Export/Scripting/StackTrace.cs:35)
UnityEngine.DebugLogHandler:Internal_Log (UnityEngine.LogType,UnityEngine.LogOption,string,UnityEngine.Object)
UnityEngine.DebugLogHandler:LogFormat (UnityEngine.LogType,UnityEngine.Object,string,object[]) (at C:/build/output/unity/unity/Runtime/Export/Logging/DebugLogHandler.cs:9)
UnityEngine.Logger:Log (UnityEngine.LogType,object) (at C:/build/output/unity/unity/Runtime/Export/Logging/Logger.cs:60)
UnityEngine.Debug:Log (object) (at C:/build/output/unity/unity/Runtime/Export/Debug/Debug.bindings.cs:123)
Game.View.PelagVfxController:UpdateFootstepDust () (at C:/Users/d.grab/Desktop/the-game/artifacts/camp-polish-project/Assets/Game.View/PelagVfxController.cs:213)
Game.View.PelagVfxController:LateUpdate () (at C:/Users/d.grab/Desktop/the-game/artifacts/camp-polish-project/Assets/Game.View/PelagVfxController.cs:184)

(Filename: C:/build/output/unity/unity/Runtime/Export/Debug/Debug.bindings.cs Line: 123)

[footstep-particles] count=5
UnityEngine.Debug:ExtractStackTraceNoAlloc (byte*,int,string)
UnityEngine.StackTraceUtility:ExtractStackTrace () (at C:/build/output/unity/unity/Runtime/Export/Scripting/StackTrace.cs:35)
UnityEngine.DebugLogHandler:Internal_Log (UnityEngine.LogType,UnityEngine.LogOption,string,UnityEngine.Object)
UnityEngine.DebugLogHandler:LogFormat (UnityEngine.LogType,UnityEngine.Object,string,object[]) (at C:/build/output/unity/unity/Runtime/Export/Logging/DebugLogHandler.cs:9)
UnityEngine.Logger:Log (UnityEngine.LogType,object) (at C:/build/output/unity/unity/Runtime/Export/Logging/Logger.cs:60)
UnityEngine.Debug:Log (object) (at C:/build/output/unity/unity/Runtime/Export/Debug/Debug.bindings.cs:123)
Game.View.PelagVfxController:UpdateActive (single) (at C:/Users/d.grab/Desktop/the-game/artifacts/camp-polish-project/Assets/Game.View/PelagVfxController.cs:1726)
Game.View.PelagVfxController:LateUpdate () (at C:/Users/d.grab/Desktop/the-game/artifacts/camp-polish-project/Assets/Game.View/PelagVfxController.cs:185)

(Filename: C:/build/output/unity/unity/Runtime/Export/Debug/Debug.bindings.cs Line: 123)

[footstep-surface] side=0 time=23,716 dust=False position=(2.42, 0.08, -12.58)
UnityEngine.Debug:ExtractStackTraceNoAlloc (byte*,int,string)
UnityEngine.StackTraceUtility:ExtractStackTrace () (at C:/build/output/unity/unity/Runtime/Export/Scripting/StackTrace.cs:35)
UnityEngine.DebugLogHandler:Internal_Log (UnityEngine.LogType,UnityEngine.LogOption,string,UnityEngine.Object)
UnityEngine.DebugLogHandler:LogFormat (UnityEngine.LogType,UnityEngine.Object,string,object[]) (at C:/build/output/unity/unity/Runtime/Export/Logging/DebugLogHandler.cs:9)
UnityEngine.Logger:Log (UnityEngine.LogType,object) (at C:/build/output/unity/unity/Runtime/Export/Logging/Logger.cs:60)
UnityEngine.Debug:Log (object) (at C:/build/output/unity/unity/Runtime/Export/Debug/Debug.bindings.cs:123)
Game.View.PelagVfxController:UpdateFootstepDust () (at C:/Users/d.grab/Desktop/the-game/artifacts/camp-polish-project/Assets/Game.View/PelagVfxController.cs:208)
Game.View.PelagVfxController:LateUpdate () (at C:/Users/d.grab/Desktop/the-game/artifacts/camp-polish-project/Assets/Game.View/PelagVfxController.cs:184)

(Filename: C:/build/output/unity/unity/Runtime/Export/Debug/Debug.bindings.cs Line: 123)

[footstep-surface] side=1 time=23,966 dust=False position=(2.65, 0.08, -11.31)
UnityEngine.Debug:ExtractStackTraceNoAlloc (byte*,int,string)
UnityEngine.StackTraceUtility:ExtractStackTrace () (at C:/build/output/unity/unity/Runtime/Export/Scripting/StackTrace.cs:35)
UnityEngine.DebugLogHandler:Internal_Log (UnityEngine.LogType,UnityEngine.LogOption,string,UnityEngine.Object)
UnityEngine.DebugLogHandler:LogFormat (UnityEngine.LogType,UnityEngine.Object,string,object[]) (at C:/build/output/unity/unity/Runtime/Export/Logging/DebugLogHandler.cs:9)
UnityEngine.Logger:Log (UnityEngine.LogType,object) (at C:/build/output/unity/unity/Runtime/Export/Logging/Logger.cs:60)
UnityEngine.Debug:Log (object) (at C:/build/output/unity/unity/Runtime/Export/Debug/Debug.bindings.cs:123)
Game.View.PelagVfxController:UpdateFootstepDust () (at C:/Users/d.grab/Desktop/the-game/artifacts/camp-polish-project/Assets/Game.View/PelagVfxController.cs:208)
Game.View.PelagVfxController:LateUpdate () (at C:/Users/d.grab/Desktop/the-game/artifacts/camp-polish-project/Assets/Game.View/PelagVfxController.cs:184)

(Filename: C:/build/output/unity/unity/Runtime/Export/Debug/Debug.bindings.cs Line: 123)

[footstep-surface] side=0 time=24,249 dust=False position=(2.26, 0.08, -10.15)
UnityEngine.Debug:ExtractStackTraceNoAlloc (byte*,int,string)
UnityEngine.StackTraceUtility:ExtractStackTrace () (at C:/build/output/unity/unity/Runtime/Export/Scripting/StackTrace.cs:35)
UnityEngine.DebugLogHandler:Internal_Log (UnityEngine.LogType,UnityEngine.LogOption,string,UnityEngine.Object)
UnityEngine.DebugLogHandler:LogFormat (UnityEngine.LogType,UnityEngine.Object,string,object[]) (at C:/build/output/unity/unity/Runtime/Export/Logging/DebugLogHandler.cs:9)
UnityEngine.Logger:Log (UnityEngine.LogType,object) (at C:/build/output/unity/unity/Runtime/Export/Logging/Logger.cs:60)
UnityEngine.Debug:Log (object) (at C:/build/output/unity/unity/Runtime/Export/Debug/Debug.bindings.cs:123)
Game.View.PelagVfxController:UpdateFootstepDust () (at C:/Users/d.grab/Desktop/the-game/artifacts/camp-polish-project/Assets/Game.View/PelagVfxController.cs:208)
Game.View.PelagVfxController:LateUpdate () (at C:/Users/d.grab/Desktop/the-game/artifacts/camp-polish-project/Assets/Game.View/PelagVfxController.cs:184)

(Filename: C:/build/output/unity/unity/Runtime/Export/Debug/Debug.bindings.cs Line: 123)

[footstep-surface] side=1 time=24,499 dust=True position=(2.48, 0.08, -8.88)
UnityEngine.Debug:ExtractStackTraceNoAlloc (byte*,int,string)
UnityEngine.StackTraceUtility:ExtractStackTrace () (at C:/build/output/unity/unity/Runtime/Export/Scripting/StackTrace.cs:35)
UnityEngine.DebugLogHandler:Internal_Log (UnityEngine.LogType,UnityEngine.LogOption,string,UnityEngine.Object)
UnityEngine.DebugLogHandler:LogFormat (UnityEngine.LogType,UnityEngine.Object,string,object[]) (at C:/build/output/unity/unity/Runtime/Export/Logging/DebugLogHandler.cs:9)
UnityEngine.Logger:Log (UnityEngine.LogType,object) (at C:/build/output/unity/unity/Runtime/Export/Logging/Logger.cs:60)
UnityEngine.Debug:Log (object) (at C:/build/output/unity/unity/Runtime/Export/Debug/Debug.bindings.cs:123)
Game.View.PelagVfxController:UpdateFootstepDust () (at C:/Users/d.grab/Desktop/the-game/artifacts/camp-polish-project/Assets/Game.View/PelagVfxController.cs:208)
Game.View.PelagVfxController:LateUpdate () (at C:/Users/d.grab/Desktop/the-game/artifacts/camp-polish-project/Assets/Game.View/PelagVfxController.cs:184)

(Filename: C:/build/output/unity/unity/Runtime/Export/Debug/Debug.bindings.cs Line: 123)

[footstep-vfx] side=1 time=24,499 position=(2.48, 0.08, -8.88)
UnityEngine.Debug:ExtractStackTraceNoAlloc (byte*,int,string)
UnityEngine.StackTraceUtility:ExtractStackTrace () (at C:/build/output/unity/unity/Runtime/Export/Scripting/StackTrace.cs:35)
UnityEngine.DebugLogHandler:Internal_Log (UnityEngine.LogType,UnityEngine.LogOption,string,UnityEngine.Object)
UnityEngine.DebugLogHandler:LogFormat (UnityEngine.LogType,UnityEngine.Object,string,object[]) (at C:/build/output/unity/unity/Runtime/Export/Logging/DebugLogHandler.cs:9)
UnityEngine.Logger:Log (UnityEngine.LogType,object) (at C:/build/output/unity/unity/Runtime/Export/Logging/Logger.cs:60)
UnityEngine.Debug:Log (object) (at C:/build/output/unity/unity/Runtime/Export/Debug/Debug.bindings.cs:123)
Game.View.PelagVfxController:UpdateFootstepDust () (at C:/Users/d.grab/Desktop/the-game/artifacts/camp-polish-project/Assets/Game.View/PelagVfxController.cs:213)
Game.View.PelagVfxController:LateUpdate () (at C:/Users/d.grab/Desktop/the-game/artifacts/camp-polish-project/Assets/Game.View/PelagVfxController.cs:184)

(Filename: C:/build/output/unity/unity/Runtime/Export/Debug/Debug.bindings.cs Line: 123)

[footstep-particles] count=5
UnityEngine.Debug:ExtractStackTraceNoAlloc (byte*,int,string)
UnityEngine.StackTraceUtility:ExtractStackTrace () (at C:/build/output/unity/unity/Runtime/Export/Scripting/StackTrace.cs:35)
UnityEngine.DebugLogHandler:Internal_Log (UnityEngine.LogType,UnityEngine.LogOption,string,UnityEngine.Object)
UnityEngine.DebugLogHandler:LogFormat (UnityEngine.LogType,UnityEngine.Object,string,object[]) (at C:/build/output/unity/unity/Runtime/Export/Logging/DebugLogHandler.cs:9)
UnityEngine.Logger:Log (UnityEngine.LogType,object) (at C:/build/output/unity/unity/Runtime/Export/Logging/Logger.cs:60)
UnityEngine.Debug:Log (object) (at C:/build/output/unity/unity/Runtime/Export/Debug/Debug.bindings.cs:123)
Game.View.PelagVfxController:UpdateActive (single) (at C:/Users/d.grab/Desktop/the-game/artifacts/camp-polish-project/Assets/Game.View/PelagVfxController.cs:1726)
Game.View.PelagVfxController:LateUpdate () (at C:/Users/d.grab/Desktop/the-game/artifacts/camp-polish-project/Assets/Game.View/PelagVfxController.cs:185)

(Filename: C:/build/output/unity/unity/Runtime/Export/Debug/Debug.bindings.cs Line: 123)

[footstep-surface] side=0 time=24,799 dust=True position=(2.11, 0.08, -7.72)
UnityEngine.Debug:ExtractStackTraceNoAlloc (byte*,int,string)
UnityEngine.StackTraceUtility:ExtractStackTrace () (at C:/build/output/unity/unity/Runtime/Export/Scripting/StackTrace.cs:35)
UnityEngine.DebugLogHandler:Internal_Log (UnityEngine.LogType,UnityEngine.LogOption,string,UnityEngine.Object)
UnityEngine.DebugLogHandler:LogFormat (UnityEngine.LogType,UnityEngine.Object,string,object[]) (at C:/build/output/unity/unity/Runtime/Export/Logging/DebugLogHandler.cs:9)
UnityEngine.Logger:Log (UnityEngine.LogType,object) (at C:/build/output/unity/unity/Runtime/Export/Logging/Logger.cs:60)
UnityEngine.Debug:Log (object) (at C:/build/output/unity/unity/Runtime/Export/Debug/Debug.bindings.cs:123)
Game.View.PelagVfxController:UpdateFootstepDust () (at C:/Users/d.grab/Desktop/the-game/artifacts/camp-polish-project/Assets/Game.View/PelagVfxController.cs:208)
Game.View.PelagVfxController:LateUpdate () (at C:/Users/d.grab/Desktop/the-game/artifacts/camp-polish-project/Assets/Game.View/PelagVfxController.cs:184)

(Filename: C:/build/output/unity/unity/Runtime/Export/Debug/Debug.bindings.cs Line: 123)

[footstep-vfx] side=0 time=24,799 position=(2.11, 0.08, -7.72)
UnityEngine.Debug:ExtractStackTraceNoAlloc (byte*,int,string)
UnityEngine.StackTraceUtility:ExtractStackTrace () (at C:/build/output/unity/unity/Runtime/Export/Scripting/StackTrace.cs:35)
UnityEngine.DebugLogHandler:Internal_Log (UnityEngine.LogType,UnityEngine.LogOption,string,UnityEngine.Object)
UnityEngine.DebugLogHandler:LogFormat (UnityEngine.LogType,UnityEngine.Object,string,object[]) (at C:/build/output/unity/unity/Runtime/Export/Logging/DebugLogHandler.cs:9)
UnityEngine.Logger:Log (UnityEngine.LogType,object) (at C:/build/output/unity/unity/Runtime/Export/Logging/Logger.cs:60)
UnityEngine.Debug:Log (object) (at C:/build/output/unity/unity/Runtime/Export/Debug/Debug.bindings.cs:123)
Game.View.PelagVfxController:UpdateFootstepDust () (at C:/Users/d.grab/Desktop/the-game/artifacts/camp-polish-project/Assets/Game.View/PelagVfxController.cs:213)
Game.View.PelagVfxController:LateUpdate () (at C:/Users/d.grab/Desktop/the-game/artifacts/camp-polish-project/Assets/Game.View/PelagVfxController.cs:184)

(Filename: C:/build/output/unity/unity/Runtime/Export/Debug/Debug.bindings.cs Line: 123)

[footstep-particles] count=5
UnityEngine.Debug:ExtractStackTraceNoAlloc (byte*,int,string)
UnityEngine.StackTraceUtility:ExtractStackTrace () (at C:/build/output/unity/unity/Runtime/Export/Scripting/StackTrace.cs:35)
UnityEngine.DebugLogHandler:Internal_Log (UnityEngine.LogType,UnityEngine.LogOption,string,UnityEngine.Object)
UnityEngine.DebugLogHandler:LogFormat (UnityEngine.LogType,UnityEngine.Object,string,object[]) (at C:/build/output/unity/unity/Runtime/Export/Logging/DebugLogHandler.cs:9)
UnityEngine.Logger:Log (UnityEngine.LogType,object) (at C:/build/output/unity/unity/Runtime/Export/Logging/Logger.cs:60)
UnityEngine.Debug:Log (object) (at C:/build/output/unity/unity/Runtime/Export/Debug/Debug.bindings.cs:123)
Game.View.PelagVfxController:UpdateActive (single) (at C:/Users/d.grab/Desktop/the-game/artifacts/camp-polish-project/Assets/Game.View/PelagVfxController.cs:1726)
Game.View.PelagVfxController:LateUpdate () (at C:/Users/d.grab/Desktop/the-game/artifacts/camp-polish-project/Assets/Game.View/PelagVfxController.cs:185)

(Filename: C:/build/output/unity/unity/Runtime/Export/Debug/Debug.bindings.cs Line: 123)

[footstep-surface] side=1 time=25,049 dust=True position=(2.34, 0.08, -6.45)
UnityEngine.Debug:ExtractStackTraceNoAlloc (byte*,int,string)
UnityEngine.StackTraceUtility:ExtractStackTrace () (at C:/build/output/unity/unity/Runtime/Export/Scripting/StackTrace.cs:35)
UnityEngine.DebugLogHandler:Internal_Log (UnityEngine.LogType,UnityEngine.LogOption,string,UnityEngine.Object)
UnityEngine.DebugLogHandler:LogFormat (UnityEngine.LogType,UnityEngine.Object,string,object[]) (at C:/build/output/unity/unity/Runtime/Export/Logging/DebugLogHandler.cs:9)
UnityEngine.Logger:Log (UnityEngine.LogType,object) (at C:/build/output/unity/unity/Runtime/Export/Logging/Logger.cs:60)
UnityEngine.Debug:Log (object) (at C:/build/output/unity/unity/Runtime/Export/Debug/Debug.bindings.cs:123)
Game.View.PelagVfxController:UpdateFootstepDust () (at C:/Users/d.grab/Desktop/the-game/artifacts/camp-polish-project/Assets/Game.View/PelagVfxController.cs:208)
Game.View.PelagVfxController:LateUpdate () (at C:/Users/d.grab/Desktop/the-game/artifacts/camp-polish-project/Assets/Game.View/PelagVfxController.cs:184)

(Filename: C:/build/output/unity/unity/Runtime/Export/Debug/Debug.bindings.cs Line: 123)

[footstep-vfx] side=1 time=25,049 position=(2.34, 0.08, -6.45)
UnityEngine.Debug:ExtractStackTraceNoAlloc (byte*,int,string)
UnityEngine.StackTraceUtility:ExtractStackTrace () (at C:/build/output/unity/unity/Runtime/Export/Scripting/StackTrace.cs:35)
UnityEngine.DebugLogHandler:Internal_Log (UnityEngine.LogType,UnityEngine.LogOption,string,UnityEngine.Object)
UnityEngine.DebugLogHandler:LogFormat (UnityEngine.LogType,UnityEngine.Object,string,object[]) (at C:/build/output/unity/unity/Runtime/Export/Logging/DebugLogHandler.cs:9)
UnityEngine.Logger:Log (UnityEngine.LogType,object) (at C:/build/output/unity/unity/Runtime/Export/Logging/Logger.cs:60)
UnityEngine.Debug:Log (object) (at C:/build/output/unity/unity/Runtime/Export/Debug/Debug.bindings.cs:123)
Game.View.PelagVfxController:UpdateFootstepDust () (at C:/Users/d.grab/Desktop/the-game/artifacts/camp-polish-project/Assets/Game.View/PelagVfxController.cs:213)
Game.View.PelagVfxController:LateUpdate () (at C:/Users/d.grab/Desktop/the-game/artifacts/camp-polish-project/Assets/Game.View/PelagVfxController.cs:184)

(Filename: C:/build/output/unity/unity/Runtime/Export/Debug/Debug.bindings.cs Line: 123)

[footstep-particles] count=5
UnityEngine.Debug:ExtractStackTraceNoAlloc (byte*,int,string)
UnityEngine.StackTraceUtility:ExtractStackTrace () (at C:/build/output/unity/unity/Runtime/Export/Scripting/StackTrace.cs:35)
UnityEngine.DebugLogHandler:Internal_Log (UnityEngine.LogType,UnityEngine.LogOption,string,UnityEngine.Object)
UnityEngine.DebugLogHandler:LogFormat (UnityEngine.LogType,UnityEngine.Object,string,object[]) (at C:/build/output/unity/unity/Runtime/Export/Logging/DebugLogHandler.cs:9)
UnityEngine.Logger:Log (UnityEngine.LogType,object) (at C:/build/output/unity/unity/Runtime/Export/Logging/Logger.cs:60)
UnityEngine.Debug:Log (object) (at C:/build/output/unity/unity/Runtime/Export/Debug/Debug.bindings.cs:123)
Game.View.PelagVfxController:UpdateActive (single) (at C:/Users/d.grab/Desktop/the-game/artifacts/camp-polish-project/Assets/Game.View/PelagVfxController.cs:1726)
Game.View.PelagVfxController:LateUpdate () (at C:/Users/d.grab/Desktop/the-game/artifacts/camp-polish-project/Assets/Game.View/PelagVfxController.cs:185)

(Filename: C:/build/output/unity/unity/Runtime/Export/Debug/Debug.bindings.cs Line: 123)

[footstep-surface] side=0 time=25,333 dust=True position=(1.96, 0.08, -5.29)
UnityEngine.Debug:ExtractStackTraceNoAlloc (byte*,int,string)
UnityEngine.StackTraceUtility:ExtractStackTrace () (at C:/build/output/unity/unity/Runtime/Export/Scripting/StackTrace.cs:35)
UnityEngine.DebugLogHandler:Internal_Log (UnityEngine.LogType,UnityEngine.LogOption,string,UnityEngine.Object)
UnityEngine.DebugLogHandler:LogFormat (UnityEngine.LogType,UnityEngine.Object,string,object[]) (at C:/build/output/unity/unity/Runtime/Export/Logging/DebugLogHandler.cs:9)
UnityEngine.Logger:Log (UnityEngine.LogType,object) (at C:/build/output/unity/unity/Runtime/Export/Logging/Logger.cs:60)
UnityEngine.Debug:Log (object) (at C:/build/output/unity/unity/Runtime/Export/Debug/Debug.bindings.cs:123)
Game.View.PelagVfxController:UpdateFootstepDust () (at C:/Users/d.grab/Desktop/the-game/artifacts/camp-polish-project/Assets/Game.View/PelagVfxController.cs:208)
Game.View.PelagVfxController:LateUpdate () (at C:/Users/d.grab/Desktop/the-game/artifacts/camp-polish-project/Assets/Game.View/PelagVfxController.cs:184)

(Filename: C:/build/output/unity/unity/Runtime/Export/Debug/Debug.bindings.cs Line: 123)

[footstep-vfx] side=0 time=25,333 position=(1.96, 0.08, -5.29)
UnityEngine.Debug:ExtractStackTraceNoAlloc (byte*,int,string)
UnityEngine.StackTraceUtility:ExtractStackTrace () (at C:/build/output/unity/unity/Runtime/Export/Scripting/StackTrace.cs:35)
UnityEngine.DebugLogHandler:Internal_Log (UnityEngine.LogType,UnityEngine.LogOption,string,UnityEngine.Object)
UnityEngine.DebugLogHandler:LogFormat (UnityEngine.LogType,UnityEngine.Object,string,object[]) (at C:/build/output/unity/unity/Runtime/Export/Logging/DebugLogHandler.cs:9)
UnityEngine.Logger:Log (UnityEngine.LogType,object) (at C:/build/output/unity/unity/Runtime/Export/Logging/Logger.cs:60)
UnityEngine.Debug:Log (object) (at C:/build/output/unity/unity/Runtime/Export/Debug/Debug.bindings.cs:123)
Game.View.PelagVfxController:UpdateFootstepDust () (at C:/Users/d.grab/Desktop/the-game/artifacts/camp-polish-project/Assets/Game.View/PelagVfxController.cs:213)
Game.View.PelagVfxController:LateUpdate () (at C:/Users/d.grab/Desktop/the-game/artifacts/camp-polish-project/Assets/Game.View/PelagVfxController.cs:184)

(Filename: C:/build/output/unity/unity/Runtime/Export/Debug/Debug.bindings.cs Line: 123)

[footstep-particles] count=5
UnityEngine.Debug:ExtractStackTraceNoAlloc (byte*,int,string)
UnityEngine.StackTraceUtility:ExtractStackTrace () (at C:/build/output/unity/unity/Runtime/Export/Scripting/StackTrace.cs:35)
UnityEngine.DebugLogHandler:Internal_Log (UnityEngine.LogType,UnityEngine.LogOption,string,UnityEngine.Object)
UnityEngine.DebugLogHandler:LogFormat (UnityEngine.LogType,UnityEngine.Object,string,object[]) (at C:/build/output/unity/unity/Runtime/Export/Logging/DebugLogHandler.cs:9)
UnityEngine.Logger:Log (UnityEngine.LogType,object) (at C:/build/output/unity/unity/Runtime/Export/Logging/Logger.cs:60)
UnityEngine.Debug:Log (object) (at C:/build/output/unity/unity/Runtime/Export/Debug/Debug.bindings.cs:123)
Game.View.PelagVfxController:UpdateActive (single) (at C:/Users/d.grab/Desktop/the-game/artifacts/camp-polish-project/Assets/Game.View/PelagVfxController.cs:1726)
Game.View.PelagVfxController:LateUpdate () (at C:/Users/d.grab/Desktop/the-game/artifacts/camp-polish-project/Assets/Game.View/PelagVfxController.cs:185)

(Filename: C:/build/output/unity/unity/Runtime/Export/Debug/Debug.bindings.cs Line: 123)

[footstep-surface] side=1 time=25,583 dust=True position=(2.18, 0.08, -4.02)
UnityEngine.Debug:ExtractStackTraceNoAlloc (byte*,int,string)
UnityEngine.StackTraceUtility:ExtractStackTrace () (at C:/build/output/unity/unity/Runtime/Export/Scripting/StackTrace.cs:35)
UnityEngine.DebugLogHandler:Internal_Log (UnityEngine.LogType,UnityEngine.LogOption,string,UnityEngine.Object)
UnityEngine.DebugLogHandler:LogFormat (UnityEngine.LogType,UnityEngine.Object,string,object[]) (at C:/build/output/unity/unity/Runtime/Export/Logging/DebugLogHandler.cs:9)
UnityEngine.Logger:Log (UnityEngine.LogType,object) (at C:/build/output/unity/unity/Runtime/Export/Logging/Logger.cs:60)
UnityEngine.Debug:Log (object) (at C:/build/output/unity/unity/Runtime/Export/Debug/Debug.bindings.cs:123)
Game.View.PelagVfxController:UpdateFootstepDust () (at C:/Users/d.grab/Desktop/the-game/artifacts/camp-polish-project/Assets/Game.View/PelagVfxController.cs:208)
Game.View.PelagVfxController:LateUpdate () (at C:/Users/d.grab/Desktop/the-game/artifacts/camp-polish-project/Assets/Game.View/PelagVfxController.cs:184)

(Filename: C:/build/output/unity/unity/Runtime/Export/Debug/Debug.bindings.cs Line: 123)

[footstep-vfx] side=1 time=25,583 position=(2.18, 0.08, -4.02)
UnityEngine.Debug:ExtractStackTraceNoAlloc (byte*,int,string)
UnityEngine.StackTraceUtility:ExtractStackTrace () (at C:/build/output/unity/unity/Runtime/Export/Scripting/StackTrace.cs:35)
UnityEngine.DebugLogHandler:Internal_Log (UnityEngine.LogType,UnityEngine.LogOption,string,UnityEngine.Object)
UnityEngine.DebugLogHandler:LogFormat (UnityEngine.LogType,UnityEngine.Object,string,object[]) (at C:/build/output/unity/unity/Runtime/Export/Logging/DebugLogHandler.cs:9)
UnityEngine.Logger:Log (UnityEngine.LogType,object) (at C:/build/output/unity/unity/Runtime/Export/Logging/Logger.cs:60)
UnityEngine.Debug:Log (object) (at C:/build/output/unity/unity/Runtime/Export/Debug/Debug.bindings.cs:123)
Game.View.PelagVfxController:UpdateFootstepDust () (at C:/Users/d.grab/Desktop/the-game/artifacts/camp-polish-project/Assets/Game.View/PelagVfxController.cs:213)
Game.View.PelagVfxController:LateUpdate () (at C:/Users/d.grab/Desktop/the-game/artifacts/camp-polish-project/Assets/Game.View/PelagVfxController.cs:184)

(Filename: C:/build/output/unity/unity/Runtime/Export/Debug/Debug.bindings.cs Line: 123)

[footstep-particles] count=5
UnityEngine.Debug:ExtractStackTraceNoAlloc (byte*,int,string)
UnityEngine.StackTraceUtility:ExtractStackTrace () (at C:/build/output/unity/unity/Runtime/Export/Scripting/StackTrace.cs:35)
UnityEngine.DebugLogHandler:Internal_Log (UnityEngine.LogType,UnityEngine.LogOption,string,UnityEngine.Object)
UnityEngine.DebugLogHandler:LogFormat (UnityEngine.LogType,UnityEngine.Object,string,object[]) (at C:/build/output/unity/unity/Runtime/Export/Logging/DebugLogHandler.cs:9)
UnityEngine.Logger:Log (UnityEngine.LogType,object) (at C:/build/output/unity/unity/Runtime/Export/Logging/Logger.cs:60)
UnityEngine.Debug:Log (object) (at C:/build/output/unity/unity/Runtime/Export/Debug/Debug.bindings.cs:123)
Game.View.PelagVfxController:UpdateActive (single) (at C:/Users/d.grab/Desktop/the-game/artifacts/camp-polish-project/Assets/Game.View/PelagVfxController.cs:1726)
Game.View.PelagVfxController:LateUpdate () (at C:/Users/d.grab/Desktop/the-game/artifacts/camp-polish-project/Assets/Game.View/PelagVfxController.cs:185)

(Filename: C:/build/output/unity/unity/Runtime/Export/Debug/Debug.bindings.cs Line: 123)

[footstep-surface] side=0 time=25,899 dust=False position=(1.91, 0.08, -2.83)
UnityEngine.Debug:ExtractStackTraceNoAlloc (byte*,int,string)
UnityEngine.StackTraceUtility:ExtractStackTrace () (at C:/build/output/unity/unity/Runtime/Export/Scripting/StackTrace.cs:35)
UnityEngine.DebugLogHandler:Internal_Log (UnityEngine.LogType,UnityEngine.LogOption,string,UnityEngine.Object)
UnityEngine.DebugLogHandler:LogFormat (UnityEngine.LogType,UnityEngine.Object,string,object[]) (at C:/build/output/unity/unity/Runtime/Export/Logging/DebugLogHandler.cs:9)
UnityEngine.Logger:Log (UnityEngine.LogType,object) (at C:/build/output/unity/unity/Runtime/Export/Logging/Logger.cs:60)
UnityEngine.Debug:Log (object) (at C:/build/output/unity/unity/Runtime/Export/Debug/Debug.bindings.cs:123)
Game.View.PelagVfxController:UpdateFootstepDust () (at C:/Users/d.grab/Desktop/the-game/artifacts/camp-polish-project/Assets/Game.View/PelagVfxController.cs:208)
Game.View.PelagVfxController:LateUpdate () (at C:/Users/d.grab/Desktop/the-game/artifacts/camp-polish-project/Assets/Game.View/PelagVfxController.cs:184)

(Filename: C:/build/output/unity/unity/Runtime/Export/Debug/Debug.bindings.cs Line: 123)

[footstep-surface] side=1 time=26,133 dust=False position=(2.53, 0.08, -1.69)
UnityEngine.Debug:ExtractStackTraceNoAlloc (byte*,int,string)
UnityEngine.StackTraceUtility:ExtractStackTrace () (at C:/build/output/unity/unity/Runtime/Export/Scripting/StackTrace.cs:35)
UnityEngine.DebugLogHandler:Internal_Log (UnityEngine.LogType,UnityEngine.LogOption,string,UnityEngine.Object)
UnityEngine.DebugLogHandler:LogFormat (UnityEngine.LogType,UnityEngine.Object,string,object[]) (at C:/build/output/unity/unity/Runtime/Export/Logging/DebugLogHandler.cs:9)
UnityEngine.Logger:Log (UnityEngine.LogType,object) (at C:/build/output/unity/unity/Runtime/Export/Logging/Logger.cs:60)
UnityEngine.Debug:Log (object) (at C:/build/output/unity/unity/Runtime/Export/Debug/Debug.bindings.cs:123)
Game.View.PelagVfxController:UpdateFootstepDust () (at C:/Users/d.grab/Desktop/the-game/artifacts/camp-polish-project/Assets/Game.View/PelagVfxController.cs:208)
Game.View.PelagVfxController:LateUpdate () (at C:/Users/d.grab/Desktop/the-game/artifacts/camp-polish-project/Assets/Game.View/PelagVfxController.cs:184)

(Filename: C:/build/output/unity/unity/Runtime/Export/Debug/Debug.bindings.cs Line: 123)

[footstep-surface] side=0 time=26,416 dust=True position=(2.29, 0.08, -0.48)
UnityEngine.Debug:ExtractStackTraceNoAlloc (byte*,int,string)
UnityEngine.StackTraceUtility:ExtractStackTrace () (at C:/build/output/unity/unity/Runtime/Export/Scripting/StackTrace.cs:35)
UnityEngine.DebugLogHandler:Internal_Log (UnityEngine.LogType,UnityEngine.LogOption,string,UnityEngine.Object)
UnityEngine.DebugLogHandler:LogFormat (UnityEngine.LogType,UnityEngine.Object,string,object[]) (at C:/build/output/unity/unity/Runtime/Export/Logging/DebugLogHandler.cs:9)
UnityEngine.Logger:Log (UnityEngine.LogType,object) (at C:/build/output/unity/unity/Runtime/Export/Logging/Logger.cs:60)
UnityEngine.Debug:Log (object) (at C:/build/output/unity/unity/Runtime/Export/Debug/Debug.bindings.cs:123)
Game.View.PelagVfxController:UpdateFootstepDust () (at C:/Users/d.grab/Desktop/the-game/artifacts/camp-polish-project/Assets/Game.View/PelagVfxController.cs:208)
Game.View.PelagVfxController:LateUpdate () (at C:/Users/d.grab/Desktop/the-game/artifacts/camp-polish-project/Assets/Game.View/PelagVfxController.cs:184)

(Filename: C:/build/output/unity/unity/Runtime/Export/Debug/Debug.bindings.cs Line: 123)

[footstep-vfx] side=0 time=26,416 position=(2.29, 0.08, -0.48)
UnityEngine.Debug:ExtractStackTraceNoAlloc (byte*,int,string)
UnityEngine.StackTraceUtility:ExtractStackTrace () (at C:/build/output/unity/unity/Runtime/Export/Scripting/StackTrace.cs:35)
UnityEngine.DebugLogHandler:Internal_Log (UnityEngine.LogType,UnityEngine.LogOption,string,UnityEngine.Object)
UnityEngine.DebugLogHandler:LogFormat (UnityEngine.LogType,UnityEngine.Object,string,object[]) (at C:/build/output/unity/unity/Runtime/Export/Logging/DebugLogHandler.cs:9)
UnityEngine.Logger:Log (UnityEngine.LogType,object) (at C:/build/output/unity/unity/Runtime/Export/Logging/Logger.cs:60)
UnityEngine.Debug:Log (object) (at C:/build/output/unity/unity/Runtime/Export/Debug/Debug.bindings.cs:123)
Game.View.PelagVfxController:UpdateFootstepDust () (at C:/Users/d.grab/Desktop/the-game/artifacts/camp-polish-project/Assets/Game.View/PelagVfxController.cs:213)
Game.View.PelagVfxController:LateUpdate () (at C:/Users/d.grab/Desktop/the-game/artifacts/camp-polish-project/Assets/Game.View/PelagVfxController.cs:184)

(Filename: C:/build/output/unity/unity/Runtime/Export/Debug/Debug.bindings.cs Line: 123)

[footstep-particles] count=5
UnityEngine.Debug:ExtractStackTraceNoAlloc (byte*,int,string)
UnityEngine.StackTraceUtility:ExtractStackTrace () (at C:/build/output/unity/unity/Runtime/Export/Scripting/StackTrace.cs:35)
UnityEngine.DebugLogHandler:Internal_Log (UnityEngine.LogType,UnityEngine.LogOption,string,UnityEngine.Object)
UnityEngine.DebugLogHandler:LogFormat (UnityEngine.LogType,UnityEngine.Object,string,object[]) (at C:/build/output/unity/unity/Runtime/Export/Logging/DebugLogHandler.cs:9)
UnityEngine.Logger:Log (UnityEngine.LogType,object) (at C:/build/output/unity/unity/Runtime/Export/Logging/Logger.cs:60)
UnityEngine.Debug:Log (object) (at C:/build/output/unity/unity/Runtime/Export/Debug/Debug.bindings.cs:123)
Game.View.PelagVfxController:UpdateActive (single) (at C:/Users/d.grab/Desktop/the-game/artifacts/camp-polish-project/Assets/Game.View/PelagVfxController.cs:1726)
Game.View.PelagVfxController:LateUpdate () (at C:/Users/d.grab/Desktop/the-game/artifacts/camp-polish-project/Assets/Game.View/PelagVfxController.cs:185)

(Filename: C:/build/output/unity/unity/Runtime/Export/Debug/Debug.bindings.cs Line: 123)

[footstep-surface] side=1 time=26,666 dust=False position=(2.55, 0.08, 0.79)
UnityEngine.Debug:ExtractStackTraceNoAlloc (byte*,int,string)
UnityEngine.StackTraceUtility:ExtractStackTrace () (at C:/build/output/unity/unity/Runtime/Export/Scripting/StackTrace.cs:35)
UnityEngine.DebugLogHandler:Internal_Log (UnityEngine.LogType,UnityEngine.LogOption,string,UnityEngine.Object)
UnityEngine.DebugLogHandler:LogFormat (UnityEngine.LogType,UnityEngine.Object,string,object[]) (at C:/build/output/unity/unity/Runtime/Export/Logging/DebugLogHandler.cs:9)
UnityEngine.Logger:Log (UnityEngine.LogType,object) (at C:/build/output/unity/unity/Runtime/Export/Logging/Logger.cs:60)
UnityEngine.Debug:Log (object) (at C:/build/output/unity/unity/Runtime/Export/Debug/Debug.bindings.cs:123)
Game.View.PelagVfxController:UpdateFootstepDust () (at C:/Users/d.grab/Desktop/the-game/artifacts/camp-polish-project/Assets/Game.View/PelagVfxController.cs:208)
Game.View.PelagVfxController:LateUpdate () (at C:/Users/d.grab/Desktop/the-game/artifacts/camp-polish-project/Assets/Game.View/PelagVfxController.cs:184)

(Filename: C:/build/output/unity/unity/Runtime/Export/Debug/Debug.bindings.cs Line: 123)

[footstep-surface] side=0 time=26,966 dust=False position=(2.21, 0.08, 1.96)
UnityEngine.Debug:ExtractStackTraceNoAlloc (byte*,int,string)
UnityEngine.StackTraceUtility:ExtractStackTrace () (at C:/build/output/unity/unity/Runtime/Export/Scripting/StackTrace.cs:35)
UnityEngine.DebugLogHandler:Internal_Log (UnityEngine.LogType,UnityEngine.LogOption,string,UnityEngine.Object)
UnityEngine.DebugLogHandler:LogFormat (UnityEngine.LogType,UnityEngine.Object,string,object[]) (at C:/build/output/unity/unity/Runtime/Export/Logging/DebugLogHandler.cs:9)
UnityEngine.Logger:Log (UnityEngine.LogType,object) (at C:/build/output/unity/unity/Runtime/Export/Logging/Logger.cs:60)
UnityEngine.Debug:Log (object) (at C:/build/output/unity/unity/Runtime/Export/Debug/Debug.bindings.cs:123)
Game.View.PelagVfxController:UpdateFootstepDust () (at C:/Users/d.grab/Desktop/the-game/artifacts/camp-polish-project/Assets/Game.View/PelagVfxController.cs:208)
Game.View.PelagVfxController:LateUpdate () (at C:/Users/d.grab/Desktop/the-game/artifacts/camp-polish-project/Assets/Game.View/PelagVfxController.cs:184)

(Filename: C:/build/output/unity/unity/Runtime/Export/Debug/Debug.bindings.cs Line: 123)

[footstep-surface] side=1 time=27,216 dust=False position=(2.49, 0.08, 3.22)
UnityEngine.Debug:ExtractStackTraceNoAlloc (byte*,int,string)
UnityEngine.StackTraceUtility:ExtractStackTrace () (at C:/build/output/unity/unity/Runtime/Export/Scripting/StackTrace.cs:35)
UnityEngine.DebugLogHandler:Internal_Log (UnityEngine.LogType,UnityEngine.LogOption,string,UnityEngine.Object)
UnityEngine.DebugLogHandler:LogFormat (UnityEngine.LogType,UnityEngine.Object,string,object[]) (at C:/build/output/unity/unity/Runtime/Export/Logging/DebugLogHandler.cs:9)
UnityEngine.Logger:Log (UnityEngine.LogType,object) (at C:/build/output/unity/unity/Runtime/Export/Logging/Logger.cs:60)
UnityEngine.Debug:Log (object) (at C:/build/output/unity/unity/Runtime/Export/Debug/Debug.bindings.cs:123)
Game.View.PelagVfxController:UpdateFootstepDust () (at C:/Users/d.grab/Desktop/the-game/artifacts/camp-polish-project/Assets/Game.View/PelagVfxController.cs:208)
Game.View.PelagVfxController:LateUpdate () (at C:/Users/d.grab/Desktop/the-game/artifacts/camp-polish-project/Assets/Game.View/PelagVfxController.cs:184)

(Filename: C:/build/output/unity/unity/Runtime/Export/Debug/Debug.bindings.cs Line: 123)

[footstep-surface] side=0 time=27,499 dust=False position=(2.14, 0.08, 4.39)
UnityEngine.Debug:ExtractStackTraceNoAlloc (byte*,int,string)
UnityEngine.StackTraceUtility:ExtractStackTrace () (at C:/build/output/unity/unity/Runtime/Export/Scripting/StackTrace.cs:35)
UnityEngine.DebugLogHandler:Internal_Log (UnityEngine.LogType,UnityEngine.LogOption,string,UnityEngine.Object)
UnityEngine.DebugLogHandler:LogFormat (UnityEngine.LogType,UnityEngine.Object,string,object[]) (at C:/build/output/unity/unity/Runtime/Export/Logging/DebugLogHandler.cs:9)
UnityEngine.Logger:Log (UnityEngine.LogType,object) (at C:/build/output/unity/unity/Runtime/Export/Logging/Logger.cs:60)
UnityEngine.Debug:Log (object) (at C:/build/output/unity/unity/Runtime/Export/Debug/Debug.bindings.cs:123)
Game.View.PelagVfxController:UpdateFootstepDust () (at C:/Users/d.grab/Desktop/the-game/artifacts/camp-polish-project/Assets/Game.View/PelagVfxController.cs:208)
Game.View.PelagVfxController:LateUpdate () (at C:/Users/d.grab/Desktop/the-game/artifacts/camp-polish-project/Assets/Game.View/PelagVfxController.cs:184)

(Filename: C:/build/output/unity/unity/Runtime/Export/Debug/Debug.bindings.cs Line: 123)

[footstep-surface] side=1 time=27,749 dust=True position=(2.41, 0.08, 5.66)
UnityEngine.Debug:ExtractStackTraceNoAlloc (byte*,int,string)
UnityEngine.StackTraceUtility:ExtractStackTrace () (at C:/build/output/unity/unity/Runtime/Export/Scripting/StackTrace.cs:35)
UnityEngine.DebugLogHandler:Internal_Log (UnityEngine.LogType,UnityEngine.LogOption,string,UnityEngine.Object)
UnityEngine.DebugLogHandler:LogFormat (UnityEngine.LogType,UnityEngine.Object,string,object[]) (at C:/build/output/unity/unity/Runtime/Export/Logging/DebugLogHandler.cs:9)
UnityEngine.Logger:Log (UnityEngine.LogType,object) (at C:/build/output/unity/unity/Runtime/Export/Logging/Logger.cs:60)
UnityEngine.Debug:Log (object) (at C:/build/output/unity/unity/Runtime/Export/Debug/Debug.bindings.cs:123)
Game.View.PelagVfxController:UpdateFootstepDust () (at C:/Users/d.grab/Desktop/the-game/artifacts/camp-polish-project/Assets/Game.View/PelagVfxController.cs:208)
Game.View.PelagVfxController:LateUpdate () (at C:/Users/d.grab/Desktop/the-game/artifacts/camp-polish-project/Assets/Game.View/PelagVfxController.cs:184)

(Filename: C:/build/output/unity/unity/Runtime/Export/Debug/Debug.bindings.cs Line: 123)

[footstep-vfx] side=1 time=27,749 position=(2.41, 0.08, 5.66)
UnityEngine.Debug:ExtractStackTraceNoAlloc (byte*,int,string)
UnityEngine.StackTraceUtility:ExtractStackTrace () (at C:/build/output/unity/unity/Runtime/Export/Scripting/StackTrace.cs:35)
UnityEngine.DebugLogHandler:Internal_Log (UnityEngine.LogType,UnityEngine.LogOption,string,UnityEngine.Object)
UnityEngine.DebugLogHandler:LogFormat (UnityEngine.LogType,UnityEngine.Object,string,object[]) (at C:/build/output/unity/unity/Runtime/Export/Logging/DebugLogHandler.cs:9)
UnityEngine.Logger:Log (UnityEngine.LogType,object) (at C:/build/output/unity/unity/Runtime/Export/Logging/Logger.cs:60)
UnityEngine.Debug:Log (object) (at C:/build/output/unity/unity/Runtime/Export/Debug/Debug.bindings.cs:123)
Game.View.PelagVfxController:UpdateFootstepDust () (at C:/Users/d.grab/Desktop/the-game/artifacts/camp-polish-project/Assets/Game.View/PelagVfxController.cs:213)
Game.View.PelagVfxController:LateUpdate () (at C:/Users/d.grab/Desktop/the-game/artifacts/camp-polish-project/Assets/Game.View/PelagVfxController.cs:184)

(Filename: C:/build/output/unity/unity/Runtime/Export/Debug/Debug.bindings.cs Line: 123)

[footstep-particles] count=5
UnityEngine.Debug:ExtractStackTraceNoAlloc (byte*,int,string)
UnityEngine.StackTraceUtility:ExtractStackTrace () (at C:/build/output/unity/unity/Runtime/Export/Scripting/StackTrace.cs:35)
UnityEngine.DebugLogHandler:Internal_Log (UnityEngine.LogType,UnityEngine.LogOption,string,UnityEngine.Object)
UnityEngine.DebugLogHandler:LogFormat (UnityEngine.LogType,UnityEngine.Object,string,object[]) (at C:/build/output/unity/unity/Runtime/Export/Logging/DebugLogHandler.cs:9)
UnityEngine.Logger:Log (UnityEngine.LogType,object) (at C:/build/output/unity/unity/Runtime/Export/Logging/Logger.cs:60)
UnityEngine.Debug:Log (object) (at C:/build/output/unity/unity/Runtime/Export/Debug/Debug.bindings.cs:123)
Game.View.PelagVfxController:UpdateActive (single) (at C:/Users/d.grab/Desktop/the-game/artifacts/camp-polish-project/Assets/Game.View/PelagVfxController.cs:1726)
Game.View.PelagVfxController:LateUpdate () (at C:/Users/d.grab/Desktop/the-game/artifacts/camp-polish-project/Assets/Game.View/PelagVfxController.cs:185)

(Filename: C:/build/output/unity/unity/Runtime/Export/Debug/Debug.bindings.cs Line: 123)

[footstep-surface] side=0 time=28,049 dust=True position=(2.07, 0.08, 6.83)
UnityEngine.Debug:ExtractStackTraceNoAlloc (byte*,int,string)
UnityEngine.StackTraceUtility:ExtractStackTrace () (at C:/build/output/unity/unity/Runtime/Export/Scripting/StackTrace.cs:35)
UnityEngine.DebugLogHandler:Internal_Log (UnityEngine.LogType,UnityEngine.LogOption,string,UnityEngine.Object)
UnityEngine.DebugLogHandler:LogFormat (UnityEngine.LogType,UnityEngine.Object,string,object[]) (at C:/build/output/unity/unity/Runtime/Export/Logging/DebugLogHandler.cs:9)
UnityEngine.Logger:Log (UnityEngine.LogType,object) (at C:/build/output/unity/unity/Runtime/Export/Logging/Logger.cs:60)
UnityEngine.Debug:Log (object) (at C:/build/output/unity/unity/Runtime/Export/Debug/Debug.bindings.cs:123)
Game.View.PelagVfxController:UpdateFootstepDust () (at C:/Users/d.grab/Desktop/the-game/artifacts/camp-polish-project/Assets/Game.View/PelagVfxController.cs:208)
Game.View.PelagVfxController:LateUpdate () (at C:/Users/d.grab/Desktop/the-game/artifacts/camp-polish-project/Assets/Game.View/PelagVfxController.cs:184)

(Filename: C:/build/output/unity/unity/Runtime/Export/Debug/Debug.bindings.cs Line: 123)

[footstep-vfx] side=0 time=28,049 position=(2.07, 0.08, 6.83)
UnityEngine.Debug:ExtractStackTraceNoAlloc (byte*,int,string)
UnityEngine.StackTraceUtility:ExtractStackTrace () (at C:/build/output/unity/unity/Runtime/Export/Scripting/StackTrace.cs:35)
UnityEngine.DebugLogHandler:Internal_Log (UnityEngine.LogType,UnityEngine.LogOption,string,UnityEngine.Object)
UnityEngine.DebugLogHandler:LogFormat (UnityEngine.LogType,UnityEngine.Object,string,object[]) (at C:/build/output/unity/unity/Runtime/Export/Logging/DebugLogHandler.cs:9)
UnityEngine.Logger:Log (UnityEngine.LogType,object) (at C:/build/output/unity/unity/Runtime/Export/Logging/Logger.cs:60)
UnityEngine.Debug:Log (object) (at C:/build/output/unity/unity/Runtime/Export/Debug/Debug.bindings.cs:123)
Game.View.PelagVfxController:UpdateFootstepDust () (at C:/Users/d.grab/Desktop/the-game/artifacts/camp-polish-project/Assets/Game.View/PelagVfxController.cs:213)
Game.View.PelagVfxController:LateUpdate () (at C:/Users/d.grab/Desktop/the-game/artifacts/camp-polish-project/Assets/Game.View/PelagVfxController.cs:184)

(Filename: C:/build/output/unity/unity/Runtime/Export/Debug/Debug.bindings.cs Line: 123)

[footstep-particles] count=5
UnityEngine.Debug:ExtractStackTraceNoAlloc (byte*,int,string)
UnityEngine.StackTraceUtility:ExtractStackTrace () (at C:/build/output/unity/unity/Runtime/Export/Scripting/StackTrace.cs:35)
UnityEngine.DebugLogHandler:Internal_Log (UnityEngine.LogType,UnityEngine.LogOption,string,UnityEngine.Object)
UnityEngine.DebugLogHandler:LogFormat (UnityEngine.LogType,UnityEngine.Object,string,object[]) (at C:/build/output/unity/unity/Runtime/Export/Logging/DebugLogHandler.cs:9)
UnityEngine.Logger:Log (UnityEngine.LogType,object) (at C:/build/output/unity/unity/Runtime/Export/Logging/Logger.cs:60)
UnityEngine.Debug:Log (object) (at C:/build/output/unity/unity/Runtime/Export/Debug/Debug.bindings.cs:123)
Game.View.PelagVfxController:UpdateActive (single) (at C:/Users/d.grab/Desktop/the-game/artifacts/camp-polish-project/Assets/Game.View/PelagVfxController.cs:1726)
Game.View.PelagVfxController:LateUpdate () (at C:/Users/d.grab/Desktop/the-game/artifacts/camp-polish-project/Assets/Game.View/PelagVfxController.cs:185)

(Filename: C:/build/output/unity/unity/Runtime/Export/Debug/Debug.bindings.cs Line: 123)

[footstep-surface] side=1 time=28,299 dust=True position=(2.35, 0.08, 8.09)
UnityEngine.Debug:ExtractStackTraceNoAlloc (byte*,int,string)
UnityEngine.StackTraceUtility:ExtractStackTrace () (at C:/build/output/unity/unity/Runtime/Export/Scripting/StackTrace.cs:35)
UnityEngine.DebugLogHandler:Internal_Log (UnityEngine.LogType,UnityEngine.LogOption,string,UnityEngine.Object)
UnityEngine.DebugLogHandler:LogFormat (UnityEngine.LogType,UnityEngine.Object,string,object[]) (at C:/build/output/unity/unity/Runtime/Export/Logging/DebugLogHandler.cs:9)
UnityEngine.Logger:Log (UnityEngine.LogType,object) (at C:/build/output/unity/unity/Runtime/Export/Logging/Logger.cs:60)
UnityEngine.Debug:Log (object) (at C:/build/output/unity/unity/Runtime/Export/Debug/Debug.bindings.cs:123)
Game.View.PelagVfxController:UpdateFootstepDust () (at C:/Users/d.grab/Desktop/the-game/artifacts/camp-polish-project/Assets/Game.View/PelagVfxController.cs:208)
Game.View.PelagVfxController:LateUpdate () (at C:/Users/d.grab/Desktop/the-game/artifacts/camp-polish-project/Assets/Game.View/PelagVfxController.cs:184)

(Filename: C:/build/output/unity/unity/Runtime/Export/Debug/Debug.bindings.cs Line: 123)

[footstep-vfx] side=1 time=28,299 position=(2.35, 0.08, 8.09)
UnityEngine.Debug:ExtractStackTraceNoAlloc (byte*,int,string)
UnityEngine.StackTraceUtility:ExtractStackTrace () (at C:/build/output/unity/unity/Runtime/Export/Scripting/StackTrace.cs:35)
UnityEngine.DebugLogHandler:Internal_Log (UnityEngine.LogType,UnityEngine.LogOption,string,UnityEngine.Object)
UnityEngine.DebugLogHandler:LogFormat (UnityEngine.LogType,UnityEngine.Object,string,object[]) (at C:/build/output/unity/unity/Runtime/Export/Logging/DebugLogHandler.cs:9)
UnityEngine.Logger:Log (UnityEngine.LogType,object) (at C:/build/output/unity/unity/Runtime/Export/Logging/Logger.cs:60)
UnityEngine.Debug:Log (object) (at C:/build/output/unity/unity/Runtime/Export/Debug/Debug.bindings.cs:123)
Game.View.PelagVfxController:UpdateFootstepDust () (at C:/Users/d.grab/Desktop/the-game/artifacts/camp-polish-project/Assets/Game.View/PelagVfxController.cs:213)
Game.View.PelagVfxController:LateUpdate () (at C:/Users/d.grab/Desktop/the-game/artifacts/camp-polish-project/Assets/Game.View/PelagVfxController.cs:184)

(Filename: C:/build/output/unity/unity/Runtime/Export/Debug/Debug.bindings.cs Line: 123)

[footstep-particles] count=5
UnityEngine.Debug:ExtractStackTraceNoAlloc (byte*,int,string)
UnityEngine.StackTraceUtility:ExtractStackTrace () (at C:/build/output/unity/unity/Runtime/Export/Scripting/StackTrace.cs:35)
UnityEngine.DebugLogHandler:Internal_Log (UnityEngine.LogType,UnityEngine.LogOption,string,UnityEngine.Object)
UnityEngine.DebugLogHandler:LogFormat (UnityEngine.LogType,UnityEngine.Object,string,object[]) (at C:/build/output/unity/unity/Runtime/Export/Logging/DebugLogHandler.cs:9)
UnityEngine.Logger:Log (UnityEngine.LogType,object) (at C:/build/output/unity/unity/Runtime/Export/Logging/Logger.cs:60)
UnityEngine.Debug:Log (object) (at C:/build/output/unity/unity/Runtime/Export/Debug/Debug.bindings.cs:123)
Game.View.PelagVfxController:UpdateActive (single) (at C:/Users/d.grab/Desktop/the-game/artifacts/camp-polish-project/Assets/Game.View/PelagVfxController.cs:1726)
Game.View.PelagVfxController:LateUpdate () (at C:/Users/d.grab/Desktop/the-game/artifacts/camp-polish-project/Assets/Game.View/PelagVfxController.cs:185)

(Filename: C:/build/output/unity/unity/Runtime/Export/Debug/Debug.bindings.cs Line: 123)

[footstep-surface] side=0 time=28,583 dust=True position=(2.00, 0.08, 9.27)
UnityEngine.Debug:ExtractStackTraceNoAlloc (byte*,int,string)
UnityEngine.StackTraceUtility:ExtractStackTrace () (at C:/build/output/unity/unity/Runtime/Export/Scripting/StackTrace.cs:35)
UnityEngine.DebugLogHandler:Internal_Log (UnityEngine.LogType,UnityEngine.LogOption,string,UnityEngine.Object)
UnityEngine.DebugLogHandler:LogFormat (UnityEngine.LogType,UnityEngine.Object,string,object[]) (at C:/build/output/unity/unity/Runtime/Export/Logging/DebugLogHandler.cs:9)
UnityEngine.Logger:Log (UnityEngine.LogType,object) (at C:/build/output/unity/unity/Runtime/Export/Logging/Logger.cs:60)
UnityEngine.Debug:Log (object) (at C:/build/output/unity/unity/Runtime/Export/Debug/Debug.bindings.cs:123)
Game.View.PelagVfxController:UpdateFootstepDust () (at C:/Users/d.grab/Desktop/the-game/artifacts/camp-polish-project/Assets/Game.View/PelagVfxController.cs:208)
Game.View.PelagVfxController:LateUpdate () (at C:/Users/d.grab/Desktop/the-game/artifacts/camp-polish-project/Assets/Game.View/PelagVfxController.cs:184)

(Filename: C:/build/output/unity/unity/Runtime/Export/Debug/Debug.bindings.cs Line: 123)

[footstep-vfx] side=0 time=28,583 position=(2.00, 0.08, 9.27)
UnityEngine.Debug:ExtractStackTraceNoAlloc (byte*,int,string)
UnityEngine.StackTraceUtility:ExtractStackTrace () (at C:/build/output/unity/unity/Runtime/Export/Scripting/StackTrace.cs:35)
UnityEngine.DebugLogHandler:Internal_Log (UnityEngine.LogType,UnityEngine.LogOption,string,UnityEngine.Object)
UnityEngine.DebugLogHandler:LogFormat (UnityEngine.LogType,UnityEngine.Object,string,object[]) (at C:/build/output/unity/unity/Runtime/Export/Logging/DebugLogHandler.cs:9)
UnityEngine.Logger:Log (UnityEngine.LogType,object) (at C:/build/output/unity/unity/Runtime/Export/Logging/Logger.cs:60)
UnityEngine.Debug:Log (object) (at C:/build/output/unity/unity/Runtime/Export/Debug/Debug.bindings.cs:123)
Game.View.PelagVfxController:UpdateFootstepDust () (at C:/Users/d.grab/Desktop/the-game/artifacts/camp-polish-project/Assets/Game.View/PelagVfxController.cs:213)
Game.View.PelagVfxController:LateUpdate () (at C:/Users/d.grab/Desktop/the-game/artifacts/camp-polish-project/Assets/Game.View/PelagVfxController.cs:184)

(Filename: C:/build/output/unity/unity/Runtime/Export/Debug/Debug.bindings.cs Line: 123)

[footstep-particles] count=5
UnityEngine.Debug:ExtractStackTraceNoAlloc (byte*,int,string)
UnityEngine.StackTraceUtility:ExtractStackTrace () (at C:/build/output/unity/unity/Runtime/Export/Scripting/StackTrace.cs:35)
UnityEngine.DebugLogHandler:Internal_Log (UnityEngine.LogType,UnityEngine.LogOption,string,UnityEngine.Object)
UnityEngine.DebugLogHandler:LogFormat (UnityEngine.LogType,UnityEngine.Object,string,object[]) (at C:/build/output/unity/unity/Runtime/Export/Logging/DebugLogHandler.cs:9)
UnityEngine.Logger:Log (UnityEngine.LogType,object) (at C:/build/output/unity/unity/Runtime/Export/Logging/Logger.cs:60)
UnityEngine.Debug:Log (object) (at C:/build/output/unity/unity/Runtime/Export/Debug/Debug.bindings.cs:123)
Game.View.PelagVfxController:UpdateActive (single) (at C:/Users/d.grab/Desktop/the-game/artifacts/camp-polish-project/Assets/Game.View/PelagVfxController.cs:1726)
Game.View.PelagVfxController:LateUpdate () (at C:/Users/d.grab/Desktop/the-game/artifacts/camp-polish-project/Assets/Game.View/PelagVfxController.cs:185)

(Filename: C:/build/output/unity/unity/Runtime/Export/Debug/Debug.bindings.cs Line: 123)

[footstep-surface] side=1 time=28,833 dust=True position=(2.27, 0.08, 10.53)
UnityEngine.Debug:ExtractStackTraceNoAlloc (byte*,int,string)
UnityEngine.StackTraceUtility:ExtractStackTrace () (at C:/build/output/unity/unity/Runtime/Export/Scripting/StackTrace.cs:35)
UnityEngine.DebugLogHandler:Internal_Log (UnityEngine.LogType,UnityEngine.LogOption,string,UnityEngine.Object)
UnityEngine.DebugLogHandler:LogFormat (UnityEngine.LogType,UnityEngine.Object,string,object[]) (at C:/build/output/unity/unity/Runtime/Export/Logging/DebugLogHandler.cs:9)
UnityEngine.Logger:Log (UnityEngine.LogType,object) (at C:/build/output/unity/unity/Runtime/Export/Logging/Logger.cs:60)
UnityEngine.Debug:Log (object) (at C:/build/output/unity/unity/Runtime/Export/Debug/Debug.bindings.cs:123)
Game.View.PelagVfxController:UpdateFootstepDust () (at C:/Users/d.grab/Desktop/the-game/artifacts/camp-polish-project/Assets/Game.View/PelagVfxController.cs:208)
Game.View.PelagVfxController:LateUpdate () (at C:/Users/d.grab/Desktop/the-game/artifacts/camp-polish-project/Assets/Game.View/PelagVfxController.cs:184)

(Filename: C:/build/output/unity/unity/Runtime/Export/Debug/Debug.bindings.cs Line: 123)

[footstep-vfx] side=1 time=28,833 position=(2.27, 0.08, 10.53)
UnityEngine.Debug:ExtractStackTraceNoAlloc (byte*,int,string)
UnityEngine.StackTraceUtility:ExtractStackTrace () (at C:/build/output/unity/unity/Runtime/Export/Scripting/StackTrace.cs:35)
UnityEngine.DebugLogHandler:Internal_Log (UnityEngine.LogType,UnityEngine.LogOption,string,UnityEngine.Object)
UnityEngine.DebugLogHandler:LogFormat (UnityEngine.LogType,UnityEngine.Object,string,object[]) (at C:/build/output/unity/unity/Runtime/Export/Logging/DebugLogHandler.cs:9)
UnityEngine.Logger:Log (UnityEngine.LogType,object) (at C:/build/output/unity/unity/Runtime/Export/Logging/Logger.cs:60)
UnityEngine.Debug:Log (object) (at C:/build/output/unity/unity/Runtime/Export/Debug/Debug.bindings.cs:123)
Game.View.PelagVfxController:UpdateFootstepDust () (at C:/Users/d.grab/Desktop/the-game/artifacts/camp-polish-project/Assets/Game.View/PelagVfxController.cs:213)
Game.View.PelagVfxController:LateUpdate () (at C:/Users/d.grab/Desktop/the-game/artifacts/camp-polish-project/Assets/Game.View/PelagVfxController.cs:184)

(Filename: C:/build/output/unity/unity/Runtime/Export/Debug/Debug.bindings.cs Line: 123)

[footstep-particles] count=5
UnityEngine.Debug:ExtractStackTraceNoAlloc (byte*,int,string)
UnityEngine.StackTraceUtility:ExtractStackTrace () (at C:/build/output/unity/unity/Runtime/Export/Scripting/StackTrace.cs:35)
UnityEngine.DebugLogHandler:Internal_Log (UnityEngine.LogType,UnityEngine.LogOption,string,UnityEngine.Object)
UnityEngine.DebugLogHandler:LogFormat (UnityEngine.LogType,UnityEngine.Object,string,object[]) (at C:/build/output/unity/unity/Runtime/Export/Logging/DebugLogHandler.cs:9)
UnityEngine.Logger:Log (UnityEngine.LogType,object) (at C:/build/output/unity/unity/Runtime/Export/Logging/Logger.cs:60)
UnityEngine.Debug:Log (object) (at C:/build/output/unity/unity/Runtime/Export/Debug/Debug.bindings.cs:123)
Game.View.PelagVfxController:UpdateActive (single) (at C:/Users/d.grab/Desktop/the-game/artifacts/camp-polish-project/Assets/Game.View/PelagVfxController.cs:1726)
Game.View.PelagVfxController:LateUpdate () (at C:/Users/d.grab/Desktop/the-game/artifacts/camp-polish-project/Assets/Game.View/PelagVfxController.cs:185)

(Filename: C:/build/output/unity/unity/Runtime/Export/Debug/Debug.bindings.cs Line: 123)

[camp-route] откуда 2,09,10,68 → 0,06,-2,94 | герой в карте=True цель в карте=True прямая=False углов=7 маршрут=True
UnityEngine.Debug:ExtractStackTraceNoAlloc (byte*,int,string)
UnityEngine.StackTraceUtility:ExtractStackTrace () (at C:/build/output/unity/unity/Runtime/Export/Scripting/StackTrace.cs:35)
UnityEngine.DebugLogHandler:Internal_Log (UnityEngine.LogType,UnityEngine.LogOption,string,UnityEngine.Object)
UnityEngine.DebugLogHandler:LogFormat (UnityEngine.LogType,UnityEngine.Object,string,object[]) (at C:/build/output/unity/unity/Runtime/Export/Logging/DebugLogHandler.cs:9)
UnityEngine.Logger:Log (UnityEngine.LogType,object) (at C:/build/output/unity/unity/Runtime/Export/Logging/Logger.cs:60)
UnityEngine.Debug:Log (object) (at C:/build/output/unity/unity/Runtime/Export/Debug/Debug.bindings.cs:123)
Game.View.CampPlayerView:RouteTo (UnityEngine.Vector3) (at C:/Users/d.grab/Desktop/the-game/artifacts/camp-polish-project/Assets/Game.View/CampPlayerView.cs:342)
Game.View.CampReviewCapture/<Walk>d__20:MoveNext () (at C:/Users/d.grab/Desktop/the-game/artifacts/camp-polish-project/Assets/Game.View/CampReviewCapture.cs:169)
UnityEngine.SetupCoroutine:InvokeMoveNext (System.Collections.IEnumerator,intptr) (at C:/build/output/unity/unity/Runtime/Export/Scripting/Coroutines.cs:17)

(Filename: C:/build/output/unity/unity/Runtime/Export/Debug/Debug.bindings.cs Line: 123)

[footstep-surface] side=1 time=29,799 dust=True position=(1.88, 0.08, 10.32)
UnityEngine.Debug:ExtractStackTraceNoAlloc (byte*,int,string)
UnityEngine.StackTraceUtility:ExtractStackTrace () (at C:/build/output/unity/unity/Runtime/Export/Scripting/StackTrace.cs:35)
UnityEngine.DebugLogHandler:Internal_Log (UnityEngine.LogType,UnityEngine.LogOption,string,UnityEngine.Object)
UnityEngine.DebugLogHandler:LogFormat (UnityEngine.LogType,UnityEngine.Object,string,object[]) (at C:/build/output/unity/unity/Runtime/Export/Logging/DebugLogHandler.cs:9)
UnityEngine.Logger:Log (UnityEngine.LogType,object) (at C:/build/output/unity/unity/Runtime/Export/Logging/Logger.cs:60)
UnityEngine.Debug:Log (object) (at C:/build/output/unity/unity/Runtime/Export/Debug/Debug.bindings.cs:123)
Game.View.PelagVfxController:UpdateFootstepDust () (at C:/Users/d.grab/Desktop/the-game/artifacts/camp-polish-project/Assets/Game.View/PelagVfxController.cs:208)
Game.View.PelagVfxController:LateUpdate () (at C:/Users/d.grab/Desktop/the-game/artifacts/camp-polish-project/Assets/Game.View/PelagVfxController.cs:184)

(Filename: C:/build/output/unity/unity/Runtime/Export/Debug/Debug.bindings.cs Line: 123)

[footstep-vfx] side=1 time=29,799 position=(1.88, 0.08, 10.32)
UnityEngine.Debug:ExtractStackTraceNoAlloc (byte*,int,string)
UnityEngine.StackTraceUtility:ExtractStackTrace () (at C:/build/output/unity/unity/Runtime/Export/Scripting/StackTrace.cs:35)
UnityEngine.DebugLogHandler:Internal_Log (UnityEngine.LogType,UnityEngine.LogOption,string,UnityEngine.Object)
UnityEngine.DebugLogHandler:LogFormat (UnityEngine.LogType,UnityEngine.Object,string,object[]) (at C:/build/output/unity/unity/Runtime/Export/Logging/DebugLogHandler.cs:9)
UnityEngine.Logger:Log (UnityEngine.LogType,object) (at C:/build/output/unity/unity/Runtime/Export/Logging/Logger.cs:60)
UnityEngine.Debug:Log (object) (at C:/build/output/unity/unity/Runtime/Export/Debug/Debug.bindings.cs:123)
Game.View.PelagVfxController:UpdateFootstepDust () (at C:/Users/d.grab/Desktop/the-game/artifacts/camp-polish-project/Assets/Game.View/PelagVfxController.cs:213)
Game.View.PelagVfxController:LateUpdate () (at C:/Users/d.grab/Desktop/the-game/artifacts/camp-polish-project/Assets/Game.View/PelagVfxController.cs:184)

(Filename: C:/build/output/unity/unity/Runtime/Export/Debug/Debug.bindings.cs Line: 123)

[footstep-particles] count=5
UnityEngine.Debug:ExtractStackTraceNoAlloc (byte*,int,string)
UnityEngine.StackTraceUtility:ExtractStackTrace () (at C:/build/output/unity/unity/Runtime/Export/Scripting/StackTrace.cs:35)
UnityEngine.DebugLogHandler:Internal_Log (UnityEngine.LogType,UnityEngine.LogOption,string,UnityEngine.Object)
UnityEngine.DebugLogHandler:LogFormat (UnityEngine.LogType,UnityEngine.Object,string,object[]) (at C:/build/output/unity/unity/Runtime/Export/Logging/DebugLogHandler.cs:9)
UnityEngine.Logger:Log (UnityEngine.LogType,object) (at C:/build/output/unity/unity/Runtime/Export/Logging/Logger.cs:60)
UnityEngine.Debug:Log (object) (at C:/build/output/unity/unity/Runtime/Export/Debug/Debug.bindings.cs:123)
Game.View.PelagVfxController:UpdateActive (single) (at C:/Users/d.grab/Desktop/the-game/artifacts/camp-polish-project/Assets/Game.View/PelagVfxController.cs:1726)
Game.View.PelagVfxController:LateUpdate () (at C:/Users/d.grab/Desktop/the-game/artifacts/camp-polish-project/Assets/Game.View/PelagVfxController.cs:185)

(Filename: C:/build/output/unity/unity/Runtime/Export/Debug/Debug.bindings.cs Line: 123)

[footstep-surface] side=0 time=29,916 dust=True position=(2.29, 0.08, 9.25)
UnityEngine.Debug:ExtractStackTraceNoAlloc (byte*,int,string)
UnityEngine.StackTraceUtility:ExtractStackTrace () (at C:/build/output/unity/unity/Runtime/Export/Scripting/StackTrace.cs:35)
UnityEngine.DebugLogHandler:Internal_Log (UnityEngine.LogType,UnityEngine.LogOption,string,UnityEngine.Object)
UnityEngine.DebugLogHandler:LogFormat (UnityEngine.LogType,UnityEngine.Object,string,object[]) (at C:/build/output/unity/unity/Runtime/Export/Logging/DebugLogHandler.cs:9)
UnityEngine.Logger:Log (UnityEngine.LogType,object) (at C:/build/output/unity/unity/Runtime/Export/Logging/Logger.cs:60)
UnityEngine.Debug:Log (object) (at C:/build/output/unity/unity/Runtime/Export/Debug/Debug.bindings.cs:123)
Game.View.PelagVfxController:UpdateFootstepDust () (at C:/Users/d.grab/Desktop/the-game/artifacts/camp-polish-project/Assets/Game.View/PelagVfxController.cs:208)
Game.View.PelagVfxController:LateUpdate () (at C:/Users/d.grab/Desktop/the-game/artifacts/camp-polish-project/Assets/Game.View/PelagVfxController.cs:184)

(Filename: C:/build/output/unity/unity/Runtime/Export/Debug/Debug.bindings.cs Line: 123)

[footstep-vfx] side=0 time=29,916 position=(2.29, 0.08, 9.25)
UnityEngine.Debug:ExtractStackTraceNoAlloc (byte*,int,string)
UnityEngine.StackTraceUtility:ExtractStackTrace () (at C:/build/output/unity/unity/Runtime/Export/Scripting/StackTrace.cs:35)
UnityEngine.DebugLogHandler:Internal_Log (UnityEngine.LogType,UnityEngine.LogOption,string,UnityEngine.Object)
UnityEngine.DebugLogHandler:LogFormat (UnityEngine.LogType,UnityEngine.Object,string,object[]) (at C:/build/output/unity/unity/Runtime/Export/Logging/DebugLogHandler.cs:9)
UnityEngine.Logger:Log (UnityEngine.LogType,object) (at C:/build/output/unity/unity/Runtime/Export/Logging/Logger.cs:60)
UnityEngine.Debug:Log (object) (at C:/build/output/unity/unity/Runtime/Export/Debug/Debug.bindings.cs:123)
Game.View.PelagVfxController:UpdateFootstepDust () (at C:/Users/d.grab/Desktop/the-game/artifacts/camp-polish-project/Assets/Game.View/PelagVfxController.cs:213)
Game.View.PelagVfxController:LateUpdate () (at C:/Users/d.grab/Desktop/the-game/artifacts/camp-polish-project/Assets/Game.View/PelagVfxController.cs:184)

(Filename: C:/build/output/unity/unity/Runtime/Export/Debug/Debug.bindings.cs Line: 123)

[footstep-particles] count=5
UnityEngine.Debug:ExtractStackTraceNoAlloc (byte*,int,string)
UnityEngine.StackTraceUtility:ExtractStackTrace () (at C:/build/output/unity/unity/Runtime/Export/Scripting/StackTrace.cs:35)
UnityEngine.DebugLogHandler:Internal_Log (UnityEngine.LogType,UnityEngine.LogOption,string,UnityEngine.Object)
UnityEngine.DebugLogHandler:LogFormat (UnityEngine.LogType,UnityEngine.Object,string,object[]) (at C:/build/output/unity/unity/Runtime/Export/Logging/DebugLogHandler.cs:9)
UnityEngine.Logger:Log (UnityEngine.LogType,object) (at C:/build/output/unity/unity/Runtime/Export/Logging/Logger.cs:60)
UnityEngine.Debug:Log (object) (at C:/build/output/unity/unity/Runtime/Export/Debug/Debug.bindings.cs:123)
Game.View.PelagVfxController:UpdateActive (single) (at C:/Users/d.grab/Desktop/the-game/artifacts/camp-polish-project/Assets/Game.View/PelagVfxController.cs:1726)
Game.View.PelagVfxController:LateUpdate () (at C:/Users/d.grab/Desktop/the-game/artifacts/camp-polish-project/Assets/Game.View/PelagVfxController.cs:185)

(Filename: C:/build/output/unity/unity/Runtime/Export/Debug/Debug.bindings.cs Line: 123)

[footstep-surface] side=1 time=30,149 dust=True position=(2.01, 0.08, 7.98)
UnityEngine.Debug:ExtractStackTraceNoAlloc (byte*,int,string)
UnityEngine.StackTraceUtility:ExtractStackTrace () (at C:/build/output/unity/unity/Runtime/Export/Scripting/StackTrace.cs:35)
UnityEngine.DebugLogHandler:Internal_Log (UnityEngine.LogType,UnityEngine.LogOption,string,UnityEngine.Object)
UnityEngine.DebugLogHandler:LogFormat (UnityEngine.LogType,UnityEngine.Object,string,object[]) (at C:/build/output/unity/unity/Runtime/Export/Logging/DebugLogHandler.cs:9)
UnityEngine.Logger:Log (UnityEngine.LogType,object) (at C:/build/output/unity/unity/Runtime/Export/Logging/Logger.cs:60)
UnityEngine.Debug:Log (object) (at C:/build/output/unity/unity/Runtime/Export/Debug/Debug.bindings.cs:123)
Game.View.PelagVfxController:UpdateFootstepDust () (at C:/Users/d.grab/Desktop/the-game/artifacts/camp-polish-project/Assets/Game.View/PelagVfxController.cs:208)
Game.View.PelagVfxController:LateUpdate () (at C:/Users/d.grab/Desktop/the-game/artifacts/camp-polish-project/Assets/Game.View/PelagVfxController.cs:184)

(Filename: C:/build/output/unity/unity/Runtime/Export/Debug/Debug.bindings.cs Line: 123)

[footstep-vfx] side=1 time=30,149 position=(2.01, 0.08, 7.98)
UnityEngine.Debug:ExtractStackTraceNoAlloc (byte*,int,string)
UnityEngine.StackTraceUtility:ExtractStackTrace () (at C:/build/output/unity/unity/Runtime/Export/Scripting/StackTrace.cs:35)
UnityEngine.DebugLogHandler:Internal_Log (UnityEngine.LogType,UnityEngine.LogOption,string,UnityEngine.Object)
UnityEngine.DebugLogHandler:LogFormat (UnityEngine.LogType,UnityEngine.Object,string,object[]) (at C:/build/output/unity/unity/Runtime/Export/Logging/DebugLogHandler.cs:9)
UnityEngine.Logger:Log (UnityEngine.LogType,object) (at C:/build/output/unity/unity/Runtime/Export/Logging/Logger.cs:60)
UnityEngine.Debug:Log (object) (at C:/build/output/unity/unity/Runtime/Export/Debug/Debug.bindings.cs:123)
Game.View.PelagVfxController:UpdateFootstepDust () (at C:/Users/d.grab/Desktop/the-game/artifacts/camp-polish-project/Assets/Game.View/PelagVfxController.cs:213)
Game.View.PelagVfxController:LateUpdate () (at C:/Users/d.grab/Desktop/the-game/artifacts/camp-polish-project/Assets/Game.View/PelagVfxController.cs:184)

(Filename: C:/build/output/unity/unity/Runtime/Export/Debug/Debug.bindings.cs Line: 123)

[footstep-particles] count=5
UnityEngine.Debug:ExtractStackTraceNoAlloc (byte*,int,string)
UnityEngine.StackTraceUtility:ExtractStackTrace () (at C:/build/output/unity/unity/Runtime/Export/Scripting/StackTrace.cs:35)
UnityEngine.DebugLogHandler:Internal_Log (UnityEngine.LogType,UnityEngine.LogOption,string,UnityEngine.Object)
UnityEngine.DebugLogHandler:LogFormat (UnityEngine.LogType,UnityEngine.Object,string,object[]) (at C:/build/output/unity/unity/Runtime/Export/Logging/DebugLogHandler.cs:9)
UnityEngine.Logger:Log (UnityEngine.LogType,object) (at C:/build/output/unity/unity/Runtime/Export/Logging/Logger.cs:60)
UnityEngine.Debug:Log (object) (at C:/build/output/unity/unity/Runtime/Export/Debug/Debug.bindings.cs:123)
Game.View.PelagVfxController:UpdateActive (single) (at C:/Users/d.grab/Desktop/the-game/artifacts/camp-polish-project/Assets/Game.View/PelagVfxController.cs:1726)
Game.View.PelagVfxController:LateUpdate () (at C:/Users/d.grab/Desktop/the-game/artifacts/camp-polish-project/Assets/Game.View/PelagVfxController.cs:185)

(Filename: C:/build/output/unity/unity/Runtime/Export/Debug/Debug.bindings.cs Line: 123)

[footstep-surface] side=0 time=30,449 dust=False position=(2.35, 0.08, 6.81)
UnityEngine.Debug:ExtractStackTraceNoAlloc (byte*,int,string)
UnityEngine.StackTraceUtility:ExtractStackTrace () (at C:/build/output/unity/unity/Runtime/Export/Scripting/StackTrace.cs:35)
UnityEngine.DebugLogHandler:Internal_Log (UnityEngine.LogType,UnityEngine.LogOption,string,UnityEngine.Object)
UnityEngine.DebugLogHandler:LogFormat (UnityEngine.LogType,UnityEngine.Object,string,object[]) (at C:/build/output/unity/unity/Runtime/Export/Logging/DebugLogHandler.cs:9)
UnityEngine.Logger:Log (UnityEngine.LogType,object) (at C:/build/output/unity/unity/Runtime/Export/Logging/Logger.cs:60)
UnityEngine.Debug:Log (object) (at C:/build/output/unity/unity/Runtime/Export/Debug/Debug.bindings.cs:123)
Game.View.PelagVfxController:UpdateFootstepDust () (at C:/Users/d.grab/Desktop/the-game/artifacts/camp-polish-project/Assets/Game.View/PelagVfxController.cs:208)
Game.View.PelagVfxController:LateUpdate () (at C:/Users/d.grab/Desktop/the-game/artifacts/camp-polish-project/Assets/Game.View/PelagVfxController.cs:184)

(Filename: C:/build/output/unity/unity/Runtime/Export/Debug/Debug.bindings.cs Line: 123)

[footstep-surface] side=1 time=30,699 dust=True position=(2.08, 0.08, 5.54)
UnityEngine.Debug:ExtractStackTraceNoAlloc (byte*,int,string)
UnityEngine.StackTraceUtility:ExtractStackTrace () (at C:/build/output/unity/unity/Runtime/Export/Scripting/StackTrace.cs:35)
UnityEngine.DebugLogHandler:Internal_Log (UnityEngine.LogType,UnityEngine.LogOption,string,UnityEngine.Object)
UnityEngine.DebugLogHandler:LogFormat (UnityEngine.LogType,UnityEngine.Object,string,object[]) (at C:/build/output/unity/unity/Runtime/Export/Logging/DebugLogHandler.cs:9)
UnityEngine.Logger:Log (UnityEngine.LogType,object) (at C:/build/output/unity/unity/Runtime/Export/Logging/Logger.cs:60)
UnityEngine.Debug:Log (object) (at C:/build/output/unity/unity/Runtime/Export/Debug/Debug.bindings.cs:123)
Game.View.PelagVfxController:UpdateFootstepDust () (at C:/Users/d.grab/Desktop/the-game/artifacts/camp-polish-project/Assets/Game.View/PelagVfxController.cs:208)
Game.View.PelagVfxController:LateUpdate () (at C:/Users/d.grab/Desktop/the-game/artifacts/camp-polish-project/Assets/Game.View/PelagVfxController.cs:184)

(Filename: C:/build/output/unity/unity/Runtime/Export/Debug/Debug.bindings.cs Line: 123)

[footstep-vfx] side=1 time=30,699 position=(2.08, 0.08, 5.54)
UnityEngine.Debug:ExtractStackTraceNoAlloc (byte*,int,string)
UnityEngine.StackTraceUtility:ExtractStackTrace () (at C:/build/output/unity/unity/Runtime/Export/Scripting/StackTrace.cs:35)
UnityEngine.DebugLogHandler:Internal_Log (UnityEngine.LogType,UnityEngine.LogOption,string,UnityEngine.Object)
UnityEngine.DebugLogHandler:LogFormat (UnityEngine.LogType,UnityEngine.Object,string,object[]) (at C:/build/output/unity/unity/Runtime/Export/Logging/DebugLogHandler.cs:9)
UnityEngine.Logger:Log (UnityEngine.LogType,object) (at C:/build/output/unity/unity/Runtime/Export/Logging/Logger.cs:60)
UnityEngine.Debug:Log (object) (at C:/build/output/unity/unity/Runtime/Export/Debug/Debug.bindings.cs:123)
Game.View.PelagVfxController:UpdateFootstepDust () (at C:/Users/d.grab/Desktop/the-game/artifacts/camp-polish-project/Assets/Game.View/PelagVfxController.cs:213)
Game.View.PelagVfxController:LateUpdate () (at C:/Users/d.grab/Desktop/the-game/artifacts/camp-polish-project/Assets/Game.View/PelagVfxController.cs:184)

(Filename: C:/build/output/unity/unity/Runtime/Export/Debug/Debug.bindings.cs Line: 123)

[footstep-particles] count=5
UnityEngine.Debug:ExtractStackTraceNoAlloc (byte*,int,string)
UnityEngine.StackTraceUtility:ExtractStackTrace () (at C:/build/output/unity/unity/Runtime/Export/Scripting/StackTrace.cs:35)
UnityEngine.DebugLogHandler:Internal_Log (UnityEngine.LogType,UnityEngine.LogOption,string,UnityEngine.Object)
UnityEngine.DebugLogHandler:LogFormat (UnityEngine.LogType,UnityEngine.Object,string,object[]) (at C:/build/output/unity/unity/Runtime/Export/Logging/DebugLogHandler.cs:9)
UnityEngine.Logger:Log (UnityEngine.LogType,object) (at C:/build/output/unity/unity/Runtime/Export/Logging/Logger.cs:60)
UnityEngine.Debug:Log (object) (at C:/build/output/unity/unity/Runtime/Export/Debug/Debug.bindings.cs:123)
Game.View.PelagVfxController:UpdateActive (single) (at C:/Users/d.grab/Desktop/the-game/artifacts/camp-polish-project/Assets/Game.View/PelagVfxController.cs:1726)
Game.View.PelagVfxController:LateUpdate () (at C:/Users/d.grab/Desktop/the-game/artifacts/camp-polish-project/Assets/Game.View/PelagVfxController.cs:185)

(Filename: C:/build/output/unity/unity/Runtime/Export/Debug/Debug.bindings.cs Line: 123)

[footstep-surface] side=0 time=30,983 dust=False position=(2.43, 0.08, 4.37)
UnityEngine.Debug:ExtractStackTraceNoAlloc (byte*,int,string)
UnityEngine.StackTraceUtility:ExtractStackTrace () (at C:/build/output/unity/unity/Runtime/Export/Scripting/StackTrace.cs:35)
UnityEngine.DebugLogHandler:Internal_Log (UnityEngine.LogType,UnityEngine.LogOption,string,UnityEngine.Object)
UnityEngine.DebugLogHandler:LogFormat (UnityEngine.LogType,UnityEngine.Object,string,object[]) (at C:/build/output/unity/unity/Runtime/Export/Logging/DebugLogHandler.cs:9)
UnityEngine.Logger:Log (UnityEngine.LogType,object) (at C:/build/output/unity/unity/Runtime/Export/Logging/Logger.cs:60)
UnityEngine.Debug:Log (object) (at C:/build/output/unity/unity/Runtime/Export/Debug/Debug.bindings.cs:123)
Game.View.PelagVfxController:UpdateFootstepDust () (at C:/Users/d.grab/Desktop/the-game/artifacts/camp-polish-project/Assets/Game.View/PelagVfxController.cs:208)
Game.View.PelagVfxController:LateUpdate () (at C:/Users/d.grab/Desktop/the-game/artifacts/camp-polish-project/Assets/Game.View/PelagVfxController.cs:184)

(Filename: C:/build/output/unity/unity/Runtime/Export/Debug/Debug.bindings.cs Line: 123)

[footstep-surface] side=1 time=31,233 dust=False position=(2.17, 0.08, 3.11)
UnityEngine.Debug:ExtractStackTraceNoAlloc (byte*,int,string)
UnityEngine.StackTraceUtility:ExtractStackTrace () (at C:/build/output/unity/unity/Runtime/Export/Scripting/StackTrace.cs:35)
UnityEngine.DebugLogHandler:Internal_Log (UnityEngine.LogType,UnityEngine.LogOption,string,UnityEngine.Object)
UnityEngine.DebugLogHandler:LogFormat (UnityEngine.LogType,UnityEngine.Object,string,object[]) (at C:/build/output/unity/unity/Runtime/Export/Logging/DebugLogHandler.cs:9)
UnityEngine.Logger:Log (UnityEngine.LogType,object) (at C:/build/output/unity/unity/Runtime/Export/Logging/Logger.cs:60)
UnityEngine.Debug:Log (object) (at C:/build/output/unity/unity/Runtime/Export/Debug/Debug.bindings.cs:123)
Game.View.PelagVfxController:UpdateFootstepDust () (at C:/Users/d.grab/Desktop/the-game/artifacts/camp-polish-project/Assets/Game.View/PelagVfxController.cs:208)
Game.View.PelagVfxController:LateUpdate () (at C:/Users/d.grab/Desktop/the-game/artifacts/camp-polish-project/Assets/Game.View/PelagVfxController.cs:184)

(Filename: C:/build/output/unity/unity/Runtime/Export/Debug/Debug.bindings.cs Line: 123)

[footstep-surface] side=0 time=31,533 dust=False position=(2.51, 0.08, 1.94)
UnityEngine.Debug:ExtractStackTraceNoAlloc (byte*,int,string)
UnityEngine.StackTraceUtility:ExtractStackTrace () (at C:/build/output/unity/unity/Runtime/Export/Scripting/StackTrace.cs:35)
UnityEngine.DebugLogHandler:Internal_Log (UnityEngine.LogType,UnityEngine.LogOption,string,UnityEngine.Object)
UnityEngine.DebugLogHandler:LogFormat (UnityEngine.LogType,UnityEngine.Object,string,object[]) (at C:/build/output/unity/unity/Runtime/Export/Logging/DebugLogHandler.cs:9)
UnityEngine.Logger:Log (UnityEngine.LogType,object) (at C:/build/output/unity/unity/Runtime/Export/Logging/Logger.cs:60)
UnityEngine.Debug:Log (object) (at C:/build/output/unity/unity/Runtime/Export/Debug/Debug.bindings.cs:123)
Game.View.PelagVfxController:UpdateFootstepDust () (at C:/Users/d.grab/Desktop/the-game/artifacts/camp-polish-project/Assets/Game.View/PelagVfxController.cs:208)
Game.View.PelagVfxController:LateUpdate () (at C:/Users/d.grab/Desktop/the-game/artifacts/camp-polish-project/Assets/Game.View/PelagVfxController.cs:184)

(Filename: C:/build/output/unity/unity/Runtime/Export/Debug/Debug.bindings.cs Line: 123)

[footstep-surface] side=1 time=31,783 dust=True position=(2.24, 0.08, 0.67)
UnityEngine.Debug:ExtractStackTraceNoAlloc (byte*,int,string)
UnityEngine.StackTraceUtility:ExtractStackTrace () (at C:/build/output/unity/unity/Runtime/Export/Scripting/StackTrace.cs:35)
UnityEngine.DebugLogHandler:Internal_Log (UnityEngine.LogType,UnityEngine.LogOption,string,UnityEngine.Object)
UnityEngine.DebugLogHandler:LogFormat (UnityEngine.LogType,UnityEngine.Object,string,object[]) (at C:/build/output/unity/unity/Runtime/Export/Logging/DebugLogHandler.cs:9)
UnityEngine.Logger:Log (UnityEngine.LogType,object) (at C:/build/output/unity/unity/Runtime/Export/Logging/Logger.cs:60)
UnityEngine.Debug:Log (object) (at C:/build/output/unity/unity/Runtime/Export/Debug/Debug.bindings.cs:123)
Game.View.PelagVfxController:UpdateFootstepDust () (at C:/Users/d.grab/Desktop/the-game/artifacts/camp-polish-project/Assets/Game.View/PelagVfxController.cs:208)
Game.View.PelagVfxController:LateUpdate () (at C:/Users/d.grab/Desktop/the-game/artifacts/camp-polish-project/Assets/Game.View/PelagVfxController.cs:184)

(Filename: C:/build/output/unity/unity/Runtime/Export/Debug/Debug.bindings.cs Line: 123)

[footstep-vfx] side=1 time=31,783 position=(2.24, 0.08, 0.67)
UnityEngine.Debug:ExtractStackTraceNoAlloc (byte*,int,string)
UnityEngine.StackTraceUtility:ExtractStackTrace () (at C:/build/output/unity/unity/Runtime/Export/Scripting/StackTrace.cs:35)
UnityEngine.DebugLogHandler:Internal_Log (UnityEngine.LogType,UnityEngine.LogOption,string,UnityEngine.Object)
UnityEngine.DebugLogHandler:LogFormat (UnityEngine.LogType,UnityEngine.Object,string,object[]) (at C:/build/output/unity/unity/Runtime/Export/Logging/DebugLogHandler.cs:9)
UnityEngine.Logger:Log (UnityEngine.LogType,object) (at C:/build/output/unity/unity/Runtime/Export/Logging/Logger.cs:60)
UnityEngine.Debug:Log (object) (at C:/build/output/unity/unity/Runtime/Export/Debug/Debug.bindings.cs:123)
Game.View.PelagVfxController:UpdateFootstepDust () (at C:/Users/d.grab/Desktop/the-game/artifacts/camp-polish-project/Assets/Game.View/PelagVfxController.cs:213)
Game.View.PelagVfxController:LateUpdate () (at C:/Users/d.grab/Desktop/the-game/artifacts/camp-polish-project/Assets/Game.View/PelagVfxController.cs:184)

(Filename: C:/build/output/unity/unity/Runtime/Export/Debug/Debug.bindings.cs Line: 123)

[footstep-particles] count=5
UnityEngine.Debug:ExtractStackTraceNoAlloc (byte*,int,string)
UnityEngine.StackTraceUtility:ExtractStackTrace () (at C:/build/output/unity/unity/Runtime/Export/Scripting/StackTrace.cs:35)
UnityEngine.DebugLogHandler:Internal_Log (UnityEngine.LogType,UnityEngine.LogOption,string,UnityEngine.Object)
UnityEngine.DebugLogHandler:LogFormat (UnityEngine.LogType,UnityEngine.Object,string,object[]) (at C:/build/output/unity/unity/Runtime/Export/Logging/DebugLogHandler.cs:9)
UnityEngine.Logger:Log (UnityEngine.LogType,object) (at C:/build/output/unity/unity/Runtime/Export/Logging/Logger.cs:60)
UnityEngine.Debug:Log (object) (at C:/build/output/unity/unity/Runtime/Export/Debug/Debug.bindings.cs:123)
Game.View.PelagVfxController:UpdateActive (single) (at C:/Users/d.grab/Desktop/the-game/artifacts/camp-polish-project/Assets/Game.View/PelagVfxController.cs:1726)
Game.View.PelagVfxController:LateUpdate () (at C:/Users/d.grab/Desktop/the-game/artifacts/camp-polish-project/Assets/Game.View/PelagVfxController.cs:185)

(Filename: C:/build/output/unity/unity/Runtime/Export/Debug/Debug.bindings.cs Line: 123)

[footstep-surface] side=0 time=32,116 dust=True position=(1.96, 0.08, -0.38)
UnityEngine.Debug:ExtractStackTraceNoAlloc (byte*,int,string)
UnityEngine.StackTraceUtility:ExtractStackTrace () (at C:/build/output/unity/unity/Runtime/Export/Scripting/StackTrace.cs:35)
UnityEngine.DebugLogHandler:Internal_Log (UnityEngine.LogType,UnityEngine.LogOption,string,UnityEngine.Object)
UnityEngine.DebugLogHandler:LogFormat (UnityEngine.LogType,UnityEngine.Object,string,object[]) (at C:/build/output/unity/unity/Runtime/Export/Logging/DebugLogHandler.cs:9)
UnityEngine.Logger:Log (UnityEngine.LogType,object) (at C:/build/output/unity/unity/Runtime/Export/Logging/Logger.cs:60)
UnityEngine.Debug:Log (object) (at C:/build/output/unity/unity/Runtime/Export/Debug/Debug.bindings.cs:123)
Game.View.PelagVfxController:UpdateFootstepDust () (at C:/Users/d.grab/Desktop/the-game/artifacts/camp-polish-project/Assets/Game.View/PelagVfxController.cs:208)
Game.View.PelagVfxController:LateUpdate () (at C:/Users/d.grab/Desktop/the-game/artifacts/camp-polish-project/Assets/Game.View/PelagVfxController.cs:184)

(Filename: C:/build/output/unity/unity/Runtime/Export/Debug/Debug.bindings.cs Line: 123)

[footstep-vfx] side=0 time=32,116 position=(1.96, 0.08, -0.38)
UnityEngine.Debug:ExtractStackTraceNoAlloc (byte*,int,string)
UnityEngine.StackTraceUtility:ExtractStackTrace () (at C:/build/output/unity/unity/Runtime/Export/Scripting/StackTrace.cs:35)
UnityEngine.DebugLogHandler:Internal_Log (UnityEngine.LogType,UnityEngine.LogOption,string,UnityEngine.Object)
UnityEngine.DebugLogHandler:LogFormat (UnityEngine.LogType,UnityEngine.Object,string,object[]) (at C:/build/output/unity/unity/Runtime/Export/Logging/DebugLogHandler.cs:9)
UnityEngine.Logger:Log (UnityEngine.LogType,object) (at C:/build/output/unity/unity/Runtime/Export/Logging/Logger.cs:60)
UnityEngine.Debug:Log (object) (at C:/build/output/unity/unity/Runtime/Export/Debug/Debug.bindings.cs:123)
Game.View.PelagVfxController:UpdateFootstepDust () (at C:/Users/d.grab/Desktop/the-game/artifacts/camp-polish-project/Assets/Game.View/PelagVfxController.cs:213)
Game.View.PelagVfxController:LateUpdate () (at C:/Users/d.grab/Desktop/the-game/artifacts/camp-polish-project/Assets/Game.View/PelagVfxController.cs:184)

(Filename: C:/build/output/unity/unity/Runtime/Export/Debug/Debug.bindings.cs Line: 123)

[footstep-particles] count=5
UnityEngine.Debug:ExtractStackTraceNoAlloc (byte*,int,string)
UnityEngine.StackTraceUtility:ExtractStackTrace () (at C:/build/output/unity/unity/Runtime/Export/Scripting/StackTrace.cs:35)
UnityEngine.DebugLogHandler:Internal_Log (UnityEngine.LogType,UnityEngine.LogOption,string,UnityEngine.Object)
UnityEngine.DebugLogHandler:LogFormat (UnityEngine.LogType,UnityEngine.Object,string,object[]) (at C:/build/output/unity/unity/Runtime/Export/Logging/DebugLogHandler.cs:9)
UnityEngine.Logger:Log (UnityEngine.LogType,object) (at C:/build/output/unity/unity/Runtime/Export/Logging/Logger.cs:60)
UnityEngine.Debug:Log (object) (at C:/build/output/unity/unity/Runtime/Export/Debug/Debug.bindings.cs:123)
Game.View.PelagVfxController:UpdateActive (single) (at C:/Users/d.grab/Desktop/the-game/artifacts/camp-polish-project/Assets/Game.View/PelagVfxController.cs:1726)
Game.View.PelagVfxController:LateUpdate () (at C:/Users/d.grab/Desktop/the-game/artifacts/camp-polish-project/Assets/Game.View/PelagVfxController.cs:185)

(Filename: C:/build/output/unity/unity/Runtime/Export/Debug/Debug.bindings.cs Line: 123)

[footstep-surface] side=1 time=32,349 dust=True position=(0.80, 0.08, -0.94)
UnityEngine.Debug:ExtractStackTraceNoAlloc (byte*,int,string)
UnityEngine.StackTraceUtility:ExtractStackTrace () (at C:/build/output/unity/unity/Runtime/Export/Scripting/StackTrace.cs:35)
UnityEngine.DebugLogHandler:Internal_Log (UnityEngine.LogType,UnityEngine.LogOption,string,UnityEngine.Object)
UnityEngine.DebugLogHandler:LogFormat (UnityEngine.LogType,UnityEngine.Object,string,object[]) (at C:/build/output/unity/unity/Runtime/Export/Logging/DebugLogHandler.cs:9)
UnityEngine.Logger:Log (UnityEngine.LogType,object) (at C:/build/output/unity/unity/Runtime/Export/Logging/Logger.cs:60)
UnityEngine.Debug:Log (object) (at C:/build/output/unity/unity/Runtime/Export/Debug/Debug.bindings.cs:123)
Game.View.PelagVfxController:UpdateFootstepDust () (at C:/Users/d.grab/Desktop/the-game/artifacts/camp-polish-project/Assets/Game.View/PelagVfxController.cs:208)
Game.View.PelagVfxController:LateUpdate () (at C:/Users/d.grab/Desktop/the-game/artifacts/camp-polish-project/Assets/Game.View/PelagVfxController.cs:184)

(Filename: C:/build/output/unity/unity/Runtime/Export/Debug/Debug.bindings.cs Line: 123)

[footstep-vfx] side=1 time=32,349 position=(0.80, 0.08, -0.94)
UnityEngine.Debug:ExtractStackTraceNoAlloc (byte*,int,string)
UnityEngine.StackTraceUtility:ExtractStackTrace () (at C:/build/output/unity/unity/Runtime/Export/Scripting/StackTrace.cs:35)
UnityEngine.DebugLogHandler:Internal_Log (UnityEngine.LogType,UnityEngine.LogOption,string,UnityEngine.Object)
UnityEngine.DebugLogHandler:LogFormat (UnityEngine.LogType,UnityEngine.Object,string,object[]) (at C:/build/output/unity/unity/Runtime/Export/Logging/DebugLogHandler.cs:9)
UnityEngine.Logger:Log (UnityEngine.LogType,object) (at C:/build/output/unity/unity/Runtime/Export/Logging/Logger.cs:60)
UnityEngine.Debug:Log (object) (at C:/build/output/unity/unity/Runtime/Export/Debug/Debug.bindings.cs:123)
Game.View.PelagVfxController:UpdateFootstepDust () (at C:/Users/d.grab/Desktop/the-game/artifacts/camp-polish-project/Assets/Game.View/PelagVfxController.cs:213)
Game.View.PelagVfxController:LateUpdate () (at C:/Users/d.grab/Desktop/the-game/artifacts/camp-polish-project/Assets/Game.View/PelagVfxController.cs:184)

(Filename: C:/build/output/unity/unity/Runtime/Export/Debug/Debug.bindings.cs Line: 123)

[footstep-particles] count=5
UnityEngine.Debug:ExtractStackTraceNoAlloc (byte*,int,string)
UnityEngine.StackTraceUtility:ExtractStackTrace () (at C:/build/output/unity/unity/Runtime/Export/Scripting/StackTrace.cs:35)
UnityEngine.DebugLogHandler:Internal_Log (UnityEngine.LogType,UnityEngine.LogOption,string,UnityEngine.Object)
UnityEngine.DebugLogHandler:LogFormat (UnityEngine.LogType,UnityEngine.Object,string,object[]) (at C:/build/output/unity/unity/Runtime/Export/Logging/DebugLogHandler.cs:9)
UnityEngine.Logger:Log (UnityEngine.LogType,object) (at C:/build/output/unity/unity/Runtime/Export/Logging/Logger.cs:60)
UnityEngine.Debug:Log (object) (at C:/build/output/unity/unity/Runtime/Export/Debug/Debug.bindings.cs:123)
Game.View.PelagVfxController:UpdateActive (single) (at C:/Users/d.grab/Desktop/the-game/artifacts/camp-polish-project/Assets/Game.View/PelagVfxController.cs:1726)
Game.View.PelagVfxController:LateUpdate () (at C:/Users/d.grab/Desktop/the-game/artifacts/camp-polish-project/Assets/Game.View/PelagVfxController.cs:185)

(Filename: C:/build/output/unity/unity/Runtime/Export/Debug/Debug.bindings.cs Line: 123)

[footstep-surface] side=0 time=32,633 dust=True position=(0.49, 0.08, -2.13)
UnityEngine.Debug:ExtractStackTraceNoAlloc (byte*,int,string)
UnityEngine.StackTraceUtility:ExtractStackTrace () (at C:/build/output/unity/unity/Runtime/Export/Scripting/StackTrace.cs:35)
UnityEngine.DebugLogHandler:Internal_Log (UnityEngine.LogType,UnityEngine.LogOption,string,UnityEngine.Object)
UnityEngine.DebugLogHandler:LogFormat (UnityEngine.LogType,UnityEngine.Object,string,object[]) (at C:/build/output/unity/unity/Runtime/Export/Logging/DebugLogHandler.cs:9)
UnityEngine.Logger:Log (UnityEngine.LogType,object) (at C:/build/output/unity/unity/Runtime/Export/Logging/Logger.cs:60)
UnityEngine.Debug:Log (object) (at C:/build/output/unity/unity/Runtime/Export/Debug/Debug.bindings.cs:123)
Game.View.PelagVfxController:UpdateFootstepDust () (at C:/Users/d.grab/Desktop/the-game/artifacts/camp-polish-project/Assets/Game.View/PelagVfxController.cs:208)
Game.View.PelagVfxController:LateUpdate () (at C:/Users/d.grab/Desktop/the-game/artifacts/camp-polish-project/Assets/Game.View/PelagVfxController.cs:184)

(Filename: C:/build/output/unity/unity/Runtime/Export/Debug/Debug.bindings.cs Line: 123)

[footstep-vfx] side=0 time=32,633 position=(0.49, 0.08, -2.13)
UnityEngine.Debug:ExtractStackTraceNoAlloc (byte*,int,string)
UnityEngine.StackTraceUtility:ExtractStackTrace () (at C:/build/output/unity/unity/Runtime/Export/Scripting/StackTrace.cs:35)
UnityEngine.DebugLogHandler:Internal_Log (UnityEngine.LogType,UnityEngine.LogOption,string,UnityEngine.Object)
UnityEngine.DebugLogHandler:LogFormat (UnityEngine.LogType,UnityEngine.Object,string,object[]) (at C:/build/output/unity/unity/Runtime/Export/Logging/DebugLogHandler.cs:9)
UnityEngine.Logger:Log (UnityEngine.LogType,object) (at C:/build/output/unity/unity/Runtime/Export/Logging/Logger.cs:60)
UnityEngine.Debug:Log (object) (at C:/build/output/unity/unity/Runtime/Export/Debug/Debug.bindings.cs:123)
Game.View.PelagVfxController:UpdateFootstepDust () (at C:/Users/d.grab/Desktop/the-game/artifacts/camp-polish-project/Assets/Game.View/PelagVfxController.cs:213)
Game.View.PelagVfxController:LateUpdate () (at C:/Users/d.grab/Desktop/the-game/artifacts/camp-polish-project/Assets/Game.View/PelagVfxController.cs:184)

(Filename: C:/build/output/unity/unity/Runtime/Export/Debug/Debug.bindings.cs Line: 123)

[footstep-particles] count=5
UnityEngine.Debug:ExtractStackTraceNoAlloc (byte*,int,string)
UnityEngine.StackTraceUtility:ExtractStackTrace () (at C:/build/output/unity/unity/Runtime/Export/Scripting/StackTrace.cs:35)
UnityEngine.DebugLogHandler:Internal_Log (UnityEngine.LogType,UnityEngine.LogOption,string,UnityEngine.Object)
UnityEngine.DebugLogHandler:LogFormat (UnityEngine.LogType,UnityEngine.Object,string,object[]) (at C:/build/output/unity/unity/Runtime/Export/Logging/DebugLogHandler.cs:9)
UnityEngine.Logger:Log (UnityEngine.LogType,object) (at C:/build/output/unity/unity/Runtime/Export/Logging/Logger.cs:60)
UnityEngine.Debug:Log (object) (at C:/build/output/unity/unity/Runtime/Export/Debug/Debug.bindings.cs:123)
Game.View.PelagVfxController:UpdateActive (single) (at C:/Users/d.grab/Desktop/the-game/artifacts/camp-polish-project/Assets/Game.View/PelagVfxController.cs:1726)
Game.View.PelagVfxController:LateUpdate () (at C:/Users/d.grab/Desktop/the-game/artifacts/camp-polish-project/Assets/Game.View/PelagVfxController.cs:185)

(Filename: C:/build/output/unity/unity/Runtime/Export/Debug/Debug.bindings.cs Line: 123)

[footstep-surface] side=1 time=32,883 dust=True position=(-0.21, 0.08, -3.18)
UnityEngine.Debug:ExtractStackTraceNoAlloc (byte*,int,string)
UnityEngine.StackTraceUtility:ExtractStackTrace () (at C:/build/output/unity/unity/Runtime/Export/Scripting/StackTrace.cs:35)
UnityEngine.DebugLogHandler:Internal_Log (UnityEngine.LogType,UnityEngine.LogOption,string,UnityEngine.Object)
UnityEngine.DebugLogHandler:LogFormat (UnityEngine.LogType,UnityEngine.Object,string,object[]) (at C:/build/output/unity/unity/Runtime/Export/Logging/DebugLogHandler.cs:9)
UnityEngine.Logger:Log (UnityEngine.LogType,object) (at C:/build/output/unity/unity/Runtime/Export/Logging/Logger.cs:60)
UnityEngine.Debug:Log (object) (at C:/build/output/unity/unity/Runtime/Export/Debug/Debug.bindings.cs:123)
Game.View.PelagVfxController:UpdateFootstepDust () (at C:/Users/d.grab/Desktop/the-game/artifacts/camp-polish-project/Assets/Game.View/PelagVfxController.cs:208)
Game.View.PelagVfxController:LateUpdate () (at C:/Users/d.grab/Desktop/the-game/artifacts/camp-polish-project/Assets/Game.View/PelagVfxController.cs:184)

(Filename: C:/build/output/unity/unity/Runtime/Export/Debug/Debug.bindings.cs Line: 123)

[footstep-vfx] side=1 time=32,883 position=(-0.21, 0.08, -3.18)
UnityEngine.Debug:ExtractStackTraceNoAlloc (byte*,int,string)
UnityEngine.StackTraceUtility:ExtractStackTrace () (at C:/build/output/unity/unity/Runtime/Export/Scripting/StackTrace.cs:35)
UnityEngine.DebugLogHandler:Internal_Log (UnityEngine.LogType,UnityEngine.LogOption,string,UnityEngine.Object)
UnityEngine.DebugLogHandler:LogFormat (UnityEngine.LogType,UnityEngine.Object,string,object[]) (at C:/build/output/unity/unity/Runtime/Export/Logging/DebugLogHandler.cs:9)
UnityEngine.Logger:Log (UnityEngine.LogType,object) (at C:/build/output/unity/unity/Runtime/Export/Logging/Logger.cs:60)
UnityEngine.Debug:Log (object) (at C:/build/output/unity/unity/Runtime/Export/Debug/Debug.bindings.cs:123)
Game.View.PelagVfxController:UpdateFootstepDust () (at C:/Users/d.grab/Desktop/the-game/artifacts/camp-polish-project/Assets/Game.View/PelagVfxController.cs:213)
Game.View.PelagVfxController:LateUpdate () (at C:/Users/d.grab/Desktop/the-game/artifacts/camp-polish-project/Assets/Game.View/PelagVfxController.cs:184)

(Filename: C:/build/output/unity/unity/Runtime/Export/Debug/Debug.bindings.cs Line: 123)

[footstep-particles] count=5
UnityEngine.Debug:ExtractStackTraceNoAlloc (byte*,int,string)
UnityEngine.StackTraceUtility:ExtractStackTrace () (at C:/build/output/unity/unity/Runtime/Export/Scripting/StackTrace.cs:35)
UnityEngine.DebugLogHandler:Internal_Log (UnityEngine.LogType,UnityEngine.LogOption,string,UnityEngine.Object)
UnityEngine.DebugLogHandler:LogFormat (UnityEngine.LogType,UnityEngine.Object,string,object[]) (at C:/build/output/unity/unity/Runtime/Export/Logging/DebugLogHandler.cs:9)
UnityEngine.Logger:Log (UnityEngine.LogType,object) (at C:/build/output/unity/unity/Runtime/Export/Logging/Logger.cs:60)
UnityEngine.Debug:Log (object) (at C:/build/output/unity/unity/Runtime/Export/Debug/Debug.bindings.cs:123)
Game.View.PelagVfxController:UpdateActive (single) (at C:/Users/d.grab/Desktop/the-game/artifacts/camp-polish-project/Assets/Game.View/PelagVfxController.cs:1726)
Game.View.PelagVfxController:LateUpdate () (at C:/Users/d.grab/Desktop/the-game/artifacts/camp-polish-project/Assets/Game.View/PelagVfxController.cs:185)

(Filename: C:/build/output/unity/unity/Runtime/Export/Debug/Debug.bindings.cs Line: 123)

[camp-route] откуда 0,06,-2,94 → -6,56,5,56 | герой в карте=True цель в карте=True прямая=False углов=3 маршрут=True
UnityEngine.Debug:ExtractStackTraceNoAlloc (byte*,int,string)
UnityEngine.StackTraceUtility:ExtractStackTrace () (at C:/build/output/unity/unity/Runtime/Export/Scripting/StackTrace.cs:35)
UnityEngine.DebugLogHandler:Internal_Log (UnityEngine.LogType,UnityEngine.LogOption,string,UnityEngine.Object)
UnityEngine.DebugLogHandler:LogFormat (UnityEngine.LogType,UnityEngine.Object,string,object[]) (at C:/build/output/unity/unity/Runtime/Export/Logging/DebugLogHandler.cs:9)
UnityEngine.Logger:Log (UnityEngine.LogType,object) (at C:/build/output/unity/unity/Runtime/Export/Logging/Logger.cs:60)
UnityEngine.Debug:Log (object) (at C:/build/output/unity/unity/Runtime/Export/Debug/Debug.bindings.cs:123)
Game.View.CampPlayerView:RouteTo (UnityEngine.Vector3) (at C:/Users/d.grab/Desktop/the-game/artifacts/camp-polish-project/Assets/Game.View/CampPlayerView.cs:342)
Game.View.CampServicesView:Begin (Game.View.CampServiceNpc) (at C:/Users/d.grab/Desktop/the-game/artifacts/camp-polish-project/Assets/Game.View/CampServicesView.cs:140)
Game.View.CampReviewCapture/<Service>d__18:MoveNext () (at C:/Users/d.grab/Desktop/the-game/artifacts/camp-polish-project/Assets/Game.View/CampReviewCapture.cs:128)
UnityEngine.SetupCoroutine:InvokeMoveNext (System.Collections.IEnumerator,intptr) (at C:/build/output/unity/unity/Runtime/Export/Scripting/Coroutines.cs:17)

(Filename: C:/build/output/unity/unity/Runtime/Export/Debug/Debug.bindings.cs Line: 123)

[footstep-surface] side=0 time=33,434 dust=True position=(-1.12, 0.08, -1.63)
UnityEngine.Debug:ExtractStackTraceNoAlloc (byte*,int,string)
UnityEngine.StackTraceUtility:ExtractStackTrace () (at C:/build/output/unity/unity/Runtime/Export/Scripting/StackTrace.cs:35)
UnityEngine.DebugLogHandler:Internal_Log (UnityEngine.LogType,UnityEngine.LogOption,string,UnityEngine.Object)
UnityEngine.DebugLogHandler:LogFormat (UnityEngine.LogType,UnityEngine.Object,string,object[]) (at C:/build/output/unity/unity/Runtime/Export/Logging/DebugLogHandler.cs:9)
UnityEngine.Logger:Log (UnityEngine.LogType,object) (at C:/build/output/unity/unity/Runtime/Export/Logging/Logger.cs:60)
UnityEngine.Debug:Log (object) (at C:/build/output/unity/unity/Runtime/Export/Debug/Debug.bindings.cs:123)
Game.View.PelagVfxController:UpdateFootstepDust () (at C:/Users/d.grab/Desktop/the-game/artifacts/camp-polish-project/Assets/Game.View/PelagVfxController.cs:208)
Game.View.PelagVfxController:LateUpdate () (at C:/Users/d.grab/Desktop/the-game/artifacts/camp-polish-project/Assets/Game.View/PelagVfxController.cs:184)

(Filename: C:/build/output/unity/unity/Runtime/Export/Debug/Debug.bindings.cs Line: 123)

[footstep-vfx] side=0 time=33,434 position=(-1.12, 0.08, -1.63)
UnityEngine.Debug:ExtractStackTraceNoAlloc (byte*,int,string)
UnityEngine.StackTraceUtility:ExtractStackTrace () (at C:/build/output/unity/unity/Runtime/Export/Scripting/StackTrace.cs:35)
UnityEngine.DebugLogHandler:Internal_Log (UnityEngine.LogType,UnityEngine.LogOption,string,UnityEngine.Object)
UnityEngine.DebugLogHandler:LogFormat (UnityEngine.LogType,UnityEngine.Object,string,object[]) (at C:/build/output/unity/unity/Runtime/Export/Logging/DebugLogHandler.cs:9)
UnityEngine.Logger:Log (UnityEngine.LogType,object) (at C:/build/output/unity/unity/Runtime/Export/Logging/Logger.cs:60)
UnityEngine.Debug:Log (object) (at C:/build/output/unity/unity/Runtime/Export/Debug/Debug.bindings.cs:123)
Game.View.PelagVfxController:UpdateFootstepDust () (at C:/Users/d.grab/Desktop/the-game/artifacts/camp-polish-project/Assets/Game.View/PelagVfxController.cs:213)
Game.View.PelagVfxController:LateUpdate () (at C:/Users/d.grab/Desktop/the-game/artifacts/camp-polish-project/Assets/Game.View/PelagVfxController.cs:184)

(Filename: C:/build/output/unity/unity/Runtime/Export/Debug/Debug.bindings.cs Line: 123)

[footstep-particles] count=5
UnityEngine.Debug:ExtractStackTraceNoAlloc (byte*,int,string)
UnityEngine.StackTraceUtility:ExtractStackTrace () (at C:/build/output/unity/unity/Runtime/Export/Scripting/StackTrace.cs:35)
UnityEngine.DebugLogHandler:Internal_Log (UnityEngine.LogType,UnityEngine.LogOption,string,UnityEngine.Object)
UnityEngine.DebugLogHandler:LogFormat (UnityEngine.LogType,UnityEngine.Object,string,object[]) (at C:/build/output/unity/unity/Runtime/Export/Logging/DebugLogHandler.cs:9)
UnityEngine.Logger:Log (UnityEngine.LogType,object) (at C:/build/output/unity/unity/Runtime/Export/Logging/Logger.cs:60)
UnityEngine.Debug:Log (object) (at C:/build/output/unity/unity/Runtime/Export/Debug/Debug.bindings.cs:123)
Game.View.PelagVfxController:UpdateActive (single) (at C:/Users/d.grab/Desktop/the-game/artifacts/camp-polish-project/Assets/Game.View/PelagVfxController.cs:1726)
Game.View.PelagVfxController:LateUpdate () (at C:/Users/d.grab/Desktop/the-game/artifacts/camp-polish-project/Assets/Game.View/PelagVfxController.cs:185)

(Filename: C:/build/output/unity/unity/Runtime/Export/Debug/Debug.bindings.cs Line: 123)

[footstep-surface] side=1 time=33,684 dust=True position=(-1.67, 0.08, -0.46)
UnityEngine.Debug:ExtractStackTraceNoAlloc (byte*,int,string)
UnityEngine.StackTraceUtility:ExtractStackTrace () (at C:/build/output/unity/unity/Runtime/Export/Scripting/StackTrace.cs:35)
UnityEngine.DebugLogHandler:Internal_Log (UnityEngine.LogType,UnityEngine.LogOption,string,UnityEngine.Object)
UnityEngine.DebugLogHandler:LogFormat (UnityEngine.LogType,UnityEngine.Object,string,object[]) (at C:/build/output/unity/unity/Runtime/Export/Logging/DebugLogHandler.cs:9)
UnityEngine.Logger:Log (UnityEngine.LogType,object) (at C:/build/output/unity/unity/Runtime/Export/Logging/Logger.cs:60)
UnityEngine.Debug:Log (object) (at C:/build/output/unity/unity/Runtime/Export/Debug/Debug.bindings.cs:123)
Game.View.PelagVfxController:UpdateFootstepDust () (at C:/Users/d.grab/Desktop/the-game/artifacts/camp-polish-project/Assets/Game.View/PelagVfxController.cs:208)
Game.View.PelagVfxController:LateUpdate () (at C:/Users/d.grab/Desktop/the-game/artifacts/camp-polish-project/Assets/Game.View/PelagVfxController.cs:184)

(Filename: C:/build/output/unity/unity/Runtime/Export/Debug/Debug.bindings.cs Line: 123)

[footstep-vfx] side=1 time=33,684 position=(-1.67, 0.08, -0.46)
UnityEngine.Debug:ExtractStackTraceNoAlloc (byte*,int,string)
UnityEngine.StackTraceUtility:ExtractStackTrace () (at C:/build/output/unity/unity/Runtime/Export/Scripting/StackTrace.cs:35)
UnityEngine.DebugLogHandler:Internal_Log (UnityEngine.LogType,UnityEngine.LogOption,string,UnityEngine.Object)
UnityEngine.DebugLogHandler:LogFormat (UnityEngine.LogType,UnityEngine.Object,string,object[]) (at C:/build/output/unity/unity/Runtime/Export/Logging/DebugLogHandler.cs:9)
UnityEngine.Logger:Log (UnityEngine.LogType,object) (at C:/build/output/unity/unity/Runtime/Export/Logging/Logger.cs:60)
UnityEngine.Debug:Log (object) (at C:/build/output/unity/unity/Runtime/Export/Debug/Debug.bindings.cs:123)
Game.View.PelagVfxController:UpdateFootstepDust () (at C:/Users/d.grab/Desktop/the-game/artifacts/camp-polish-project/Assets/Game.View/PelagVfxController.cs:213)
Game.View.PelagVfxController:LateUpdate () (at C:/Users/d.grab/Desktop/the-game/artifacts/camp-polish-project/Assets/Game.View/PelagVfxController.cs:184)

(Filename: C:/build/output/unity/unity/Runtime/Export/Debug/Debug.bindings.cs Line: 123)

[footstep-particles] count=5
UnityEngine.Debug:ExtractStackTraceNoAlloc (byte*,int,string)
UnityEngine.StackTraceUtility:ExtractStackTrace () (at C:/build/output/unity/unity/Runtime/Export/Scripting/StackTrace.cs:35)
UnityEngine.DebugLogHandler:Internal_Log (UnityEngine.LogType,UnityEngine.LogOption,string,UnityEngine.Object)
UnityEngine.DebugLogHandler:LogFormat (UnityEngine.LogType,UnityEngine.Object,string,object[]) (at C:/build/output/unity/unity/Runtime/Export/Logging/DebugLogHandler.cs:9)
UnityEngine.Logger:Log (UnityEngine.LogType,object) (at C:/build/output/unity/unity/Runtime/Export/Logging/Logger.cs:60)
UnityEngine.Debug:Log (object) (at C:/build/output/unity/unity/Runtime/Export/Debug/Debug.bindings.cs:123)
Game.View.PelagVfxController:UpdateActive (single) (at C:/Users/d.grab/Desktop/the-game/artifacts/camp-polish-project/Assets/Game.View/PelagVfxController.cs:1726)
Game.View.PelagVfxController:LateUpdate () (at C:/Users/d.grab/Desktop/the-game/artifacts/camp-polish-project/Assets/Game.View/PelagVfxController.cs:185)

(Filename: C:/build/output/unity/unity/Runtime/Export/Debug/Debug.bindings.cs Line: 123)

[footstep-surface] side=0 time=33,984 dust=False position=(-2.62, 0.08, 0.29)
UnityEngine.Debug:ExtractStackTraceNoAlloc (byte*,int,string)
UnityEngine.StackTraceUtility:ExtractStackTrace () (at C:/build/output/unity/unity/Runtime/Export/Scripting/StackTrace.cs:35)
UnityEngine.DebugLogHandler:Internal_Log (UnityEngine.LogType,UnityEngine.LogOption,string,UnityEngine.Object)
UnityEngine.DebugLogHandler:LogFormat (UnityEngine.LogType,UnityEngine.Object,string,object[]) (at C:/build/output/unity/unity/Runtime/Export/Logging/DebugLogHandler.cs:9)
UnityEngine.Logger:Log (UnityEngine.LogType,object) (at C:/build/output/unity/unity/Runtime/Export/Logging/Logger.cs:60)
UnityEngine.Debug:Log (object) (at C:/build/output/unity/unity/Runtime/Export/Debug/Debug.bindings.cs:123)
Game.View.PelagVfxController:UpdateFootstepDust () (at C:/Users/d.grab/Desktop/the-game/artifacts/camp-polish-project/Assets/Game.View/PelagVfxController.cs:208)
Game.View.PelagVfxController:LateUpdate () (at C:/Users/d.grab/Desktop/the-game/artifacts/camp-polish-project/Assets/Game.View/PelagVfxController.cs:184)

(Filename: C:/build/output/unity/unity/Runtime/Export/Debug/Debug.bindings.cs Line: 123)

[footstep-surface] side=1 time=34,234 dust=True position=(-3.15, 0.08, 1.47)
UnityEngine.Debug:ExtractStackTraceNoAlloc (byte*,int,string)
UnityEngine.StackTraceUtility:ExtractStackTrace () (at C:/build/output/unity/unity/Runtime/Export/Scripting/StackTrace.cs:35)
UnityEngine.DebugLogHandler:Internal_Log (UnityEngine.LogType,UnityEngine.LogOption,string,UnityEngine.Object)
UnityEngine.DebugLogHandler:LogFormat (UnityEngine.LogType,UnityEngine.Object,string,object[]) (at C:/build/output/unity/unity/Runtime/Export/Logging/DebugLogHandler.cs:9)
UnityEngine.Logger:Log (UnityEngine.LogType,object) (at C:/build/output/unity/unity/Runtime/Export/Logging/Logger.cs:60)
UnityEngine.Debug:Log (object) (at C:/build/output/unity/unity/Runtime/Export/Debug/Debug.bindings.cs:123)
Game.View.PelagVfxController:UpdateFootstepDust () (at C:/Users/d.grab/Desktop/the-game/artifacts/camp-polish-project/Assets/Game.View/PelagVfxController.cs:208)
Game.View.PelagVfxController:LateUpdate () (at C:/Users/d.grab/Desktop/the-game/artifacts/camp-polish-project/Assets/Game.View/PelagVfxController.cs:184)

(Filename: C:/build/output/unity/unity/Runtime/Export/Debug/Debug.bindings.cs Line: 123)

[footstep-vfx] side=1 time=34,234 position=(-3.15, 0.08, 1.47)
UnityEngine.Debug:ExtractStackTraceNoAlloc (byte*,int,string)
UnityEngine.StackTraceUtility:ExtractStackTrace () (at C:/build/output/unity/unity/Runtime/Export/Scripting/StackTrace.cs:35)
UnityEngine.DebugLogHandler:Internal_Log (UnityEngine.LogType,UnityEngine.LogOption,string,UnityEngine.Object)
UnityEngine.DebugLogHandler:LogFormat (UnityEngine.LogType,UnityEngine.Object,string,object[]) (at C:/build/output/unity/unity/Runtime/Export/Logging/DebugLogHandler.cs:9)
UnityEngine.Logger:Log (UnityEngine.LogType,object) (at C:/build/output/unity/unity/Runtime/Export/Logging/Logger.cs:60)
UnityEngine.Debug:Log (object) (at C:/build/output/unity/unity/Runtime/Export/Debug/Debug.bindings.cs:123)
Game.View.PelagVfxController:UpdateFootstepDust () (at C:/Users/d.grab/Desktop/the-game/artifacts/camp-polish-project/Assets/Game.View/PelagVfxController.cs:213)
Game.View.PelagVfxController:LateUpdate () (at C:/Users/d.grab/Desktop/the-game/artifacts/camp-polish-project/Assets/Game.View/PelagVfxController.cs:184)

(Filename: C:/build/output/unity/unity/Runtime/Export/Debug/Debug.bindings.cs Line: 123)

[footstep-particles] count=5
UnityEngine.Debug:ExtractStackTraceNoAlloc (byte*,int,string)
UnityEngine.StackTraceUtility:ExtractStackTrace () (at C:/build/output/unity/unity/Runtime/Export/Scripting/StackTrace.cs:35)
UnityEngine.DebugLogHandler:Internal_Log (UnityEngine.LogType,UnityEngine.LogOption,string,UnityEngine.Object)
UnityEngine.DebugLogHandler:LogFormat (UnityEngine.LogType,UnityEngine.Object,string,object[]) (at C:/build/output/unity/unity/Runtime/Export/Logging/DebugLogHandler.cs:9)
UnityEngine.Logger:Log (UnityEngine.LogType,object) (at C:/build/output/unity/unity/Runtime/Export/Logging/Logger.cs:60)
UnityEngine.Debug:Log (object) (at C:/build/output/unity/unity/Runtime/Export/Debug/Debug.bindings.cs:123)
Game.View.PelagVfxController:UpdateActive (single) (at C:/Users/d.grab/Desktop/the-game/artifacts/camp-polish-project/Assets/Game.View/PelagVfxController.cs:1726)
Game.View.PelagVfxController:LateUpdate () (at C:/Users/d.grab/Desktop/the-game/artifacts/camp-polish-project/Assets/Game.View/PelagVfxController.cs:185)

(Filename: C:/build/output/unity/unity/Runtime/Export/Debug/Debug.bindings.cs Line: 123)

[footstep-surface] side=0 time=34,517 dust=True position=(-4.12, 0.08, 2.21)
UnityEngine.Debug:ExtractStackTraceNoAlloc (byte*,int,string)
UnityEngine.StackTraceUtility:ExtractStackTrace () (at C:/build/output/unity/unity/Runtime/Export/Scripting/StackTrace.cs:35)
UnityEngine.DebugLogHandler:Internal_Log (UnityEngine.LogType,UnityEngine.LogOption,string,UnityEngine.Object)
UnityEngine.DebugLogHandler:LogFormat (UnityEngine.LogType,UnityEngine.Object,string,object[]) (at C:/build/output/unity/unity/Runtime/Export/Logging/DebugLogHandler.cs:9)
UnityEngine.Logger:Log (UnityEngine.LogType,object) (at C:/build/output/unity/unity/Runtime/Export/Logging/Logger.cs:60)
UnityEngine.Debug:Log (object) (at C:/build/output/unity/unity/Runtime/Export/Debug/Debug.bindings.cs:123)
Game.View.PelagVfxController:UpdateFootstepDust () (at C:/Users/d.grab/Desktop/the-game/artifacts/camp-polish-project/Assets/Game.View/PelagVfxController.cs:208)
Game.View.PelagVfxController:LateUpdate () (at C:/Users/d.grab/Desktop/the-game/artifacts/camp-polish-project/Assets/Game.View/PelagVfxController.cs:184)

(Filename: C:/build/output/unity/unity/Runtime/Export/Debug/Debug.bindings.cs Line: 123)

[footstep-vfx] side=0 time=34,517 position=(-4.12, 0.08, 2.21)
UnityEngine.Debug:ExtractStackTraceNoAlloc (byte*,int,string)
UnityEngine.StackTraceUtility:ExtractStackTrace () (at C:/build/output/unity/unity/Runtime/Export/Scripting/StackTrace.cs:35)
UnityEngine.DebugLogHandler:Internal_Log (UnityEngine.LogType,UnityEngine.LogOption,string,UnityEngine.Object)
UnityEngine.DebugLogHandler:LogFormat (UnityEngine.LogType,UnityEngine.Object,string,object[]) (at C:/build/output/unity/unity/Runtime/Export/Logging/DebugLogHandler.cs:9)
UnityEngine.Logger:Log (UnityEngine.LogType,object) (at C:/build/output/unity/unity/Runtime/Export/Logging/Logger.cs:60)
UnityEngine.Debug:Log (object) (at C:/build/output/unity/unity/Runtime/Export/Debug/Debug.bindings.cs:123)
Game.View.PelagVfxController:UpdateFootstepDust () (at C:/Users/d.grab/Desktop/the-game/artifacts/camp-polish-project/Assets/Game.View/PelagVfxController.cs:213)
Game.View.PelagVfxController:LateUpdate () (at C:/Users/d.grab/Desktop/the-game/artifacts/camp-polish-project/Assets/Game.View/PelagVfxController.cs:184)

(Filename: C:/build/output/unity/unity/Runtime/Export/Debug/Debug.bindings.cs Line: 123)

[footstep-particles] count=5
UnityEngine.Debug:ExtractStackTraceNoAlloc (byte*,int,string)
UnityEngine.StackTraceUtility:ExtractStackTrace () (at C:/build/output/unity/unity/Runtime/Export/Scripting/StackTrace.cs:35)
UnityEngine.DebugLogHandler:Internal_Log (UnityEngine.LogType,UnityEngine.LogOption,string,UnityEngine.Object)
UnityEngine.DebugLogHandler:LogFormat (UnityEngine.LogType,UnityEngine.Object,string,object[]) (at C:/build/output/unity/unity/Runtime/Export/Logging/DebugLogHandler.cs:9)
UnityEngine.Logger:Log (UnityEngine.LogType,object) (at C:/build/output/unity/unity/Runtime/Export/Logging/Logger.cs:60)
UnityEngine.Debug:Log (object) (at C:/build/output/unity/unity/Runtime/Export/Debug/Debug.bindings.cs:123)
Game.View.PelagVfxController:UpdateActive (single) (at C:/Users/d.grab/Desktop/the-game/artifacts/camp-polish-project/Assets/Game.View/PelagVfxController.cs:1726)
Game.View.PelagVfxController:LateUpdate () (at C:/Users/d.grab/Desktop/the-game/artifacts/camp-polish-project/Assets/Game.View/PelagVfxController.cs:185)

(Filename: C:/build/output/unity/unity/Runtime/Export/Debug/Debug.bindings.cs Line: 123)

[footstep-surface] side=1 time=34,783 dust=True position=(-4.64, 0.08, 3.39)
UnityEngine.Debug:ExtractStackTraceNoAlloc (byte*,int,string)
UnityEngine.StackTraceUtility:ExtractStackTrace () (at C:/build/output/unity/unity/Runtime/Export/Scripting/StackTrace.cs:35)
UnityEngine.DebugLogHandler:Internal_Log (UnityEngine.LogType,UnityEngine.LogOption,string,UnityEngine.Object)
UnityEngine.DebugLogHandler:LogFormat (UnityEngine.LogType,UnityEngine.Object,string,object[]) (at C:/build/output/unity/unity/Runtime/Export/Logging/DebugLogHandler.cs:9)
UnityEngine.Logger:Log (UnityEngine.LogType,object) (at C:/build/output/unity/unity/Runtime/Export/Logging/Logger.cs:60)
UnityEngine.Debug:Log (object) (at C:/build/output/unity/unity/Runtime/Export/Debug/Debug.bindings.cs:123)
Game.View.PelagVfxController:UpdateFootstepDust () (at C:/Users/d.grab/Desktop/the-game/artifacts/camp-polish-project/Assets/Game.View/PelagVfxController.cs:208)
Game.View.PelagVfxController:LateUpdate () (at C:/Users/d.grab/Desktop/the-game/artifacts/camp-polish-project/Assets/Game.View/PelagVfxController.cs:184)

(Filename: C:/build/output/unity/unity/Runtime/Export/Debug/Debug.bindings.cs Line: 123)

[footstep-vfx] side=1 time=34,783 position=(-4.64, 0.08, 3.39)
UnityEngine.Debug:ExtractStackTraceNoAlloc (byte*,int,string)
UnityEngine.StackTraceUtility:ExtractStackTrace () (at C:/build/output/unity/unity/Runtime/Export/Scripting/StackTrace.cs:35)
UnityEngine.DebugLogHandler:Internal_Log (UnityEngine.LogType,UnityEngine.LogOption,string,UnityEngine.Object)
UnityEngine.DebugLogHandler:LogFormat (UnityEngine.LogType,UnityEngine.Object,string,object[]) (at C:/build/output/unity/unity/Runtime/Export/Logging/DebugLogHandler.cs:9)
UnityEngine.Logger:Log (UnityEngine.LogType,object) (at C:/build/output/unity/unity/Runtime/Export/Logging/Logger.cs:60)
UnityEngine.Debug:Log (object) (at C:/build/output/unity/unity/Runtime/Export/Debug/Debug.bindings.cs:123)
Game.View.PelagVfxController:UpdateFootstepDust () (at C:/Users/d.grab/Desktop/the-game/artifacts/camp-polish-project/Assets/Game.View/PelagVfxController.cs:213)
Game.View.PelagVfxController:LateUpdate () (at C:/Users/d.grab/Desktop/the-game/artifacts/camp-polish-project/Assets/Game.View/PelagVfxController.cs:184)

(Filename: C:/build/output/unity/unity/Runtime/Export/Debug/Debug.bindings.cs Line: 123)

[footstep-particles] count=5
UnityEngine.Debug:ExtractStackTraceNoAlloc (byte*,int,string)
UnityEngine.StackTraceUtility:ExtractStackTrace () (at C:/build/output/unity/unity/Runtime/Export/Scripting/StackTrace.cs:35)
UnityEngine.DebugLogHandler:Internal_Log (UnityEngine.LogType,UnityEngine.LogOption,string,UnityEngine.Object)
UnityEngine.DebugLogHandler:LogFormat (UnityEngine.LogType,UnityEngine.Object,string,object[]) (at C:/build/output/unity/unity/Runtime/Export/Logging/DebugLogHandler.cs:9)
UnityEngine.Logger:Log (UnityEngine.LogType,object) (at C:/build/output/unity/unity/Runtime/Export/Logging/Logger.cs:60)
UnityEngine.Debug:Log (object) (at C:/build/output/unity/unity/Runtime/Export/Debug/Debug.bindings.cs:123)
Game.View.PelagVfxController:UpdateActive (single) (at C:/Users/d.grab/Desktop/the-game/artifacts/camp-polish-project/Assets/Game.View/PelagVfxController.cs:1726)
Game.View.PelagVfxController:LateUpdate () (at C:/Users/d.grab/Desktop/the-game/artifacts/camp-polish-project/Assets/Game.View/PelagVfxController.cs:185)

(Filename: C:/build/output/unity/unity/Runtime/Export/Debug/Debug.bindings.cs Line: 123)

[footstep-surface] side=0 time=35,066 dust=True position=(-5.61, 0.08, 4.13)
UnityEngine.Debug:ExtractStackTraceNoAlloc (byte*,int,string)
UnityEngine.StackTraceUtility:ExtractStackTrace () (at C:/build/output/unity/unity/Runtime/Export/Scripting/StackTrace.cs:35)
UnityEngine.DebugLogHandler:Internal_Log (UnityEngine.LogType,UnityEngine.LogOption,string,UnityEngine.Object)
UnityEngine.DebugLogHandler:LogFormat (UnityEngine.LogType,UnityEngine.Object,string,object[]) (at C:/build/output/unity/unity/Runtime/Export/Logging/DebugLogHandler.cs:9)
UnityEngine.Logger:Log (UnityEngine.LogType,object) (at C:/build/output/unity/unity/Runtime/Export/Logging/Logger.cs:60)
UnityEngine.Debug:Log (object) (at C:/build/output/unity/unity/Runtime/Export/Debug/Debug.bindings.cs:123)
Game.View.PelagVfxController:UpdateFootstepDust () (at C:/Users/d.grab/Desktop/the-game/artifacts/camp-polish-project/Assets/Game.View/PelagVfxController.cs:208)
Game.View.PelagVfxController:LateUpdate () (at C:/Users/d.grab/Desktop/the-game/artifacts/camp-polish-project/Assets/Game.View/PelagVfxController.cs:184)

(Filename: C:/build/output/unity/unity/Runtime/Export/Debug/Debug.bindings.cs Line: 123)

[footstep-vfx] side=0 time=35,066 position=(-5.61, 0.08, 4.13)
UnityEngine.Debug:ExtractStackTraceNoAlloc (byte*,int,string)
UnityEngine.StackTraceUtility:ExtractStackTrace () (at C:/build/output/unity/unity/Runtime/Export/Scripting/StackTrace.cs:35)
UnityEngine.DebugLogHandler:Internal_Log (UnityEngine.LogType,UnityEngine.LogOption,string,UnityEngine.Object)
UnityEngine.DebugLogHandler:LogFormat (UnityEngine.LogType,UnityEngine.Object,string,object[]) (at C:/build/output/unity/unity/Runtime/Export/Logging/DebugLogHandler.cs:9)
UnityEngine.Logger:Log (UnityEngine.LogType,object) (at C:/build/output/unity/unity/Runtime/Export/Logging/Logger.cs:60)
UnityEngine.Debug:Log (object) (at C:/build/output/unity/unity/Runtime/Export/Debug/Debug.bindings.cs:123)
Game.View.PelagVfxController:UpdateFootstepDust () (at C:/Users/d.grab/Desktop/the-game/artifacts/camp-polish-project/Assets/Game.View/PelagVfxController.cs:213)
Game.View.PelagVfxController:LateUpdate () (at C:/Users/d.grab/Desktop/the-game/artifacts/camp-polish-project/Assets/Game.View/PelagVfxController.cs:184)

(Filename: C:/build/output/unity/unity/Runtime/Export/Debug/Debug.bindings.cs Line: 123)

[footstep-particles] count=5
UnityEngine.Debug:ExtractStackTraceNoAlloc (byte*,int,string)
UnityEngine.StackTraceUtility:ExtractStackTrace () (at C:/build/output/unity/unity/Runtime/Export/Scripting/StackTrace.cs:35)
UnityEngine.DebugLogHandler:Internal_Log (UnityEngine.LogType,UnityEngine.LogOption,string,UnityEngine.Object)
UnityEngine.DebugLogHandler:LogFormat (UnityEngine.LogType,UnityEngine.Object,string,object[]) (at C:/build/output/unity/unity/Runtime/Export/Logging/DebugLogHandler.cs:9)
UnityEngine.Logger:Log (UnityEngine.LogType,object) (at C:/build/output/unity/unity/Runtime/Export/Logging/Logger.cs:60)
UnityEngine.Debug:Log (object) (at C:/build/output/unity/unity/Runtime/Export/Debug/Debug.bindings.cs:123)
Game.View.PelagVfxController:UpdateActive (single) (at C:/Users/d.grab/Desktop/the-game/artifacts/camp-polish-project/Assets/Game.View/PelagVfxController.cs:1726)
Game.View.PelagVfxController:LateUpdate () (at C:/Users/d.grab/Desktop/the-game/artifacts/camp-polish-project/Assets/Game.View/PelagVfxController.cs:185)

(Filename: C:/build/output/unity/unity/Runtime/Export/Debug/Debug.bindings.cs Line: 123)

[camp-review] finished passed=True
UnityEngine.Debug:ExtractStackTraceNoAlloc (byte*,int,string)
UnityEngine.StackTraceUtility:ExtractStackTrace () (at C:/build/output/unity/unity/Runtime/Export/Scripting/StackTrace.cs:35)
UnityEngine.DebugLogHandler:Internal_Log (UnityEngine.LogType,UnityEngine.LogOption,string,UnityEngine.Object)
UnityEngine.DebugLogHandler:LogFormat (UnityEngine.LogType,UnityEngine.Object,string,object[]) (at C:/build/output/unity/unity/Runtime/Export/Logging/DebugLogHandler.cs:9)
UnityEngine.Logger:Log (UnityEngine.LogType,object) (at C:/build/output/unity/unity/Runtime/Export/Logging/Logger.cs:60)
UnityEngine.Debug:Log (object) (at C:/build/output/unity/unity/Runtime/Export/Debug/Debug.bindings.cs:123)
Game.View.CampReviewCapture:Finish () (at C:/Users/d.grab/Desktop/the-game/artifacts/camp-polish-project/Assets/Game.View/CampReviewCapture.cs:299)
Game.View.CampReviewCapture/<Start>d__12:MoveNext () (at C:/Users/d.grab/Desktop/the-game/artifacts/camp-polish-project/Assets/Game.View/CampReviewCapture.cs:86)
UnityEngine.SetupCoroutine:InvokeMoveNext (System.Collections.IEnumerator,intptr) (at C:/build/output/unity/unity/Runtime/Export/Scripting/Coroutines.cs:17)

(Filename: C:/build/output/unity/unity/Runtime/Export/Debug/Debug.bindings.cs Line: 123)

[capture-lines] TrailRenderer «Anchor weight stroke» путь=«Bootstrap/Симуляция/Пул: Wole/Wole #0/Anchor weight stroke» emitting=False позиция=(-5.93, 0.05, 4.75)
UnityEngine.Debug:ExtractStackTraceNoAlloc (byte*,int,string)
UnityEngine.StackTraceUtility:ExtractStackTrace () (at C:/build/output/unity/unity/Runtime/Export/Scripting/StackTrace.cs:35)
UnityEngine.DebugLogHandler:Internal_Log (UnityEngine.LogType,UnityEngine.LogOption,string,UnityEngine.Object)
UnityEngine.DebugLogHandler:LogFormat (UnityEngine.LogType,UnityEngine.Object,string,object[]) (at C:/build/output/unity/unity/Runtime/Export/Logging/DebugLogHandler.cs:9)
UnityEngine.Logger:Log (UnityEngine.LogType,object) (at C:/build/output/unity/unity/Runtime/Export/Logging/Logger.cs:60)
UnityEngine.Debug:Log (object) (at C:/build/output/unity/unity/Runtime/Export/Debug/Debug.bindings.cs:123)
Game.View.CaptureRig:DumpSceneLines () (at C:/Users/d.grab/Desktop/the-game/artifacts/camp-polish-project/Assets/Game.View/CaptureRig.cs:1043)
Game.View.CaptureRig:CaptureStill (int,single) (at C:/Users/d.grab/Desktop/the-game/artifacts/camp-polish-project/Assets/Game.View/CaptureRig.cs:1057)
Game.View.CaptureRig/<Run>d__254:MoveNext () (at C:/Users/d.grab/Desktop/the-game/artifacts/camp-polish-project/Assets/Game.View/CaptureRig.cs:668)
UnityEngine.SetupCoroutine:InvokeMoveNext (System.Collections.IEnumerator,intptr) (at C:/build/output/unity/unity/Runtime/Export/Scripting/Coroutines.cs:17)

(Filename: C:/build/output/unity/unity/Runtime/Export/Debug/Debug.bindings.cs Line: 123)

[capture-lines] TrailRenderer «Leap side stroke 0» путь=«Bootstrap/Симуляция/Leap side stroke 0» emitting=False позиция=(0.00, 0.00, 0.00)
UnityEngine.Debug:ExtractStackTraceNoAlloc (byte*,int,string)
UnityEngine.StackTraceUtility:ExtractStackTrace () (at C:/build/output/unity/unity/Runtime/Export/Scripting/StackTrace.cs:35)
UnityEngine.DebugLogHandler:Internal_Log (UnityEngine.LogType,UnityEngine.LogOption,string,UnityEngine.Object)
UnityEngine.DebugLogHandler:LogFormat (UnityEngine.LogType,UnityEngine.Object,string,object[]) (at C:/build/output/unity/unity/Runtime/Export/Logging/DebugLogHandler.cs:9)
UnityEngine.Logger:Log (UnityEngine.LogType,object) (at C:/build/output/unity/unity/Runtime/Export/Logging/Logger.cs:60)
UnityEngine.Debug:Log (object) (at C:/build/output/unity/unity/Runtime/Export/Debug/Debug.bindings.cs:123)
Game.View.CaptureRig:DumpSceneLines () (at C:/Users/d.grab/Desktop/the-game/artifacts/camp-polish-project/Assets/Game.View/CaptureRig.cs:1043)
Game.View.CaptureRig:CaptureStill (int,single) (at C:/Users/d.grab/Desktop/the-game/artifacts/camp-polish-project/Assets/Game.View/CaptureRig.cs:1057)
Game.View.CaptureRig/<Run>d__254:MoveNext () (at C:/Users/d.grab/Desktop/the-game/artifacts/camp-polish-project/Assets/Game.View/CaptureRig.cs:668)
UnityEngine.SetupCoroutine:InvokeMoveNext (System.Collections.IEnumerator,intptr) (at C:/build/output/unity/unity/Runtime/Export/Scripting/Coroutines.cs:17)

(Filename: C:/build/output/unity/unity/Runtime/Export/Debug/Debug.bindings.cs Line: 123)

[capture-lines] TrailRenderer «Leap side stroke 1» путь=«Bootstrap/Симуляция/Leap side stroke 1» emitting=False позиция=(0.00, 0.00, 0.00)
UnityEngine.Debug:ExtractStackTraceNoAlloc (byte*,int,string)
UnityEngine.StackTraceUtility:ExtractStackTrace () (at C:/build/output/unity/unity/Runtime/Export/Scripting/StackTrace.cs:35)
UnityEngine.DebugLogHandler:Internal_Log (UnityEngine.LogType,UnityEngine.LogOption,string,UnityEngine.Object)
UnityEngine.DebugLogHandler:LogFormat (UnityEngine.LogType,UnityEngine.Object,string,object[]) (at C:/build/output/unity/unity/Runtime/Export/Logging/DebugLogHandler.cs:9)
UnityEngine.Logger:Log (UnityEngine.LogType,object) (at C:/build/output/unity/unity/Runtime/Export/Logging/Logger.cs:60)
UnityEngine.Debug:Log (object) (at C:/build/output/unity/unity/Runtime/Export/Debug/Debug.bindings.cs:123)
Game.View.CaptureRig:DumpSceneLines () (at C:/Users/d.grab/Desktop/the-game/artifacts/camp-polish-project/Assets/Game.View/CaptureRig.cs:1043)
Game.View.CaptureRig:CaptureStill (int,single) (at C:/Users/d.grab/Desktop/the-game/artifacts/camp-polish-project/Assets/Game.View/CaptureRig.cs:1057)
Game.View.CaptureRig/<Run>d__254:MoveNext () (at C:/Users/d.grab/Desktop/the-game/artifacts/camp-polish-project/Assets/Game.View/CaptureRig.cs:668)
UnityEngine.SetupCoroutine:InvokeMoveNext (System.Collections.IEnumerator,intptr) (at C:/build/output/unity/unity/Runtime/Export/Scripting/Coroutines.cs:17)

(Filename: C:/build/output/unity/unity/Runtime/Export/Debug/Debug.bindings.cs Line: 123)

[capture-lines] TrailRenderer «Pelag Leap Trail» путь=«Bootstrap/Симуляция/Pelag Leap Trail» emitting=False позиция=(0.00, 0.00, 0.00)
UnityEngine.Debug:ExtractStackTraceNoAlloc (byte*,int,string)
UnityEngine.StackTraceUtility:ExtractStackTrace () (at C:/build/output/unity/unity/Runtime/Export/Scripting/StackTrace.cs:35)
UnityEngine.DebugLogHandler:Internal_Log (UnityEngine.LogType,UnityEngine.LogOption,string,UnityEngine.Object)
UnityEngine.DebugLogHandler:LogFormat (UnityEngine.LogType,UnityEngine.Object,string,object[]) (at C:/build/output/unity/unity/Runtime/Export/Logging/DebugLogHandler.cs:9)
UnityEngine.Logger:Log (UnityEngine.LogType,object) (at C:/build/output/unity/unity/Runtime/Export/Logging/Logger.cs:60)
UnityEngine.Debug:Log (object) (at C:/build/output/unity/unity/Runtime/Export/Debug/Debug.bindings.cs:123)
Game.View.CaptureRig:DumpSceneLines () (at C:/Users/d.grab/Desktop/the-game/artifacts/camp-polish-project/Assets/Game.View/CaptureRig.cs:1043)
Game.View.CaptureRig:CaptureStill (int,single) (at C:/Users/d.grab/Desktop/the-game/artifacts/camp-polish-project/Assets/Game.View/CaptureRig.cs:1057)
Game.View.CaptureRig/<Run>d__254:MoveNext () (at C:/Users/d.grab/Desktop/the-game/artifacts/camp-polish-project/Assets/Game.View/CaptureRig.cs:668)
UnityEngine.SetupCoroutine:InvokeMoveNext (System.Collections.IEnumerator,intptr) (at C:/build/output/unity/unity/Runtime/Export/Scripting/Coroutines.cs:17)

(Filename: C:/build/output/unity/unity/Runtime/Export/Debug/Debug.bindings.cs Line: 123)

[capture-lines] TrailRenderer «Skewer wake» путь=«Bootstrap/Симуляция/Skewer wake» emitting=False позиция=(-5.93, 0.77, 4.75)
UnityEngine.Debug:ExtractStackTraceNoAlloc (byte*,int,string)
UnityEngine.StackTraceUtility:ExtractStackTrace () (at C:/build/output/unity/unity/Runtime/Export/Scripting/StackTrace.cs:35)
UnityEngine.DebugLogHandler:Internal_Log (UnityEngine.LogType,UnityEngine.LogOption,string,UnityEngine.Object)
UnityEngine.DebugLogHandler:LogFormat (UnityEngine.LogType,UnityEngine.Object,string,object[]) (at C:/build/output/unity/unity/Runtime/Export/Logging/DebugLogHandler.cs:9)
UnityEngine.Logger:Log (UnityEngine.LogType,object) (at C:/build/output/unity/unity/Runtime/Export/Logging/Logger.cs:60)
UnityEngine.Debug:Log (object) (at C:/build/output/unity/unity/Runtime/Export/Debug/Debug.bindings.cs:123)
Game.View.CaptureRig:DumpSceneLines () (at C:/Users/d.grab/Desktop/the-game/artifacts/camp-polish-project/Assets/Game.View/CaptureRig.cs:1043)
Game.View.CaptureRig:CaptureStill (int,single) (at C:/Users/d.grab/Desktop/the-game/artifacts/camp-polish-project/Assets/Game.View/CaptureRig.cs:1057)
Game.View.CaptureRig/<Run>d__254:MoveNext () (at C:/Users/d.grab/Desktop/the-game/artifacts/camp-polish-project/Assets/Game.View/CaptureRig.cs:668)
UnityEngine.SetupCoroutine:InvokeMoveNext (System.Collections.IEnumerator,intptr) (at C:/build/output/unity/unity/Runtime/Export/Scripting/Coroutines.cs:17)

(Filename: C:/build/output/unity/unity/Runtime/Export/Debug/Debug.bindings.cs Line: 123)

[capture] ART/CAMP/polish-2026-09-30/routes-final\shot_00_t80.00s.png  1920x1080
UnityEngine.Debug:ExtractStackTraceNoAlloc (byte*,int,string)
UnityEngine.StackTraceUtility:ExtractStackTrace () (at C:/build/output/unity/unity/Runtime/Export/Scripting/StackTrace.cs:35)
UnityEngine.DebugLogHandler:Internal_Log (UnityEngine.LogType,UnityEngine.LogOption,string,UnityEngine.Object)
UnityEngine.DebugLogHandler:LogFormat (UnityEngine.LogType,UnityEngine.Object,string,object[]) (at C:/build/output/unity/unity/Runtime/Export/Logging/DebugLogHandler.cs:9)
UnityEngine.Logger:Log (UnityEngine.LogType,object) (at C:/build/output/unity/unity/Runtime/Export/Logging/Logger.cs:60)
UnityEngine.Debug:Log (object) (at C:/build/output/unity/unity/Runtime/Export/Debug/Debug.bindings.cs:123)
Game.View.CaptureRig:CaptureStill (int,single) (at C:/Users/d.grab/Desktop/the-game/artifacts/camp-polish-project/Assets/Game.View/CaptureRig.cs:1064)
Game.View.CaptureRig/<Run>d__254:MoveNext () (at C:/Users/d.grab/Desktop/the-game/artifacts/camp-polish-project/Assets/Game.View/CaptureRig.cs:668)
UnityEngine.SetupCoroutine:InvokeMoveNext (System.Collections.IEnumerator,intptr) (at C:/build/output/unity/unity/Runtime/Export/Scripting/Coroutines.cs:17)

(Filename: C:/build/output/unity/unity/Runtime/Export/Debug/Debug.bindings.cs Line: 123)

[pso] не прогреты: вариантов 130, состояний 117
UnityEngine.Debug:ExtractStackTraceNoAlloc (byte*,int,string)
UnityEngine.StackTraceUtility:ExtractStackTrace () (at C:/build/output/unity/unity/Runtime/Export/Scripting/StackTrace.cs:35)
UnityEngine.DebugLogHandler:Internal_Log (UnityEngine.LogType,UnityEngine.LogOption,string,UnityEngine.Object)
UnityEngine.DebugLogHandler:LogFormat (UnityEngine.LogType,UnityEngine.Object,string,object[]) (at C:/build/output/unity/unity/Runtime/Export/Logging/DebugLogHandler.cs:9)
UnityEngine.Logger:Log (UnityEngine.LogType,object) (at C:/build/output/unity/unity/Runtime/Export/Logging/Logger.cs:60)
UnityEngine.Debug:Log (object) (at C:/build/output/unity/unity/Runtime/Export/Debug/Debug.bindings.cs:123)
Game.View.ShaderWarmup:OnApplicationQuit () (at C:/Users/d.grab/Desktop/the-game/artifacts/camp-polish-project/Assets/Game.View/ShaderWarmup.cs:135)

(Filename: C:/build/output/unity/unity/Runtime/Export/Debug/Debug.bindings.cs Line: 123)

[camp-ambience] Fire Light base=3,039 observed=2,588..6,172 restored=True
UnityEngine.Debug:ExtractStackTraceNoAlloc (byte*,int,string)
UnityEngine.StackTraceUtility:ExtractStackTrace () (at C:/build/output/unity/unity/Runtime/Export/Scripting/StackTrace.cs:35)
UnityEngine.DebugLogHandler:Internal_Log (UnityEngine.LogType,UnityEngine.LogOption,string,UnityEngine.Object)
UnityEngine.DebugLogHandler:LogFormat (UnityEngine.LogType,UnityEngine.Object,string,object[]) (at C:/build/output/unity/unity/Runtime/Export/Logging/DebugLogHandler.cs:9)
UnityEngine.Logger:Log (UnityEngine.LogType,object) (at C:/build/output/unity/unity/Runtime/Export/Logging/Logger.cs:60)
UnityEngine.Debug:Log (object) (at C:/build/output/unity/unity/Runtime/Export/Debug/Debug.bindings.cs:123)
Game.View.CampAmbience:StopPreview () (at C:/Users/d.grab/Desktop/the-game/artifacts/camp-polish-project/Assets/Game.View/CampAmbience.cs:125)
Game.View.CampAmbience:OnDisable () (at C:/Users/d.grab/Desktop/the-game/artifacts/camp-polish-project/Assets/Game.View/CampAmbience.cs:117)

(Filename: C:/build/output/unity/unity/Runtime/Export/Debug/Debug.bindings.cs Line: 123)

[camp-ambience] Fire Light (1) base=3,039 observed=2,588..6,172 restored=True
UnityEngine.Debug:ExtractStackTraceNoAlloc (byte*,int,string)
UnityEngine.StackTraceUtility:ExtractStackTrace () (at C:/build/output/unity/unity/Runtime/Export/Scripting/StackTrace.cs:35)
UnityEngine.DebugLogHandler:Internal_Log (UnityEngine.LogType,UnityEngine.LogOption,string,UnityEngine.Object)
UnityEngine.DebugLogHandler:LogFormat (UnityEngine.LogType,UnityEngine.Object,string,object[]) (at C:/build/output/unity/unity/Runtime/Export/Logging/DebugLogHandler.cs:9)
UnityEngine.Logger:Log (UnityEngine.LogType,object) (at C:/build/output/unity/unity/Runtime/Export/Logging/Logger.cs:60)
UnityEngine.Debug:Log (object) (at C:/build/output/unity/unity/Runtime/Export/Debug/Debug.bindings.cs:123)
Game.View.CampAmbience:StopPreview () (at C:/Users/d.grab/Desktop/the-game/artifacts/camp-polish-project/Assets/Game.View/CampAmbience.cs:125)
Game.View.CampAmbience:OnDisable () (at C:/Users/d.grab/Desktop/the-game/artifacts/camp-polish-project/Assets/Game.View/CampAmbience.cs:117)

(Filename: C:/build/output/unity/unity/Runtime/Export/Debug/Debug.bindings.cs Line: 123)

[camp-ambience] Fire Light (3) base=2,739 observed=2,333..5,564 restored=True
UnityEngine.Debug:ExtractStackTraceNoAlloc (byte*,int,string)
UnityEngine.StackTraceUtility:ExtractStackTrace () (at C:/build/output/unity/unity/Runtime/Export/Scripting/StackTrace.cs:35)
UnityEngine.DebugLogHandler:Internal_Log (UnityEngine.LogType,UnityEngine.LogOption,string,UnityEngine.Object)
UnityEngine.DebugLogHandler:LogFormat (UnityEngine.LogType,UnityEngine.Object,string,object[]) (at C:/build/output/unity/unity/Runtime/Export/Logging/DebugLogHandler.cs:9)
UnityEngine.Logger:Log (UnityEngine.LogType,object) (at C:/build/output/unity/unity/Runtime/Export/Logging/Logger.cs:60)
UnityEngine.Debug:Log (object) (at C:/build/output/unity/unity/Runtime/Export/Debug/Debug.bindings.cs:123)
Game.View.CampAmbience:StopPreview () (at C:/Users/d.grab/Desktop/the-game/artifacts/camp-polish-project/Assets/Game.View/CampAmbience.cs:125)
Game.View.CampAmbience:OnDisable () (at C:/Users/d.grab/Desktop/the-game/artifacts/camp-polish-project/Assets/Game.View/CampAmbience.cs:117)

(Filename: C:/build/output/unity/unity/Runtime/Export/Debug/Debug.bindings.cs Line: 123)

[camp-ambience] Fire Light (4) base=2,739 observed=2,333..5,564 restored=True
UnityEngine.Debug:ExtractStackTraceNoAlloc (byte*,int,string)
UnityEngine.StackTraceUtility:ExtractStackTrace () (at C:/build/output/unity/unity/Runtime/Export/Scripting/StackTrace.cs:35)
UnityEngine.DebugLogHandler:Internal_Log (UnityEngine.LogType,UnityEngine.LogOption,string,UnityEngine.Object)
UnityEngine.DebugLogHandler:LogFormat (UnityEngine.LogType,UnityEngine.Object,string,object[]) (at C:/build/output/unity/unity/Runtime/Export/Logging/DebugLogHandler.cs:9)
UnityEngine.Logger:Log (UnityEngine.LogType,object) (at C:/build/output/unity/unity/Runtime/Export/Logging/Logger.cs:60)
UnityEngine.Debug:Log (object) (at C:/build/output/unity/unity/Runtime/Export/Debug/Debug.bindings.cs:123)
Game.View.CampAmbience:StopPreview () (at C:/Users/d.grab/Desktop/the-game/artifacts/camp-polish-project/Assets/Game.View/CampAmbience.cs:125)
Game.View.CampAmbience:OnDisable () (at C:/Users/d.grab/Desktop/the-game/artifacts/camp-polish-project/Assets/Game.View/CampAmbience.cs:117)

(Filename: C:/build/output/unity/unity/Runtime/Export/Debug/Debug.bindings.cs Line: 123)

[camp-ambience] Fire Light (2) base=3,039 observed=2,588..6,172 restored=True
UnityEngine.Debug:ExtractStackTraceNoAlloc (byte*,int,string)
UnityEngine.StackTraceUtility:ExtractStackTrace () (at C:/build/output/unity/unity/Runtime/Export/Scripting/StackTrace.cs:35)
UnityEngine.DebugLogHandler:Internal_Log (UnityEngine.LogType,UnityEngine.LogOption,string,UnityEngine.Object)
UnityEngine.DebugLogHandler:LogFormat (UnityEngine.LogType,UnityEngine.Object,string,object[]) (at C:/build/output/unity/unity/Runtime/Export/Logging/DebugLogHandler.cs:9)
UnityEngine.Logger:Log (UnityEngine.LogType,object) (at C:/build/output/unity/unity/Runtime/Export/Logging/Logger.cs:60)
UnityEngine.Debug:Log (object) (at C:/build/output/unity/unity/Runtime/Export/Debug/Debug.bindings.cs:123)
Game.View.CampAmbience:StopPreview () (at C:/Users/d.grab/Desktop/the-game/artifacts/camp-polish-project/Assets/Game.View/CampAmbience.cs:125)
Game.View.CampAmbience:OnDisable () (at C:/Users/d.grab/Desktop/the-game/artifacts/camp-polish-project/Assets/Game.View/CampAmbience.cs:117)

(Filename: C:/build/output/unity/unity/Runtime/Export/Debug/Debug.bindings.cs Line: 123)

[camp-ambience] Fire Light base=5,489 observed=4,448..12,020 restored=True
UnityEngine.Debug:ExtractStackTraceNoAlloc (byte*,int,string)
UnityEngine.StackTraceUtility:ExtractStackTrace () (at C:/build/output/unity/unity/Runtime/Export/Scripting/StackTrace.cs:35)
UnityEngine.DebugLogHandler:Internal_Log (UnityEngine.LogType,UnityEngine.LogOption,string,UnityEngine.Object)
UnityEngine.DebugLogHandler:LogFormat (UnityEngine.LogType,UnityEngine.Object,string,object[]) (at C:/build/output/unity/unity/Runtime/Export/Logging/DebugLogHandler.cs:9)
UnityEngine.Logger:Log (UnityEngine.LogType,object) (at C:/build/output/unity/unity/Runtime/Export/Logging/Logger.cs:60)
UnityEngine.Debug:Log (object) (at C:/build/output/unity/unity/Runtime/Export/Debug/Debug.bindings.cs:123)
Game.View.CampAmbience:StopPreview () (at C:/Users/d.grab/Desktop/the-game/artifacts/camp-polish-project/Assets/Game.View/CampAmbience.cs:125)
Game.View.CampAmbience:OnDisable () (at C:/Users/d.grab/Desktop/the-game/artifacts/camp-polish-project/Assets/Game.View/CampAmbience.cs:117)

(Filename: C:/build/output/unity/unity/Runtime/Export/Debug/Debug.bindings.cs Line: 123)

[camp-ambience] Fire Light (1) base=3,776 observed=3,671..8,473 restored=True
UnityEngine.Debug:ExtractStackTraceNoAlloc (byte*,int,string)
UnityEngine.StackTraceUtility:ExtractStackTrace () (at C:/build/output/unity/unity/Runtime/Export/Scripting/StackTrace.cs:35)
UnityEngine.DebugLogHandler:Internal_Log (UnityEngine.LogType,UnityEngine.LogOption,string,UnityEngine.Object)
UnityEngine.DebugLogHandler:LogFormat (UnityEngine.LogType,UnityEngine.Object,string,object[]) (at C:/build/output/unity/unity/Runtime/Export/Logging/DebugLogHandler.cs:9)
UnityEngine.Logger:Log (UnityEngine.LogType,object) (at C:/build/output/unity/unity/Runtime/Export/Logging/Logger.cs:60)
UnityEngine.Debug:Log (object) (at C:/build/output/unity/unity/Runtime/Export/Debug/Debug.bindings.cs:123)
Game.View.CampAmbience:StopPreview () (at C:/Users/d.grab/Desktop/the-game/artifacts/camp-polish-project/Assets/Game.View/CampAmbience.cs:125)
Game.View.CampAmbience:OnDisable () (at C:/Users/d.grab/Desktop/the-game/artifacts/camp-polish-project/Assets/Game.View/CampAmbience.cs:117)

(Filename: C:/build/output/unity/unity/Runtime/Export/Debug/Debug.bindings.cs Line: 123)

[camp-ambience] Fire Light (2) base=3,410 observed=3,410..7,651 restored=True
UnityEngine.Debug:ExtractStackTraceNoAlloc (byte*,int,string)
UnityEngine.StackTraceUtility:ExtractStackTrace () (at C:/build/output/unity/unity/Runtime/Export/Scripting/StackTrace.cs:35)
UnityEngine.DebugLogHandler:Internal_Log (UnityEngine.LogType,UnityEngine.LogOption,string,UnityEngine.Object)
UnityEngine.DebugLogHandler:LogFormat (UnityEngine.LogType,UnityEngine.Object,string,object[]) (at C:/build/output/unity/unity/Runtime/Export/Logging/DebugLogHandler.cs:9)
UnityEngine.Logger:Log (UnityEngine.LogType,object) (at C:/build/output/unity/unity/Runtime/Export/Logging/Logger.cs:60)
UnityEngine.Debug:Log (object) (at C:/build/output/unity/unity/Runtime/Export/Debug/Debug.bindings.cs:123)
Game.View.CampAmbience:StopPreview () (at C:/Users/d.grab/Desktop/the-game/artifacts/camp-polish-project/Assets/Game.View/CampAmbience.cs:125)
Game.View.CampAmbience:OnDisable () (at C:/Users/d.grab/Desktop/the-game/artifacts/camp-polish-project/Assets/Game.View/CampAmbience.cs:117)

(Filename: C:/build/output/unity/unity/Runtime/Export/Debug/Debug.bindings.cs Line: 123)

[camp-ambience] Fire Light (1) base=2,754 observed=2,612..6,082 restored=True
UnityEngine.Debug:ExtractStackTraceNoAlloc (byte*,int,string)
UnityEngine.StackTraceUtility:ExtractStackTrace () (at C:/build/output/unity/unity/Runtime/Export/Scripting/StackTrace.cs:35)
UnityEngine.DebugLogHandler:Internal_Log (UnityEngine.LogType,UnityEngine.LogOption,string,UnityEngine.Object)
UnityEngine.DebugLogHandler:LogFormat (UnityEngine.LogType,UnityEngine.Object,string,object[]) (at C:/build/output/unity/unity/Runtime/Export/Logging/DebugLogHandler.cs:9)
UnityEngine.Logger:Log (UnityEngine.LogType,object) (at C:/build/output/unity/unity/Runtime/Export/Logging/Logger.cs:60)
UnityEngine.Debug:Log (object) (at C:/build/output/unity/unity/Runtime/Export/Debug/Debug.bindings.cs:123)
Game.View.CampAmbience:StopPreview () (at C:/Users/d.grab/Desktop/the-game/artifacts/camp-polish-project/Assets/Game.View/CampAmbience.cs:125)
Game.View.CampAmbience:OnDisable () (at C:/Users/d.grab/Desktop/the-game/artifacts/camp-polish-project/Assets/Game.View/CampAmbience.cs:117)

(Filename: C:/build/output/unity/unity/Runtime/Export/Debug/Debug.bindings.cs Line: 123)

[camp-ambience] Fire Light (2) base=2,780 observed=2,780..6,239 restored=True
UnityEngine.Debug:ExtractStackTraceNoAlloc (byte*,int,string)
UnityEngine.StackTraceUtility:ExtractStackTrace () (at C:/build/output/unity/unity/Runtime/Export/Scripting/StackTrace.cs:35)
UnityEngine.DebugLogHandler:Internal_Log (UnityEngine.LogType,UnityEngine.LogOption,string,UnityEngine.Object)
UnityEngine.DebugLogHandler:LogFormat (UnityEngine.LogType,UnityEngine.Object,string,object[]) (at C:/build/output/unity/unity/Runtime/Export/Logging/DebugLogHandler.cs:9)
UnityEngine.Logger:Log (UnityEngine.LogType,object) (at C:/build/output/unity/unity/Runtime/Export/Logging/Logger.cs:60)
UnityEngine.Debug:Log (object) (at C:/build/output/unity/unity/Runtime/Export/Debug/Debug.bindings.cs:123)
Game.View.CampAmbience:StopPreview () (at C:/Users/d.grab/Desktop/the-game/artifacts/camp-polish-project/Assets/Game.View/CampAmbience.cs:125)
Game.View.CampAmbience:OnDisable () (at C:/Users/d.grab/Desktop/the-game/artifacts/camp-polish-project/Assets/Game.View/CampAmbience.cs:117)

(Filename: C:/build/output/unity/unity/Runtime/Export/Debug/Debug.bindings.cs Line: 123)

[camp-ambience] Fire Light (3) base=4,332 observed=3,905..9,612 restored=True
UnityEngine.Debug:ExtractStackTraceNoAlloc (byte*,int,string)
UnityEngine.StackTraceUtility:ExtractStackTrace () (at C:/build/output/unity/unity/Runtime/Export/Scripting/StackTrace.cs:35)
UnityEngine.DebugLogHandler:Internal_Log (UnityEngine.LogType,UnityEngine.LogOption,string,UnityEngine.Object)
UnityEngine.DebugLogHandler:LogFormat (UnityEngine.LogType,UnityEngine.Object,string,object[]) (at C:/build/output/unity/unity/Runtime/Export/Logging/DebugLogHandler.cs:9)
UnityEngine.Logger:Log (UnityEngine.LogType,object) (at C:/build/output/unity/unity/Runtime/Export/Logging/Logger.cs:60)
UnityEngine.Debug:Log (object) (at C:/build/output/unity/unity/Runtime/Export/Debug/Debug.bindings.cs:123)
Game.View.CampAmbience:StopPreview () (at C:/Users/d.grab/Desktop/the-game/artifacts/camp-polish-project/Assets/Game.View/CampAmbience.cs:125)
Game.View.CampAmbience:OnDisable () (at C:/Users/d.grab/Desktop/the-game/artifacts/camp-polish-project/Assets/Game.View/CampAmbience.cs:117)

(Filename: C:/build/output/unity/unity/Runtime/Export/Debug/Debug.bindings.cs Line: 123)

[camp-ambience] Fire Light (1) base=13,259 observed=11,182..29,752 restored=True
UnityEngine.Debug:ExtractStackTraceNoAlloc (byte*,int,string)
UnityEngine.StackTraceUtility:ExtractStackTrace () (at C:/build/output/unity/unity/Runtime/Export/Scripting/StackTrace.cs:35)
UnityEngine.DebugLogHandler:Internal_Log (UnityEngine.LogType,UnityEngine.LogOption,string,UnityEngine.Object)
UnityEngine.DebugLogHandler:LogFormat (UnityEngine.LogType,UnityEngine.Object,string,object[]) (at C:/build/output/unity/unity/Runtime/Export/Logging/DebugLogHandler.cs:9)
UnityEngine.Logger:Log (UnityEngine.LogType,object) (at C:/build/output/unity/unity/Runtime/Export/Logging/Logger.cs:60)
UnityEngine.Debug:Log (object) (at C:/build/output/unity/unity/Runtime/Export/Debug/Debug.bindings.cs:123)
Game.View.CampAmbience:StopPreview () (at C:/Users/d.grab/Desktop/the-game/artifacts/camp-polish-project/Assets/Game.View/CampAmbience.cs:125)
Game.View.CampAmbience:OnDisable () (at C:/Users/d.grab/Desktop/the-game/artifacts/camp-polish-project/Assets/Game.View/CampAmbience.cs:117)

(Filename: C:/build/output/unity/unity/Runtime/Export/Debug/Debug.bindings.cs Line: 123)

[camp-ambience] Fire Light (2) base=6,105 observed=6,105..13,470 restored=True
UnityEngine.Debug:ExtractStackTraceNoAlloc (byte*,int,string)
UnityEngine.StackTraceUtility:ExtractStackTrace () (at C:/build/output/unity/unity/Runtime/Export/Scripting/StackTrace.cs:35)
UnityEngine.DebugLogHandler:Internal_Log (UnityEngine.LogType,UnityEngine.LogOption,string,UnityEngine.Object)
UnityEngine.DebugLogHandler:LogFormat (UnityEngine.LogType,UnityEngine.Object,string,object[]) (at C:/build/output/unity/unity/Runtime/Export/Logging/DebugLogHandler.cs:9)
UnityEngine.Logger:Log (UnityEngine.LogType,object) (at C:/build/output/unity/unity/Runtime/Export/Logging/Logger.cs:60)
UnityEngine.Debug:Log (object) (at C:/build/output/unity/unity/Runtime/Export/Debug/Debug.bindings.cs:123)
Game.View.CampAmbience:StopPreview () (at C:/Users/d.grab/Desktop/the-game/artifacts/camp-polish-project/Assets/Game.View/CampAmbience.cs:125)
Game.View.CampAmbience:OnDisable () (at C:/Users/d.grab/Desktop/the-game/artifacts/camp-polish-project/Assets/Game.View/CampAmbience.cs:117)

(Filename: C:/build/output/unity/unity/Runtime/Export/Debug/Debug.bindings.cs Line: 123)

[camp-ambience] Fire Light (3) base=6,721 observed=6,721..14,835 restored=True
UnityEngine.Debug:ExtractStackTraceNoAlloc (byte*,int,string)
UnityEngine.StackTraceUtility:ExtractStackTrace () (at C:/build/output/unity/unity/Runtime/Export/Scripting/StackTrace.cs:35)
UnityEngine.DebugLogHandler:Internal_Log (UnityEngine.LogType,UnityEngine.LogOption,string,UnityEngine.Object)
UnityEngine.DebugLogHandler:LogFormat (UnityEngine.LogType,UnityEngine.Object,string,object[]) (at C:/build/output/unity/unity/Runtime/Export/Logging/DebugLogHandler.cs:9)
UnityEngine.Logger:Log (UnityEngine.LogType,object) (at C:/build/output/unity/unity/Runtime/Export/Logging/Logger.cs:60)
UnityEngine.Debug:Log (object) (at C:/build/output/unity/unity/Runtime/Export/Debug/Debug.bindings.cs:123)
Game.View.CampAmbience:StopPreview () (at C:/Users/d.grab/Desktop/the-game/artifacts/camp-polish-project/Assets/Game.View/CampAmbience.cs:125)
Game.View.CampAmbience:OnDisable () (at C:/Users/d.grab/Desktop/the-game/artifacts/camp-polish-project/Assets/Game.View/CampAmbience.cs:117)

(Filename: C:/build/output/unity/unity/Runtime/Export/Debug/Debug.bindings.cs Line: 123)

[camp-ambience] Огонь чаши base=1,250 observed=1,250..1,250 restored=True
UnityEngine.Debug:ExtractStackTraceNoAlloc (byte*,int,string)
UnityEngine.StackTraceUtility:ExtractStackTrace () (at C:/build/output/unity/unity/Runtime/Export/Scripting/StackTrace.cs:35)
UnityEngine.DebugLogHandler:Internal_Log (UnityEngine.LogType,UnityEngine.LogOption,string,UnityEngine.Object)
UnityEngine.DebugLogHandler:LogFormat (UnityEngine.LogType,UnityEngine.Object,string,object[]) (at C:/build/output/unity/unity/Runtime/Export/Logging/DebugLogHandler.cs:9)
UnityEngine.Logger:Log (UnityEngine.LogType,object) (at C:/build/output/unity/unity/Runtime/Export/Logging/Logger.cs:60)
UnityEngine.Debug:Log (object) (at C:/build/output/unity/unity/Runtime/Export/Debug/Debug.bindings.cs:123)
Game.View.CampAmbience:StopPreview () (at C:/Users/d.grab/Desktop/the-game/artifacts/camp-polish-project/Assets/Game.View/CampAmbience.cs:125)
Game.View.CampAmbience:OnDisable () (at C:/Users/d.grab/Desktop/the-game/artifacts/camp-polish-project/Assets/Game.View/CampAmbience.cs:117)

(Filename: C:/build/output/unity/unity/Runtime/Export/Debug/Debug.bindings.cs Line: 123)

[camp-ambience] Холод кристалла base=1,100 observed=1,100..1,100 restored=True
UnityEngine.Debug:ExtractStackTraceNoAlloc (byte*,int,string)
UnityEngine.StackTraceUtility:ExtractStackTrace () (at C:/build/output/unity/unity/Runtime/Export/Scripting/StackTrace.cs:35)
UnityEngine.DebugLogHandler:Internal_Log (UnityEngine.LogType,UnityEngine.LogOption,string,UnityEngine.Object)
UnityEngine.DebugLogHandler:LogFormat (UnityEngine.LogType,UnityEngine.Object,string,object[]) (at C:/build/output/unity/unity/Runtime/Export/Logging/DebugLogHandler.cs:9)
UnityEngine.Logger:Log (UnityEngine.LogType,object) (at C:/build/output/unity/unity/Runtime/Export/Logging/Logger.cs:60)
UnityEngine.Debug:Log (object) (at C:/build/output/unity/unity/Runtime/Export/Debug/Debug.bindings.cs:123)
Game.View.CampAmbience:StopPreview () (at C:/Users/d.grab/Desktop/the-game/artifacts/camp-polish-project/Assets/Game.View/CampAmbience.cs:125)
Game.View.CampAmbience:OnDisable () (at C:/Users/d.grab/Desktop/the-game/artifacts/camp-polish-project/Assets/Game.View/CampAmbience.cs:117)

(Filename: C:/build/output/unity/unity/Runtime/Export/Debug/Debug.bindings.cs Line: 123)

[camp-ambience] Алхимическое зелье base=1,150 observed=1,150..1,150 restored=True
UnityEngine.Debug:ExtractStackTraceNoAlloc (byte*,int,string)
UnityEngine.StackTraceUtility:ExtractStackTrace () (at C:/build/output/unity/unity/Runtime/Export/Scripting/StackTrace.cs:35)
UnityEngine.DebugLogHandler:Internal_Log (UnityEngine.LogType,UnityEngine.LogOption,string,UnityEngine.Object)
UnityEngine.DebugLogHandler:LogFormat (UnityEngine.LogType,UnityEngine.Object,string,object[]) (at C:/build/output/unity/unity/Runtime/Export/Logging/DebugLogHandler.cs:9)
UnityEngine.Logger:Log (UnityEngine.LogType,object) (at C:/build/output/unity/unity/Runtime/Export/Logging/Logger.cs:60)
UnityEngine.Debug:Log (object) (at C:/build/output/unity/unity/Runtime/Export/Debug/Debug.bindings.cs:123)
Game.View.CampAmbience:StopPreview () (at C:/Users/d.grab/Desktop/the-game/artifacts/camp-polish-project/Assets/Game.View/CampAmbience.cs:125)
Game.View.CampAmbience:OnDisable () (at C:/Users/d.grab/Desktop/the-game/artifacts/camp-polish-project/Assets/Game.View/CampAmbience.cs:117)

(Filename: C:/build/output/unity/unity/Runtime/Export/Debug/Debug.bindings.cs Line: 123)

[camp-ambience] Золотые руны base=0,280 observed=0,280..0,280 restored=True
UnityEngine.Debug:ExtractStackTraceNoAlloc (byte*,int,string)
UnityEngine.StackTraceUtility:ExtractStackTrace () (at C:/build/output/unity/unity/Runtime/Export/Scripting/StackTrace.cs:35)
UnityEngine.DebugLogHandler:Internal_Log (UnityEngine.LogType,UnityEngine.LogOption,string,UnityEngine.Object)
UnityEngine.DebugLogHandler:LogFormat (UnityEngine.LogType,UnityEngine.Object,string,object[]) (at C:/build/output/unity/unity/Runtime/Export/Logging/DebugLogHandler.cs:9)
UnityEngine.Logger:Log (UnityEngine.LogType,object) (at C:/build/output/unity/unity/Runtime/Export/Logging/Logger.cs:60)
UnityEngine.Debug:Log (object) (at C:/build/output/unity/unity/Runtime/Export/Debug/Debug.bindings.cs:123)
Game.View.CampAmbience:StopPreview () (at C:/Users/d.grab/Desktop/the-game/artifacts/camp-polish-project/Assets/Game.View/CampAmbience.cs:125)
Game.View.CampAmbience:OnDisable () (at C:/Users/d.grab/Desktop/the-game/artifacts/camp-polish-project/Assets/Game.View/CampAmbience.cs:117)

(Filename: C:/build/output/unity/unity/Runtime/Export/Debug/Debug.bindings.cs Line: 123)

[camp-ambience] Сердце круга base=2,100 observed=2,100..2,100 restored=True
UnityEngine.Debug:ExtractStackTraceNoAlloc (byte*,int,string)
UnityEngine.StackTraceUtility:ExtractStackTrace () (at C:/build/output/unity/unity/Runtime/Export/Scripting/StackTrace.cs:35)
UnityEngine.DebugLogHandler:Internal_Log (UnityEngine.LogType,UnityEngine.LogOption,string,UnityEngine.Object)
UnityEngine.DebugLogHandler:LogFormat (UnityEngine.LogType,UnityEngine.Object,string,object[]) (at C:/build/output/unity/unity/Runtime/Export/Logging/DebugLogHandler.cs:9)
UnityEngine.Logger:Log (UnityEngine.LogType,object) (at C:/build/output/unity/unity/Runtime/Export/Logging/Logger.cs:60)
UnityEngine.Debug:Log (object) (at C:/build/output/unity/unity/Runtime/Export/Debug/Debug.bindings.cs:123)
Game.View.CampAmbience:StopPreview () (at C:/Users/d.grab/Desktop/the-game/artifacts/camp-polish-project/Assets/Game.View/CampAmbience.cs:125)
Game.View.CampAmbience:OnDisable () (at C:/Users/d.grab/Desktop/the-game/artifacts/camp-polish-project/Assets/Game.View/CampAmbience.cs:117)

(Filename: C:/build/output/unity/unity/Runtime/Export/Debug/Debug.bindings.cs Line: 123)

[camp-ambience] Fire Light (5) base=4,682 observed=4,452..10,507 restored=True
UnityEngine.Debug:ExtractStackTraceNoAlloc (byte*,int,string)
UnityEngine.StackTraceUtility:ExtractStackTrace () (at C:/build/output/unity/unity/Runtime/Export/Scripting/StackTrace.cs:35)
UnityEngine.DebugLogHandler:Internal_Log (UnityEngine.LogType,UnityEngine.LogOption,string,UnityEngine.Object)
UnityEngine.DebugLogHandler:LogFormat (UnityEngine.LogType,UnityEngine.Object,string,object[]) (at C:/build/output/unity/unity/Runtime/Export/Logging/DebugLogHandler.cs:9)
UnityEngine.Logger:Log (UnityEngine.LogType,object) (at C:/build/output/unity/unity/Runtime/Export/Logging/Logger.cs:60)
UnityEngine.Debug:Log (object) (at C:/build/output/unity/unity/Runtime/Export/Debug/Debug.bindings.cs:123)
Game.View.CampAmbience:StopPreview () (at C:/Users/d.grab/Desktop/the-game/artifacts/camp-polish-project/Assets/Game.View/CampAmbience.cs:125)
Game.View.CampAmbience:OnDisable () (at C:/Users/d.grab/Desktop/the-game/artifacts/camp-polish-project/Assets/Game.View/CampAmbience.cs:117)

(Filename: C:/build/output/unity/unity/Runtime/Export/Debug/Debug.bindings.cs Line: 123)

[camp-ambience] Fire Light (4) base=3,128 observed=3,128..7,014 restored=True
UnityEngine.Debug:ExtractStackTraceNoAlloc (byte*,int,string)
UnityEngine.StackTraceUtility:ExtractStackTrace () (at C:/build/output/unity/unity/Runtime/Export/Scripting/StackTrace.cs:35)
UnityEngine.DebugLogHandler:Internal_Log (UnityEngine.LogType,UnityEngine.LogOption,string,UnityEngine.Object)
UnityEngine.DebugLogHandler:LogFormat (UnityEngine.LogType,UnityEngine.Object,string,object[]) (at C:/build/output/unity/unity/Runtime/Export/Logging/DebugLogHandler.cs:9)
UnityEngine.Logger:Log (UnityEngine.LogType,object) (at C:/build/output/unity/unity/Runtime/Export/Logging/Logger.cs:60)
UnityEngine.Debug:Log (object) (at C:/build/output/unity/unity/Runtime/Export/Debug/Debug.bindings.cs:123)
Game.View.CampAmbience:StopPreview () (at C:/Users/d.grab/Desktop/the-game/artifacts/camp-polish-project/Assets/Game.View/CampAmbience.cs:125)
Game.View.CampAmbience:OnDisable () (at C:/Users/d.grab/Desktop/the-game/artifacts/camp-polish-project/Assets/Game.View/CampAmbience.cs:117)

(Filename: C:/build/output/unity/unity/Runtime/Export/Debug/Debug.bindings.cs Line: 123)

[camp-ambience] Зелёный отсвет колбы base=2,099 observed=1,732..4,599 restored=True
UnityEngine.Debug:ExtractStackTraceNoAlloc (byte*,int,string)
UnityEngine.StackTraceUtility:ExtractStackTrace () (at C:/build/output/unity/unity/Runtime/Export/Scripting/StackTrace.cs:35)
UnityEngine.DebugLogHandler:Internal_Log (UnityEngine.LogType,UnityEngine.LogOption,string,UnityEngine.Object)
UnityEngine.DebugLogHandler:LogFormat (UnityEngine.LogType,UnityEngine.Object,string,object[]) (at C:/build/output/unity/unity/Runtime/Export/Logging/DebugLogHandler.cs:9)
UnityEngine.Logger:Log (UnityEngine.LogType,object) (at C:/build/output/unity/unity/Runtime/Export/Logging/Logger.cs:60)
UnityEngine.Debug:Log (object) (at C:/build/output/unity/unity/Runtime/Export/Debug/Debug.bindings.cs:123)
Game.View.CampAmbience:StopPreview () (at C:/Users/d.grab/Desktop/the-game/artifacts/camp-polish-project/Assets/Game.View/CampAmbience.cs:125)
Game.View.CampAmbience:OnDisable () (at C:/Users/d.grab/Desktop/the-game/artifacts/camp-polish-project/Assets/Game.View/CampAmbience.cs:117)

(Filename: C:/build/output/unity/unity/Runtime/Export/Debug/Debug.bindings.cs Line: 123)

[camp-ambience] Fire Light (5) base=0,762 observed=0,607..1,677 restored=True
UnityEngine.Debug:ExtractStackTraceNoAlloc (byte*,int,string)
UnityEngine.StackTraceUtility:ExtractStackTrace () (at C:/build/output/unity/unity/Runtime/Export/Scripting/StackTrace.cs:35)
UnityEngine.DebugLogHandler:Internal_Log (UnityEngine.LogType,UnityEngine.LogOption,string,UnityEngine.Object)
UnityEngine.DebugLogHandler:LogFormat (UnityEngine.LogType,UnityEngine.Object,string,object[]) (at C:/build/output/unity/unity/Runtime/Export/Logging/DebugLogHandler.cs:9)
UnityEngine.Logger:Log (UnityEngine.LogType,object) (at C:/build/output/unity/unity/Runtime/Export/Logging/Logger.cs:60)
UnityEngine.Debug:Log (object) (at C:/build/output/unity/unity/Runtime/Export/Debug/Debug.bindings.cs:123)
Game.View.CampAmbience:StopPreview () (at C:/Users/d.grab/Desktop/the-game/artifacts/camp-polish-project/Assets/Game.View/CampAmbience.cs:125)
Game.View.CampAmbience:OnDisable () (at C:/Users/d.grab/Desktop/the-game/artifacts/camp-polish-project/Assets/Game.View/CampAmbience.cs:117)

(Filename: C:/build/output/unity/unity/Runtime/Export/Debug/Debug.bindings.cs Line: 123)

[camp-ambience] Fire Light (6) base=0,767 observed=0,736..1,679 restored=True
UnityEngine.Debug:ExtractStackTraceNoAlloc (byte*,int,string)
UnityEngine.StackTraceUtility:ExtractStackTrace () (at C:/build/output/unity/unity/Runtime/Export/Scripting/StackTrace.cs:35)
UnityEngine.DebugLogHandler:Internal_Log (UnityEngine.LogType,UnityEngine.LogOption,string,UnityEngine.Object)
UnityEngine.DebugLogHandler:LogFormat (UnityEngine.LogType,UnityEngine.Object,string,object[]) (at C:/build/output/unity/unity/Runtime/Export/Logging/DebugLogHandler.cs:9)
UnityEngine.Logger:Log (UnityEngine.LogType,object) (at C:/build/output/unity/unity/Runtime/Export/Logging/Logger.cs:60)
UnityEngine.Debug:Log (object) (at C:/build/output/unity/unity/Runtime/Export/Debug/Debug.bindings.cs:123)
Game.View.CampAmbience:StopPreview () (at C:/Users/d.grab/Desktop/the-game/artifacts/camp-polish-project/Assets/Game.View/CampAmbience.cs:125)
Game.View.CampAmbience:OnDisable () (at C:/Users/d.grab/Desktop/the-game/artifacts/camp-polish-project/Assets/Game.View/CampAmbience.cs:117)

(Filename: C:/build/output/unity/unity/Runtime/Export/Debug/Debug.bindings.cs Line: 123)

[Physics::Module] Cleanup current backend.
[Physics::Module] Id: 0xf2b8ea05
Input System module state changed to: ShutdownInProgress.
Input Polling Thread exited.
Input System module state changed to: Shutdown.
CodeReloadManager destroyed
PlayerConnection::Cleanup##utp:{"type":"MemoryLeaks","version":2,"phase":"Immediate","time":1790732153379,"processId":91644,"allocatedMemory":753551,"memoryLabels":[{"Default":140692},{"Thread":14272},{"Manager":541017},{"Shader":8},{"GfxDevice":2488},{"GfxThread":19968},{"Animation":827368},{"Serialization":9368},{"Input":2440},{"ScriptingNativeRuntime":15168},{"BaseObject":31936},{"String":611},{"PoolAlloc":384},{"CodeReload":440},{"CloudService":144},{"WebRequest":3871},{"VR":1928},{"Video":144},{"NativeArray":372},{"Subsystems":96},{"Gui":340},{"CoreBusinessMetrics":128}]}
