clip,time,length,leftX,leftY,leftZ,rightX,rightY,rightZ,hipsYaw,rootYaw
Run,0.000000,0.550000,-0.205559,0.148242,0.015752,0.185021,0.026491,-0.146649,10.048430,0.000000
Run,0.004167,0.550000,-0.202911,0.141774,0.036195,0.184714,0.025396,-0.165253,9.469713,0.000000
Run,0.008333,0.550000,-0.200318,0.136311,0.057191,0.184123,0.024667,-0.183662,8.873959,0.000000
Run,0.012500,0.550000,-0.197356,0.131471,0.078684,0.183494,0.024288,-0.202029,8.262306,0.000000
Run,0.016667,0.550000,-0.193553,0.126887,0.100667,0.183094,0.024270,-0.220547,7.635838,0.000000
Run,0.020833,0.550000,-0.188606,0.122649,0.123590,0.182907,0.025002,-0.238877,6.995571,0.000000
Run,0.025000,0.550000,-0.182505,0.118520,0.146825,0.183004,0.025955,-0.257349,6.342448,0.000000
Run,0.029167,0.550000,-0.175703,0.114791,0.170099,0.183270,0.026975,-0.275812,5.677330,0.000000
Run,0.033333,0.550000,-0.168655,0.111656,0.193095,0.183599,0.027890,-0.294107,5.000989,0.000000
Run,0.037500,0.550000,-0.161286,0.108816,0.215897,0.184258,0.028571,-0.311961,4.328940,0.000000
Run,0.041667,0.550000,-0.153178,0.106500,0.238319,0.185409,0.029486,-0.329540,3.679935,0.000000
Run,0.045833,0.550000,-0.144681,0.104849,0.260160,0.186526,0.030600,-0.346874,3.059591,0.000000
Run,0.050000,0.550000,-0.136352,0.103969,0.281315,0.187081,0.031873,-0.364036,2.473588,0.000000
Run,0.054167,0.550000,-0.128519,0.103871,0.301911,0.186849,0.033489,-0.381443,1.927665,0.000000
Run,0.058333,0.550000,-0.120973,0.104480,0.322034,0.186506,0.035539,-0.398839,1.427613,0.000000
Run,0.062500,0.550000,-0.113788,0.105734,0.341501,0.186636,0.037770,-0.415463,0.979282,0.000000
Run,0.066667,0.550000,-0.107058,0.107542,0.360144,0.187704,0.039820,-0.430574,0.588587,0.000000
Run,0.070833,0.550000,-0.100824,0.109118,0.377278,0.189975,0.040593,-0.443981,0.261514,0.000000
Run,0.075000,0.550000,-0.095271,0.110969,0.393312,0.192954,0.041138,-0.455406,0.004135,0.000000
Run,0.079167,0.550000,-0.090520,0.112913,0.408138,0.196057,0.042135,-0.465633,359.822600,0.000000
Run,0.083333,0.550000,-0.086684,0.114746,0.421668,0.198719,0.044060,-0.475686,359.723300,0.000000
Run,0.087500,0.550000,-0.083835,0.116148,0.433590,0.201674,0.046299,-0.485381,359.678600,0.000000
Run,0.091667,0.550000,-0.081770,0.117053,0.444255,0.205190,0.048617,-0.493339,359.652400,0.000000
Run,0.095833,0.550000,-0.080517,0.117451,0.453512,0.207831,0.051662,-0.500640,359.637500,0.000000
Run,0.100000,0.550000,-0.080063,0.117300,0.461198,0.208455,0.055928,-0.509049,359.626600,0.000000
Run,0.104167,0.550000,-0.080624,0.117306,0.467786,0.205227,0.062030,-0.520035,359.612200,0.000000
Run,0.108333,0.550000,-0.081833,0.116600,0.472503,0.199619,0.069185,-0.533319,359.586700,0.000000
Run,0.112500,0.550000,-0.083557,0.115085,0.475219,0.194569,0.077576,-0.546305,359.542400,0.000000
Run,0.116667,0.550000,-0.085630,0.112676,0.475823,0.192522,0.086456,-0.556420,359.471400,0.000000
Run,0.120833,0.550000,-0.087987,0.108454,0.474302,0.194333,0.093735,-0.562413,359.365900,0.000000
Run,0.125000,0.550000,-0.090718,0.103724,0.471423,0.197969,0.100671,-0.565547,359.218200,0.000000
Run,0.129167,0.550000,-0.093636,0.098441,0.466799,0.201645,0.107664,-0.568600,359.020600,0.000000
Run,0.133333,0.550000,-0.096509,0.092581,0.460040,0.203621,0.114943,-0.574403,358.765700,0.000000
Run,0.137500,0.550000,-0.099512,0.085486,0.451107,0.202719,0.123171,-0.584071,358.463400,0.000000
Run,0.141667,0.550000,-0.102820,0.078410,0.440162,0.200088,0.134389,-0.594544,358.133700,0.000000
Run,0.145833,0.550000,-0.106477,0.071806,0.427455,0.197139,0.148078,-0.602424,357.783800,0.000000
Run,0.150000,0.550000,-0.110544,0.066153,0.413260,0.195232,0.162560,-0.606124,357.421300,0.000000
Run,0.154167,0.550000,-0.115792,0.060824,0.397584,0.194177,0.176939,-0.606709,357.053600,0.000000
Run,0.158333,0.550000,-0.121694,0.057279,0.380914,0.193049,0.193894,-0.604213,356.688200,0.000000
Run,0.162500,0.550000,-0.126873,0.054809,0.363539,0.191787,0.211802,-0.598400,356.332400,0.000000
Run,0.166667,0.550000,-0.130224,0.052462,0.345707,0.190529,0.228462,-0.589808,355.993700,0.000000
Run,0.170833,0.550000,-0.131369,0.048529,0.326358,0.189379,0.241867,-0.579472,355.679200,0.000000
Run,0.175000,0.550000,-0.130763,0.044691,0.305598,0.188425,0.254178,-0.567670,355.396300,0.000000
Run,0.179167,0.550000,-0.129451,0.041486,0.284682,0.187238,0.265811,-0.554856,355.152000,0.000000
Run,0.183333,0.550000,-0.128391,0.039156,0.264884,0.185492,0.277033,-0.541286,354.953400,0.000000
Run,0.187500,0.550000,-0.128047,0.037826,0.245574,0.183252,0.288015,-0.527595,354.777500,0.000000
Run,0.191667,0.550000,-0.127925,0.036709,0.226488,0.181167,0.297902,-0.512976,354.597600,0.000000
Run,0.195833,0.550000,-0.127876,0.035614,0.207429,0.179431,0.306443,-0.497417,354.414700,0.000000
Run,0.200000,0.550000,-0.127752,0.034379,0.188196,0.178229,0.313399,-0.480913,354.229900,0.000000
Run,0.204167,0.550000,-0.127410,0.033778,0.168704,0.177693,0.319462,-0.463901,354.044500,0.000000
Run,0.208333,0.550000,-0.126912,0.033081,0.149538,0.177691,0.323956,-0.446389,353.859500,0.000000
Run,0.212500,0.550000,-0.126268,0.032176,0.130565,0.178159,0.326829,-0.428625,353.676500,0.000000
Run,0.216667,0.550000,-0.125478,0.030962,0.111652,0.179032,0.327980,-0.410828,353.496800,0.000000
Run,0.220833,0.550000,-0.124442,0.030332,0.092916,0.180423,0.328245,-0.392825,353.322000,0.000000
Run,0.225000,0.550000,-0.123351,0.029580,0.073934,0.182149,0.326932,-0.375040,353.153800,0.000000
Run,0.229167,0.550000,-0.122231,0.028675,0.054740,0.184116,0.324043,-0.357523,352.993900,0.000000
Run,0.233333,0.550000,-0.121099,0.027586,0.035354,0.186245,0.319543,-0.340269,352.844400,0.000000
Run,0.237500,0.550000,-0.119951,0.027182,0.016588,0.188645,0.314264,-0.322327,352.707200,0.000000
Run,0.241667,0.550000,-0.118809,0.026549,-0.002355,0.191407,0.307350,-0.304312,352.584200,0.000000
Run,0.245833,0.550000,-0.117677,0.025680,-0.021478,0.194481,0.298901,-0.286099,352.477700,0.000000
Run,0.250000,0.550000,-0.116564,0.024578,-0.040782,0.197819,0.289024,-0.267545,352.389600,0.000000
Run,0.254167,0.550000,-0.115709,0.024777,-0.059354,0.200890,0.279001,-0.247603,352.351000,0.000000
Run,0.258333,0.550000,-0.114959,0.025076,-0.078109,0.203546,0.267592,-0.227256,352.389500,0.000000
Run,0.262500,0.550000,-0.114284,0.025343,-0.096810,0.205785,0.255112,-0.206451,352.501500,0.000000
Run,0.266667,0.550000,-0.113687,0.025412,-0.115214,0.207589,0.241858,-0.185185,352.683700,0.000000
Run,0.270833,0.550000,-0.113913,0.026385,-0.133064,0.208756,0.229431,-0.162613,352.932700,0.000000
Run,0.275000,0.550000,-0.114830,0.027089,-0.151488,0.209758,0.216818,-0.139583,353.244900,0.000000
Run,0.279167,0.550000,-0.116009,0.027547,-0.169733,0.210668,0.204195,-0.116170,353.616800,0.000000
Run,0.283333,0.550000,-0.116927,0.027458,-0.187060,0.211541,0.191709,-0.092516,354.044700,0.000000
Run,0.287500,0.550000,-0.118413,0.026733,-0.203223,0.211719,0.180296,-0.067947,354.525100,0.000000
Run,0.291667,0.550000,-0.120665,0.024794,-0.219271,0.211403,0.169032,-0.042646,355.054400,0.000000
Run,0.295833,0.550000,-0.123223,0.023186,-0.234891,0.210775,0.158118,-0.016589,355.629100,0.000000
Run,0.300000,0.550000,-0.125514,0.023311,-0.249682,0.210044,0.147760,0.010214,356.245600,0.000000
Run,0.304167,0.550000,-0.127411,0.024639,-0.264377,0.209103,0.137041,0.036684,356.892900,0.000000
Run,0.308333,0.550000,-0.128882,0.027131,-0.278108,0.208250,0.127043,0.063812,357.558300,0.000000
Run,0.312500,0.550000,-0.130357,0.029766,-0.291195,0.207463,0.117888,0.091523,358.235600,0.000000
Run,0.316667,0.550000,-0.132296,0.031588,-0.304044,0.206735,0.109696,0.119719,358.918300,0.000000
Run,0.320833,0.550000,-0.134159,0.032770,-0.317911,0.206293,0.102724,0.147819,359.600400,0.000000
Run,0.325000,0.550000,-0.135719,0.033581,-0.332224,0.205786,0.096829,0.176181,0.275723,0.000000
Run,0.329167,0.550000,-0.137120,0.033798,-0.346174,0.205187,0.092055,0.204604,0.938304,0.000000
Run,0.333333,0.550000,-0.138565,0.033166,-0.358871,0.204498,0.088428,0.232894,1.582216,0.000000
Run,0.337500,0.550000,-0.140258,0.031995,-0.369790,0.203887,0.086301,0.260725,2.201587,0.000000
Run,0.341667,0.550000,-0.142415,0.030182,-0.379707,0.202759,0.084997,0.287640,2.790534,0.000000
Run,0.345833,0.550000,-0.144669,0.028243,-0.389623,0.200773,0.084306,0.313367,3.343102,0.000000
Run,0.350000,0.550000,-0.146812,0.026788,-0.400689,0.197602,0.084004,0.337659,3.853143,0.000000
Run,0.354167,0.550000,-0.149137,0.025611,-0.412983,0.193239,0.084080,0.361164,4.332847,0.000000
Run,0.358333,0.550000,-0.152113,0.024905,-0.426538,0.187829,0.084438,0.382993,4.791940,0.000000
Run,0.362500,0.550000,-0.155030,0.026005,-0.440144,0.181994,0.085163,0.402786,5.220360,0.000000
Run,0.366667,0.550000,-0.157161,0.029515,-0.452410,0.176231,0.086208,0.420180,5.608158,0.000000
Run,0.370833,0.550000,-0.158216,0.035399,-0.462799,0.170732,0.087679,0.437202,5.945676,0.000000
Run,0.375000,0.550000,-0.158757,0.043233,-0.473230,0.165478,0.090074,0.453043,6.223648,0.000000
Run,0.379167,0.550000,-0.159159,0.051950,-0.482780,0.160824,0.092901,0.466352,6.433214,0.000000
Run,0.383333,0.550000,-0.159759,0.060472,-0.490535,0.157195,0.095346,0.475950,6.565847,0.000000
Run,0.387500,0.550000,-0.161638,0.065063,-0.495502,0.154717,0.094345,0.481465,6.625145,0.000000
Run,0.391667,0.550000,-0.164402,0.069204,-0.497066,0.153232,0.093671,0.485739,6.629577,0.000000
Run,0.395833,0.550000,-0.166787,0.072787,-0.499199,0.152222,0.092869,0.488353,6.592868,0.000000
Run,0.400000,0.550000,-0.167651,0.075806,-0.505899,0.151164,0.091434,0.488892,6.528483,0.000000
Run,0.404167,0.550000,-0.166451,0.080210,-0.519776,0.150573,0.088094,0.486628,6.449630,0.000000
Run,0.408333,0.550000,-0.163905,0.090329,-0.535911,0.151108,0.083342,0.481442,6.369291,0.000000
Run,0.412500,0.550000,-0.160979,0.105899,-0.547359,0.152296,0.077864,0.474191,6.300243,0.000000
Run,0.416667,0.550000,-0.158605,0.121617,-0.551540,0.153668,0.072382,0.465727,6.255119,0.000000
Run,0.420833,0.550000,-0.156814,0.133662,-0.551960,0.155207,0.066283,0.455057,6.246454,0.000000
Run,0.425000,0.550000,-0.155372,0.144269,-0.550561,0.157145,0.059869,0.442108,6.286747,0.000000
Run,0.429167,0.550000,-0.154448,0.153892,-0.547510,0.159674,0.053689,0.427448,6.388536,0.000000
Run,0.433333,0.550000,-0.154190,0.163232,-0.542284,0.163072,0.048131,0.411680,6.564463,0.000000
Run,0.437500,0.550000,-0.154244,0.171782,-0.535069,0.167973,0.042602,0.394248,6.800570,0.000000
Run,0.441667,0.550000,-0.154588,0.179768,-0.526188,0.173511,0.037818,0.375290,7.071013,0.000000
Run,0.445833,0.550000,-0.155165,0.187174,-0.515809,0.178518,0.033917,0.355564,7.370810,0.000000
Run,0.450000,0.550000,-0.155943,0.193982,-0.504080,0.181971,0.030816,0.335788,7.695048,0.000000
Run,0.454167,0.550000,-0.157055,0.199539,-0.491262,0.182817,0.027669,0.315151,8.038866,0.000000
Run,0.458333,0.550000,-0.158355,0.204456,-0.477351,0.181828,0.025351,0.293515,8.397405,0.000000
Run,0.462500,0.550000,-0.159856,0.208703,-0.462455,0.180348,0.024110,0.272196,8.765788,0.000000
Run,0.466667,0.550000,-0.161582,0.212246,-0.446666,0.179616,0.023768,0.252505,9.139094,0.000000
Run,0.470833,0.550000,-0.163607,0.214766,-0.430161,0.179679,0.023574,0.233921,9.512343,0.000000
Run,0.475000,0.550000,-0.165854,0.216378,-0.412814,0.179900,0.023446,0.215152,9.880486,0.000000
Run,0.479167,0.550000,-0.168289,0.217008,-0.394671,0.180221,0.023236,0.195866,10.238390,0.000000
Run,0.483333,0.550000,-0.170876,0.216584,-0.375757,0.180565,0.022830,0.175743,10.580840,0.000000
Run,0.487500,0.550000,-0.173521,0.215456,-0.355769,0.181172,0.022757,0.155311,10.902550,0.000000
Run,0.491667,0.550000,-0.176093,0.213188,-0.335072,0.182265,0.022721,0.134720,11.198140,0.000000
Run,0.495833,0.550000,-0.178607,0.209810,-0.313704,0.183621,0.022662,0.114030,11.462180,0.000000
Run,0.500000,0.550000,-0.181075,0.205356,-0.291683,0.185029,0.022517,0.093302,11.689170,0.000000
Run,0.504167,0.550000,-0.183423,0.200977,-0.268452,0.186484,0.023235,0.073142,11.873560,0.000000
Run,0.508333,0.550000,-0.185946,0.195870,-0.244591,0.187616,0.023719,0.053055,12.009780,0.000000
Run,0.512500,0.550000,-0.188659,0.190206,-0.220138,0.188261,0.023887,0.033088,12.092250,0.000000
Run,0.516667,0.550000,-0.191596,0.184146,-0.195123,0.188266,0.023660,0.013286,12.115440,0.000000
Run,0.520833,0.550000,-0.194258,0.179324,-0.169390,0.188039,0.024525,-0.006162,12.061850,0.000000
Run,0.525000,0.550000,-0.196715,0.174280,-0.143557,0.187566,0.024955,-0.025848,11.925680,0.000000
Run,0.529167,0.550000,-0.198974,0.169056,-0.117669,0.186939,0.024914,-0.045769,11.718930,0.000000
Run,0.533333,0.550000,-0.201013,0.163667,-0.091772,0.186247,0.024373,-0.065936,11.453640,0.000000
Run,0.537500,0.550000,-0.202587,0.159380,-0.065386,0.185790,0.024835,-0.085814,11.141850,0.000000
Run,0.541667,0.550000,-0.203867,0.154618,-0.038758,0.185427,0.024798,-0.105921,10.795660,0.000000
Run,0.545833,0.550000,-0.204844,0.150528,-0.011701,0.185177,0.025102,-0.126243,10.427150,0.000000
Run,0.550000,0.550000,-0.205559,0.148242,0.015751,0.185022,0.026491,-0.146648,10.048430,0.000000
RunStart,0.000000,0.166667,-0.280060,0.012221,0.148541,0.047617,0.008681,0.092549,358.455300,0.000000
RunStart,0.004065,0.166667,-0.278695,0.014739,0.157771,0.050286,0.008933,0.096225,358.509400,0.000000
RunStart,0.008130,0.166667,-0.277489,0.017290,0.166306,0.052763,0.009504,0.100831,358.565700,0.000000
RunStart,0.012195,0.166667,-0.276349,0.019939,0.174517,0.055164,0.010252,0.105820,358.623100,0.000000
RunStart,0.016260,0.166667,-0.275180,0.022765,0.182771,0.057599,0.011024,0.110649,358.680600,0.000000
RunStart,0.020325,0.166667,-0.273890,0.025861,0.191433,0.060172,0.011652,0.114774,358.737500,0.000000
RunStart,0.024390,0.166667,-0.272384,0.029335,0.200860,0.062984,0.011960,0.117648,358.793500,0.000000
RunStart,0.028455,0.166667,-0.270561,0.033312,0.211399,0.066124,0.011766,0.118723,358.848200,0.000000
RunStart,0.032520,0.166667,-0.268308,0.037937,0.223386,0.069677,0.010900,0.117438,358.901400,0.000000
RunStart,0.036585,0.166667,-0.265316,0.045476,0.237067,0.073781,0.011531,0.113626,358.959100,0.000000
RunStart,0.040650,0.166667,-0.261311,0.054417,0.252223,0.078449,0.012454,0.107933,359.033500,0.000000
RunStart,0.044715,0.166667,-0.256560,0.064218,0.268466,0.083425,0.013158,0.100514,359.122700,0.000000
RunStart,0.048780,0.166667,-0.251347,0.074826,0.285433,0.088455,0.013638,0.091502,359.224300,0.000000
RunStart,0.052846,0.166667,-0.245952,0.086153,0.302791,0.093307,0.013872,0.081027,359.335600,0.000000
RunStart,0.056911,0.166667,-0.240660,0.098075,0.320258,0.097767,0.013831,0.069213,359.453900,0.000000
RunStart,0.060976,0.166667,-0.235754,0.110445,0.337598,0.101649,0.013478,0.056181,359.576100,0.000000
RunStart,0.065041,0.166667,-0.231526,0.123101,0.354629,0.104795,0.012789,0.042051,359.699100,0.000000
RunStart,0.069106,0.166667,-0.227948,0.136085,0.371633,0.107399,0.011729,0.026857,359.819700,0.000000
RunStart,0.073171,0.166667,-0.223832,0.150029,0.389911,0.110690,0.010366,0.010245,359.934800,0.000000
RunStart,0.077236,0.166667,-0.219008,0.164709,0.408844,0.114657,0.009114,-0.007901,0.040867,0.000000
RunStart,0.081301,0.166667,-0.213508,0.179741,0.427645,0.119110,0.008390,-0.027625,0.134860,0.000000
RunStart,0.085366,0.166667,-0.207439,0.194666,0.445570,0.123815,0.008553,-0.048937,0.213625,0.000000
RunStart,0.089431,0.166667,-0.200983,0.208956,0.461934,0.128505,0.009875,-0.071827,0.274211,0.000000
RunStart,0.093496,0.166667,-0.194387,0.222020,0.476108,0.132891,0.012538,-0.096275,0.313884,0.000000
RunStart,0.097561,0.166667,-0.187952,0.233223,0.487517,0.136686,0.016645,-0.122262,0.330191,0.000000
RunStart,0.101626,0.166667,-0.181946,0.238562,0.495818,0.139718,0.018879,-0.149877,0.320723,0.000000
RunStart,0.105691,0.166667,-0.176090,0.236638,0.502460,0.142670,0.017934,-0.179772,0.281622,0.000000
RunStart,0.109756,0.166667,-0.170419,0.232939,0.507667,0.145623,0.019031,-0.211585,0.212542,0.000000
RunStart,0.113821,0.166667,-0.165089,0.227689,0.511211,0.148483,0.022092,-0.244733,0.113875,0.000000
RunStart,0.117886,0.166667,-0.160252,0.221069,0.512859,0.151215,0.026941,-0.278658,359.985700,0.000000
RunStart,0.121951,0.166667,-0.156048,0.213228,0.512378,0.153846,0.033325,-0.312837,359.827300,0.000000
RunStart,0.126016,0.166667,-0.152594,0.204299,0.509540,0.156435,0.040974,-0.346800,359.637500,0.000000
RunStart,0.130081,0.166667,-0.149988,0.194432,0.504122,0.159033,0.049687,-0.380128,359.414200,0.000000
RunStart,0.134146,0.166667,-0.148310,0.183097,0.495858,0.161605,0.058778,-0.412451,359.153900,0.000000
RunStart,0.138211,0.166667,-0.147793,0.167529,0.483669,0.164012,0.067214,-0.444302,358.839500,0.000000
RunStart,0.142276,0.166667,-0.148235,0.150652,0.467693,0.166095,0.079126,-0.475531,358.472700,0.000000
RunStart,0.146342,0.166667,-0.149251,0.133165,0.448716,0.167663,0.095441,-0.505136,358.065200,0.000000
RunStart,0.150407,0.166667,-0.150489,0.115709,0.427576,0.168581,0.116526,-0.531839,357.629000,0.000000
RunStart,0.154472,0.166667,-0.151644,0.098808,0.405169,0.168844,0.141976,-0.554392,357.175800,0.000000
RunStart,0.158537,0.166667,-0.152472,0.082832,0.382437,0.168608,0.170637,-0.571991,356.717900,0.000000
RunStart,0.162602,0.166667,-0.152800,0.067979,0.360344,0.168164,0.200889,-0.584589,356.267300,0.000000
RunStart,0.166667,0.166667,-0.152517,0.054286,0.339846,0.167876,0.231068,-0.592987,355.836400,0.000000
RunStop,0.000000,0.166667,-0.114107,0.027182,-0.188348,0.212704,0.193873,-0.093717,353.846300,0.000000
RunStop,0.004065,0.166667,-0.117270,0.027068,-0.202748,0.214229,0.172107,-0.078314,354.500600,0.000000
RunStop,0.008130,0.166667,-0.120640,0.027902,-0.218196,0.214975,0.151585,-0.060204,355.178100,0.000000
RunStop,0.012195,0.166667,-0.124333,0.029715,-0.234121,0.214851,0.132728,-0.040083,355.867500,0.000000
RunStop,0.016260,0.166667,-0.128425,0.032439,-0.249949,0.213810,0.115785,-0.018778,356.557600,0.000000
RunStop,0.020325,0.166667,-0.132956,0.035904,-0.265127,0.211849,0.100827,0.002802,357.237200,0.000000
RunStop,0.024390,0.166667,-0.137922,0.039847,-0.279129,0.209007,0.087761,0.023713,357.894800,0.000000
RunStop,0.028455,0.166667,-0.143279,0.043930,-0.291468,0.205350,0.076352,0.043004,358.519400,0.000000
RunStop,0.032520,0.166667,-0.148943,0.047765,-0.301695,0.200969,0.066275,0.059743,359.099700,0.000000
RunStop,0.036585,0.166667,-0.154820,0.051003,-0.309959,0.195973,0.057023,0.073509,359.643700,0.000000
RunStop,0.040650,0.166667,-0.160789,0.053655,-0.317210,0.190419,0.048393,0.084915,0.180769,0.000000
RunStop,0.044715,0.166667,-0.166630,0.055868,-0.323374,0.184338,0.040821,0.094031,0.701581,0.000000
RunStop,0.048780,0.166667,-0.172157,0.057795,-0.328308,0.177793,0.034703,0.100926,1.194851,0.000000
RunStop,0.052846,0.166667,-0.177239,0.059587,-0.331832,0.170877,0.030345,0.105710,1.648516,0.000000
RunStop,0.056911,0.166667,-0.181815,0.061394,-0.333741,0.163698,0.027941,0.108544,2.049898,0.000000
RunStop,0.060976,0.166667,-0.185902,0.063360,-0.333820,0.156368,0.027552,0.109646,2.385912,0.000000
RunStop,0.065041,0.166667,-0.189591,0.065627,-0.331850,0.148990,0.029114,0.109290,2.643336,0.000000
RunStop,0.069106,0.166667,-0.193012,0.065685,-0.327640,0.141573,0.029725,0.107343,2.809143,0.000000
RunStop,0.073171,0.166667,-0.196153,0.063950,-0.321197,0.133927,0.029347,0.102472,2.882097,0.000000
RunStop,0.077236,0.166667,-0.199011,0.062146,-0.312652,0.126204,0.029752,0.095250,2.875906,0.000000
RunStop,0.081301,0.166667,-0.201597,0.060382,-0.302131,0.118592,0.031091,0.086474,2.805232,0.000000
RunStop,0.085366,0.166667,-0.203937,0.058773,-0.289772,0.111278,0.033456,0.076942,2.684891,0.000000
RunStop,0.089431,0.166667,-0.206064,0.057434,-0.275718,0.104447,0.036863,0.067445,2.529708,0.000000
RunStop,0.093496,0.166667,-0.208024,0.056473,-0.260130,0.098276,0.041255,0.058753,2.354297,0.000000
RunStop,0.097561,0.166667,-0.209872,0.055993,-0.243184,0.092930,0.046513,0.051608,2.172785,0.000000
RunStop,0.101626,0.166667,-0.211663,0.053078,-0.224908,0.088558,0.049448,0.046565,1.992789,0.000000
RunStop,0.105691,0.166667,-0.213444,0.046391,-0.204088,0.085161,0.048167,0.042686,1.774339,0.000000
RunStop,0.109756,0.166667,-0.215292,0.040641,-0.180974,0.082585,0.046982,0.039651,1.517435,0.000000
RunStop,0.113821,0.166667,-0.217276,0.035961,-0.156241,0.080664,0.045806,0.037433,1.234622,0.000000
RunStop,0.117886,0.166667,-0.219443,0.032388,-0.130575,0.079231,0.044602,0.035997,0.938197,0.000000
RunStop,0.121951,0.166667,-0.221817,0.029853,-0.104655,0.078121,0.043364,0.035315,0.640304,0.000000
RunStop,0.126016,0.166667,-0.224396,0.028171,-0.079137,0.077171,0.042100,0.035363,0.353034,0.000000
RunStop,0.130081,0.166667,-0.227156,0.027051,-0.054637,0.076219,0.040832,0.036125,0.088510,0.000000
RunStop,0.134146,0.166667,-0.230054,0.025649,-0.031702,0.075116,0.039112,0.037609,359.858500,0.000000
RunStop,0.138211,0.166667,-0.233141,0.022542,-0.009860,0.074053,0.035425,0.040258,359.654500,0.000000
RunStop,0.142276,0.166667,-0.236436,0.019741,0.011355,0.073127,0.031634,0.044071,359.466300,0.000000
RunStop,0.146342,0.166667,-0.239909,0.017278,0.032064,0.072301,0.027774,0.048767,359.290000,0.000000
RunStop,0.150407,0.166667,-0.243534,0.015204,0.052382,0.071543,0.023883,0.054067,359.121700,0.000000
RunStop,0.154472,0.166667,-0.247280,0.013584,0.072416,0.070825,0.019998,0.059695,358.957700,0.000000
RunStop,0.158537,0.166667,-0.251121,0.012491,0.092263,0.070123,0.016152,0.065370,358.794400,0.000000
RunStop,0.162602,0.166667,-0.255032,0.012007,0.112012,0.069416,0.012373,0.070815,358.628100,0.000000
RunStop,0.166667,0.166667,-0.258988,0.012220,0.131741,0.068688,0.008681,0.075749,358.455300,0.000000
StrafeLeft,0.000000,0.533333,-0.063783,0.134352,0.137644,0.165431,0.041882,-0.226581,47.874460,0.000000
StrafeLeft,0.004167,0.533333,-0.049564,0.126496,0.147332,0.149171,0.038654,-0.247323,47.328600,0.000000
StrafeLeft,0.008333,0.533333,-0.034552,0.119929,0.157652,0.132911,0.037245,-0.268694,46.764080,0.000000
StrafeLeft,0.012500,0.533333,-0.018958,0.114477,0.168451,0.116742,0.037412,-0.290416,46.185940,0.000000
StrafeLeft,0.016667,0.533333,-0.002964,0.109936,0.179557,0.100751,0.038877,-0.312245,45.599510,0.000000
StrafeLeft,0.020833,0.533333,0.013285,0.106071,0.190783,0.085018,0.041328,-0.333978,45.010410,0.000000
StrafeLeft,0.025000,0.533333,0.029677,0.102625,0.201931,0.069614,0.044432,-0.355456,44.424580,0.000000
StrafeLeft,0.029167,0.533333,0.046139,0.099330,0.212794,0.054596,0.047846,-0.376565,43.848140,0.000000
StrafeLeft,0.033333,0.533333,0.062633,0.095912,0.223148,0.040006,0.051228,-0.397223,43.287520,0.000000
StrafeLeft,0.037500,0.533333,0.079574,0.092309,0.232828,0.025572,0.054630,-0.417776,42.722510,0.000000
StrafeLeft,0.041667,0.533333,0.097272,0.088838,0.241732,0.011301,0.058476,-0.438494,42.138000,0.000000
StrafeLeft,0.045833,0.533333,0.115490,0.085761,0.249782,-0.002401,0.062919,-0.459161,41.549060,0.000000
StrafeLeft,0.050000,0.533333,0.133910,0.083280,0.257006,-0.015223,0.068010,-0.479508,40.972080,0.000000
StrafeLeft,0.054167,0.533333,0.152150,0.081519,0.263558,-0.026965,0.073690,-0.499221,40.424700,0.000000
StrafeLeft,0.058333,0.533333,0.169785,0.080523,0.269731,-0.037531,0.079793,-0.517952,39.925690,0.000000
StrafeLeft,0.062500,0.533333,0.186370,0.080257,0.275944,-0.046912,0.086052,-0.535333,39.494650,0.000000
StrafeLeft,0.066667,0.533333,0.201460,0.080621,0.282722,-0.055150,0.092113,-0.550988,39.151660,0.000000
StrafeLeft,0.070833,0.533333,0.215350,0.081314,0.290692,-0.062339,0.097245,-0.565101,38.929820,0.000000
StrafeLeft,0.075000,0.533333,0.228413,0.082237,0.299865,-0.068585,0.101288,-0.577745,38.827230,0.000000
StrafeLeft,0.079167,0.533333,0.240323,0.083479,0.309846,-0.073994,0.104653,-0.588461,38.810820,0.000000
StrafeLeft,0.083333,0.533333,0.250775,0.085033,0.320189,-0.078762,0.107699,-0.596999,38.846920,0.000000
StrafeLeft,0.087500,0.533333,0.259522,0.086796,0.330402,-0.083179,0.110722,-0.603396,38.901410,0.000000
StrafeLeft,0.091667,0.533333,0.266391,0.088576,0.339973,-0.087587,0.113964,-0.608005,38.940010,0.000000
StrafeLeft,0.095833,0.533333,0.271296,0.090121,0.348380,-0.092325,0.117625,-0.611440,38.928400,0.000000
StrafeLeft,0.100000,0.533333,0.274229,0.091143,0.355109,-0.097695,0.121904,-0.614469,38.832460,0.000000
StrafeLeft,0.104167,0.533333,0.275462,0.091202,0.360645,-0.103753,0.126548,-0.617066,38.662660,0.000000
StrafeLeft,0.108333,0.533333,0.275237,0.090152,0.365681,-0.110253,0.131142,-0.618947,38.455150,0.000000
StrafeLeft,0.112500,0.533333,0.273564,0.088139,0.370000,-0.116951,0.135738,-0.620428,38.214700,0.000000
StrafeLeft,0.116667,0.533333,0.270460,0.085318,0.373359,-0.123578,0.140423,-0.621737,37.946530,0.000000
StrafeLeft,0.120833,0.533333,0.265948,0.081855,0.375507,-0.129890,0.145315,-0.623020,37.656330,0.000000
StrafeLeft,0.125000,0.533333,0.260053,0.077943,0.376196,-0.135695,0.150570,-0.624354,37.350360,0.000000
StrafeLeft,0.129167,0.533333,0.252794,0.073813,0.375194,-0.140876,0.156411,-0.625751,37.035350,0.000000
StrafeLeft,0.133333,0.533333,0.244180,0.069750,0.372291,-0.145398,0.163164,-0.627149,36.718330,0.000000
StrafeLeft,0.137500,0.533333,0.233550,0.063700,0.367343,-0.150127,0.170063,-0.628189,36.378920,0.000000
StrafeLeft,0.141667,0.533333,0.220723,0.057797,0.360386,-0.155377,0.180481,-0.627838,36.002560,0.000000
StrafeLeft,0.145833,0.533333,0.206407,0.052329,0.351549,-0.160279,0.194375,-0.624987,35.605030,0.000000
StrafeLeft,0.150000,0.533333,0.191295,0.047511,0.341040,-0.163921,0.211085,-0.618825,35.201850,0.000000
StrafeLeft,0.154167,0.533333,0.176050,0.043424,0.329138,-0.165519,0.229344,-0.609134,34.808280,0.000000
StrafeLeft,0.158333,0.533333,0.161282,0.039975,0.316163,-0.164599,0.247535,-0.596440,34.439420,0.000000
StrafeLeft,0.162500,0.533333,0.147530,0.036891,0.302443,-0.161093,0.264033,-0.581932,34.110210,0.000000
StrafeLeft,0.166667,0.533333,0.135247,0.033754,0.288270,-0.155270,0.277457,-0.567214,33.835530,0.000000
StrafeLeft,0.170833,0.533333,0.124054,0.030697,0.273164,-0.148005,0.288923,-0.552796,33.622040,0.000000
StrafeLeft,0.175000,0.533333,0.113237,0.028191,0.256789,-0.139996,0.300272,-0.538022,33.458070,0.000000
StrafeLeft,0.179167,0.533333,0.102701,0.026198,0.239581,-0.131324,0.311328,-0.522885,33.331080,0.000000
StrafeLeft,0.183333,0.533333,0.092384,0.024619,0.221940,-0.121993,0.321775,-0.507421,33.228660,0.000000
StrafeLeft,0.187500,0.533333,0.082254,0.023295,0.204222,-0.111952,0.331170,-0.491720,33.138440,0.000000
StrafeLeft,0.191667,0.533333,0.072311,0.022014,0.186724,-0.101118,0.338965,-0.475924,33.048210,0.000000
StrafeLeft,0.195833,0.533333,0.062576,0.020514,0.169688,-0.089374,0.344525,-0.460206,32.945800,0.000000
StrafeLeft,0.200000,0.533333,0.053090,0.018503,0.153294,-0.076574,0.347153,-0.444738,32.819090,0.000000
StrafeLeft,0.204167,0.533333,0.043881,0.018327,0.136971,-0.062261,0.349243,-0.429574,32.654150,0.000000
StrafeLeft,0.208333,0.533333,0.034923,0.018161,0.120215,-0.046493,0.349549,-0.414664,32.456690,0.000000
StrafeLeft,0.212500,0.533333,0.026171,0.017914,0.103230,-0.029805,0.348312,-0.399999,32.244120,0.000000
StrafeLeft,0.216667,0.533333,0.017571,0.017484,0.086196,-0.012667,0.345693,-0.385583,32.033970,0.000000
StrafeLeft,0.220833,0.533333,0.009054,0.016759,0.069267,0.004513,0.341763,-0.371436,31.843770,0.000000
StrafeLeft,0.225000,0.533333,0.000532,0.015622,0.052585,0.021382,0.336504,-0.357590,31.691070,0.000000
StrafeLeft,0.229167,0.533333,-0.008109,0.013957,0.036288,0.037645,0.329822,-0.344072,31.593310,0.000000
StrafeLeft,0.233333,0.533333,-0.017017,0.011653,0.020518,0.053057,0.321552,-0.330894,31.567830,0.000000
StrafeLeft,0.237500,0.533333,-0.026558,0.012509,0.004909,0.068374,0.314821,-0.317564,31.599730,0.000000
StrafeLeft,0.241667,0.533333,-0.036892,0.013186,-0.010919,0.084511,0.305847,-0.303439,31.665960,0.000000
StrafeLeft,0.245833,0.533333,-0.047856,0.013977,-0.026769,0.101459,0.295230,-0.288322,31.771240,0.000000
StrafeLeft,0.250000,0.533333,-0.059239,0.015075,-0.042387,0.119156,0.283566,-0.272092,31.920240,0.000000
StrafeLeft,0.254167,0.533333,-0.070782,0.016534,-0.057482,0.137469,0.271427,-0.254725,32.117500,0.000000
StrafeLeft,0.258333,0.533333,-0.082193,0.018265,-0.071756,0.156194,0.259333,-0.236324,32.367400,0.000000
StrafeLeft,0.262500,0.533333,-0.093164,0.020038,-0.084931,0.175052,0.247722,-0.217119,32.674170,0.000000
StrafeLeft,0.266667,0.533333,-0.103391,0.021509,-0.096775,0.193706,0.236929,-0.197472,33.041810,0.000000
StrafeLeft,0.270833,0.533333,-0.113140,0.022280,-0.107044,0.212381,0.226384,-0.176813,33.491680,0.000000
StrafeLeft,0.275000,0.533333,-0.122873,0.022355,-0.115778,0.231514,0.215726,-0.154284,34.026090,0.000000
StrafeLeft,0.279167,0.533333,-0.132574,0.021927,-0.123222,0.250997,0.205476,-0.129990,34.620980,0.000000
StrafeLeft,0.283333,0.533333,-0.142197,0.021176,-0.129632,0.270688,0.196095,-0.104158,35.253440,0.000000
StrafeLeft,0.287500,0.533333,-0.151666,0.020260,-0.135287,0.290433,0.187960,-0.077132,35.902030,0.000000
StrafeLeft,0.291667,0.533333,-0.160883,0.019308,-0.140501,0.310101,0.181353,-0.049360,36.546850,0.000000
StrafeLeft,0.295833,0.533333,-0.169734,0.018415,-0.145625,0.329598,0.176451,-0.021377,37.169510,0.000000
StrafeLeft,0.300000,0.533333,-0.178087,0.017648,-0.151061,0.348896,0.173334,0.006224,37.752930,0.000000
StrafeLeft,0.304167,0.533333,-0.185772,0.017228,-0.156630,0.368638,0.172833,0.033959,38.323290,0.000000
StrafeLeft,0.308333,0.533333,-0.192803,0.015653,-0.162078,0.388974,0.173889,0.062446,38.909600,0.000000
StrafeLeft,0.312500,0.533333,-0.199321,0.013524,-0.167714,0.409190,0.176660,0.091146,39.500120,0.000000
StrafeLeft,0.316667,0.533333,-0.205472,0.011436,-0.173788,0.428609,0.181100,0.119445,40.083570,0.000000
StrafeLeft,0.320833,0.533333,-0.211433,0.009959,-0.180480,0.446639,0.186965,0.146704,40.649000,0.000000
StrafeLeft,0.325000,0.533333,-0.217436,0.009609,-0.187890,0.462796,0.193830,0.172288,41.185700,0.000000
StrafeLeft,0.329167,0.533333,-0.223779,0.010845,-0.196043,0.476717,0.201133,0.195609,41.683080,0.000000
StrafeLeft,0.333333,0.533333,-0.230816,0.014068,-0.204911,0.488160,0.208209,0.216152,42.130400,0.000000
StrafeLeft,0.337500,0.533333,-0.238546,0.019292,-0.214820,0.497686,0.214085,0.234110,42.538900,0.000000
StrafeLeft,0.341667,0.533333,-0.246738,0.026160,-0.225914,0.505880,0.218728,0.249917,42.924430,0.000000
StrafeLeft,0.345833,0.533333,-0.255402,0.034436,-0.237860,0.512591,0.222733,0.263456,43.282470,0.000000
StrafeLeft,0.350000,0.533333,-0.264500,0.043822,-0.250320,0.517694,0.226533,0.274616,43.608330,0.000000
StrafeLeft,0.354167,0.533333,-0.273948,0.053952,-0.262949,0.521135,0.230393,0.283331,43.897650,0.000000
StrafeLeft,0.358333,0.533333,-0.283631,0.064429,-0.275396,0.522970,0.234431,0.289615,44.146640,0.000000
StrafeLeft,0.362500,0.533333,-0.293416,0.074892,-0.287303,0.523368,0.238663,0.293571,44.352230,0.000000
StrafeLeft,0.366667,0.533333,-0.303177,0.085120,-0.298293,0.522588,0.243056,0.295387,44.511970,0.000000
StrafeLeft,0.370833,0.533333,-0.313497,0.079313,-0.309201,0.520588,0.229950,0.295197,44.595980,0.000000
StrafeLeft,0.375000,0.533333,-0.324586,0.075629,-0.320411,0.517335,0.215335,0.293127,44.594750,0.000000
StrafeLeft,0.379167,0.533333,-0.335657,0.074579,-0.330741,0.513064,0.199489,0.289382,44.536710,0.000000
StrafeLeft,0.383333,0.533333,-0.345842,0.076197,-0.339016,0.507953,0.182740,0.284128,44.450040,0.000000
StrafeLeft,0.387500,0.533333,-0.354339,0.079913,-0.344317,0.502167,0.165455,0.277491,44.362520,0.000000
StrafeLeft,0.391667,0.533333,-0.360590,0.084631,-0.346213,0.495887,0.148033,0.269566,44.301460,0.000000
StrafeLeft,0.395833,0.533333,-0.364397,0.088972,-0.344870,0.489327,0.130898,0.260416,44.293650,0.000000
StrafeLeft,0.400000,0.533333,-0.365927,0.091544,-0.340975,0.482746,0.114494,0.250082,44.365470,0.000000
StrafeLeft,0.404167,0.533333,-0.365736,0.100970,-0.335465,0.475815,0.106875,0.237861,44.513180,0.000000
StrafeLeft,0.408333,0.533333,-0.364132,0.110377,-0.328719,0.468032,0.099692,0.223413,44.710870,0.000000
StrafeLeft,0.412500,0.533333,-0.361142,0.119639,-0.320806,0.459475,0.093237,0.207313,44.951420,0.000000
StrafeLeft,0.416667,0.533333,-0.356796,0.128566,-0.311733,0.450292,0.087728,0.190127,45.227830,0.000000
StrafeLeft,0.420833,0.533333,-0.351131,0.136895,-0.301469,0.440702,0.083248,0.172397,45.533200,0.000000
StrafeLeft,0.425000,0.533333,-0.344185,0.144306,-0.289952,0.430971,0.079719,0.154614,45.860730,0.000000
StrafeLeft,0.429167,0.533333,-0.335993,0.150428,-0.277104,0.421389,0.076901,0.137197,46.203750,0.000000
StrafeLeft,0.433333,0.533333,-0.326578,0.154858,-0.262831,0.412239,0.074409,0.120486,46.555730,0.000000
StrafeLeft,0.437500,0.533333,-0.316136,0.157887,-0.246990,0.403015,0.072335,0.104787,46.910210,0.000000
StrafeLeft,0.441667,0.533333,-0.304971,0.160225,-0.229791,0.393154,0.070958,0.089932,47.260940,0.000000
StrafeLeft,0.445833,0.533333,-0.293263,0.162020,-0.211614,0.382816,0.070078,0.075522,47.601700,0.000000
StrafeLeft,0.450000,0.533333,-0.281185,0.163322,-0.192788,0.372137,0.069473,0.061206,47.926400,0.000000
StrafeLeft,0.454167,0.533333,-0.268896,0.164087,-0.173592,0.361227,0.068896,0.046677,48.229040,0.000000
StrafeLeft,0.458333,0.533333,-0.256526,0.164186,-0.154254,0.350161,0.068067,0.031666,48.503630,0.000000
StrafeLeft,0.462500,0.533333,-0.244163,0.163419,-0.134948,0.338970,0.066681,0.015922,48.744190,0.000000
StrafeLeft,0.466667,0.533333,-0.231844,0.161533,-0.115795,0.327637,0.064426,-0.000806,48.944730,0.000000
StrafeLeft,0.470833,0.533333,-0.218965,0.159919,-0.095527,0.315537,0.063056,-0.019206,49.101750,0.000000
StrafeLeft,0.475000,0.533333,-0.205098,0.156752,-0.073298,0.302275,0.060841,-0.039289,49.218040,0.000000
StrafeLeft,0.479167,0.533333,-0.190520,0.152901,-0.049838,0.288174,0.058244,-0.060317,49.296830,0.000000
StrafeLeft,0.483333,0.533333,-0.175578,0.149070,-0.025928,0.273618,0.055633,-0.081559,49.341320,0.000000
StrafeLeft,0.487500,0.533333,-0.160698,0.145756,-0.002401,0.259056,0.053257,-0.102295,49.354780,0.000000
StrafeLeft,0.491667,0.533333,-0.146383,0.143234,0.019867,0.244993,0.051253,-0.121817,49.340670,0.000000
StrafeLeft,0.495833,0.533333,-0.133197,0.141557,0.039981,0.231982,0.049640,-0.139432,49.302600,0.000000
StrafeLeft,0.500000,0.533333,-0.121741,0.140589,0.057050,0.220596,0.048344,-0.154464,49.244380,0.000000
StrafeLeft,0.504167,0.533333,-0.112147,0.141269,0.071010,0.211038,0.048630,-0.166860,49.153000,0.000000
StrafeLeft,0.508333,0.533333,-0.103890,0.141056,0.082796,0.202905,0.048221,-0.177367,49.019380,0.000000
StrafeLeft,0.512500,0.533333,-0.096615,0.140099,0.092984,0.195869,0.047258,-0.186480,48.853220,0.000000
StrafeLeft,0.516667,0.533333,-0.089986,0.138632,0.102104,0.189600,0.045932,-0.194661,48.664260,0.000000
StrafeLeft,0.520833,0.533333,-0.083687,0.136952,0.110655,0.183762,0.044472,-0.202347,48.462190,0.000000
StrafeLeft,0.525000,0.533333,-0.077412,0.135411,0.119119,0.178017,0.043128,-0.209958,48.256740,0.000000
StrafeLeft,0.529167,0.533333,-0.070869,0.134398,0.127965,0.172022,0.042169,-0.217905,48.057600,0.000000
StrafeLeft,0.533333,0.533333,-0.063783,0.134352,0.137644,0.165431,0.041882,-0.226581,47.874460,0.000000
StrafeRight,0.000000,0.533333,-0.242367,0.189573,-0.164652,0.150527,0.013708,-0.072699,331.214500,0.000000
StrafeRight,0.004167,0.533333,-0.254672,0.180508,-0.141226,0.159007,0.012060,-0.082408,330.547600,0.000000
StrafeRight,0.008333,0.533333,-0.267496,0.173502,-0.115993,0.168147,0.011408,-0.091666,329.881700,0.000000
StrafeRight,0.012500,0.533333,-0.280709,0.168541,-0.089413,0.177694,0.011526,-0.100600,329.222800,0.000000
StrafeRight,0.016667,0.533333,-0.294154,0.165523,-0.061933,0.187419,0.012176,-0.109339,328.576300,0.000000
StrafeRight,0.020833,0.533333,-0.307663,0.164253,-0.033971,0.197117,0.013106,-0.118011,327.947000,0.000000
StrafeRight,0.025000,0.533333,-0.321052,0.164463,-0.005904,0.206619,0.014057,-0.126746,327.339400,0.000000
StrafeRight,0.029167,0.533333,-0.334138,0.165813,0.021934,0.215784,0.014777,-0.135670,326.757400,0.000000
StrafeRight,0.033333,0.533333,-0.346727,0.167912,0.049256,0.224495,0.015025,-0.144906,326.204400,0.000000
StrafeRight,0.037500,0.533333,-0.358829,0.170728,0.076810,0.232644,0.014682,-0.154342,325.659200,0.000000
StrafeRight,0.041667,0.533333,-0.370303,0.174618,0.105187,0.240376,0.013981,-0.163675,325.108900,0.000000
StrafeRight,0.045833,0.533333,-0.380798,0.179655,0.133830,0.247938,0.013221,-0.172784,324.568500,0.000000
StrafeRight,0.050000,0.533333,-0.390101,0.185794,0.162108,0.255509,0.012687,-0.181618,324.051900,0.000000
StrafeRight,0.054167,0.533333,-0.398166,0.192875,0.189352,0.263212,0.012630,-0.190207,323.572300,0.000000
StrafeRight,0.058333,0.533333,-0.405127,0.200641,0.214890,0.271108,0.013266,-0.198657,323.141900,0.000000
StrafeRight,0.062500,0.533333,-0.411294,0.208758,0.238076,0.279205,0.014767,-0.207124,322.772600,0.000000
StrafeRight,0.066667,0.533333,-0.417123,0.216838,0.258304,0.287475,0.017261,-0.215788,322.475800,0.000000
StrafeRight,0.070833,0.533333,-0.423364,0.220901,0.275844,0.295771,0.016534,-0.224982,322.274600,0.000000
StrafeRight,0.075000,0.533333,-0.430242,0.224510,0.291285,0.303719,0.015923,-0.234607,322.165300,0.000000
StrafeRight,0.079167,0.533333,-0.437487,0.227701,0.304508,0.310983,0.015961,-0.244272,322.120200,0.000000
StrafeRight,0.083333,0.533333,-0.444792,0.230437,0.315393,0.317370,0.017048,-0.253743,322.112300,0.000000
StrafeRight,0.087500,0.533333,-0.451818,0.232610,0.323856,0.322904,0.019423,-0.262960,322.114600,0.000000
StrafeRight,0.091667,0.533333,-0.458201,0.234044,0.329870,0.327858,0.023160,-0.271999,322.100400,0.000000
StrafeRight,0.095833,0.533333,-0.463554,0.234524,0.333480,0.332729,0.028201,-0.281007,322.042800,0.000000
StrafeRight,0.100000,0.533333,-0.467475,0.233815,0.334806,0.338164,0.034439,-0.290135,321.914500,0.000000
StrafeRight,0.104167,0.533333,-0.470116,0.225723,0.333676,0.344673,0.036825,-0.299893,321.721100,0.000000
StrafeRight,0.108333,0.533333,-0.471902,0.215174,0.329992,0.352209,0.040716,-0.310461,321.491400,0.000000
StrafeRight,0.112500,0.533333,-0.472790,0.202721,0.324035,0.360578,0.045758,-0.321393,321.232800,0.000000
StrafeRight,0.116667,0.533333,-0.472723,0.188936,0.316094,0.369521,0.051617,-0.332203,320.952500,0.000000
StrafeRight,0.120833,0.533333,-0.471663,0.174411,0.306473,0.378720,0.057973,-0.342420,320.657300,0.000000
StrafeRight,0.125000,0.533333,-0.469620,0.159763,0.295487,0.387803,0.064528,-0.351621,320.353600,0.000000
StrafeRight,0.129167,0.533333,-0.466658,0.145634,0.283466,0.396354,0.071031,-0.359445,320.047300,0.000000
StrafeRight,0.133333,0.533333,-0.462906,0.132701,0.270744,0.403913,0.077334,-0.365604,319.744200,0.000000
StrafeRight,0.137500,0.533333,-0.458104,0.123372,0.256689,0.410692,0.087602,-0.370623,319.427000,0.000000
StrafeRight,0.141667,0.533333,-0.451866,0.114667,0.240848,0.416542,0.101216,-0.374600,319.081800,0.000000
StrafeRight,0.145833,0.533333,-0.444226,0.106796,0.223816,0.420401,0.118187,-0.376641,318.720300,0.000000
StrafeRight,0.150000,0.533333,-0.435325,0.099915,0.206175,0.421387,0.137851,-0.375960,318.354000,0.000000
StrafeRight,0.154167,0.533333,-0.425417,0.094063,0.188469,0.419068,0.158880,-0.372097,317.995100,0.000000
StrafeRight,0.158333,0.533333,-0.414842,0.089126,0.171175,0.413627,0.179535,-0.365099,317.655400,0.000000
StrafeRight,0.162500,0.533333,-0.403999,0.084836,0.154676,0.405833,0.198041,-0.355539,317.347100,0.000000
StrafeRight,0.166667,0.533333,-0.393293,0.080781,0.139249,0.396840,0.212852,-0.344372,317.082300,0.000000
StrafeRight,0.170833,0.533333,-0.382588,0.077223,0.124629,0.387026,0.224876,-0.332317,316.868500,0.000000
StrafeRight,0.175000,0.533333,-0.371629,0.074635,0.110337,0.376081,0.236064,-0.319488,316.697500,0.000000
StrafeRight,0.179167,0.533333,-0.360611,0.072828,0.096262,0.364250,0.246516,-0.306019,316.557700,0.000000
StrafeRight,0.183333,0.533333,-0.349687,0.071573,0.082312,0.351781,0.256163,-0.291982,316.437800,0.000000
StrafeRight,0.187500,0.533333,-0.338970,0.070602,0.068417,0.338920,0.264765,-0.277420,316.326000,0.000000
StrafeRight,0.191667,0.533333,-0.328527,0.069610,0.054515,0.325913,0.271938,-0.262359,316.210700,0.000000
StrafeRight,0.195833,0.533333,-0.318375,0.068268,0.040551,0.312989,0.277169,-0.246814,316.080400,0.000000
StrafeRight,0.200000,0.533333,-0.308483,0.066230,0.026470,0.300331,0.279852,-0.230779,315.923400,0.000000
StrafeRight,0.204167,0.533333,-0.298722,0.065557,0.012177,0.287759,0.281626,-0.213875,315.722800,0.000000
StrafeRight,0.208333,0.533333,-0.288996,0.064900,-0.002352,0.275066,0.281349,-0.196071,315.482200,0.000000
StrafeRight,0.212500,0.533333,-0.279264,0.064100,-0.017086,0.262346,0.279425,-0.177803,315.220500,0.000000
StrafeRight,0.216667,0.533333,-0.269462,0.063002,-0.032002,0.249703,0.276154,-0.159456,314.957000,0.000000
StrafeRight,0.220833,0.533333,-0.259511,0.061454,-0.047095,0.237242,0.271729,-0.141372,314.711100,0.000000
StrafeRight,0.225000,0.533333,-0.249321,0.059319,-0.062375,0.225072,0.266240,-0.123845,314.502300,0.000000
StrafeRight,0.229167,0.533333,-0.238801,0.056478,-0.077874,0.213294,0.259683,-0.107128,314.350300,0.000000
StrafeRight,0.233333,0.533333,-0.227859,0.052841,-0.093650,0.201998,0.251980,-0.091430,314.275100,0.000000
StrafeRight,0.237500,0.533333,-0.216347,0.051904,-0.110056,0.190640,0.245790,-0.075953,314.263500,0.000000
StrafeRight,0.241667,0.533333,-0.204159,0.050692,-0.127314,0.178603,0.237464,-0.059735,314.291300,0.000000
StrafeRight,0.245833,0.533333,-0.191341,0.049564,-0.145264,0.165886,0.227576,-0.042751,314.362100,0.000000
StrafeRight,0.250000,0.533333,-0.178009,0.048791,-0.163697,0.152551,0.216678,-0.025057,314.479600,0.000000
StrafeRight,0.254167,0.533333,-0.164347,0.048520,-0.182364,0.138726,0.205268,-0.006804,314.647600,0.000000
StrafeRight,0.258333,0.533333,-0.150580,0.048755,-0.201005,0.124617,0.193777,0.011738,314.870100,0.000000
StrafeRight,0.262500,0.533333,-0.136957,0.049359,-0.219379,0.110506,0.182531,0.030183,315.151200,0.000000
StrafeRight,0.266667,0.533333,-0.123714,0.050071,-0.237288,0.096741,0.171745,0.048031,315.495500,0.000000
StrafeRight,0.270833,0.533333,-0.110604,0.050631,-0.255190,0.083192,0.160899,0.065394,315.930000,0.000000
StrafeRight,0.275000,0.533333,-0.097403,0.051182,-0.273558,0.069329,0.149567,0.082793,316.464800,0.000000
StrafeRight,0.279167,0.533333,-0.084374,0.051949,-0.292244,0.054988,0.138014,0.100228,317.077900,0.000000
StrafeRight,0.283333,0.533333,-0.071784,0.053081,-0.311068,0.040054,0.126500,0.117676,317.746800,0.000000
StrafeRight,0.287500,0.533333,-0.059890,0.054640,-0.329815,0.024460,0.115274,0.135121,318.447500,0.000000
StrafeRight,0.291667,0.533333,-0.048919,0.056595,-0.348247,0.008186,0.104568,0.152581,319.155400,0.000000
StrafeRight,0.295833,0.533333,-0.039060,0.058830,-0.366106,-0.008743,0.094601,0.170128,319.844500,0.000000
StrafeRight,0.300000,0.533333,-0.030443,0.061148,-0.383130,-0.026269,0.085581,0.187899,320.488200,0.000000
StrafeRight,0.304167,0.533333,-0.023015,0.062957,-0.399826,-0.044540,0.077195,0.206178,321.111000,0.000000
StrafeRight,0.308333,0.533333,-0.016448,0.064074,-0.416714,-0.063602,0.069340,0.224897,321.748700,0.000000
StrafeRight,0.312500,0.533333,-0.010436,0.064859,-0.433510,-0.083169,0.062458,0.243698,322.389900,0.000000
StrafeRight,0.316667,0.533333,-0.004725,0.065643,-0.449894,-0.102907,0.056867,0.262225,323.022500,0.000000
StrafeRight,0.320833,0.533333,0.000868,0.066714,-0.465533,-0.122458,0.052751,0.280144,323.633500,0.000000
StrafeRight,0.325000,0.533333,0.006445,0.068302,-0.480111,-0.141463,0.050159,0.297176,324.209400,0.000000
StrafeRight,0.329167,0.533333,0.012031,0.070574,-0.493357,-0.159587,0.049017,0.313103,324.736100,0.000000
StrafeRight,0.333333,0.533333,0.017590,0.073646,-0.505054,-0.176544,0.049148,0.327787,325.199600,0.000000
StrafeRight,0.337500,0.533333,0.022702,0.077136,-0.514957,-0.193152,0.050005,0.341893,325.597000,0.000000
StrafeRight,0.341667,0.533333,0.027214,0.080635,-0.523233,-0.209892,0.051573,0.355897,325.939100,0.000000
StrafeRight,0.345833,0.533333,0.031459,0.084172,-0.530309,-0.226008,0.054223,0.369357,326.233300,0.000000
StrafeRight,0.350000,0.533333,0.035758,0.087749,-0.536600,-0.240769,0.058037,0.381777,326.486900,0.000000
StrafeRight,0.354167,0.533333,0.040422,0.091346,-0.542487,-0.253504,0.062804,0.392662,326.707000,0.000000
StrafeRight,0.358333,0.533333,0.045747,0.094950,-0.548320,-0.263636,0.068063,0.401576,326.900500,0.000000
StrafeRight,0.362500,0.533333,0.052028,0.098627,-0.554403,-0.270695,0.073178,0.408183,327.073500,0.000000
StrafeRight,0.366667,0.533333,0.059564,0.102632,-0.560990,-0.274293,0.077441,0.412248,327.231400,0.000000
StrafeRight,0.370833,0.533333,0.069321,0.104562,-0.568051,-0.274689,0.077189,0.414087,327.344900,0.000000
StrafeRight,0.375000,0.533333,0.081268,0.108287,-0.574908,-0.272608,0.075320,0.414265,327.395300,0.000000
StrafeRight,0.379167,0.533333,0.094085,0.114453,-0.580714,-0.268386,0.071992,0.412913,327.404200,0.000000
StrafeRight,0.383333,0.533333,0.106373,0.123241,-0.584669,-0.262327,0.067439,0.410103,327.393100,0.000000
StrafeRight,0.387500,0.533333,0.116867,0.134231,-0.586239,-0.254706,0.061943,0.405867,327.383800,0.000000
StrafeRight,0.391667,0.533333,0.124665,0.146489,-0.585329,-0.245779,0.055815,0.400219,327.398200,0.000000
StrafeRight,0.395833,0.533333,0.129365,0.158811,-0.582360,-0.235788,0.049384,0.393172,327.458700,0.000000
StrafeRight,0.400000,0.533333,0.131043,0.169988,-0.578190,-0.224972,0.042990,0.384747,327.587900,0.000000
StrafeRight,0.404167,0.533333,0.130714,0.180583,-0.573472,-0.212658,0.036534,0.374310,327.785000,0.000000
StrafeRight,0.408333,0.533333,0.129228,0.191746,-0.568064,-0.198373,0.030019,0.361442,328.029400,0.000000
StrafeRight,0.412500,0.533333,0.126614,0.203202,-0.561868,-0.182652,0.023907,0.346552,328.315000,0.000000
StrafeRight,0.416667,0.533333,0.122838,0.214615,-0.554795,-0.166019,0.018558,0.330105,328.635300,0.000000
StrafeRight,0.420833,0.533333,0.117825,0.225581,-0.546776,-0.148980,0.014164,0.312610,328.984100,0.000000
StrafeRight,0.425000,0.533333,0.111472,0.235641,-0.537769,-0.132000,0.010727,0.294584,329.354800,0.000000
StrafeRight,0.429167,0.533333,0.103662,0.244293,-0.527752,-0.115483,0.008047,0.276514,329.740900,0.000000
StrafeRight,0.433333,0.533333,0.094269,0.251008,-0.516712,-0.099767,0.005760,0.258825,330.135600,0.000000
StrafeRight,0.437500,0.533333,0.083159,0.255985,-0.504644,-0.085296,0.004136,0.241304,330.531900,0.000000
StrafeRight,0.441667,0.533333,0.070553,0.259858,-0.491636,-0.072048,0.003610,0.223607,330.922800,0.000000
StrafeRight,0.445833,0.533333,0.056803,0.262695,-0.477830,-0.059648,0.003959,0.205894,331.301000,0.000000
StrafeRight,0.450000,0.533333,0.042202,0.264500,-0.463373,-0.047767,0.004933,0.188302,331.659000,0.000000
StrafeRight,0.454167,0.533333,0.026989,0.265205,-0.448413,-0.036123,0.006253,0.170937,331.989200,0.000000
StrafeRight,0.458333,0.533333,0.011350,0.264675,-0.433080,-0.024478,0.007606,0.153866,332.284100,0.000000
StrafeRight,0.462500,0.533333,-0.004584,0.262717,-0.417472,-0.012622,0.008658,0.137105,332.535800,0.000000
StrafeRight,0.466667,0.533333,-0.020729,0.259089,-0.401635,-0.000357,0.009063,0.120613,332.736600,0.000000
StrafeRight,0.470833,0.533333,-0.038281,0.254279,-0.384626,0.012696,0.009993,0.103868,332.879700,0.000000
StrafeRight,0.475000,0.533333,-0.057931,0.247248,-0.365729,0.026497,0.010491,0.086599,332.968000,0.000000
StrafeRight,0.479167,0.533333,-0.078874,0.239153,-0.345348,0.040628,0.010784,0.069120,333.008700,0.000000
StrafeRight,0.483333,0.533333,-0.100279,0.230964,-0.324013,0.054681,0.011032,0.051779,333.009000,0.000000
StrafeRight,0.487500,0.533333,-0.121294,0.223413,-0.302417,0.068259,0.011325,0.034949,332.976000,0.000000
StrafeRight,0.491667,0.533333,-0.141061,0.216966,-0.281414,0.080979,0.011676,0.019026,332.916800,0.000000
StrafeRight,0.495833,0.533333,-0.158740,0.211824,-0.261991,0.092465,0.012034,0.004417,332.838400,0.000000
StrafeRight,0.500000,0.533333,-0.173523,0.207957,-0.245222,0.102351,0.012292,-0.008470,332.747300,0.000000
StrafeRight,0.504167,0.533333,-0.185484,0.206561,-0.231403,0.110562,0.014094,-0.019445,332.629400,0.000000
StrafeRight,0.508333,0.533333,-0.195588,0.204576,-0.219724,0.117513,0.014940,-0.028852,332.472300,0.000000
StrafeRight,0.512500,0.533333,-0.204333,0.202062,-0.209641,0.123549,0.015036,-0.037068,332.284900,0.000000
StrafeRight,0.516667,0.533333,-0.212168,0.199182,-0.200617,0.128984,0.014628,-0.044455,332.076600,0.000000
StrafeRight,0.520833,0.533333,-0.219505,0.196170,-0.192124,0.134119,0.013992,-0.051364,331.856200,0.000000
StrafeRight,0.525000,0.533333,-0.226736,0.193324,-0.183640,0.139239,0.013421,-0.058144,331.633000,0.000000
StrafeRight,0.529167,0.533333,-0.234238,0.190991,-0.174651,0.144621,0.013220,-0.065141,331.416100,0.000000
StrafeRight,0.533333,0.533333,-0.242367,0.189573,-0.164652,0.150527,0.013708,-0.072699,331.214500,0.000000
StrafeBack,0.000000,0.533333,-0.223045,0.194511,-0.188515,0.160186,0.041428,-0.200434,13.171510,0.000000
StrafeBack,0.004167,0.533333,-0.221610,0.202534,-0.214698,0.161020,0.036837,-0.179714,13.216880,0.000000
StrafeBack,0.008333,0.533333,-0.219686,0.213170,-0.241297,0.161681,0.033425,-0.158191,13.296110,0.000000
StrafeBack,0.012500,0.533333,-0.217360,0.225775,-0.267713,0.162197,0.030955,-0.136208,13.388650,0.000000
StrafeBack,0.016667,0.533333,-0.214744,0.239604,-0.293502,0.162594,0.029147,-0.114077,13.473970,0.000000
StrafeBack,0.020833,0.533333,-0.211973,0.253832,-0.318394,0.162897,0.027689,-0.092070,13.531660,0.000000
StrafeBack,0.025000,0.533333,-0.209192,0.267584,-0.342285,0.163130,0.026235,-0.070413,13.541380,0.000000
StrafeBack,0.029167,0.533333,-0.206549,0.279957,-0.365223,0.163325,0.024424,-0.049284,13.482860,0.000000
StrafeBack,0.033333,0.533333,-0.204183,0.290039,-0.387359,0.163523,0.021889,-0.028807,13.335920,0.000000
StrafeBack,0.037500,0.533333,-0.201956,0.300959,-0.409309,0.163952,0.021530,-0.009063,13.102970,0.000000
StrafeBack,0.041667,0.533333,-0.199665,0.310592,-0.431488,0.164738,0.020630,0.010107,12.806330,0.000000
StrafeBack,0.045833,0.533333,-0.197340,0.319151,-0.453740,0.165754,0.019466,0.028946,12.455770,0.000000
StrafeBack,0.050000,0.533333,-0.195011,0.326784,-0.475848,0.166831,0.018307,0.047661,12.060970,0.000000
StrafeBack,0.054167,0.533333,-0.192722,0.333564,-0.497553,0.167752,0.017406,0.066438,11.631520,0.000000
StrafeBack,0.058333,0.533333,-0.190541,0.339477,-0.518561,0.168250,0.016981,0.085456,11.176930,0.000000
StrafeBack,0.062500,0.533333,-0.188571,0.344420,-0.538559,0.168004,0.017220,0.104899,10.706630,0.000000
StrafeBack,0.066667,0.533333,-0.186962,0.348204,-0.557216,0.166647,0.018285,0.124964,10.229980,0.000000
StrafeBack,0.070833,0.533333,-0.185731,0.345734,-0.574421,0.164468,0.015350,0.145918,9.756263,0.000000
StrafeBack,0.075000,0.533333,-0.184728,0.341155,-0.590280,0.162019,0.012601,0.167674,9.294720,0.000000
StrafeBack,0.079167,0.533333,-0.183887,0.334944,-0.604771,0.159307,0.010505,0.189825,8.854552,0.000000
StrafeBack,0.083333,0.533333,-0.183148,0.327547,-0.617867,0.156371,0.009392,0.211848,8.444951,0.000000
StrafeBack,0.087500,0.533333,-0.182469,0.319363,-0.629551,0.153299,0.009428,0.233130,8.075140,0.000000
StrafeBack,0.091667,0.533333,-0.181835,0.310729,-0.639808,0.150236,0.010606,0.253005,7.754422,0.000000
StrafeBack,0.095833,0.533333,-0.181270,0.301916,-0.648623,0.147384,0.012772,0.270794,7.492244,0.000000
StrafeBack,0.100000,0.533333,-0.180846,0.293114,-0.655956,0.145002,0.015673,0.285836,7.298264,0.000000
StrafeBack,0.104167,0.533333,-0.181006,0.278732,-0.661713,0.143101,0.014858,0.298652,7.198482,0.000000
StrafeBack,0.108333,0.533333,-0.182025,0.262337,-0.664960,0.141509,0.014542,0.310069,7.193874,0.000000
StrafeBack,0.112500,0.533333,-0.183730,0.244976,-0.664686,0.140257,0.014445,0.319922,7.256883,0.000000
StrafeBack,0.116667,0.533333,-0.185880,0.227828,-0.660494,0.139407,0.014307,0.328052,7.359812,0.000000
StrafeBack,0.120833,0.533333,-0.188154,0.211977,-0.652714,0.139042,0.013896,0.334297,7.474538,0.000000
StrafeBack,0.125000,0.533333,-0.190181,0.198138,-0.642329,0.139259,0.013022,0.338478,7.572348,0.000000
StrafeBack,0.129167,0.533333,-0.191573,0.186516,-0.630714,0.140156,0.011549,0.340383,7.623889,0.000000
StrafeBack,0.133333,0.533333,-0.191958,0.176862,-0.619332,0.141815,0.009422,0.339754,7.599247,0.000000
StrafeBack,0.137500,0.533333,-0.191555,0.170265,-0.608490,0.144629,0.009444,0.336226,7.529620,0.000000
StrafeBack,0.141667,0.533333,-0.190817,0.163506,-0.597659,0.148719,0.010106,0.329664,7.456188,0.000000
StrafeBack,0.145833,0.533333,-0.189753,0.156639,-0.586877,0.153718,0.011713,0.320171,7.363525,0.000000
StrafeBack,0.150000,0.533333,-0.188371,0.149877,-0.576118,0.159265,0.014482,0.307954,7.236342,0.000000
StrafeBack,0.154167,0.533333,-0.186681,0.143491,-0.565319,0.165019,0.018459,0.293320,7.059828,0.000000
StrafeBack,0.158333,0.533333,-0.184688,0.137742,-0.554388,0.170660,0.023468,0.276636,6.819731,0.000000
StrafeBack,0.162500,0.533333,-0.182387,0.132837,-0.543218,0.175890,0.029091,0.258277,6.502240,0.000000
StrafeBack,0.166667,0.533333,-0.179763,0.128936,-0.531694,0.180425,0.034694,0.238562,6.093631,0.000000
StrafeBack,0.170833,0.533333,-0.176839,0.122113,-0.519658,0.184247,0.036222,0.216912,5.577312,0.000000
StrafeBack,0.175000,0.533333,-0.173578,0.116760,-0.507095,0.187516,0.038928,0.192858,4.959961,0.000000
StrafeBack,0.179167,0.533333,-0.169904,0.112601,-0.494113,0.190228,0.043081,0.166880,4.262451,0.000000
StrafeBack,0.183333,0.533333,-0.165814,0.109297,-0.480826,0.192404,0.048829,0.139540,3.505395,0.000000
StrafeBack,0.187500,0.533333,-0.161390,0.106448,-0.467344,0.194107,0.056174,0.111450,2.708992,0.000000
StrafeBack,0.191667,0.533333,-0.156787,0.103592,-0.453755,0.195440,0.064966,0.083237,1.892919,0.000000
StrafeBack,0.195833,0.533333,-0.152216,0.100226,-0.440106,0.196553,0.074898,0.055501,1.076254,0.000000
StrafeBack,0.200000,0.533333,-0.147911,0.095821,-0.426399,0.197634,0.085519,0.028772,0.277473,0.000000
StrafeBack,0.204167,0.533333,-0.143768,0.092712,-0.412408,0.198763,0.098987,0.002778,359.446700,0.000000
StrafeBack,0.208333,0.533333,-0.139696,0.089576,-0.397872,0.199747,0.113694,-0.022922,358.542400,0.000000
StrafeBack,0.212500,0.533333,-0.135914,0.086426,-0.382745,0.200431,0.129469,-0.048117,357.595900,0.000000
StrafeBack,0.216667,0.533333,-0.132589,0.083244,-0.367019,0.200719,0.146087,-0.072612,356.639900,0.000000
StrafeBack,0.220833,0.533333,-0.129840,0.079978,-0.350719,0.200570,0.163273,-0.096249,355.708300,0.000000
StrafeBack,0.225000,0.533333,-0.127737,0.076532,-0.333884,0.199990,0.180708,-0.118924,354.836300,0.000000
StrafeBack,0.229167,0.533333,-0.126306,0.072769,-0.316558,0.199023,0.198041,-0.140607,354.060000,0.000000
StrafeBack,0.233333,0.533333,-0.125537,0.068519,-0.298777,0.197727,0.214907,-0.161362,353.416100,0.000000
StrafeBack,0.237500,0.533333,-0.125194,0.063641,-0.280200,0.196198,0.231887,-0.181945,352.895100,0.000000
StrafeBack,0.241667,0.533333,-0.125068,0.058418,-0.260586,0.194496,0.249583,-0.202628,352.459300,0.000000
StrafeBack,0.245833,0.533333,-0.125166,0.053235,-0.240176,0.192633,0.267596,-0.222930,352.102900,0.000000
StrafeBack,0.250000,0.533333,-0.125485,0.048373,-0.219277,0.190636,0.285445,-0.242534,351.820500,0.000000
StrafeBack,0.254167,0.533333,-0.126022,0.043971,-0.198235,0.188537,0.302595,-0.261281,351.606400,0.000000
StrafeBack,0.258333,0.533333,-0.126775,0.040022,-0.177401,0.186376,0.318479,-0.279165,351.455300,0.000000
StrafeBack,0.262500,0.533333,-0.127750,0.036377,-0.157097,0.184201,0.332520,-0.296309,351.361400,0.000000
StrafeBack,0.266667,0.533333,-0.128965,0.032769,-0.137589,0.182060,0.344150,-0.312928,351.319200,0.000000
StrafeBack,0.270833,0.533333,-0.130451,0.032946,-0.118604,0.179708,0.357963,-0.330036,351.359000,0.000000
StrafeBack,0.275000,0.533333,-0.132119,0.032527,-0.099714,0.176946,0.370611,-0.348355,351.498700,0.000000
StrafeBack,0.279167,0.533333,-0.133864,0.031593,-0.080904,0.173907,0.382164,-0.367687,351.713700,0.000000
StrafeBack,0.283333,0.533333,-0.135606,0.030240,-0.062174,0.170750,0.392619,-0.387809,351.979700,0.000000
StrafeBack,0.287500,0.533333,-0.137285,0.028576,-0.043539,0.167668,0.401882,-0.408481,352.272600,0.000000
StrafeBack,0.291667,0.533333,-0.138848,0.026713,-0.025035,0.164897,0.409767,-0.429450,352.568700,0.000000
StrafeBack,0.295833,0.533333,-0.140243,0.024768,-0.006724,0.162725,0.415991,-0.450458,352.844800,0.000000
StrafeBack,0.300000,0.533333,-0.141410,0.022852,0.011306,0.161488,0.420180,-0.471237,353.078200,0.000000
StrafeBack,0.304167,0.533333,-0.142430,0.022742,0.029279,0.161301,0.423807,-0.492002,353.272800,0.000000
StrafeBack,0.308333,0.533333,-0.143470,0.022014,0.047506,0.161888,0.424730,-0.513042,353.451800,0.000000
StrafeBack,0.312500,0.533333,-0.144566,0.020991,0.065978,0.163044,0.423568,-0.534144,353.622000,0.000000
StrafeBack,0.316667,0.533333,-0.145716,0.019982,0.084645,0.164570,0.420855,-0.555082,353.790600,0.000000
StrafeBack,0.320833,0.533333,-0.146874,0.019261,0.103417,0.166285,0.417026,-0.575653,353.965000,0.000000
StrafeBack,0.325000,0.533333,-0.147946,0.019064,0.122173,0.168044,0.412392,-0.595686,354.152500,0.000000
StrafeBack,0.329167,0.533333,-0.148797,0.019578,0.140767,0.169749,0.407123,-0.615040,354.360900,0.000000
StrafeBack,0.333333,0.533333,-0.149248,0.020942,0.159032,0.171360,0.401227,-0.633581,354.597900,0.000000
StrafeBack,0.337500,0.533333,-0.149061,0.019325,0.177429,0.173508,0.389712,-0.651863,354.877100,0.000000
StrafeBack,0.341667,0.533333,-0.148114,0.017606,0.196371,0.176436,0.374603,-0.669277,355.197600,0.000000
StrafeBack,0.345833,0.533333,-0.146408,0.016306,0.215527,0.179573,0.356974,-0.684068,355.545000,0.000000
StrafeBack,0.350000,0.533333,-0.143997,0.015825,0.234458,0.182381,0.338249,-0.694949,355.904600,0.000000
StrafeBack,0.354167,0.533333,-0.141015,0.016415,0.252647,0.184458,0.320000,-0.701377,356.261700,0.000000
StrafeBack,0.358333,0.533333,-0.137684,0.018176,0.269545,0.185613,0.303612,-0.703642,356.601300,0.000000
StrafeBack,0.362500,0.533333,-0.134314,0.021083,0.284609,0.185884,0.289974,-0.702698,356.908300,0.000000
StrafeBack,0.366667,0.533333,-0.131292,0.025045,0.297331,0.185465,0.279395,-0.699839,357.167700,0.000000
StrafeBack,0.370833,0.533333,-0.128757,0.025908,0.308031,0.184861,0.266108,-0.695781,357.382100,0.000000
StrafeBack,0.375000,0.533333,-0.126506,0.027761,0.317229,0.184537,0.252790,-0.690545,357.566100,0.000000
StrafeBack,0.379167,0.533333,-0.124486,0.030161,0.324768,0.184592,0.239427,-0.684415,357.723000,0.000000
StrafeBack,0.383333,0.533333,-0.122675,0.032709,0.330518,0.185045,0.226116,-0.677660,357.856400,0.000000
StrafeBack,0.387500,0.533333,-0.121076,0.035036,0.334372,0.185841,0.213029,-0.670534,357.970700,0.000000
StrafeBack,0.391667,0.533333,-0.119714,0.036798,0.336238,0.186864,0.200380,-0.663275,358.070300,0.000000
StrafeBack,0.395833,0.533333,-0.118612,0.037671,0.336028,0.187947,0.188410,-0.656077,358.160200,0.000000
StrafeBack,0.400000,0.533333,-0.117784,0.037345,0.333645,0.188906,0.177383,-0.649049,358.245800,0.000000
StrafeBack,0.404167,0.533333,-0.116997,0.038317,0.328745,0.189895,0.169610,-0.642239,358.282400,0.000000
StrafeBack,0.408333,0.533333,-0.116276,0.039103,0.321230,0.190893,0.162774,-0.635305,358.246900,0.000000
StrafeBack,0.412500,0.533333,-0.115960,0.039890,0.311388,0.191499,0.156725,-0.627662,358.176500,0.000000
StrafeBack,0.416667,0.533333,-0.116332,0.040830,0.299554,0.191438,0.151304,-0.618821,358.107600,0.000000
StrafeBack,0.420833,0.533333,-0.117622,0.042011,0.286098,0.190585,0.146311,-0.608513,358.076800,0.000000
StrafeBack,0.425000,0.533333,-0.120003,0.043439,0.271402,0.188962,0.141489,-0.596756,358.120000,0.000000
StrafeBack,0.429167,0.533333,-0.123601,0.045038,0.255841,0.186683,0.136529,-0.583862,358.272900,0.000000
StrafeBack,0.433333,0.533333,-0.128511,0.046648,0.239752,0.183911,0.131076,-0.570382,358.571600,0.000000
StrafeBack,0.437500,0.533333,-0.134888,0.048438,0.222780,0.180838,0.125345,-0.556339,359.026800,0.000000
StrafeBack,0.441667,0.533333,-0.142416,0.050860,0.204412,0.177711,0.119898,-0.541361,359.608300,0.000000
StrafeBack,0.445833,0.533333,-0.150505,0.054091,0.184764,0.174771,0.114804,-0.525507,0.291264,0.000000
StrafeBack,0.450000,0.533333,-0.158648,0.058233,0.164024,0.172205,0.110074,-0.508862,1.050892,0.000000
StrafeBack,0.454167,0.533333,-0.166438,0.063299,0.142456,0.170113,0.105664,-0.491546,1.862458,0.000000
StrafeBack,0.458333,0.533333,-0.173592,0.069206,0.120383,0.168486,0.101479,-0.473723,2.701414,0.000000
StrafeBack,0.462500,0.533333,-0.179958,0.075784,0.098157,0.167198,0.097372,-0.455591,3.543475,0.000000
StrafeBack,0.466667,0.533333,-0.185510,0.082777,0.076133,0.166011,0.093152,-0.437378,4.364670,0.000000
StrafeBack,0.470833,0.533333,-0.190855,0.090326,0.053471,0.164622,0.088506,-0.418687,5.223577,0.000000
StrafeBack,0.475000,0.533333,-0.196448,0.098864,0.029738,0.163106,0.083515,-0.399141,6.168754,0.000000
StrafeBack,0.479167,0.533333,-0.202113,0.108407,0.005822,0.161669,0.078526,-0.379059,7.161127,0.000000
StrafeBack,0.483333,0.533333,-0.207658,0.118800,-0.017483,0.160461,0.073831,-0.358828,8.161191,0.000000
StrafeBack,0.487500,0.533333,-0.212873,0.129721,-0.039515,0.159579,0.069643,-0.338892,9.129196,0.000000
StrafeBack,0.491667,0.533333,-0.217525,0.140695,-0.059770,0.159079,0.066085,-0.319733,10.025430,0.000000
StrafeBack,0.495833,0.533333,-0.221358,0.151141,-0.077908,0.158985,0.063190,-0.301845,10.810430,0.000000
StrafeBack,0.500000,0.533333,-0.224098,0.160406,-0.093737,0.159301,0.060909,-0.285716,11.445160,0.000000
StrafeBack,0.504167,0.533333,-0.225693,0.167797,-0.107643,0.159760,0.058797,-0.271677,11.913970,0.000000
StrafeBack,0.508333,0.533333,-0.226424,0.173322,-0.120409,0.160068,0.056438,-0.259456,12.248190,0.000000
StrafeBack,0.512500,0.533333,-0.226483,0.177421,-0.132422,0.160213,0.053844,-0.248619,12.479240,0.000000
StrafeBack,0.516667,0.533333,-0.226049,0.180580,-0.143962,0.160221,0.051086,-0.238735,12.638260,0.000000
StrafeBack,0.520833,0.533333,-0.225300,0.183321,-0.155227,0.160145,0.048287,-0.229381,12.756190,0.000000
StrafeBack,0.525000,0.533333,-0.224419,0.186183,-0.166357,0.160056,0.045607,-0.220144,12.863850,0.000000
StrafeBack,0.529167,0.533333,-0.223599,0.189724,-0.177441,0.160036,0.043244,-0.210624,12.992040,0.000000
StrafeBack,0.533333,0.533333,-0.223045,0.194511,-0.188515,0.160186,0.041428,-0.200434,13.171510,0.000000
TurnLeft,0.000000,0.550000,-0.218807,0.006238,0.194880,0.182387,0.006362,0.080704,6.124225,0.000000
TurnLeft,0.004135,0.550000,-0.219456,0.006558,0.195004,0.182181,0.006317,0.080505,5.311319,0.000000
TurnLeft,0.008271,0.550000,-0.220653,0.007175,0.195928,0.181792,0.006292,0.080330,4.488811,0.000000
TurnLeft,0.012406,0.550000,-0.222199,0.008093,0.196939,0.181242,0.006286,0.080171,3.657993,0.000000
TurnLeft,0.016541,0.550000,-0.223856,0.009303,0.197335,0.180555,0.006295,0.080023,2.820165,0.000000
TurnLeft,0.020677,0.550000,-0.225160,0.010525,0.196786,0.179971,0.006100,0.079913,1.976640,0.000000
TurnLeft,0.024812,0.550000,-0.226336,0.011882,0.195448,0.179300,0.005903,0.079808,1.128741,0.000000
TurnLeft,0.028947,0.550000,-0.227511,0.013339,0.193429,0.178560,0.005706,0.079702,0.277807,0.000000
TurnLeft,0.033083,0.550000,-0.228806,0.014852,0.190840,0.177771,0.005500,0.079597,359.425200,0.000000
TurnLeft,0.037218,0.550000,-0.230112,0.016479,0.187619,0.177184,0.005392,0.079317,358.572200,0.000000
TurnLeft,0.041353,0.550000,-0.231769,0.018047,0.184038,0.176604,0.005265,0.079027,357.720300,0.000000
TurnLeft,0.045489,0.550000,-0.233923,0.019478,0.180212,0.176037,0.005103,0.078742,356.870700,0.000000
TurnLeft,0.049624,0.550000,-0.236716,0.020690,0.176231,0.175500,0.004895,0.078465,356.024900,0.000000
TurnLeft,0.053759,0.550000,-0.239827,0.022083,0.172021,0.175307,0.005123,0.078063,355.184200,0.000000
TurnLeft,0.057895,0.550000,-0.243355,0.023146,0.167311,0.175210,0.005333,0.077667,354.350100,0.000000
TurnLeft,0.062030,0.550000,-0.247331,0.023788,0.161436,0.175196,0.005469,0.077298,353.523700,0.000000
TurnLeft,0.066165,0.550000,-0.251690,0.023966,0.153691,0.175280,0.005521,0.076964,352.706700,0.000000
TurnLeft,0.070301,0.550000,-0.256304,0.023871,0.144208,0.175551,0.005659,0.076715,351.900300,0.000000
TurnLeft,0.074436,0.550000,-0.261330,0.023517,0.133756,0.175780,0.005809,0.076659,351.105800,0.000000
TurnLeft,0.078571,0.550000,-0.266431,0.022915,0.121797,0.175948,0.005954,0.076756,350.324700,0.000000
TurnLeft,0.082707,0.550000,-0.271073,0.022099,0.107843,0.176059,0.006097,0.076961,349.558300,0.000000
TurnLeft,0.086842,0.550000,-0.274991,0.021209,0.091778,0.176120,0.006240,0.077229,348.808000,0.000000
TurnLeft,0.090977,0.550000,-0.278422,0.020471,0.074261,0.176143,0.006388,0.077518,348.075100,0.000000
TurnLeft,0.095113,0.550000,-0.281182,0.019970,0.055909,0.176139,0.006544,0.077783,347.360900,0.000000
TurnLeft,0.099248,0.550000,-0.283208,0.019774,0.037398,0.176124,0.006711,0.077982,346.666800,0.000000
TurnLeft,0.103384,0.550000,-0.284690,0.019621,0.018497,0.176002,0.006635,0.078127,345.994100,0.000000
TurnLeft,0.107519,0.550000,-0.285177,0.019664,-0.001819,0.175880,0.006549,0.078128,345.344100,0.000000
TurnLeft,0.111654,0.550000,-0.284117,0.019939,-0.022352,0.175803,0.006519,0.077933,344.718200,0.000000
TurnLeft,0.115790,0.550000,-0.281351,0.020339,-0.041733,0.175795,0.006551,0.077500,344.117700,0.000000
TurnLeft,0.119925,0.550000,-0.277258,0.020572,-0.059340,0.175690,0.006475,0.076887,343.536100,0.000000
TurnLeft,0.124060,0.550000,-0.272199,0.020819,-0.076145,0.175467,0.006381,0.076219,342.957900,0.000000
TurnLeft,0.128196,0.550000,-0.266414,0.021224,-0.091992,0.175170,0.006310,0.075531,342.382700,0.000000
TurnLeft,0.132331,0.550000,-0.260185,0.021869,-0.106680,0.174816,0.006259,0.074856,341.810500,0.000000
TurnLeft,0.136466,0.550000,-0.253833,0.022826,-0.119788,0.174418,0.006224,0.074228,341.241800,0.000000
TurnLeft,0.140602,0.550000,-0.247511,0.024005,-0.131090,0.173986,0.006202,0.073685,340.676600,0.000000
TurnLeft,0.144737,0.550000,-0.241050,0.025201,-0.141347,0.173527,0.006188,0.073260,340.115100,0.000000
TurnLeft,0.148872,0.550000,-0.234191,0.026246,-0.151361,0.173050,0.006175,0.072989,339.557600,0.000000
TurnLeft,0.153008,0.550000,-0.226810,0.027126,-0.161608,0.172620,0.006147,0.072756,339.004300,0.000000
TurnLeft,0.157143,0.550000,-0.219262,0.028050,-0.171574,0.172377,0.006074,0.072228,338.455400,0.000000
TurnLeft,0.161278,0.550000,-0.211597,0.028960,-0.181156,0.172283,0.005959,0.071488,337.911100,0.000000
TurnLeft,0.165414,0.550000,-0.203846,0.029778,-0.190297,0.172289,0.005803,0.070641,337.371600,0.000000
TurnLeft,0.169549,0.550000,-0.196165,0.030586,-0.198883,0.172223,0.005769,0.069855,336.837200,0.000000
TurnLeft,0.173684,0.550000,-0.188495,0.031197,-0.206912,0.172119,0.005750,0.069194,336.308000,0.000000
TurnLeft,0.177820,0.550000,-0.180807,0.031456,-0.214370,0.171985,0.005672,0.068736,335.784300,0.000000
TurnLeft,0.181955,0.550000,-0.173125,0.031287,-0.221217,0.171767,0.005534,0.068583,335.266400,0.000000
TurnLeft,0.186090,0.550000,-0.165734,0.030810,-0.227151,0.171213,0.005597,0.068899,334.754500,0.000000
TurnLeft,0.190226,0.550000,-0.158700,0.029743,-0.231705,0.170505,0.005748,0.069591,334.248700,0.000000
TurnLeft,0.194361,0.550000,-0.151994,0.028146,-0.235091,0.169803,0.005864,0.070501,333.749400,0.000000
TurnLeft,0.198496,0.550000,-0.145681,0.026227,-0.237531,0.169151,0.005952,0.071510,333.256800,0.000000
TurnLeft,0.202632,0.550000,-0.140111,0.024234,-0.239231,0.168317,0.006066,0.072521,332.771100,0.000000
TurnLeft,0.206767,0.550000,-0.135227,0.022338,-0.240433,0.167475,0.006191,0.073408,332.292600,0.000000
TurnLeft,0.210902,0.550000,-0.130937,0.020687,-0.241388,0.166842,0.006300,0.074048,331.821500,0.000000
TurnLeft,0.215038,0.550000,-0.127309,0.019450,-0.242343,0.166476,0.006398,0.074326,331.358100,0.000000
TurnLeft,0.219173,0.550000,-0.124579,0.018678,-0.243530,0.166236,0.006409,0.074214,330.902600,0.000000
TurnLeft,0.223308,0.550000,-0.122666,0.018354,-0.244927,0.166091,0.006409,0.074054,330.455400,0.000000
TurnLeft,0.227444,0.550000,-0.121380,0.018424,-0.246460,0.166100,0.006467,0.073856,330.016500,0.000000
TurnLeft,0.231579,0.550000,-0.120632,0.018790,-0.248071,0.166219,0.006587,0.073568,329.586400,0.000000
TurnLeft,0.235714,0.550000,-0.120277,0.019340,-0.249692,0.166420,0.006786,0.073178,329.159500,0.000000
TurnLeft,0.239850,0.550000,-0.119968,0.019913,-0.251203,0.166764,0.007134,0.072817,328.710400,0.000000
TurnLeft,0.243985,0.550000,-0.119579,0.020397,-0.252540,0.167207,0.007652,0.072450,328.236100,0.000000
TurnLeft,0.248120,0.550000,-0.119015,0.020686,-0.253647,0.167692,0.008370,0.072014,327.737100,0.000000
TurnLeft,0.252256,0.550000,-0.118100,0.020545,-0.254389,0.168304,0.009168,0.071457,327.213400,0.000000
TurnLeft,0.256391,0.550000,-0.117097,0.020115,-0.254951,0.169035,0.010071,0.070307,326.665400,0.000000
TurnLeft,0.260526,0.550000,-0.116222,0.019597,-0.255578,0.169804,0.011239,0.068527,326.093200,0.000000
TurnLeft,0.264662,0.550000,-0.115545,0.019038,-0.256415,0.170647,0.012700,0.066243,325.497100,0.000000
TurnLeft,0.268797,0.550000,-0.115078,0.018475,-0.257575,0.171570,0.014461,0.063614,324.877200,0.000000
TurnLeft,0.272932,0.550000,-0.114573,0.017885,-0.258956,0.172341,0.016468,0.060977,324.233900,0.000000
TurnLeft,0.277068,0.550000,-0.114003,0.017281,-0.260513,0.172739,0.018624,0.058669,323.567200,0.000000
TurnLeft,0.281203,0.550000,-0.113387,0.016681,-0.262222,0.172570,0.020786,0.057003,322.877400,0.000000
TurnLeft,0.285338,0.550000,-0.112744,0.016104,-0.264063,0.171727,0.022797,0.056137,322.164800,0.000000
TurnLeft,0.289474,0.550000,-0.112091,0.015569,-0.266017,0.170586,0.024654,0.055383,321.429400,0.000000
TurnLeft,0.293609,0.550000,-0.111451,0.015092,-0.268067,0.169096,0.026231,0.054687,320.671500,0.000000
TurnLeft,0.297744,0.550000,-0.110843,0.014693,-0.270196,0.167127,0.027354,0.054149,319.891400,0.000000
TurnLeft,0.301880,0.550000,-0.110240,0.014524,-0.272182,0.164574,0.028013,0.054102,319.089100,0.000000
TurnLeft,0.306015,0.550000,-0.109596,0.014509,-0.273894,0.161260,0.028300,0.054869,318.264800,0.000000
TurnLeft,0.310150,0.550000,-0.108972,0.014441,-0.275517,0.157238,0.028126,0.056236,317.418800,0.000000
TurnLeft,0.314286,0.550000,-0.108394,0.014316,-0.277011,0.152639,0.027571,0.058178,316.551100,0.000000
TurnLeft,0.318421,0.550000,-0.107878,0.014135,-0.278363,0.147573,0.026717,0.060681,315.662100,0.000000
TurnLeft,0.322556,0.550000,-0.107315,0.013926,-0.279782,0.142141,0.025648,0.063740,314.751800,0.000000
TurnLeft,0.326692,0.550000,-0.106673,0.013701,-0.281314,0.136430,0.024447,0.067366,313.820400,0.000000
TurnLeft,0.330827,0.550000,-0.105947,0.013465,-0.282953,0.130526,0.023202,0.071585,312.868100,0.000000
TurnLeft,0.334963,0.550000,-0.105198,0.013308,-0.284569,0.124398,0.022078,0.076592,311.895600,0.000000
TurnLeft,0.339098,0.550000,-0.104469,0.013261,-0.286033,0.117723,0.021094,0.082703,310.908100,0.000000
TurnLeft,0.343233,0.550000,-0.103667,0.013195,-0.287514,0.110730,0.020120,0.089470,309.906800,0.000000
TurnLeft,0.347369,0.550000,-0.102793,0.013118,-0.289014,0.103698,0.019167,0.096564,308.891800,0.000000
TurnLeft,0.351504,0.550000,-0.101851,0.013039,-0.290537,0.096925,0.018239,0.103726,307.863100,0.000000
TurnLeft,0.355639,0.550000,-0.100842,0.012966,-0.292089,0.090357,0.017357,0.110917,306.820600,0.000000
TurnLeft,0.359775,0.550000,-0.099769,0.012909,-0.293673,0.083669,0.016499,0.118109,305.764200,0.000000
TurnLeft,0.363910,0.550000,-0.098632,0.012874,-0.295296,0.076554,0.015636,0.125206,304.693800,0.000000
TurnLeft,0.368045,0.550000,-0.097468,0.012872,-0.296865,0.068722,0.014735,0.132153,303.609400,0.000000
TurnLeft,0.372181,0.550000,-0.096313,0.012874,-0.298279,0.060321,0.013711,0.138727,302.510900,0.000000
TurnLeft,0.376316,0.550000,-0.095093,0.012871,-0.299734,0.051271,0.012570,0.144799,301.398300,0.000000
TurnLeft,0.380451,0.550000,-0.093809,0.012870,-0.301238,0.041266,0.011368,0.150501,300.271300,0.000000
TurnLeft,0.384587,0.550000,-0.092452,0.012880,-0.302803,0.029965,0.010156,0.155980,299.129900,0.000000
TurnLeft,0.388722,0.550000,-0.090983,0.012919,-0.304436,0.016843,0.008882,0.161997,297.973900,0.000000
TurnLeft,0.392857,0.550000,-0.089526,0.012991,-0.305997,0.002296,0.007941,0.168004,296.803300,0.000000
TurnLeft,0.396993,0.550000,-0.088263,0.013091,-0.307326,-0.012930,0.007734,0.173057,295.617900,0.000000
TurnLeft,0.401128,0.550000,-0.087452,0.013119,-0.308164,-0.028149,0.008430,0.176365,294.417400,0.000000
TurnLeft,0.405263,0.550000,-0.087295,0.012932,-0.308298,-0.044240,0.009940,0.177528,293.201800,0.000000
TurnLeft,0.409399,0.550000,-0.087451,0.012807,-0.308168,-0.060742,0.012194,0.176606,291.970900,0.000000
TurnLeft,0.413534,0.550000,-0.087744,0.012753,-0.307920,-0.076851,0.014749,0.174280,290.724400,0.000000
TurnLeft,0.417669,0.550000,-0.088056,0.012684,-0.307607,-0.092006,0.017024,0.171450,289.462100,0.000000
TurnLeft,0.421805,0.550000,-0.088126,0.012423,-0.307261,-0.106414,0.018725,0.167532,288.183900,0.000000
TurnLeft,0.425940,0.550000,-0.087759,0.012252,-0.307246,-0.119740,0.020144,0.161866,286.889500,0.000000
TurnLeft,0.430075,0.550000,-0.087181,0.012164,-0.307586,-0.131794,0.021229,0.154787,285.578600,0.000000
TurnLeft,0.434211,0.550000,-0.086652,0.012099,-0.308263,-0.142563,0.021915,0.146809,284.250900,0.000000
TurnLeft,0.438346,0.550000,-0.085954,0.011910,-0.309158,-0.151578,0.022187,0.139029,282.899000,0.000000
TurnLeft,0.442481,0.550000,-0.084856,0.011777,-0.310282,-0.158874,0.022313,0.131564,281.521200,0.000000
TurnLeft,0.446617,0.550000,-0.083616,0.011653,-0.311374,-0.165162,0.022274,0.124377,280.119600,0.000000
TurnLeft,0.450752,0.550000,-0.082489,0.011500,-0.312188,-0.171142,0.022025,0.117363,278.696200,0.000000
TurnLeft,0.454887,0.550000,-0.081522,0.011309,-0.312785,-0.176495,0.021384,0.110351,277.253200,0.000000
TurnLeft,0.459023,0.550000,-0.080663,0.011091,-0.313280,-0.180969,0.020410,0.103528,275.792600,0.000000
TurnLeft,0.463158,0.550000,-0.079909,0.010850,-0.313695,-0.184715,0.019259,0.097182,274.316600,0.000000
TurnLeft,0.467293,0.550000,-0.079258,0.010589,-0.314051,-0.187872,0.018065,0.091594,272.827500,0.000000
TurnLeft,0.471429,0.550000,-0.078709,0.010312,-0.314371,-0.190371,0.016698,0.087095,271.327300,0.000000
TurnLeft,0.475564,0.550000,-0.078258,0.010024,-0.314679,-0.192233,0.015164,0.083631,269.818300,0.000000
TurnLeft,0.479699,0.550000,-0.077901,0.009730,-0.314998,-0.193580,0.013632,0.081000,268.302800,0.000000
TurnLeft,0.483835,0.550000,-0.077634,0.009437,-0.315348,-0.194515,0.012283,0.079011,266.783000,0.000000
TurnLeft,0.487970,0.550000,-0.077378,0.009142,-0.315755,-0.195197,0.011253,0.078090,265.261000,0.000000
TurnLeft,0.492105,0.550000,-0.077103,0.008850,-0.316240,-0.195650,0.010512,0.078119,263.739200,0.000000
TurnLeft,0.496241,0.550000,-0.076836,0.008574,-0.316824,-0.195808,0.009954,0.078464,262.219800,0.000000
TurnLeft,0.500376,0.550000,-0.076599,0.008338,-0.317528,-0.195601,0.009424,0.078494,260.705000,0.000000
TurnLeft,0.504511,0.550000,-0.076300,0.008218,-0.318261,-0.195078,0.008988,0.078237,259.197000,0.000000
TurnLeft,0.508647,0.550000,-0.075936,0.008085,-0.318924,-0.194402,0.008609,0.078023,257.698100,0.000000
TurnLeft,0.512782,0.550000,-0.075536,0.007946,-0.319503,-0.193646,0.008300,0.077880,256.210300,0.000000
TurnLeft,0.516917,0.550000,-0.075122,0.007801,-0.319990,-0.192880,0.008058,0.077819,254.735900,0.000000
TurnLeft,0.521053,0.550000,-0.074600,0.007526,-0.320459,-0.192059,0.007754,0.077760,253.277000,0.000000
TurnLeft,0.525188,0.550000,-0.074133,0.007271,-0.320812,-0.191400,0.007527,0.077790,251.835800,0.000000
TurnLeft,0.529323,0.550000,-0.073753,0.007044,-0.321042,-0.190984,0.007371,0.077891,250.414100,0.000000
TurnLeft,0.533459,0.550000,-0.073481,0.006849,-0.321147,-0.190887,0.007275,0.078038,249.014200,0.000000
TurnLeft,0.537594,0.550000,-0.073000,0.006541,-0.321181,-0.190915,0.007055,0.078126,247.637200,0.000000
TurnLeft,0.541729,0.550000,-0.072486,0.006292,-0.321149,-0.191134,0.006818,0.078182,246.276100,0.000000
TurnLeft,0.545865,0.550000,-0.072034,0.006168,-0.321192,-0.191363,0.006577,0.078179,244.921400,0.000000
TurnLeft,0.550000,0.550000,-0.071736,0.006238,-0.321462,-0.191423,0.006362,0.078124,243.564100,0.000000
TurnRight,0.000000,0.600000,-0.197720,0.020165,0.152741,0.077815,0.016041,0.120660,354.224300,0.000000
TurnRight,0.004167,0.600000,-0.198358,0.020186,0.152557,0.077404,0.016556,0.120771,355.191700,0.000000
TurnRight,0.008333,0.600000,-0.199380,0.020279,0.152360,0.076922,0.017082,0.121067,356.148500,0.000000
TurnRight,0.012500,0.600000,-0.200668,0.020428,0.152164,0.076427,0.017603,0.121507,357.092400,0.000000
TurnRight,0.016667,0.600000,-0.202103,0.020620,0.151982,0.075976,0.018104,0.122054,358.021200,0.000000
TurnRight,0.020833,0.600000,-0.203434,0.020763,0.151704,0.075756,0.018495,0.122552,358.932700,0.000000
TurnRight,0.025000,0.600000,-0.204678,0.020917,0.151457,0.075683,0.018836,0.123083,359.824600,0.000000
TurnRight,0.029167,0.600000,-0.205720,0.021068,0.151247,0.075807,0.019111,0.123611,0.694806,0.000000
TurnRight,0.033333,0.600000,-0.206443,0.021201,0.151076,0.076174,0.019306,0.124101,1.540938,0.000000
TurnRight,0.037500,0.600000,-0.206719,0.021102,0.150711,0.076777,0.019100,0.124254,2.360830,0.000000
TurnRight,0.041667,0.600000,-0.206952,0.021005,0.150307,0.077463,0.018762,0.124274,3.152256,0.000000
TurnRight,0.045833,0.600000,-0.207180,0.020918,0.149875,0.078699,0.018510,0.124302,3.912986,0.000000
TurnRight,0.050000,0.600000,-0.207443,0.020849,0.149427,0.080957,0.018559,0.124462,4.640796,0.000000
TurnRight,0.054167,0.600000,-0.207490,0.020713,0.148866,0.084661,0.018891,0.124462,5.333453,0.000000
TurnRight,0.058333,0.600000,-0.207502,0.020592,0.148360,0.089338,0.019483,0.124207,5.988735,0.000000
TurnRight,0.062500,0.600000,-0.207508,0.020496,0.147929,0.094762,0.020305,0.123708,6.604415,0.000000
TurnRight,0.066667,0.600000,-0.207537,0.020435,0.147594,0.100701,0.021321,0.122987,7.178274,0.000000
TurnRight,0.070833,0.600000,-0.207641,0.020382,0.147267,0.107103,0.022494,0.121940,7.737982,0.000000
TurnRight,0.075000,0.600000,-0.207901,0.020317,0.146868,0.113915,0.023770,0.120437,8.312012,0.000000
TurnRight,0.079167,0.600000,-0.208391,0.020256,0.146430,0.120901,0.025074,0.118489,8.899335,0.000000
TurnRight,0.083333,0.600000,-0.209184,0.020217,0.145989,0.127824,0.026318,0.116141,9.498911,0.000000
TurnRight,0.087500,0.600000,-0.209926,0.020326,0.145544,0.134740,0.027620,0.113468,10.109710,0.000000
TurnRight,0.091667,0.600000,-0.210570,0.020396,0.145085,0.141365,0.028834,0.110504,10.730690,0.000000
TurnRight,0.095833,0.600000,-0.211138,0.020432,0.144617,0.147493,0.029915,0.107261,11.360820,0.000000
TurnRight,0.100000,0.600000,-0.211651,0.020440,0.144145,0.152953,0.030808,0.103769,11.999050,0.000000
TurnRight,0.104167,0.600000,-0.212129,0.020427,0.143676,0.157708,0.031462,0.100044,12.644330,0.000000
TurnRight,0.108333,0.600000,-0.212593,0.020398,0.143215,0.161873,0.031888,0.096104,13.295640,0.000000
TurnRight,0.112500,0.600000,-0.213060,0.020358,0.142771,0.165530,0.032123,0.091973,13.951920,0.000000
TurnRight,0.116667,0.600000,-0.213550,0.020313,0.142351,0.168761,0.032207,0.087667,14.612130,0.000000
TurnRight,0.120833,0.600000,-0.213845,0.020266,0.142079,0.171879,0.032179,0.083302,15.275210,0.000000
TurnRight,0.125000,0.600000,-0.214192,0.020231,0.141854,0.174733,0.032090,0.078765,15.940140,0.000000
TurnRight,0.129167,0.600000,-0.214607,0.020212,0.141686,0.177398,0.031983,0.074040,16.605850,0.000000
TurnRight,0.133333,0.600000,-0.215106,0.020216,0.141586,0.179944,0.031904,0.069105,17.271300,0.000000
TurnRight,0.137500,0.600000,-0.215676,0.020237,0.141524,0.182385,0.031866,0.063948,17.935450,0.000000
TurnRight,0.141667,0.600000,-0.216305,0.020268,0.141458,0.184646,0.031837,0.058603,18.597230,0.000000
TurnRight,0.145833,0.600000,-0.217012,0.020311,0.141375,0.186659,0.031798,0.053115,19.255600,0.000000
TurnRight,0.150000,0.600000,-0.217813,0.020367,0.141263,0.188366,0.031726,0.047537,19.909510,0.000000
TurnRight,0.154167,0.600000,-0.218367,0.020404,0.141162,0.190106,0.031613,0.041973,20.546400,0.000000
TurnRight,0.158333,0.600000,-0.218894,0.020428,0.141045,0.191675,0.031499,0.036393,21.155590,0.000000
TurnRight,0.162500,0.600000,-0.219398,0.020441,0.140912,0.193049,0.031370,0.030774,21.738870,0.000000
TurnRight,0.166667,0.600000,-0.219883,0.020442,0.140765,0.194207,0.031214,0.025092,22.298030,0.000000
TurnRight,0.170833,0.600000,-0.220355,0.020431,0.140603,0.195126,0.031016,0.019327,22.834850,0.000000
TurnRight,0.175000,0.600000,-0.220817,0.020409,0.140428,0.195782,0.030767,0.013460,23.351140,0.000000
TurnRight,0.179167,0.600000,-0.221274,0.020376,0.140242,0.196155,0.030453,0.007473,23.848690,0.000000
TurnRight,0.183333,0.600000,-0.221731,0.020333,0.140044,0.196223,0.030065,0.001350,24.329310,0.000000
TurnRight,0.187500,0.600000,-0.221908,0.020355,0.139797,0.196314,0.029668,-0.005006,24.794780,0.000000
TurnRight,0.191667,0.600000,-0.222093,0.020370,0.139538,0.196203,0.029205,-0.011582,25.246920,0.000000
TurnRight,0.195833,0.600000,-0.222290,0.020381,0.139268,0.195895,0.028695,-0.018340,25.687520,0.000000
TurnRight,0.200000,0.600000,-0.222504,0.020387,0.138989,0.195402,0.028158,-0.025239,26.118390,0.000000
TurnRight,0.204167,0.600000,-0.222740,0.020389,0.138702,0.194665,0.027587,-0.032127,26.541320,0.000000
TurnRight,0.208333,0.600000,-0.223003,0.020388,0.138409,0.193629,0.026969,-0.038836,26.958110,0.000000
TurnRight,0.212500,0.600000,-0.223299,0.020384,0.138113,0.192322,0.026315,-0.045311,27.370560,0.000000
TurnRight,0.216667,0.600000,-0.223631,0.020378,0.137815,0.190783,0.025641,-0.051498,27.780470,0.000000
TurnRight,0.220833,0.600000,-0.223697,0.020261,0.137449,0.189380,0.024867,-0.057601,28.189620,0.000000
TurnRight,0.225000,0.600000,-0.223815,0.020146,0.137076,0.187825,0.024110,-0.063500,28.599830,0.000000
TurnRight,0.229167,0.600000,-0.223991,0.020033,0.136700,0.186147,0.023349,-0.068839,29.012870,0.000000
TurnRight,0.233333,0.600000,-0.224230,0.019925,0.136324,0.184425,0.022577,-0.073263,29.430540,0.000000
TurnRight,0.237500,0.600000,-0.224537,0.019821,0.135950,0.182726,0.021773,-0.076721,29.854630,0.000000
TurnRight,0.241667,0.600000,-0.224917,0.019725,0.135584,0.181085,0.020937,-0.079459,30.286930,0.000000
TurnRight,0.245833,0.600000,-0.225375,0.019637,0.135229,0.179546,0.020089,-0.081572,30.729240,0.000000
TurnRight,0.250000,0.600000,-0.225918,0.019559,0.134891,0.178138,0.019244,-0.083155,31.183320,0.000000
TurnRight,0.254167,0.600000,-0.226321,0.019554,0.134414,0.177055,0.018480,-0.084497,31.650970,0.000000
TurnRight,0.258333,0.600000,-0.226740,0.019540,0.133982,0.176118,0.017733,-0.085507,32.133960,0.000000
TurnRight,0.262500,0.600000,-0.227196,0.019507,0.133537,0.175330,0.017011,-0.086277,32.634060,0.000000
TurnRight,0.266667,0.600000,-0.227712,0.019451,0.133019,0.174695,0.016319,-0.086900,33.153050,0.000000
TurnRight,0.270833,0.600000,-0.228533,0.019422,0.132292,0.174645,0.015688,-0.087181,33.681130,0.000000
TurnRight,0.275000,0.600000,-0.229804,0.019466,0.131322,0.175244,0.015196,-0.087033,34.207410,0.000000
TurnRight,0.279167,0.600000,-0.231400,0.019570,0.130198,0.175925,0.014906,-0.086699,34.731950,0.000000
TurnRight,0.283333,0.600000,-0.233192,0.019721,0.129008,0.176115,0.014867,-0.086416,35.254830,0.000000
TurnRight,0.287500,0.600000,-0.234973,0.019407,0.127703,0.175909,0.014604,-0.086380,35.776140,0.000000
TurnRight,0.291667,0.600000,-0.236704,0.019070,0.126505,0.175620,0.014539,-0.086378,36.295910,0.000000
TurnRight,0.295833,0.600000,-0.238248,0.018689,0.125493,0.175253,0.014620,-0.086430,36.814230,0.000000
TurnRight,0.300000,0.600000,-0.239470,0.018240,0.124740,0.174811,0.014799,-0.086556,37.331170,0.000000
TurnRight,0.304167,0.600000,-0.239895,0.017568,0.125042,0.174299,0.015027,-0.086776,37.846780,0.000000
TurnRight,0.308333,0.600000,-0.239492,0.016730,0.126561,0.173725,0.015260,-0.087114,38.361160,0.000000
TurnRight,0.312500,0.600000,-0.238807,0.016027,0.128412,0.173093,0.015450,-0.087594,38.874360,0.000000
TurnRight,0.316667,0.600000,-0.238409,0.015781,0.129719,0.172411,0.015555,-0.088242,39.386490,0.000000
TurnRight,0.320833,0.600000,-0.238168,0.016045,0.130162,0.171760,0.015620,-0.088959,39.897620,0.000000
TurnRight,0.325000,0.600000,-0.237539,0.016674,0.130176,0.171241,0.015723,-0.089629,40.407850,0.000000
TurnRight,0.329167,0.600000,-0.236481,0.017704,0.130033,0.170896,0.015860,-0.090259,40.917280,0.000000
TurnRight,0.333333,0.600000,-0.234942,0.019150,0.130001,0.170760,0.016025,-0.090859,41.426020,0.000000
TurnRight,0.337500,0.600000,-0.233566,0.021130,0.130445,0.170486,0.016060,-0.091235,41.934180,0.000000
TurnRight,0.341667,0.600000,-0.232096,0.023815,0.131456,0.170144,0.016090,-0.091568,42.441860,0.000000
TurnRight,0.345833,0.600000,-0.229795,0.026792,0.133392,0.169744,0.016106,-0.091899,42.949190,0.000000
TurnRight,0.350000,0.600000,-0.225934,0.029569,0.136557,0.169292,0.016098,-0.092268,43.456290,0.000000
TurnRight,0.354167,0.600000,-0.220299,0.032126,0.140948,0.168685,0.016043,-0.092688,43.975640,0.000000
TurnRight,0.358333,0.600000,-0.213363,0.034543,0.145980,0.167861,0.015923,-0.093143,44.519040,0.000000
TurnRight,0.362500,0.600000,-0.205464,0.036447,0.151041,0.166887,0.015739,-0.093632,45.085590,0.000000
TurnRight,0.366667,0.600000,-0.196999,0.037478,0.155540,0.165833,0.015492,-0.094160,45.674430,0.000000
TurnRight,0.370833,0.600000,-0.187909,0.037925,0.159740,0.164760,0.015553,-0.094457,46.284650,0.000000
TurnRight,0.375000,0.600000,-0.177937,0.037727,0.163674,0.163763,0.015598,-0.094804,46.915370,0.000000
TurnRight,0.379167,0.600000,-0.167276,0.037049,0.167266,0.162905,0.015625,-0.095212,47.565710,0.000000
TurnRight,0.383333,0.600000,-0.156129,0.036059,0.170476,0.162253,0.015628,-0.095696,48.234750,0.000000
TurnRight,0.387500,0.600000,-0.144699,0.034916,0.173306,0.161732,0.015607,-0.096181,48.921610,0.000000
TurnRight,0.391667,0.600000,-0.133194,0.033767,0.175805,0.161227,0.015563,-0.096592,49.625380,0.000000
TurnRight,0.395833,0.600000,-0.121812,0.032743,0.178065,0.160739,0.015502,-0.096939,50.345180,0.000000
TurnRight,0.400000,0.600000,-0.110742,0.031961,0.180221,0.160271,0.015425,-0.097233,51.080100,0.000000
TurnRight,0.404167,0.600000,-0.100004,0.031387,0.182333,0.159825,0.015338,-0.097486,51.829230,0.000000
TurnRight,0.408333,0.600000,-0.089393,0.030904,0.184380,0.159403,0.015244,-0.097709,52.591670,0.000000
TurnRight,0.412500,0.600000,-0.078740,0.030495,0.186387,0.159005,0.015146,-0.097913,53.366520,0.000000
TurnRight,0.416667,0.600000,-0.067873,0.030148,0.188350,0.158634,0.015049,-0.098110,54.152860,0.000000
TurnRight,0.420833,0.600000,-0.056866,0.030100,0.190467,0.158291,0.015175,-0.098163,54.949790,0.000000
TurnRight,0.425000,0.600000,-0.045847,0.030120,0.192608,0.157984,0.015286,-0.098238,55.756390,0.000000
TurnRight,0.429167,0.600000,-0.034737,0.030193,0.194713,0.157716,0.015385,-0.098346,56.571750,0.000000
TurnRight,0.433333,0.600000,-0.023467,0.030305,0.196711,0.157487,0.015477,-0.098498,57.394970,0.000000
TurnRight,0.437500,0.600000,-0.011976,0.030445,0.198521,0.157296,0.015563,-0.098707,58.225130,0.000000
TurnRight,0.441667,0.600000,-0.000216,0.030601,0.200056,0.157144,0.015647,-0.098984,59.061330,0.000000
TurnRight,0.445833,0.600000,0.011848,0.030764,0.201221,0.157030,0.015731,-0.099340,59.902650,0.000000
TurnRight,0.450000,0.600000,0.024242,0.030927,0.201913,0.156953,0.015818,-0.099787,60.748210,0.000000
TurnRight,0.454167,0.600000,0.037126,0.031129,0.202119,0.156926,0.015904,-0.100208,61.597080,0.000000
TurnRight,0.458333,0.600000,0.050374,0.031444,0.201885,0.156890,0.015985,-0.100520,62.448390,0.000000
TurnRight,0.462500,0.600000,0.063588,0.031899,0.201217,0.156738,0.016072,-0.100779,63.301240,0.000000
TurnRight,0.466667,0.600000,0.076394,0.032497,0.200137,0.156358,0.016172,-0.101029,64.154740,0.000000
TurnRight,0.470833,0.600000,0.089138,0.033050,0.198650,0.155815,0.016081,-0.101024,65.008000,0.000000
TurnRight,0.475000,0.600000,0.102068,0.033749,0.196431,0.155136,0.015992,-0.100871,65.860170,0.000000
TurnRight,0.479167,0.600000,0.114893,0.034549,0.193560,0.154360,0.015911,-0.100637,66.710350,0.000000
TurnRight,0.483333,0.600000,0.127335,0.035392,0.190175,0.153527,0.015844,-0.100391,67.557700,0.000000
TurnRight,0.487500,0.600000,0.139137,0.036212,0.186461,0.152675,0.015794,-0.100203,68.401360,0.000000
TurnRight,0.491667,0.600000,0.150067,0.036932,0.182655,0.151842,0.015761,-0.100149,69.240490,0.000000
TurnRight,0.495833,0.600000,0.159923,0.037469,0.179029,0.151067,0.015746,-0.100302,70.074260,0.000000
TurnRight,0.500000,0.600000,0.168529,0.037734,0.175884,0.150388,0.015745,-0.100740,70.901820,0.000000
TurnRight,0.504167,0.600000,0.175961,0.037762,0.173310,0.149774,0.015760,-0.101331,71.723660,0.000000
TurnRight,0.508333,0.600000,0.182455,0.037640,0.171138,0.149169,0.015789,-0.101865,72.541020,0.000000
TurnRight,0.512500,0.600000,0.188076,0.037365,0.169279,0.148576,0.015831,-0.102305,73.354110,0.000000
TurnRight,0.516667,0.600000,0.192874,0.036937,0.167631,0.147996,0.015886,-0.102613,74.163120,0.000000
TurnRight,0.520833,0.600000,0.196952,0.036266,0.166192,0.147495,0.015872,-0.102800,74.968270,0.000000
TurnRight,0.525000,0.600000,0.200270,0.035430,0.164704,0.147004,0.015874,-0.103130,75.769780,0.000000
TurnRight,0.529167,0.600000,0.202850,0.034431,0.163038,0.146520,0.015888,-0.103581,76.567840,0.000000
TurnRight,0.533333,0.600000,0.204706,0.033275,0.161058,0.146044,0.015907,-0.104129,77.362660,0.000000
TurnRight,0.537500,0.600000,0.205987,0.031982,0.159051,0.145685,0.015882,-0.104712,78.154420,0.000000
TurnRight,0.541667,0.600000,0.206683,0.030701,0.157355,0.145331,0.015855,-0.105348,78.943300,0.000000
TurnRight,0.545833,0.600000,0.206907,0.029483,0.156015,0.144983,0.015822,-0.106013,79.729490,0.000000
TurnRight,0.550000,0.600000,0.206773,0.028384,0.155073,0.144639,0.015778,-0.106687,80.513160,0.000000
TurnRight,0.554167,0.600000,0.206433,0.027467,0.154515,0.144381,0.015819,-0.107342,81.294470,0.000000
TurnRight,0.558333,0.600000,0.205863,0.026573,0.154307,0.144128,0.015842,-0.107963,82.073590,0.000000
TurnRight,0.562500,0.600000,0.205154,0.025722,0.154470,0.143880,0.015842,-0.108529,82.850700,0.000000
TurnRight,0.566667,0.600000,0.204395,0.024928,0.155022,0.143637,0.015815,-0.109019,83.625920,0.000000
TurnRight,0.570833,0.600000,0.203608,0.024307,0.155816,0.143349,0.015888,-0.109323,84.399420,0.000000
TurnRight,0.575000,0.600000,0.202878,0.023710,0.156589,0.143081,0.015947,-0.109504,85.171310,0.000000
TurnRight,0.579167,0.600000,0.202205,0.023127,0.157329,0.142826,0.015990,-0.109655,85.941750,0.000000
TurnRight,0.583333,0.600000,0.201591,0.022549,0.158025,0.142575,0.016013,-0.109870,86.710870,0.000000
TurnRight,0.587500,0.600000,0.200827,0.021991,0.158646,0.142069,0.016039,-0.110180,87.478790,0.000000
TurnRight,0.591667,0.600000,0.200121,0.021415,0.159193,0.141491,0.016045,-0.110509,88.245630,0.000000
TurnRight,0.595833,0.600000,0.199474,0.020811,0.159650,0.140885,0.016042,-0.110835,89.011500,0.000000
TurnRight,0.600000,0.600000,0.198883,0.020165,0.159999,0.140293,0.016041,-0.111139,89.776510,0.000000
TurnLeft_InPlace,0.000000,0.300000,-0.218807,0.006238,0.194880,0.182387,0.006362,0.080704,6.124225,0.000000
TurnLeft_InPlace,0.004167,0.300000,-0.215776,0.006860,0.200322,0.183685,0.006302,0.076425,6.124220,0.000000
TurnLeft_InPlace,0.008333,0.300000,-0.213487,0.008146,0.206467,0.184523,0.006287,0.072188,6.124213,0.000000
TurnLeft_InPlace,0.012500,0.300000,-0.211126,0.009883,0.211381,0.185126,0.006152,0.068009,6.124215,0.000000
TurnLeft_InPlace,0.016667,0.300000,-0.208473,0.011886,0.214432,0.185556,0.005903,0.063876,6.124219,0.000000
TurnLeft_InPlace,0.020833,0.300000,-0.205804,0.014065,0.215935,0.185828,0.005627,0.059747,6.124222,0.000000
TurnLeft_InPlace,0.025000,0.300000,-0.203539,0.016380,0.216244,0.186058,0.005399,0.055524,6.124250,0.000000
TurnLeft_InPlace,0.029167,0.300000,-0.202107,0.018656,0.215749,0.186310,0.005204,0.051158,6.124252,0.000000
TurnLeft_InPlace,0.033333,0.300000,-0.202052,0.020705,0.215070,0.186581,0.005061,0.046758,6.124234,0.000000
TurnLeft_InPlace,0.037500,0.300000,-0.203203,0.022522,0.214152,0.187075,0.005209,0.042211,6.124236,0.000000
TurnLeft_InPlace,0.041667,0.300000,-0.205905,0.023714,0.211613,0.187773,0.005449,0.037564,6.124238,0.000000
TurnLeft_InPlace,0.045833,0.300000,-0.210644,0.023968,0.206010,0.188604,0.005574,0.032960,6.124225,0.000000
TurnLeft_InPlace,0.050000,0.300000,-0.217628,0.023527,0.197051,0.189627,0.005806,0.028551,6.124248,0.000000
TurnLeft_InPlace,0.054167,0.300000,-0.226580,0.022428,0.184627,0.190487,0.006030,0.024531,6.124236,0.000000
TurnLeft_InPlace,0.058333,0.300000,-0.236903,0.021002,0.166338,0.191207,0.006262,0.020740,6.124242,0.000000
TurnLeft_InPlace,0.062500,0.300000,-0.248038,0.019993,0.143915,0.191776,0.006523,0.016999,6.124235,0.000000
TurnLeft_InPlace,0.066667,0.300000,-0.259978,0.019598,0.117706,0.192104,0.006626,0.013152,6.124223,0.000000
TurnLeft_InPlace,0.070833,0.300000,-0.271246,0.019786,0.087312,0.192108,0.006499,0.008927,6.124230,0.000000
TurnLeft_InPlace,0.075000,0.300000,-0.278493,0.020542,0.053965,0.191802,0.006492,0.003880,6.124248,0.000000
TurnLeft_InPlace,0.079167,0.300000,-0.280955,0.021205,0.022736,0.190712,0.006307,-0.001427,6.124242,0.000000
TurnLeft_InPlace,0.083333,0.300000,-0.280513,0.023161,-0.003542,0.189270,0.006220,-0.006511,6.124248,0.000000
TurnLeft_InPlace,0.087500,0.300000,-0.278063,0.025555,-0.025861,0.187769,0.006193,-0.010942,6.124254,0.000000
TurnLeft_InPlace,0.091667,0.300000,-0.274452,0.027819,-0.047057,0.186345,0.006100,-0.015483,6.124243,0.000000
TurnLeft_InPlace,0.095833,0.300000,-0.270313,0.029833,-0.068662,0.184970,0.005885,-0.020840,6.124228,0.000000
TurnLeft_InPlace,0.100000,0.300000,-0.265706,0.031332,-0.088607,0.183527,0.005730,-0.026280,6.124252,0.000000
TurnLeft_InPlace,0.104167,0.300000,-0.260385,0.031047,-0.106220,0.182099,0.005682,-0.029948,6.124246,0.000000
TurnLeft_InPlace,0.108333,0.300000,-0.253425,0.027558,-0.117950,0.181066,0.005891,-0.031409,6.124249,0.000000
TurnLeft_InPlace,0.112500,0.300000,-0.246637,0.022663,-0.124182,0.179989,0.006164,-0.032251,6.124245,0.000000
TurnLeft_InPlace,0.116667,0.300000,-0.242738,0.019089,-0.126832,0.178767,0.006326,-0.034430,6.124229,0.000000
TurnLeft_InPlace,0.120833,0.300000,-0.243609,0.018435,-0.127552,0.177585,0.006491,-0.038715,6.124222,0.000000
TurnLeft_InPlace,0.125000,0.300000,-0.248210,0.020012,-0.126508,0.176652,0.007217,-0.043849,6.124237,0.000000
TurnLeft_InPlace,0.129167,0.300000,-0.251201,0.020482,-0.124081,0.176096,0.008862,-0.049241,6.124244,0.000000
TurnLeft_InPlace,0.133333,0.300000,-0.253348,0.019658,-0.120953,0.174169,0.011185,-0.056585,6.124241,0.000000
TurnLeft_InPlace,0.137500,0.300000,-0.256270,0.018491,-0.117774,0.170995,0.014477,-0.065244,6.124239,0.000000
TurnLeft_InPlace,0.141667,0.300000,-0.259955,0.017355,-0.114869,0.167167,0.018422,-0.073091,6.124242,0.000000
TurnLeft_InPlace,0.145833,0.300000,-0.263784,0.016283,-0.112233,0.163210,0.022256,-0.078366,6.124240,0.000000
TurnLeft_InPlace,0.150000,0.300000,-0.267758,0.015367,-0.109609,0.159183,0.025338,-0.081277,6.124227,0.000000
TurnLeft_InPlace,0.154167,0.300000,-0.271849,0.014708,-0.106802,0.154652,0.027366,-0.083265,6.124228,0.000000
TurnLeft_InPlace,0.158333,0.300000,-0.275572,0.014546,-0.103503,0.150170,0.028262,-0.083130,6.124230,0.000000
TurnLeft_InPlace,0.162500,0.300000,-0.279010,0.014444,-0.099775,0.145895,0.028120,-0.080895,6.124243,0.000000
TurnLeft_InPlace,0.166667,0.300000,-0.282210,0.014243,-0.095637,0.142040,0.027208,-0.076958,6.124249,0.000000
TurnLeft_InPlace,0.170833,0.300000,-0.285257,0.013961,-0.091239,0.138817,0.025812,-0.071811,6.124237,0.000000
TurnLeft_InPlace,0.175000,0.300000,-0.288295,0.013652,-0.086941,0.136416,0.024190,-0.065762,6.124226,0.000000
TurnLeft_InPlace,0.179167,0.300000,-0.291276,0.013376,-0.082672,0.135055,0.022620,-0.059037,6.124250,0.000000
TurnLeft_InPlace,0.183333,0.300000,-0.294043,0.013276,-0.078157,0.134999,0.021309,-0.050959,6.124244,0.000000
TurnLeft_InPlace,0.187500,0.300000,-0.296665,0.013197,-0.073578,0.135982,0.020092,-0.042047,6.124235,0.000000
TurnLeft_InPlace,0.191667,0.300000,-0.299176,0.013101,-0.069000,0.137781,0.018925,-0.033088,6.124229,0.000000
TurnLeft_InPlace,0.195833,0.300000,-0.301593,0.013006,-0.064422,0.140240,0.017820,-0.024638,6.124229,0.000000
TurnLeft_InPlace,0.200000,0.300000,-0.303929,0.012926,-0.059843,0.143161,0.016790,-0.016620,6.124252,0.000000
TurnLeft_InPlace,0.204167,0.300000,-0.306179,0.012879,-0.055254,0.146170,0.015786,-0.008536,6.124242,0.000000
TurnLeft_InPlace,0.208333,0.300000,-0.308261,0.012868,-0.050549,0.148966,0.014740,-0.000058,6.124247,0.000000
TurnLeft_InPlace,0.212500,0.300000,-0.310191,0.012865,-0.045752,0.151335,0.013566,0.008561,6.124247,0.000000
TurnLeft_InPlace,0.216667,0.300000,-0.312021,0.012862,-0.040918,0.153208,0.012277,0.017458,6.124248,0.000000
TurnLeft_InPlace,0.220833,0.300000,-0.313804,0.012867,-0.036103,0.154642,0.010934,0.027110,6.124249,0.000000
TurnLeft_InPlace,0.225000,0.300000,-0.315550,0.012893,-0.031325,0.155836,0.009587,0.038110,6.124224,0.000000
TurnLeft_InPlace,0.229167,0.300000,-0.317194,0.012948,-0.026556,0.157389,0.008311,0.051031,6.124240,0.000000
TurnLeft_InPlace,0.233333,0.300000,-0.318640,0.013038,-0.021524,0.158603,0.007700,0.064539,6.124242,0.000000
TurnLeft_InPlace,0.237500,0.300000,-0.319698,0.013067,-0.015876,0.158881,0.008027,0.077544,6.124233,0.000000
TurnLeft_InPlace,0.241667,0.300000,-0.320263,0.012990,-0.009455,0.157590,0.009306,0.090153,6.124236,0.000000
TurnLeft_InPlace,0.245833,0.300000,-0.320362,0.012840,-0.002380,0.154567,0.011389,0.102688,6.124258,0.000000
TurnLeft_InPlace,0.250000,0.300000,-0.320193,0.012762,0.004942,0.150578,0.013929,0.114669,6.124263,0.000000
TurnLeft_InPlace,0.254167,0.300000,-0.319733,0.012766,0.012009,0.146928,0.016403,0.125820,6.124187,0.000000
TurnLeft_InPlace,0.258333,0.300000,-0.317636,0.012226,0.022843,0.144079,0.017745,0.135024,6.124661,0.000000
TurnLeft_InPlace,0.262500,0.300000,-0.313329,0.011140,0.039437,0.141953,0.017681,0.140366,6.125869,0.000000
TurnLeft_InPlace,0.266667,0.300000,-0.306417,0.009774,0.060979,0.141158,0.016422,0.141356,6.127370,0.000000
TurnLeft_InPlace,0.270833,0.300000,-0.296759,0.008446,0.085248,0.142588,0.014412,0.138430,6.128557,0.000000
TurnLeft_InPlace,0.275000,0.300000,-0.284462,0.007308,0.110326,0.146763,0.012055,0.132118,6.129042,0.000000
TurnLeft_InPlace,0.279167,0.300000,-0.270310,0.006526,0.133871,0.153397,0.009889,0.122736,6.128755,0.000000
TurnLeft_InPlace,0.283333,0.300000,-0.255608,0.006104,0.154672,0.161099,0.008191,0.111822,6.127836,0.000000
TurnLeft_InPlace,0.287500,0.300000,-0.241686,0.005972,0.171754,0.168803,0.007077,0.100701,6.126589,0.000000
TurnLeft_InPlace,0.291667,0.300000,-0.230018,0.006027,0.184422,0.175494,0.006511,0.090762,6.125377,0.000000
TurnLeft_InPlace,0.295833,0.300000,-0.222040,0.006154,0.192138,0.180282,0.006346,0.083640,6.124530,0.000000
TurnLeft_InPlace,0.300000,0.300000,-0.218807,0.006238,0.194880,0.182387,0.006362,0.080704,6.124225,0.000000
TurnRight_InPlace,0.000000,0.300000,-0.197720,0.020165,0.152741,0.077815,0.016041,0.120660,354.224300,0.000000
TurnRight_InPlace,0.004167,0.300000,-0.201929,0.020210,0.148115,0.074599,0.016713,0.122494,354.224300,0.000000
TurnRight_InPlace,0.008333,0.300000,-0.206608,0.020366,0.143339,0.071239,0.017403,0.124526,354.224300,0.000000
TurnRight_InPlace,0.012500,0.300000,-0.211499,0.020583,0.138383,0.067892,0.018053,0.126666,354.224300,0.000000
TurnRight_InPlace,0.016667,0.300000,-0.216303,0.020814,0.133251,0.064717,0.018614,0.128829,354.224300,0.000000
TurnRight_InPlace,0.020833,0.300000,-0.220715,0.021022,0.128006,0.061869,0.019042,0.130970,354.224300,0.000000
TurnRight_InPlace,0.025000,0.300000,-0.224454,0.021179,0.122748,0.059464,0.019283,0.133055,354.224300,0.000000
TurnRight_InPlace,0.029167,0.300000,-0.227390,0.021026,0.117151,0.057375,0.018807,0.134528,354.224300,0.000000
TurnRight_InPlace,0.033333,0.300000,-0.230166,0.020885,0.111353,0.056708,0.018517,0.136301,354.224300,0.000000
TurnRight_InPlace,0.037500,0.300000,-0.232553,0.020690,0.105365,0.059645,0.019001,0.138626,354.224300,0.000000
TurnRight_InPlace,0.041667,0.300000,-0.234611,0.020497,0.099410,0.066960,0.020523,0.141409,354.224300,0.000000
TurnRight_InPlace,0.045833,0.300000,-0.236743,0.020363,0.093497,0.077829,0.022986,0.143987,354.224300,0.000000
TurnRight_InPlace,0.050000,0.300000,-0.239502,0.020231,0.087173,0.090091,0.025764,0.145534,354.224300,0.000000
TurnRight_InPlace,0.054167,0.300000,-0.242502,0.020376,0.080627,0.101950,0.028363,0.146127,354.224300,0.000000
TurnRight_InPlace,0.058333,0.300000,-0.245011,0.020434,0.074087,0.112038,0.030436,0.145727,354.224300,0.000000
TurnRight_InPlace,0.062500,0.300000,-0.247162,0.020410,0.067565,0.119925,0.031693,0.144253,354.224300,0.000000
TurnRight_InPlace,0.066667,0.300000,-0.249083,0.020336,0.061114,0.126092,0.032177,0.141920,354.224300,0.000000
TurnRight_InPlace,0.070833,0.300000,-0.250851,0.020255,0.054813,0.131340,0.032166,0.139006,354.224300,0.000000
TurnRight_InPlace,0.075000,0.300000,-0.252559,0.020212,0.048722,0.136315,0.031966,0.135671,354.224300,0.000000
TurnRight_InPlace,0.079167,0.300000,-0.254422,0.020239,0.042665,0.141469,0.031870,0.131761,354.224300,0.000000
TurnRight_InPlace,0.083333,0.300000,-0.256390,0.020313,0.036426,0.146507,0.031793,0.127231,354.224300,0.000000
TurnRight_InPlace,0.087500,0.300000,-0.258161,0.020394,0.030089,0.151585,0.031636,0.122242,354.224300,0.000000
TurnRight_InPlace,0.091667,0.300000,-0.259647,0.020441,0.023684,0.156957,0.031374,0.116538,354.224300,0.000000
TurnRight_InPlace,0.095833,0.300000,-0.260892,0.020426,0.017182,0.162703,0.030950,0.109516,354.224300,0.000000
TurnRight_InPlace,0.100000,0.300000,-0.261982,0.020344,0.010505,0.168586,0.030157,0.100470,354.224300,0.000000
TurnRight_InPlace,0.104167,0.300000,-0.262226,0.020382,0.003923,0.175525,0.028947,0.088805,354.224300,0.000000
TurnRight_InPlace,0.108333,0.300000,-0.262347,0.020390,-0.002841,0.182679,0.027295,0.074802,354.224300,0.000000
TurnRight_InPlace,0.112500,0.300000,-0.262175,0.020248,-0.009703,0.188798,0.025249,0.060271,354.224300,0.000000
TurnRight_InPlace,0.116667,0.300000,-0.261839,0.019978,-0.016695,0.192415,0.022936,0.048342,354.224300,0.000000
TurnRight_InPlace,0.120833,0.300000,-0.261554,0.019698,-0.023871,0.193179,0.020592,0.041742,354.224300,0.000000
TurnRight_InPlace,0.125000,0.300000,-0.261388,0.019553,-0.031229,0.191890,0.018364,0.040516,354.224300,0.000000
TurnRight_InPlace,0.129167,0.300000,-0.260767,0.019441,-0.038424,0.190637,0.016525,0.041731,354.224300,0.000000
TurnRight_InPlace,0.133333,0.300000,-0.260492,0.019480,-0.047290,0.190313,0.015157,0.046237,354.224300,0.000000
TurnRight_InPlace,0.137500,0.300000,-0.260473,0.019314,-0.057706,0.189367,0.014499,0.050996,354.224300,0.000000
TurnRight_InPlace,0.141667,0.300000,-0.260298,0.018675,-0.068051,0.187673,0.014544,0.054776,354.224300,0.000000
TurnRight_InPlace,0.145833,0.300000,-0.259954,0.017402,-0.075418,0.185877,0.015033,0.057693,354.224300,0.000000
TurnRight_InPlace,0.150000,0.300000,-0.260134,0.015789,-0.077112,0.184307,0.015534,0.059833,354.224300,0.000000
TurnRight_InPlace,0.154167,0.300000,-0.258081,0.016739,-0.081528,0.183174,0.015726,0.061651,354.224300,0.000000
TurnRight_InPlace,0.158333,0.300000,-0.254521,0.020377,-0.085085,0.182239,0.015973,0.064276,354.224300,0.000000
TurnRight_InPlace,0.162500,0.300000,-0.251791,0.026684,-0.083758,0.180992,0.016124,0.067020,354.224300,0.000000
TurnRight_InPlace,0.166667,0.300000,-0.249391,0.033308,-0.074689,0.179283,0.016023,0.069245,354.224300,0.000000
TurnRight_InPlace,0.170833,0.300000,-0.245396,0.037344,-0.059408,0.177236,0.015717,0.070861,354.224300,0.000000
TurnRight_InPlace,0.175000,0.300000,-0.239137,0.037844,-0.044671,0.174995,0.015586,0.072502,354.224300,0.000000
TurnRight_InPlace,0.179167,0.300000,-0.231412,0.036472,-0.029295,0.173110,0.015653,0.074582,354.224300,0.000000
TurnRight_InPlace,0.183333,0.300000,-0.223037,0.034437,-0.014387,0.171526,0.015623,0.077036,354.224300,0.000000
TurnRight_InPlace,0.187500,0.300000,-0.215042,0.032669,-0.000516,0.169877,0.015521,0.079704,354.224300,0.000000
TurnRight_InPlace,0.191667,0.300000,-0.208061,0.031465,0.012235,0.168077,0.015376,0.082493,354.224300,0.000000
TurnRight_InPlace,0.195833,0.300000,-0.202123,0.030708,0.024275,0.166197,0.015213,0.085367,354.224300,0.000000
TurnRight_InPlace,0.200000,0.300000,-0.196720,0.030140,0.036348,0.164271,0.015061,0.088296,354.224300,0.000000
TurnRight_InPlace,0.204167,0.300000,-0.192140,0.030113,0.048713,0.162129,0.015253,0.091367,354.224300,0.000000
TurnRight_InPlace,0.208333,0.300000,-0.188152,0.030219,0.061125,0.160042,0.015409,0.094441,354.224300,0.000000
TurnRight_InPlace,0.212500,0.300000,-0.184439,0.030406,0.073712,0.158040,0.015544,0.097504,354.224300,0.000000
TurnRight_InPlace,0.216667,0.300000,-0.180667,0.030633,0.086562,0.156157,0.015668,0.100544,354.224300,0.000000
TurnRight_InPlace,0.220833,0.300000,-0.176526,0.030877,0.099768,0.154396,0.015791,0.103566,354.224300,0.000000
TurnRight_InPlace,0.225000,0.300000,-0.171766,0.031168,0.113464,0.152681,0.015916,0.106610,354.224300,0.000000
TurnRight_InPlace,0.229167,0.300000,-0.166607,0.031707,0.127629,0.150663,0.016038,0.109675,354.224300,0.000000
TurnRight_InPlace,0.233333,0.300000,-0.161594,0.032470,0.141175,0.148337,0.016097,0.112364,354.224300,0.000000
TurnRight_InPlace,0.237500,0.300000,-0.156107,0.033426,0.154633,0.145537,0.016036,0.114768,354.224300,0.000000
TurnRight_InPlace,0.241667,0.300000,-0.149973,0.034564,0.167955,0.142373,0.015915,0.116946,354.224300,0.000000
TurnRight_InPlace,0.245833,0.300000,-0.143588,0.035802,0.180626,0.139117,0.015821,0.118930,354.224300,0.000000
TurnRight_InPlace,0.250000,0.300000,-0.137713,0.036920,0.192054,0.136039,0.015762,0.120763,354.224300,0.000000
TurnRight_InPlace,0.254167,0.300000,-0.133295,0.037683,0.201817,0.133447,0.015761,0.122529,354.224300,0.000000
TurnRight_InPlace,0.258333,0.300000,-0.132498,0.037436,0.208403,0.130212,0.015790,0.124325,354.224400,0.000000
TurnRight_InPlace,0.262500,0.300000,-0.135813,0.036005,0.210737,0.125323,0.015821,0.125972,354.224700,0.000000
TurnRight_InPlace,0.266667,0.300000,-0.142545,0.033598,0.208731,0.118797,0.015842,0.127231,354.225000,0.000000
TurnRight_InPlace,0.270833,0.300000,-0.151378,0.030639,0.202987,0.111362,0.015859,0.127897,354.225200,0.000000
TurnRight_InPlace,0.275000,0.300000,-0.160967,0.027587,0.194399,0.103878,0.015903,0.127833,354.225300,0.000000
TurnRight_InPlace,0.279167,0.300000,-0.170274,0.024840,0.184183,0.096799,0.015926,0.126969,354.225200,0.000000
TurnRight_InPlace,0.283333,0.300000,-0.179113,0.022763,0.174028,0.090513,0.015941,0.125631,354.225000,0.000000
TurnRight_InPlace,0.287500,0.300000,-0.186814,0.021400,0.165129,0.085276,0.015962,0.124049,354.224700,0.000000
TurnRight_InPlace,0.291667,0.300000,-0.192732,0.020619,0.158347,0.081308,0.015989,0.122490,354.224500,0.000000
TurnRight_InPlace,0.295833,0.300000,-0.196405,0.020254,0.154202,0.078785,0.016020,0.121255,354.224400,0.000000
TurnRight_InPlace,0.300000,0.300000,-0.197720,0.020165,0.152741,0.077815,0.016041,0.120660,354.224300,0.000000
