Mono path[0] = 'C:/Users/d.grab/Desktop/the-game/artifacts/mobsv2-build/Razlom_Data/Managed'
Mono config path = 'C:/Users/d.grab/Desktop/the-game/artifacts/mobsv2-build/MonoBleedingEdge/etc'
Starting managed debugger on port 56502
Using monoOptions --debugger-agent=transport=dt_socket,embedding=1,server=y,suspend=n,address=0.0.0.0:56502
CodeReloadManager initialized
Found 2 interfaces on host : 0) 172.19.0.1 1) 192.168.0.103
Player connection [29076]  Target information:

Player connection [29076]  * "[IP] 172.19.0.1 [Port] 55000 [Flags] 2 [Guid] 2791126502 [EditorId] 3105480006 [Version] 1048832 [Id] WindowsPlayer(2,mitpc08) [Debug] 1 [PackageName] WindowsPlayer [ProjectName] razlom" 

Player connection [29076]  * "[IP] 192.168.0.103 [Port] 55000 [Flags] 2 [Guid] 2791126502 [EditorId] 3105480006 [Version] 1048832 [Id] WindowsPlayer(2,mitpc08) [Debug] 1 [PackageName] WindowsPlayer [ProjectName] razlom" 

Player connection [29076] Started UDP target info broadcast (1) on [225.0.0.222:54997].

Input System module state changed to: Initialized.
[Physics::Module] Initialized fallback backend.
[Physics::Module] Id: 0xdecafbad
Initialize engine version: 6000.5.10f1 (3bd4f66ad299)
[Subsystems] Discovering subsystems at path C:/Users/d.grab/Desktop/the-game/artifacts/mobsv2-build/Razlom_Data/UnitySubsystems
[D3D12 Device Filter] Vendor Name: NVIDIA
[D3D12 Device Filter] Device Name: NVIDIA GeForce RTX 3060
[D3D12 Device Filter] Driver Version: 32.0.15.6094
[D3D12 Device Filter] Feature Level: 12.2
[D3D12 Device Filter] Graphics Memory: 12115 MB
[D3D12 Device Filter] Processor Count: 20
[D3D12 Device Filter] Device Type: Discrete
GfxDevice: creating device client; kGfxThreadingModeSplitJobs
d3d12: failed to query info queue interface (0x80004002).
Direct3D:
    Version:         Direct3D 12 [level 12.2]
    Renderer:        NVIDIA GeForce RTX 3060 (ID=0x2504)
    Vendor:          NVIDIA
    VRAM:            12115 MB
    App VRAM Budget: 11347 MB
    Driver:          32.0.15.6094
Begin MonoManager ReloadAssembly
- Finished resetting the current domain, in  0.063 seconds
[Physics::Module] Selected backend.
[Physics::Module] Name: PhysX
[Physics::Module] Id: 0xf2b8ea05
[Physics::Module] SDK Version: 4.1.2
[Physics::Module] Integration Version: 1.0.0
[Physics::Module] Threading Mode: Multi-Threaded
<RI> Initializing input.
Using Windows.Gaming.Input
<RI> Input initialized.
UnloadTime: 2.619700 ms
[Разлом] Потолок кадров: Синхронизация → vSyncCount=1, targetFrameRate=-1
UnityEngine.Debug:ExtractStackTraceNoAlloc (byte*,int,string)
UnityEngine.StackTraceUtility:ExtractStackTrace () (at C:/build/output/unity/unity/Runtime/Export/Scripting/StackTrace.cs:35)
UnityEngine.DebugLogHandler:Internal_Log (UnityEngine.LogType,UnityEngine.LogOption,string,UnityEngine.Object)
UnityEngine.DebugLogHandler:LogFormat (UnityEngine.LogType,UnityEngine.Object,string,object[]) (at C:/build/output/unity/unity/Runtime/Export/Logging/DebugLogHandler.cs:9)
UnityEngine.Logger:Log (UnityEngine.LogType,object) (at C:/build/output/unity/unity/Runtime/Export/Logging/Logger.cs:60)
UnityEngine.Debug:Log (object) (at C:/build/output/unity/unity/Runtime/Export/Debug/Debug.bindings.cs:123)
Game.View.GameUserSettings:ApplyFrameCap () (at C:/Users/d.grab/Desktop/the-game/artifacts/mobsv2-project/Assets/Game.View/GameUserSettings.cs:313)
Game.View.GameUserSettings:Load () (at C:/Users/d.grab/Desktop/the-game/artifacts/mobsv2-project/Assets/Game.View/GameUserSettings.cs:254)
Game.View.GameUserSettings:RuntimeLoad () (at C:/Users/d.grab/Desktop/the-game/artifacts/mobsv2-project/Assets/Game.View/GameUserSettings.cs:234)

(Filename: C:/build/output/unity/unity/Runtime/Export/Debug/Debug.bindings.cs Line: 123)

[Разлом] Лагерь. Сид сессии 20260829. E — войти в Разлом, T — Полигон.
UnityEngine.Debug:ExtractStackTraceNoAlloc (byte*,int,string)
UnityEngine.StackTraceUtility:ExtractStackTrace () (at C:/build/output/unity/unity/Runtime/Export/Scripting/StackTrace.cs:35)
UnityEngine.DebugLogHandler:Internal_Log (UnityEngine.LogType,UnityEngine.LogOption,string,UnityEngine.Object)
UnityEngine.DebugLogHandler:LogFormat (UnityEngine.LogType,UnityEngine.Object,string,object[]) (at C:/build/output/unity/unity/Runtime/Export/Logging/DebugLogHandler.cs:9)
UnityEngine.Logger:Log (UnityEngine.LogType,object) (at C:/build/output/unity/unity/Runtime/Export/Logging/Logger.cs:60)
UnityEngine.Debug:Log (object) (at C:/build/output/unity/unity/Runtime/Export/Debug/Debug.bindings.cs:123)
Game.View.TickDriver:Awake () (at C:/Users/d.grab/Desktop/the-game/artifacts/mobsv2-project/Assets/Game.View/TickDriver.cs:300)
UnityEngine.GameObject:SetActive (bool)
Game.View.Bootstrap:Awake () (at C:/Users/d.grab/Desktop/the-game/artifacts/mobsv2-project/Assets/Game.View/Bootstrap.cs:112)

(Filename: C:/build/output/unity/unity/Runtime/Export/Debug/Debug.bindings.cs Line: 123)

[pso] прогрев: вариантов 115, состояний 349, Direct3D12/PC
UnityEngine.Debug:ExtractStackTraceNoAlloc (byte*,int,string)
UnityEngine.StackTraceUtility:ExtractStackTrace () (at C:/build/output/unity/unity/Runtime/Export/Scripting/StackTrace.cs:35)
UnityEngine.DebugLogHandler:Internal_Log (UnityEngine.LogType,UnityEngine.LogOption,string,UnityEngine.Object)
UnityEngine.DebugLogHandler:LogFormat (UnityEngine.LogType,UnityEngine.Object,string,object[]) (at C:/build/output/unity/unity/Runtime/Export/Logging/DebugLogHandler.cs:9)
UnityEngine.Logger:Log (UnityEngine.LogType,object) (at C:/build/output/unity/unity/Runtime/Export/Logging/Logger.cs:60)
UnityEngine.Debug:Log (object) (at C:/build/output/unity/unity/Runtime/Export/Debug/Debug.bindings.cs:123)
Game.View.ShaderWarmup:StartWarmup (bool) (at C:/Users/d.grab/Desktop/the-game/artifacts/mobsv2-project/Assets/Game.View/ShaderWarmup.cs:72)
Game.View.ShaderWarmup:Install () (at C:/Users/d.grab/Desktop/the-game/artifacts/mobsv2-project/Assets/Game.View/ShaderWarmup.cs:53)

(Filename: C:/build/output/unity/unity/Runtime/Export/Debug/Debug.bindings.cs Line: 123)

[camp] spawn=(0.00, 0.05, -2.88) sharedCombat=True tent=camping+tent+3d+model (UnityEngine.Transform) cells=395724
UnityEngine.Debug:ExtractStackTraceNoAlloc (byte*,int,string)
UnityEngine.StackTraceUtility:ExtractStackTrace () (at C:/build/output/unity/unity/Runtime/Export/Scripting/StackTrace.cs:35)
UnityEngine.DebugLogHandler:Internal_Log (UnityEngine.LogType,UnityEngine.LogOption,string,UnityEngine.Object)
UnityEngine.DebugLogHandler:LogFormat (UnityEngine.LogType,UnityEngine.Object,string,object[]) (at C:/build/output/unity/unity/Runtime/Export/Logging/DebugLogHandler.cs:9)
UnityEngine.Logger:Log (UnityEngine.LogType,object) (at C:/build/output/unity/unity/Runtime/Export/Logging/Logger.cs:60)
UnityEngine.Debug:Log (object) (at C:/build/output/unity/unity/Runtime/Export/Debug/Debug.bindings.cs:123)
Game.View.CampPlayerView:Start () (at C:/Users/d.grab/Desktop/the-game/artifacts/mobsv2-project/Assets/Game.View/CampPlayerView.cs:125)

(Filename: C:/build/output/unity/unity/Runtime/Export/Debug/Debug.bindings.cs Line: 123)

[pso] прогрев готов за 2,23 с: 349 состояний
UnityEngine.Debug:ExtractStackTraceNoAlloc (byte*,int,string)
UnityEngine.StackTraceUtility:ExtractStackTrace () (at C:/build/output/unity/unity/Runtime/Export/Scripting/StackTrace.cs:35)
UnityEngine.DebugLogHandler:Internal_Log (UnityEngine.LogType,UnityEngine.LogOption,string,UnityEngine.Object)
UnityEngine.DebugLogHandler:LogFormat (UnityEngine.LogType,UnityEngine.Object,string,object[]) (at C:/build/output/unity/unity/Runtime/Export/Logging/DebugLogHandler.cs:9)
UnityEngine.Logger:Log (UnityEngine.LogType,object) (at C:/build/output/unity/unity/Runtime/Export/Logging/Logger.cs:60)
UnityEngine.Debug:Log (object) (at C:/build/output/unity/unity/Runtime/Export/Debug/Debug.bindings.cs:123)
Game.View.ShaderWarmup:Update () (at C:/Users/d.grab/Desktop/the-game/artifacts/mobsv2-project/Assets/Game.View/ShaderWarmup.cs:102)

(Filename: C:/build/output/unity/unity/Runtime/Export/Debug/Debug.bindings.cs Line: 123)

[Разлом] Wole: модель Characters/Pelag_v6/Runtime/Pelag_v6_MixamoRig, контроллер найден
UnityEngine.Debug:ExtractStackTraceNoAlloc (byte*,int,string)
UnityEngine.StackTraceUtility:ExtractStackTrace () (at C:/build/output/unity/unity/Runtime/Export/Scripting/StackTrace.cs:35)
UnityEngine.DebugLogHandler:Internal_Log (UnityEngine.LogType,UnityEngine.LogOption,string,UnityEngine.Object)
UnityEngine.DebugLogHandler:LogFormat (UnityEngine.LogType,UnityEngine.Object,string,object[]) (at C:/build/output/unity/unity/Runtime/Export/Logging/DebugLogHandler.cs:9)
UnityEngine.Logger:Log (UnityEngine.LogType,object) (at C:/build/output/unity/unity/Runtime/Export/Logging/Logger.cs:60)
UnityEngine.Debug:Log (object) (at C:/build/output/unity/unity/Runtime/Export/Debug/Debug.bindings.cs:123)
Game.View.ArenaView:BodyFactory (string,string,string,string,Game.Sim.Faction,single) (at C:/Users/d.grab/Desktop/the-game/artifacts/mobsv2-project/Assets/Game.View/ArenaView.cs:2349)
Game.View.ArenaView:Initialize () (at C:/Users/d.grab/Desktop/the-game/artifacts/mobsv2-project/Assets/Game.View/ArenaView.cs:506)
Game.View.ArenaView:LateUpdate () (at C:/Users/d.grab/Desktop/the-game/artifacts/mobsv2-project/Assets/Game.View/ArenaView.cs:753)

(Filename: C:/build/output/unity/unity/Runtime/Export/Debug/Debug.bindings.cs Line: 123)

[Разлом] Wole: материал собран в игре из «Characters/Pelag_v6/Pelag_v6_BaseColor», шейдер Razlom/Texture Toon.
UnityEngine.Debug:ExtractStackTraceNoAlloc (byte*,int,string)
UnityEngine.StackTraceUtility:ExtractStackTrace () (at C:/build/output/unity/unity/Runtime/Export/Scripting/StackTrace.cs:35)
UnityEngine.DebugLogHandler:Internal_Log (UnityEngine.LogType,UnityEngine.LogOption,string,UnityEngine.Object)
UnityEngine.DebugLogHandler:LogFormat (UnityEngine.LogType,UnityEngine.Object,string,object[]) (at C:/build/output/unity/unity/Runtime/Export/Logging/DebugLogHandler.cs:9)
UnityEngine.Logger:Log (UnityEngine.LogType,object) (at C:/build/output/unity/unity/Runtime/Export/Logging/Logger.cs:60)
UnityEngine.Debug:Log (object) (at C:/build/output/unity/unity/Runtime/Export/Debug/Debug.bindings.cs:123)
Game.View.ArenaView:BuildRuntimeMaterial (string,Game.Sim.Faction) (at C:/Users/d.grab/Desktop/the-game/artifacts/mobsv2-project/Assets/Game.View/ArenaView.cs:2488)
Game.View.ArenaView:BodyFactory (string,string,string,string,Game.Sim.Faction,single) (at C:/Users/d.grab/Desktop/the-game/artifacts/mobsv2-project/Assets/Game.View/ArenaView.cs:2379)
Game.View.ArenaView:Initialize () (at C:/Users/d.grab/Desktop/the-game/artifacts/mobsv2-project/Assets/Game.View/ArenaView.cs:506)
Game.View.ArenaView:LateUpdate () (at C:/Users/d.grab/Desktop/the-game/artifacts/mobsv2-project/Assets/Game.View/ArenaView.cs:753)

(Filename: C:/build/output/unity/unity/Runtime/Export/Debug/Debug.bindings.cs Line: 123)

[Разлом] Wole: материал собран в игре из «Weapons/Pelag/AnchorChain/Pelag_AnchorChain_BaseColor», шейдер Razlom/Texture Toon.
UnityEngine.Debug:ExtractStackTraceNoAlloc (byte*,int,string)
UnityEngine.StackTraceUtility:ExtractStackTrace () (at C:/build/output/unity/unity/Runtime/Export/Scripting/StackTrace.cs:35)
UnityEngine.DebugLogHandler:Internal_Log (UnityEngine.LogType,UnityEngine.LogOption,string,UnityEngine.Object)
UnityEngine.DebugLogHandler:LogFormat (UnityEngine.LogType,UnityEngine.Object,string,object[]) (at C:/build/output/unity/unity/Runtime/Export/Logging/DebugLogHandler.cs:9)
UnityEngine.Logger:Log (UnityEngine.LogType,object) (at C:/build/output/unity/unity/Runtime/Export/Logging/Logger.cs:60)
UnityEngine.Debug:Log (object) (at C:/build/output/unity/unity/Runtime/Export/Debug/Debug.bindings.cs:123)
Game.View.ArenaView:BuildRuntimeMaterial (string,Game.Sim.Faction) (at C:/Users/d.grab/Desktop/the-game/artifacts/mobsv2-project/Assets/Game.View/ArenaView.cs:2488)
Game.View.ArenaView:BodyFactory (string,string,string,string,Game.Sim.Faction,single) (at C:/Users/d.grab/Desktop/the-game/artifacts/mobsv2-project/Assets/Game.View/ArenaView.cs:2397)
Game.View.ArenaView:Initialize () (at C:/Users/d.grab/Desktop/the-game/artifacts/mobsv2-project/Assets/Game.View/ArenaView.cs:506)
Game.View.ArenaView:LateUpdate () (at C:/Users/d.grab/Desktop/the-game/artifacts/mobsv2-project/Assets/Game.View/ArenaView.cs:753)

(Filename: C:/build/output/unity/unity/Runtime/Export/Debug/Debug.bindings.cs Line: 123)

[Разлом] Orvill: модель Characters/Forest_Guardian/Forest_Guardian, контроллер найден
UnityEngine.Debug:ExtractStackTraceNoAlloc (byte*,int,string)
UnityEngine.StackTraceUtility:ExtractStackTrace () (at C:/build/output/unity/unity/Runtime/Export/Scripting/StackTrace.cs:35)
UnityEngine.DebugLogHandler:Internal_Log (UnityEngine.LogType,UnityEngine.LogOption,string,UnityEngine.Object)
UnityEngine.DebugLogHandler:LogFormat (UnityEngine.LogType,UnityEngine.Object,string,object[]) (at C:/build/output/unity/unity/Runtime/Export/Logging/DebugLogHandler.cs:9)
UnityEngine.Logger:Log (UnityEngine.LogType,object) (at C:/build/output/unity/unity/Runtime/Export/Logging/Logger.cs:60)
UnityEngine.Debug:Log (object) (at C:/build/output/unity/unity/Runtime/Export/Debug/Debug.bindings.cs:123)
Game.View.ArenaView:BodyFactory (string,string,string,string,Game.Sim.Faction,single) (at C:/Users/d.grab/Desktop/the-game/artifacts/mobsv2-project/Assets/Game.View/ArenaView.cs:2349)
Game.View.ArenaView:Initialize () (at C:/Users/d.grab/Desktop/the-game/artifacts/mobsv2-project/Assets/Game.View/ArenaView.cs:510)
Game.View.ArenaView:LateUpdate () (at C:/Users/d.grab/Desktop/the-game/artifacts/mobsv2-project/Assets/Game.View/ArenaView.cs:753)

(Filename: C:/build/output/unity/unity/Runtime/Export/Debug/Debug.bindings.cs Line: 123)

[Разлом] Orvill: материал собран в игре из «Characters/Forest_Guardian/Forest_Guardian_BaseColor», шейдер Razlom/Texture Toon.
UnityEngine.Debug:ExtractStackTraceNoAlloc (byte*,int,string)
UnityEngine.StackTraceUtility:ExtractStackTrace () (at C:/build/output/unity/unity/Runtime/Export/Scripting/StackTrace.cs:35)
UnityEngine.DebugLogHandler:Internal_Log (UnityEngine.LogType,UnityEngine.LogOption,string,UnityEngine.Object)
UnityEngine.DebugLogHandler:LogFormat (UnityEngine.LogType,UnityEngine.Object,string,object[]) (at C:/build/output/unity/unity/Runtime/Export/Logging/DebugLogHandler.cs:9)
UnityEngine.Logger:Log (UnityEngine.LogType,object) (at C:/build/output/unity/unity/Runtime/Export/Logging/Logger.cs:60)
UnityEngine.Debug:Log (object) (at C:/build/output/unity/unity/Runtime/Export/Debug/Debug.bindings.cs:123)
Game.View.ArenaView:BuildRuntimeMaterial (string,Game.Sim.Faction) (at C:/Users/d.grab/Desktop/the-game/artifacts/mobsv2-project/Assets/Game.View/ArenaView.cs:2488)
Game.View.ArenaView:BodyFactory (string,string,string,string,Game.Sim.Faction,single) (at C:/Users/d.grab/Desktop/the-game/artifacts/mobsv2-project/Assets/Game.View/ArenaView.cs:2379)
Game.View.ArenaView:Initialize () (at C:/Users/d.grab/Desktop/the-game/artifacts/mobsv2-project/Assets/Game.View/ArenaView.cs:510)
Game.View.ArenaView:LateUpdate () (at C:/Users/d.grab/Desktop/the-game/artifacts/mobsv2-project/Assets/Game.View/ArenaView.cs:753)

(Filename: C:/build/output/unity/unity/Runtime/Export/Debug/Debug.bindings.cs Line: 123)

[Разлом] Orvill: модель Characters/Forest_RootSwarm/Forest_RootSwarm@Idle, контроллер найден
UnityEngine.Debug:ExtractStackTraceNoAlloc (byte*,int,string)
UnityEngine.StackTraceUtility:ExtractStackTrace () (at C:/build/output/unity/unity/Runtime/Export/Scripting/StackTrace.cs:35)
UnityEngine.DebugLogHandler:Internal_Log (UnityEngine.LogType,UnityEngine.LogOption,string,UnityEngine.Object)
UnityEngine.DebugLogHandler:LogFormat (UnityEngine.LogType,UnityEngine.Object,string,object[]) (at C:/build/output/unity/unity/Runtime/Export/Logging/DebugLogHandler.cs:9)
UnityEngine.Logger:Log (UnityEngine.LogType,object) (at C:/build/output/unity/unity/Runtime/Export/Logging/Logger.cs:60)
UnityEngine.Debug:Log (object) (at C:/build/output/unity/unity/Runtime/Export/Debug/Debug.bindings.cs:123)
Game.View.ArenaView:BodyFactory (string,string,string,string,Game.Sim.Faction,single) (at C:/Users/d.grab/Desktop/the-game/artifacts/mobsv2-project/Assets/Game.View/ArenaView.cs:2349)
Game.View.ArenaView:Initialize () (at C:/Users/d.grab/Desktop/the-game/artifacts/mobsv2-project/Assets/Game.View/ArenaView.cs:516)
Game.View.ArenaView:LateUpdate () (at C:/Users/d.grab/Desktop/the-game/artifacts/mobsv2-project/Assets/Game.View/ArenaView.cs:753)

(Filename: C:/build/output/unity/unity/Runtime/Export/Debug/Debug.bindings.cs Line: 123)

[Разлом] Orvill: материал собран в игре из «Characters/Forest_RootSwarm/Forest_RootSwarm_BaseColor», шейдер Razlom/Texture Toon.
UnityEngine.Debug:ExtractStackTraceNoAlloc (byte*,int,string)
UnityEngine.StackTraceUtility:ExtractStackTrace () (at C:/build/output/unity/unity/Runtime/Export/Scripting/StackTrace.cs:35)
UnityEngine.DebugLogHandler:Internal_Log (UnityEngine.LogType,UnityEngine.LogOption,string,UnityEngine.Object)
UnityEngine.DebugLogHandler:LogFormat (UnityEngine.LogType,UnityEngine.Object,string,object[]) (at C:/build/output/unity/unity/Runtime/Export/Logging/DebugLogHandler.cs:9)
UnityEngine.Logger:Log (UnityEngine.LogType,object) (at C:/build/output/unity/unity/Runtime/Export/Logging/Logger.cs:60)
UnityEngine.Debug:Log (object) (at C:/build/output/unity/unity/Runtime/Export/Debug/Debug.bindings.cs:123)
Game.View.ArenaView:BuildRuntimeMaterial (string,Game.Sim.Faction) (at C:/Users/d.grab/Desktop/the-game/artifacts/mobsv2-project/Assets/Game.View/ArenaView.cs:2488)
Game.View.ArenaView:BodyFactory (string,string,string,string,Game.Sim.Faction,single) (at C:/Users/d.grab/Desktop/the-game/artifacts/mobsv2-project/Assets/Game.View/ArenaView.cs:2379)
Game.View.ArenaView:Initialize () (at C:/Users/d.grab/Desktop/the-game/artifacts/mobsv2-project/Assets/Game.View/ArenaView.cs:516)
Game.View.ArenaView:LateUpdate () (at C:/Users/d.grab/Desktop/the-game/artifacts/mobsv2-project/Assets/Game.View/ArenaView.cs:753)

(Filename: C:/build/output/unity/unity/Runtime/Export/Debug/Debug.bindings.cs Line: 123)

[Разлом] Забег 1, сид 2854734777613887386, комнат 11
UnityEngine.Debug:ExtractStackTraceNoAlloc (byte*,int,string)
UnityEngine.StackTraceUtility:ExtractStackTrace () (at C:/build/output/unity/unity/Runtime/Export/Scripting/StackTrace.cs:35)
UnityEngine.DebugLogHandler:Internal_Log (UnityEngine.LogType,UnityEngine.LogOption,string,UnityEngine.Object)
UnityEngine.DebugLogHandler:LogFormat (UnityEngine.LogType,UnityEngine.Object,string,object[]) (at C:/build/output/unity/unity/Runtime/Export/Logging/DebugLogHandler.cs:9)
UnityEngine.Logger:Log (UnityEngine.LogType,object) (at C:/build/output/unity/unity/Runtime/Export/Logging/Logger.cs:60)
UnityEngine.Debug:Log (object) (at C:/build/output/unity/unity/Runtime/Export/Debug/Debug.bindings.cs:123)
Game.View.TickDriver:SyncGeneration () (at C:/Users/d.grab/Desktop/the-game/artifacts/mobsv2-project/Assets/Game.View/TickDriver.cs:1543)
Game.View.TickDriver:Update () (at C:/Users/d.grab/Desktop/the-game/artifacts/mobsv2-project/Assets/Game.View/TickDriver.cs:401)

(Filename: C:/build/output/unity/unity/Runtime/Export/Debug/Debug.bindings.cs Line: 123)

[capture-combat] Живых врагов: 2
UnityEngine.Debug:ExtractStackTraceNoAlloc (byte*,int,string)
UnityEngine.StackTraceUtility:ExtractStackTrace () (at C:/build/output/unity/unity/Runtime/Export/Scripting/StackTrace.cs:35)
UnityEngine.DebugLogHandler:Internal_Log (UnityEngine.LogType,UnityEngine.LogOption,string,UnityEngine.Object)
UnityEngine.DebugLogHandler:LogFormat (UnityEngine.LogType,UnityEngine.Object,string,object[]) (at C:/build/output/unity/unity/Runtime/Export/Logging/DebugLogHandler.cs:9)
UnityEngine.Logger:Log (UnityEngine.LogType,object) (at C:/build/output/unity/unity/Runtime/Export/Logging/Logger.cs:60)
UnityEngine.Debug:Log (object) (at C:/build/output/unity/unity/Runtime/Export/Debug/Debug.bindings.cs:123)
Game.View.CaptureRig/<Run>d__254:MoveNext () (at C:/Users/d.grab/Desktop/the-game/artifacts/mobsv2-project/Assets/Game.View/CaptureRig.cs:473)
UnityEngine.SetupCoroutine:InvokeMoveNext (System.Collections.IEnumerator,intptr) (at C:/build/output/unity/unity/Runtime/Export/Scripting/Coroutines.cs:17)

(Filename: C:/build/output/unity/unity/Runtime/Export/Debug/Debug.bindings.cs Line: 123)

[rift-light] camp=GoldenEvening profile=MeadowArenaGrade sun=1,65 fill=0,14
UnityEngine.Debug:ExtractStackTraceNoAlloc (byte*,int,string)
UnityEngine.StackTraceUtility:ExtractStackTrace () (at C:/build/output/unity/unity/Runtime/Export/Scripting/StackTrace.cs:35)
UnityEngine.DebugLogHandler:Internal_Log (UnityEngine.LogType,UnityEngine.LogOption,string,UnityEngine.Object)
UnityEngine.DebugLogHandler:LogFormat (UnityEngine.LogType,UnityEngine.Object,string,object[]) (at C:/build/output/unity/unity/Runtime/Export/Logging/DebugLogHandler.cs:9)
UnityEngine.Logger:Log (UnityEngine.LogType,object) (at C:/build/output/unity/unity/Runtime/Export/Logging/Logger.cs:60)
UnityEngine.Debug:Log (object) (at C:/build/output/unity/unity/Runtime/Export/Debug/Debug.bindings.cs:123)
Game.View.MeadowLighting:ApplyCamp (Game.View.LayoutStyle) (at C:/Users/d.grab/Desktop/the-game/artifacts/mobsv2-project/Assets/Game.View/MeadowLighting.cs:116)
Game.View.MeadowLighting:Apply (Game.View.LayoutStyle) (at C:/Users/d.grab/Desktop/the-game/artifacts/mobsv2-project/Assets/Game.View/MeadowLighting.cs:26)
Game.View.LayoutView/<BuildMeadowSteps>d__164:MoveNext () (at C:/Users/d.grab/Desktop/the-game/artifacts/mobsv2-project/Assets/Game.View/LayoutView.Meadow.cs:154)
Game.View.LayoutView:PumpSteps (double,long) (at C:/Users/d.grab/Desktop/the-game/artifacts/mobsv2-project/Assets/Game.View/LayoutView.Build.cs:95)
Game.View.LayoutView:PumpBuild (double) (at C:/Users/d.grab/Desktop/the-game/artifacts/mobsv2-project/Assets/Game.View/LayoutView.Build.cs:72)
Game.View.LayoutView:CompleteBuild () (at C:/Users/d.grab/Desktop/the-game/artifacts/mobsv2-project/Assets/Game.View/LayoutView.Build.cs:62)
Game.View.LayoutView:StartBuild (System.Collections.IEnumerator,bool) (at C:/Users/d.grab/Desktop/the-game/artifacts/mobsv2-project/Assets/Game.View/LayoutView.Build.cs:56)
Game.View.LayoutView:Rebuild (Game.Sim.LayoutMap) (at C:/Users/d.grab/Desktop/the-game/artifacts/mobsv2-project/Assets/Game.View/LayoutView.cs:432)
Game.View.LayoutView:Show (Game.Sim.LayoutMap,ulong,Game.Sim.EncounterPlan) (at C:/Users/d.grab/Desktop/the-game/artifacts/mobsv2-project/Assets/Game.View/LayoutView.cs:98)
Game.View.LayoutView:LateUpdate () (at C:/Users/d.grab/Desktop/the-game/artifacts/mobsv2-project/Assets/Game.View/LayoutView.cs:421)

(Filename: C:/build/output/unity/unity/Runtime/Export/Debug/Debug.bindings.cs Line: 123)

[Разлом] Забег 2, сид 20260829, комнат 12
UnityEngine.Debug:ExtractStackTraceNoAlloc (byte*,int,string)
UnityEngine.StackTraceUtility:ExtractStackTrace () (at C:/build/output/unity/unity/Runtime/Export/Scripting/StackTrace.cs:35)
UnityEngine.DebugLogHandler:Internal_Log (UnityEngine.LogType,UnityEngine.LogOption,string,UnityEngine.Object)
UnityEngine.DebugLogHandler:LogFormat (UnityEngine.LogType,UnityEngine.Object,string,object[]) (at C:/build/output/unity/unity/Runtime/Export/Logging/DebugLogHandler.cs:9)
UnityEngine.Logger:Log (UnityEngine.LogType,object) (at C:/build/output/unity/unity/Runtime/Export/Logging/Logger.cs:60)
UnityEngine.Debug:Log (object) (at C:/build/output/unity/unity/Runtime/Export/Debug/Debug.bindings.cs:123)
Game.View.TickDriver:SyncGeneration () (at C:/Users/d.grab/Desktop/the-game/artifacts/mobsv2-project/Assets/Game.View/TickDriver.cs:1543)
Game.View.TickDriver:StartStonehoofTest (Game.View.LocationTheme,ulong,int,bool) (at C:/Users/d.grab/Desktop/the-game/artifacts/mobsv2-project/Assets/Game.View/TickDriver.Stonehoof.cs:359)
Game.View.CaptureRig/<Run>d__254:MoveNext () (at C:/Users/d.grab/Desktop/the-game/artifacts/mobsv2-project/Assets/Game.View/CaptureRig.cs:507)
UnityEngine.SetupCoroutine:InvokeMoveNext (System.Collections.IEnumerator,intptr) (at C:/build/output/unity/unity/Runtime/Export/Scripting/Coroutines.cs:17)

(Filename: C:/build/output/unity/unity/Runtime/Export/Debug/Debug.bindings.cs Line: 123)

[stonehoof-test] Камнекопыт: 180 HP, 30 урона, подготовка 1 с, разбег 12 м/с. Прогресс не сохраняется.
UnityEngine.Debug:ExtractStackTraceNoAlloc (byte*,int,string)
UnityEngine.StackTraceUtility:ExtractStackTrace () (at C:/build/output/unity/unity/Runtime/Export/Scripting/StackTrace.cs:35)
UnityEngine.DebugLogHandler:Internal_Log (UnityEngine.LogType,UnityEngine.LogOption,string,UnityEngine.Object)
UnityEngine.DebugLogHandler:LogFormat (UnityEngine.LogType,UnityEngine.Object,string,object[]) (at C:/build/output/unity/unity/Runtime/Export/Logging/DebugLogHandler.cs:9)
UnityEngine.Logger:Log (UnityEngine.LogType,object) (at C:/build/output/unity/unity/Runtime/Export/Logging/Logger.cs:60)
UnityEngine.Debug:Log (object) (at C:/build/output/unity/unity/Runtime/Export/Debug/Debug.bindings.cs:123)
Game.View.TickDriver:StartStonehoofTest (Game.View.LocationTheme,ulong,int,bool) (at C:/Users/d.grab/Desktop/the-game/artifacts/mobsv2-project/Assets/Game.View/TickDriver.Stonehoof.cs:360)
Game.View.CaptureRig/<Run>d__254:MoveNext () (at C:/Users/d.grab/Desktop/the-game/artifacts/mobsv2-project/Assets/Game.View/CaptureRig.cs:507)
UnityEngine.SetupCoroutine:InvokeMoveNext (System.Collections.IEnumerator,intptr) (at C:/build/output/unity/unity/Runtime/Export/Scripting/Coroutines.cs:17)

(Filename: C:/build/output/unity/unity/Runtime/Export/Debug/Debug.bindings.cs Line: 123)

[capture-encounter] forest-guardian alive=2
UnityEngine.Debug:ExtractStackTraceNoAlloc (byte*,int,string)
UnityEngine.StackTraceUtility:ExtractStackTrace () (at C:/build/output/unity/unity/Runtime/Export/Scripting/StackTrace.cs:35)
UnityEngine.DebugLogHandler:Internal_Log (UnityEngine.LogType,UnityEngine.LogOption,string,UnityEngine.Object)
UnityEngine.DebugLogHandler:LogFormat (UnityEngine.LogType,UnityEngine.Object,string,object[]) (at C:/build/output/unity/unity/Runtime/Export/Logging/DebugLogHandler.cs:9)
UnityEngine.Logger:Log (UnityEngine.LogType,object) (at C:/build/output/unity/unity/Runtime/Export/Logging/Logger.cs:60)
UnityEngine.Debug:Log (object) (at C:/build/output/unity/unity/Runtime/Export/Debug/Debug.bindings.cs:123)
Game.View.CombatCaptureEncounter:SetupGuardians (Game.View.TickDriver,int) (at C:/Users/d.grab/Desktop/the-game/artifacts/mobsv2-project/Assets/Game.View/CombatCaptureEncounter.cs:69)
Game.View.CaptureRig/<Run>d__254:MoveNext () (at C:/Users/d.grab/Desktop/the-game/artifacts/mobsv2-project/Assets/Game.View/CaptureRig.cs:510)
UnityEngine.SetupCoroutine:InvokeMoveNext (System.Collections.IEnumerator,intptr) (at C:/build/output/unity/unity/Runtime/Export/Scripting/Coroutines.cs:17)

(Filename: C:/build/output/unity/unity/Runtime/Export/Debug/Debug.bindings.cs Line: 123)

[Разлом] Пул исчерпан на 72 объектах — увеличь прогрев: «декор 5: MeadowBroadleaf» (прогрев 72).
UnityEngine.Debug:ExtractStackTraceNoAlloc (byte*,int,string)
UnityEngine.StackTraceUtility:ExtractStackTrace () (at C:/build/output/unity/unity/Runtime/Export/Scripting/StackTrace.cs:35)
UnityEngine.DebugLogHandler:Internal_Log (UnityEngine.LogType,UnityEngine.LogOption,string,UnityEngine.Object)
UnityEngine.DebugLogHandler:LogFormat (UnityEngine.LogType,UnityEngine.Object,string,object[]) (at C:/build/output/unity/unity/Runtime/Export/Logging/DebugLogHandler.cs:9)
UnityEngine.Logger:Log (UnityEngine.LogType,object) (at C:/build/output/unity/unity/Runtime/Export/Logging/Logger.cs:60)
UnityEngine.Debug:LogWarning (object) (at C:/build/output/unity/unity/Runtime/Export/Debug/Debug.bindings.cs:216)
Game.View.ViewPool:Acquire () (at C:/Users/d.grab/Desktop/the-game/artifacts/mobsv2-project/Assets/Game.View/ViewPool.cs:128)
Game.View.LayoutView:SpawnDecor (int,single,single,System.Random) (at C:/Users/d.grab/Desktop/the-game/artifacts/mobsv2-project/Assets/Game.View/LayoutView.cs:678)
Game.View.LayoutView/<ScatterForestSteps>d__179:MoveNext () (at C:/Users/d.grab/Desktop/the-game/artifacts/mobsv2-project/Assets/Game.View/LayoutView.Meadow.cs:481)
Game.View.LayoutView:PumpSteps (double,long) (at C:/Users/d.grab/Desktop/the-game/artifacts/mobsv2-project/Assets/Game.View/LayoutView.Build.cs:95)
Game.View.LayoutView:PumpBuild (double) (at C:/Users/d.grab/Desktop/the-game/artifacts/mobsv2-project/Assets/Game.View/LayoutView.Build.cs:72)
Game.View.LayoutView:CompleteBuild () (at C:/Users/d.grab/Desktop/the-game/artifacts/mobsv2-project/Assets/Game.View/LayoutView.Build.cs:62)
Game.View.LayoutView:StartBuild (System.Collections.IEnumerator,bool) (at C:/Users/d.grab/Desktop/the-game/artifacts/mobsv2-project/Assets/Game.View/LayoutView.Build.cs:56)
Game.View.LayoutView:Rebuild (Game.Sim.LayoutMap) (at C:/Users/d.grab/Desktop/the-game/artifacts/mobsv2-project/Assets/Game.View/LayoutView.cs:432)
Game.View.LayoutView:Show (Game.Sim.LayoutMap,ulong,Game.Sim.EncounterPlan) (at C:/Users/d.grab/Desktop/the-game/artifacts/mobsv2-project/Assets/Game.View/LayoutView.cs:98)
Game.View.LayoutView:LateUpdate () (at C:/Users/d.grab/Desktop/the-game/artifacts/mobsv2-project/Assets/Game.View/LayoutView.cs:421)

(Filename: C:/build/output/unity/unity/Runtime/Export/Debug/Debug.bindings.cs Line: 216)

[rift-light] camp=GoldenEvening profile=MeadowArenaGrade sun=1,65 fill=0,14
UnityEngine.Debug:ExtractStackTraceNoAlloc (byte*,int,string)
UnityEngine.StackTraceUtility:ExtractStackTrace () (at C:/build/output/unity/unity/Runtime/Export/Scripting/StackTrace.cs:35)
UnityEngine.DebugLogHandler:Internal_Log (UnityEngine.LogType,UnityEngine.LogOption,string,UnityEngine.Object)
UnityEngine.DebugLogHandler:LogFormat (UnityEngine.LogType,UnityEngine.Object,string,object[]) (at C:/build/output/unity/unity/Runtime/Export/Logging/DebugLogHandler.cs:9)
UnityEngine.Logger:Log (UnityEngine.LogType,object) (at C:/build/output/unity/unity/Runtime/Export/Logging/Logger.cs:60)
UnityEngine.Debug:Log (object) (at C:/build/output/unity/unity/Runtime/Export/Debug/Debug.bindings.cs:123)
Game.View.MeadowLighting:ApplyCamp (Game.View.LayoutStyle) (at C:/Users/d.grab/Desktop/the-game/artifacts/mobsv2-project/Assets/Game.View/MeadowLighting.cs:116)
Game.View.MeadowLighting:Apply (Game.View.LayoutStyle) (at C:/Users/d.grab/Desktop/the-game/artifacts/mobsv2-project/Assets/Game.View/MeadowLighting.cs:26)
Game.View.LayoutView/<BuildMeadowSteps>d__164:MoveNext () (at C:/Users/d.grab/Desktop/the-game/artifacts/mobsv2-project/Assets/Game.View/LayoutView.Meadow.cs:154)
Game.View.LayoutView:PumpSteps (double,long) (at C:/Users/d.grab/Desktop/the-game/artifacts/mobsv2-project/Assets/Game.View/LayoutView.Build.cs:95)
Game.View.LayoutView:PumpBuild (double) (at C:/Users/d.grab/Desktop/the-game/artifacts/mobsv2-project/Assets/Game.View/LayoutView.Build.cs:72)
Game.View.LayoutView:CompleteBuild () (at C:/Users/d.grab/Desktop/the-game/artifacts/mobsv2-project/Assets/Game.View/LayoutView.Build.cs:62)
Game.View.LayoutView:StartBuild (System.Collections.IEnumerator,bool) (at C:/Users/d.grab/Desktop/the-game/artifacts/mobsv2-project/Assets/Game.View/LayoutView.Build.cs:56)
Game.View.LayoutView:Rebuild (Game.Sim.LayoutMap) (at C:/Users/d.grab/Desktop/the-game/artifacts/mobsv2-project/Assets/Game.View/LayoutView.cs:432)
Game.View.LayoutView:Show (Game.Sim.LayoutMap,ulong,Game.Sim.EncounterPlan) (at C:/Users/d.grab/Desktop/the-game/artifacts/mobsv2-project/Assets/Game.View/LayoutView.cs:98)
Game.View.LayoutView:LateUpdate () (at C:/Users/d.grab/Desktop/the-game/artifacts/mobsv2-project/Assets/Game.View/LayoutView.cs:421)

(Filename: C:/build/output/unity/unity/Runtime/Export/Debug/Debug.bindings.cs Line: 123)

[enemy-qa] case=tank enemies=2
UnityEngine.Debug:ExtractStackTraceNoAlloc (byte*,int,string)
UnityEngine.StackTraceUtility:ExtractStackTrace () (at C:/build/output/unity/unity/Runtime/Export/Scripting/StackTrace.cs:35)
UnityEngine.DebugLogHandler:Internal_Log (UnityEngine.LogType,UnityEngine.LogOption,string,UnityEngine.Object)
UnityEngine.DebugLogHandler:LogFormat (UnityEngine.LogType,UnityEngine.Object,string,object[]) (at C:/build/output/unity/unity/Runtime/Export/Logging/DebugLogHandler.cs:9)
UnityEngine.Logger:Log (UnityEngine.LogType,object) (at C:/build/output/unity/unity/Runtime/Export/Logging/Logger.cs:60)
UnityEngine.Debug:Log (object) (at C:/build/output/unity/unity/Runtime/Export/Debug/Debug.bindings.cs:123)
Game.View.CombatCaptureEncounter:PrepareEnemyCase (Game.View.TickDriver,string) (at C:/Users/d.grab/Desktop/the-game/artifacts/mobsv2-project/Assets/Game.View/CombatCaptureEncounter.cs:179)
Game.View.CaptureRig/<Run>d__254:MoveNext () (at C:/Users/d.grab/Desktop/the-game/artifacts/mobsv2-project/Assets/Game.View/CaptureRig.cs:518)
UnityEngine.SetupCoroutine:InvokeMoveNext (System.Collections.IEnumerator,intptr) (at C:/build/output/unity/unity/Runtime/Export/Scripting/Coroutines.cs:17)

(Filename: C:/build/output/unity/unity/Runtime/Export/Debug/Debug.bindings.cs Line: 123)

[capture-grip] root=(-24.07, 0.80, -17.82), tip=(-24.49, 0.27, -17.88), length=0,678, edge=(0.78, -0.62, -0.04), edgeDown=0,619, socketRight=(0.03, 0.09, -1.00), socketUp=(-0.02, 1.00, 0.09), socketForward=(1.00, 0.02, 0.03), renderer=Pelag_FantasySaber_Equipped, enabled=True, active=True, boundsCenter=(-24.12, 0.70, -17.84), boundsSize=(0.92, 1.07, 0.22), shader=Universal Render Pipeline/Lit
UnityEngine.Debug:ExtractStackTraceNoAlloc (byte*,int,string)
UnityEngine.StackTraceUtility:ExtractStackTrace () (at C:/build/output/unity/unity/Runtime/Export/Scripting/StackTrace.cs:35)
UnityEngine.DebugLogHandler:Internal_Log (UnityEngine.LogType,UnityEngine.LogOption,string,UnityEngine.Object)
UnityEngine.DebugLogHandler:LogFormat (UnityEngine.LogType,UnityEngine.Object,string,object[]) (at C:/build/output/unity/unity/Runtime/Export/Logging/DebugLogHandler.cs:9)
UnityEngine.Logger:Log (UnityEngine.LogType,object) (at C:/build/output/unity/unity/Runtime/Export/Logging/Logger.cs:60)
UnityEngine.Debug:Log (object) (at C:/build/output/unity/unity/Runtime/Export/Debug/Debug.bindings.cs:123)
Game.View.CaptureRig:ConfigureCaptureView () (at C:/Users/d.grab/Desktop/the-game/artifacts/mobsv2-project/Assets/Game.View/CaptureRig.cs:962)
Game.View.CaptureRig/<Run>d__254:MoveNext () (at C:/Users/d.grab/Desktop/the-game/artifacts/mobsv2-project/Assets/Game.View/CaptureRig.cs:527)
UnityEngine.SetupCoroutine:InvokeMoveNext (System.Collections.IEnumerator,intptr) (at C:/build/output/unity/unity/Runtime/Export/Scripting/Coroutines.cs:17)

(Filename: C:/build/output/unity/unity/Runtime/Export/Debug/Debug.bindings.cs Line: 123)

[capture-gc] samples=120, total=3305462, max=1010124, average=27545 bytes/frame
UnityEngine.Debug:ExtractStackTraceNoAlloc (byte*,int,string)
UnityEngine.StackTraceUtility:ExtractStackTrace () (at C:/build/output/unity/unity/Runtime/Export/Scripting/StackTrace.cs:35)
UnityEngine.DebugLogHandler:Internal_Log (UnityEngine.LogType,UnityEngine.LogOption,string,UnityEngine.Object)
UnityEngine.DebugLogHandler:LogFormat (UnityEngine.LogType,UnityEngine.Object,string,object[]) (at C:/build/output/unity/unity/Runtime/Export/Logging/DebugLogHandler.cs:9)
UnityEngine.Logger:Log (UnityEngine.LogType,object) (at C:/build/output/unity/unity/Runtime/Export/Logging/Logger.cs:60)
UnityEngine.Debug:Log (object) (at C:/build/output/unity/unity/Runtime/Export/Debug/Debug.bindings.cs:123)
Game.View.CaptureRig/<Run>d__254:MoveNext () (at C:/Users/d.grab/Desktop/the-game/artifacts/mobsv2-project/Assets/Game.View/CaptureRig.cs:608)
UnityEngine.SetupCoroutine:InvokeMoveNext (System.Collections.IEnumerator,intptr) (at C:/build/output/unity/unity/Runtime/Export/Scripting/Coroutines.cs:17)

(Filename: C:/build/output/unity/unity/Runtime/Export/Debug/Debug.bindings.cs Line: 123)

[capture-grip] root=(-23.68, 1.09, -18.18), tip=(-23.14, 1.32, -17.84), length=0,678, edge=(0.58, -0.24, -0.77), edgeDown=0,243, socketRight=(-0.65, -0.37, -0.66), socketUp=(0.73, -0.09, -0.68), socketForward=(0.20, -0.92, 0.33), renderer=Pelag_FantasySaber_Equipped, enabled=True, active=True, boundsCenter=(-23.57, 1.12, -18.14), boundsSize=(1.09, 0.56, 0.81), shader=Universal Render Pipeline/Lit
UnityEngine.Debug:ExtractStackTraceNoAlloc (byte*,int,string)
UnityEngine.StackTraceUtility:ExtractStackTrace () (at C:/build/output/unity/unity/Runtime/Export/Scripting/StackTrace.cs:35)
UnityEngine.DebugLogHandler:Internal_Log (UnityEngine.LogType,UnityEngine.LogOption,string,UnityEngine.Object)
UnityEngine.DebugLogHandler:LogFormat (UnityEngine.LogType,UnityEngine.Object,string,object[]) (at C:/build/output/unity/unity/Runtime/Export/Logging/DebugLogHandler.cs:9)
UnityEngine.Logger:Log (UnityEngine.LogType,object) (at C:/build/output/unity/unity/Runtime/Export/Logging/Logger.cs:60)
UnityEngine.Debug:Log (object) (at C:/build/output/unity/unity/Runtime/Export/Debug/Debug.bindings.cs:123)
Game.View.CaptureRig:ConfigureCaptureView () (at C:/Users/d.grab/Desktop/the-game/artifacts/mobsv2-project/Assets/Game.View/CaptureRig.cs:962)
Game.View.CaptureRig/<Run>d__254:MoveNext () (at C:/Users/d.grab/Desktop/the-game/artifacts/mobsv2-project/Assets/Game.View/CaptureRig.cs:653)
UnityEngine.SetupCoroutine:InvokeMoveNext (System.Collections.IEnumerator,intptr) (at C:/build/output/unity/unity/Runtime/Export/Scripting/Coroutines.cs:17)

(Filename: C:/build/output/unity/unity/Runtime/Export/Debug/Debug.bindings.cs Line: 123)

[capture-grip] root=(-23.68, 1.09, -15.18), tip=(-23.14, 1.32, -14.84), length=0,678, edge=(0.59, -0.23, -0.77), edgeDown=0,234, socketRight=(-0.65, -0.37, -0.66), socketUp=(0.73, -0.08, -0.68), socketForward=(0.20, -0.93, 0.32), renderer=Pelag_FantasySaber_Equipped, enabled=True, active=True, boundsCenter=(-23.57, 1.12, -15.14), boundsSize=(1.09, 0.55, 0.82), shader=Universal Render Pipeline/Lit
UnityEngine.Debug:ExtractStackTraceNoAlloc (byte*,int,string)
UnityEngine.StackTraceUtility:ExtractStackTrace () (at C:/build/output/unity/unity/Runtime/Export/Scripting/StackTrace.cs:35)
UnityEngine.DebugLogHandler:Internal_Log (UnityEngine.LogType,UnityEngine.LogOption,string,UnityEngine.Object)
UnityEngine.DebugLogHandler:LogFormat (UnityEngine.LogType,UnityEngine.Object,string,object[]) (at C:/build/output/unity/unity/Runtime/Export/Logging/DebugLogHandler.cs:9)
UnityEngine.Logger:Log (UnityEngine.LogType,object) (at C:/build/output/unity/unity/Runtime/Export/Logging/Logger.cs:60)
UnityEngine.Debug:Log (object) (at C:/build/output/unity/unity/Runtime/Export/Debug/Debug.bindings.cs:123)
Game.View.CaptureRig:ConfigureCaptureView () (at C:/Users/d.grab/Desktop/the-game/artifacts/mobsv2-project/Assets/Game.View/CaptureRig.cs:962)
Game.View.CaptureRig/<Run>d__254:MoveNext () (at C:/Users/d.grab/Desktop/the-game/artifacts/mobsv2-project/Assets/Game.View/CaptureRig.cs:653)
UnityEngine.SetupCoroutine:InvokeMoveNext (System.Collections.IEnumerator,intptr) (at C:/build/output/unity/unity/Runtime/Export/Scripting/Coroutines.cs:17)

(Filename: C:/build/output/unity/unity/Runtime/Export/Debug/Debug.bindings.cs Line: 123)

[capture-grip] root=(-23.67, 1.07, -15.23), tip=(-23.12, 1.32, -14.94), length=0,678, edge=(0.55, -0.35, -0.76), edgeDown=0,350, socketRight=(-0.68, -0.43, -0.59), socketUp=(0.71, -0.19, -0.68), socketForward=(0.18, -0.88, 0.43), renderer=Pelag_FantasySaber_Equipped, enabled=True, active=True, boundsCenter=(-23.57, 1.10, -15.20), boundsSize=(1.11, 0.61, 0.74), shader=Universal Render Pipeline/Lit
UnityEngine.Debug:ExtractStackTraceNoAlloc (byte*,int,string)
UnityEngine.StackTraceUtility:ExtractStackTrace () (at C:/build/output/unity/unity/Runtime/Export/Scripting/StackTrace.cs:35)
UnityEngine.DebugLogHandler:Internal_Log (UnityEngine.LogType,UnityEngine.LogOption,string,UnityEngine.Object)
UnityEngine.DebugLogHandler:LogFormat (UnityEngine.LogType,UnityEngine.Object,string,object[]) (at C:/build/output/unity/unity/Runtime/Export/Logging/DebugLogHandler.cs:9)
UnityEngine.Logger:Log (UnityEngine.LogType,object) (at C:/build/output/unity/unity/Runtime/Export/Logging/Logger.cs:60)
UnityEngine.Debug:Log (object) (at C:/build/output/unity/unity/Runtime/Export/Debug/Debug.bindings.cs:123)
Game.View.CaptureRig:ConfigureCaptureView () (at C:/Users/d.grab/Desktop/the-game/artifacts/mobsv2-project/Assets/Game.View/CaptureRig.cs:962)
Game.View.CaptureRig/<Run>d__254:MoveNext () (at C:/Users/d.grab/Desktop/the-game/artifacts/mobsv2-project/Assets/Game.View/CaptureRig.cs:653)
UnityEngine.SetupCoroutine:InvokeMoveNext (System.Collections.IEnumerator,intptr) (at C:/build/output/unity/unity/Runtime/Export/Scripting/Coroutines.cs:17)

(Filename: C:/build/output/unity/unity/Runtime/Export/Debug/Debug.bindings.cs Line: 123)

[capture-grip] root=(-23.69, 1.10, -15.18), tip=(-23.15, 1.33, -14.84), length=0,678, edge=(0.59, -0.21, -0.78), edgeDown=0,215, socketRight=(-0.65, -0.37, -0.66), socketUp=(0.73, -0.06, -0.68), socketForward=(0.22, -0.93, 0.31), renderer=Pelag_FantasySaber_Equipped, enabled=True, active=True, boundsCenter=(-23.58, 1.13, -15.15), boundsSize=(1.08, 0.56, 0.82), shader=Universal Render Pipeline/Lit
UnityEngine.Debug:ExtractStackTraceNoAlloc (byte*,int,string)
UnityEngine.StackTraceUtility:ExtractStackTrace () (at C:/build/output/unity/unity/Runtime/Export/Scripting/StackTrace.cs:35)
UnityEngine.DebugLogHandler:Internal_Log (UnityEngine.LogType,UnityEngine.LogOption,string,UnityEngine.Object)
UnityEngine.DebugLogHandler:LogFormat (UnityEngine.LogType,UnityEngine.Object,string,object[]) (at C:/build/output/unity/unity/Runtime/Export/Logging/DebugLogHandler.cs:9)
UnityEngine.Logger:Log (UnityEngine.LogType,object) (at C:/build/output/unity/unity/Runtime/Export/Logging/Logger.cs:60)
UnityEngine.Debug:Log (object) (at C:/build/output/unity/unity/Runtime/Export/Debug/Debug.bindings.cs:123)
Game.View.CaptureRig:ConfigureCaptureView () (at C:/Users/d.grab/Desktop/the-game/artifacts/mobsv2-project/Assets/Game.View/CaptureRig.cs:962)
Game.View.CaptureRig/<Run>d__254:MoveNext () (at C:/Users/d.grab/Desktop/the-game/artifacts/mobsv2-project/Assets/Game.View/CaptureRig.cs:653)
UnityEngine.SetupCoroutine:InvokeMoveNext (System.Collections.IEnumerator,intptr) (at C:/build/output/unity/unity/Runtime/Export/Scripting/Coroutines.cs:17)

(Filename: C:/build/output/unity/unity/Runtime/Export/Debug/Debug.bindings.cs Line: 123)

[capture-grip] root=(-23.69, 1.11, -15.19), tip=(-23.15, 1.35, -14.85), length=0,678, edge=(0.59, -0.21, -0.78), edgeDown=0,207, socketRight=(-0.64, -0.38, -0.66), socketUp=(0.73, -0.05, -0.68), socketForward=(0.23, -0.92, 0.31), renderer=Pelag_FantasySaber_Equipped, enabled=True, active=True, boundsCenter=(-23.58, 1.14, -15.15), boundsSize=(1.08, 0.56, 0.82), shader=Universal Render Pipeline/Lit
UnityEngine.Debug:ExtractStackTraceNoAlloc (byte*,int,string)
UnityEngine.StackTraceUtility:ExtractStackTrace () (at C:/build/output/unity/unity/Runtime/Export/Scripting/StackTrace.cs:35)
UnityEngine.DebugLogHandler:Internal_Log (UnityEngine.LogType,UnityEngine.LogOption,string,UnityEngine.Object)
UnityEngine.DebugLogHandler:LogFormat (UnityEngine.LogType,UnityEngine.Object,string,object[]) (at C:/build/output/unity/unity/Runtime/Export/Logging/DebugLogHandler.cs:9)
UnityEngine.Logger:Log (UnityEngine.LogType,object) (at C:/build/output/unity/unity/Runtime/Export/Logging/Logger.cs:60)
UnityEngine.Debug:Log (object) (at C:/build/output/unity/unity/Runtime/Export/Debug/Debug.bindings.cs:123)
Game.View.CaptureRig:ConfigureCaptureView () (at C:/Users/d.grab/Desktop/the-game/artifacts/mobsv2-project/Assets/Game.View/CaptureRig.cs:962)
Game.View.CaptureRig/<Run>d__254:MoveNext () (at C:/Users/d.grab/Desktop/the-game/artifacts/mobsv2-project/Assets/Game.View/CaptureRig.cs:653)
UnityEngine.SetupCoroutine:InvokeMoveNext (System.Collections.IEnumerator,intptr) (at C:/build/output/unity/unity/Runtime/Export/Scripting/Coroutines.cs:17)

(Filename: C:/build/output/unity/unity/Runtime/Export/Debug/Debug.bindings.cs Line: 123)

[capture-grip] root=(-23.69, 1.11, -15.19), tip=(-23.16, 1.36, -14.85), length=0,678, edge=(0.59, -0.20, -0.78), edgeDown=0,201, socketRight=(-0.64, -0.39, -0.66), socketUp=(0.73, -0.04, -0.68), socketForward=(0.24, -0.92, 0.31), renderer=Pelag_FantasySaber_Equipped, enabled=True, active=True, boundsCenter=(-23.59, 1.15, -15.15), boundsSize=(1.08, 0.57, 0.82), shader=Universal Render Pipeline/Lit
UnityEngine.Debug:ExtractStackTraceNoAlloc (byte*,int,string)
UnityEngine.StackTraceUtility:ExtractStackTrace () (at C:/build/output/unity/unity/Runtime/Export/Scripting/StackTrace.cs:35)
UnityEngine.DebugLogHandler:Internal_Log (UnityEngine.LogType,UnityEngine.LogOption,string,UnityEngine.Object)
UnityEngine.DebugLogHandler:LogFormat (UnityEngine.LogType,UnityEngine.Object,string,object[]) (at C:/build/output/unity/unity/Runtime/Export/Logging/DebugLogHandler.cs:9)
UnityEngine.Logger:Log (UnityEngine.LogType,object) (at C:/build/output/unity/unity/Runtime/Export/Logging/Logger.cs:60)
UnityEngine.Debug:Log (object) (at C:/build/output/unity/unity/Runtime/Export/Debug/Debug.bindings.cs:123)
Game.View.CaptureRig:ConfigureCaptureView () (at C:/Users/d.grab/Desktop/the-game/artifacts/mobsv2-project/Assets/Game.View/CaptureRig.cs:962)
Game.View.CaptureRig/<Run>d__254:MoveNext () (at C:/Users/d.grab/Desktop/the-game/artifacts/mobsv2-project/Assets/Game.View/CaptureRig.cs:653)
UnityEngine.SetupCoroutine:InvokeMoveNext (System.Collections.IEnumerator,intptr) (at C:/build/output/unity/unity/Runtime/Export/Scripting/Coroutines.cs:17)

(Filename: C:/build/output/unity/unity/Runtime/Export/Debug/Debug.bindings.cs Line: 123)

[capture-grip] root=(-23.70, 1.12, -15.19), tip=(-23.16, 1.37, -14.86), length=0,678, edge=(0.59, -0.20, -0.79), edgeDown=0,196, socketRight=(-0.64, -0.39, -0.66), socketUp=(0.73, -0.03, -0.69), socketForward=(0.25, -0.92, 0.31), renderer=Pelag_FantasySaber_Equipped, enabled=True, active=True, boundsCenter=(-23.59, 1.16, -15.16), boundsSize=(1.08, 0.58, 0.81), shader=Universal Render Pipeline/Lit
UnityEngine.Debug:ExtractStackTraceNoAlloc (byte*,int,string)
UnityEngine.StackTraceUtility:ExtractStackTrace () (at C:/build/output/unity/unity/Runtime/Export/Scripting/StackTrace.cs:35)
UnityEngine.DebugLogHandler:Internal_Log (UnityEngine.LogType,UnityEngine.LogOption,string,UnityEngine.Object)
UnityEngine.DebugLogHandler:LogFormat (UnityEngine.LogType,UnityEngine.Object,string,object[]) (at C:/build/output/unity/unity/Runtime/Export/Logging/DebugLogHandler.cs:9)
UnityEngine.Logger:Log (UnityEngine.LogType,object) (at C:/build/output/unity/unity/Runtime/Export/Logging/Logger.cs:60)
UnityEngine.Debug:Log (object) (at C:/build/output/unity/unity/Runtime/Export/Debug/Debug.bindings.cs:123)
Game.View.CaptureRig:ConfigureCaptureView () (at C:/Users/d.grab/Desktop/the-game/artifacts/mobsv2-project/Assets/Game.View/CaptureRig.cs:962)
Game.View.CaptureRig/<Run>d__254:MoveNext () (at C:/Users/d.grab/Desktop/the-game/artifacts/mobsv2-project/Assets/Game.View/CaptureRig.cs:653)
UnityEngine.SetupCoroutine:InvokeMoveNext (System.Collections.IEnumerator,intptr) (at C:/build/output/unity/unity/Runtime/Export/Scripting/Coroutines.cs:17)

(Filename: C:/build/output/unity/unity/Runtime/Export/Debug/Debug.bindings.cs Line: 123)

[capture-grip] root=(-23.70, 1.13, -15.20), tip=(-23.17, 1.38, -14.86), length=0,678, edge=(0.58, -0.19, -0.79), edgeDown=0,193, socketRight=(-0.64, -0.40, -0.66), socketUp=(0.72, -0.03, -0.69), socketForward=(0.25, -0.92, 0.31), renderer=Pelag_FantasySaber_Equipped, enabled=True, active=True, boundsCenter=(-23.60, 1.16, -15.16), boundsSize=(1.08, 0.58, 0.81), shader=Universal Render Pipeline/Lit
UnityEngine.Debug:ExtractStackTraceNoAlloc (byte*,int,string)
UnityEngine.StackTraceUtility:ExtractStackTrace () (at C:/build/output/unity/unity/Runtime/Export/Scripting/StackTrace.cs:35)
UnityEngine.DebugLogHandler:Internal_Log (UnityEngine.LogType,UnityEngine.LogOption,string,UnityEngine.Object)
UnityEngine.DebugLogHandler:LogFormat (UnityEngine.LogType,UnityEngine.Object,string,object[]) (at C:/build/output/unity/unity/Runtime/Export/Logging/DebugLogHandler.cs:9)
UnityEngine.Logger:Log (UnityEngine.LogType,object) (at C:/build/output/unity/unity/Runtime/Export/Logging/Logger.cs:60)
UnityEngine.Debug:Log (object) (at C:/build/output/unity/unity/Runtime/Export/Debug/Debug.bindings.cs:123)
Game.View.CaptureRig:ConfigureCaptureView () (at C:/Users/d.grab/Desktop/the-game/artifacts/mobsv2-project/Assets/Game.View/CaptureRig.cs:962)
Game.View.CaptureRig/<Run>d__254:MoveNext () (at C:/Users/d.grab/Desktop/the-game/artifacts/mobsv2-project/Assets/Game.View/CaptureRig.cs:653)
UnityEngine.SetupCoroutine:InvokeMoveNext (System.Collections.IEnumerator,intptr) (at C:/build/output/unity/unity/Runtime/Export/Scripting/Coroutines.cs:17)

(Filename: C:/build/output/unity/unity/Runtime/Export/Debug/Debug.bindings.cs Line: 123)

[capture-grip] root=(-23.71, 1.13, -15.20), tip=(-23.17, 1.39, -14.87), length=0,678, edge=(0.59, -0.19, -0.79), edgeDown=0,193, socketRight=(-0.64, -0.40, -0.66), socketUp=(0.72, -0.03, -0.69), socketForward=(0.26, -0.92, 0.31), renderer=Pelag_FantasySaber_Equipped, enabled=True, active=True, boundsCenter=(-23.60, 1.17, -15.16), boundsSize=(1.08, 0.59, 0.81), shader=Universal Render Pipeline/Lit
UnityEngine.Debug:ExtractStackTraceNoAlloc (byte*,int,string)
UnityEngine.StackTraceUtility:ExtractStackTrace () (at C:/build/output/unity/unity/Runtime/Export/Scripting/StackTrace.cs:35)
UnityEngine.DebugLogHandler:Internal_Log (UnityEngine.LogType,UnityEngine.LogOption,string,UnityEngine.Object)
UnityEngine.DebugLogHandler:LogFormat (UnityEngine.LogType,UnityEngine.Object,string,object[]) (at C:/build/output/unity/unity/Runtime/Export/Logging/DebugLogHandler.cs:9)
UnityEngine.Logger:Log (UnityEngine.LogType,object) (at C:/build/output/unity/unity/Runtime/Export/Logging/Logger.cs:60)
UnityEngine.Debug:Log (object) (at C:/build/output/unity/unity/Runtime/Export/Debug/Debug.bindings.cs:123)
Game.View.CaptureRig:ConfigureCaptureView () (at C:/Users/d.grab/Desktop/the-game/artifacts/mobsv2-project/Assets/Game.View/CaptureRig.cs:962)
Game.View.CaptureRig/<Run>d__254:MoveNext () (at C:/Users/d.grab/Desktop/the-game/artifacts/mobsv2-project/Assets/Game.View/CaptureRig.cs:653)
UnityEngine.SetupCoroutine:InvokeMoveNext (System.Collections.IEnumerator,intptr) (at C:/build/output/unity/unity/Runtime/Export/Scripting/Coroutines.cs:17)

(Filename: C:/build/output/unity/unity/Runtime/Export/Debug/Debug.bindings.cs Line: 123)

[capture-grip] root=(-23.71, 1.14, -15.20), tip=(-23.18, 1.40, -14.87), length=0,678, edge=(0.59, -0.19, -0.79), edgeDown=0,193, socketRight=(-0.64, -0.40, -0.66), socketUp=(0.72, -0.03, -0.69), socketForward=(0.26, -0.91, 0.31), renderer=Pelag_FantasySaber_Equipped, enabled=True, active=True, boundsCenter=(-23.60, 1.18, -15.16), boundsSize=(1.08, 0.59, 0.81), shader=Universal Render Pipeline/Lit
UnityEngine.Debug:ExtractStackTraceNoAlloc (byte*,int,string)
UnityEngine.StackTraceUtility:ExtractStackTrace () (at C:/build/output/unity/unity/Runtime/Export/Scripting/StackTrace.cs:35)
UnityEngine.DebugLogHandler:Internal_Log (UnityEngine.LogType,UnityEngine.LogOption,string,UnityEngine.Object)
UnityEngine.DebugLogHandler:LogFormat (UnityEngine.LogType,UnityEngine.Object,string,object[]) (at C:/build/output/unity/unity/Runtime/Export/Logging/DebugLogHandler.cs:9)
UnityEngine.Logger:Log (UnityEngine.LogType,object) (at C:/build/output/unity/unity/Runtime/Export/Logging/Logger.cs:60)
UnityEngine.Debug:Log (object) (at C:/build/output/unity/unity/Runtime/Export/Debug/Debug.bindings.cs:123)
Game.View.CaptureRig:ConfigureCaptureView () (at C:/Users/d.grab/Desktop/the-game/artifacts/mobsv2-project/Assets/Game.View/CaptureRig.cs:962)
Game.View.CaptureRig/<Run>d__254:MoveNext () (at C:/Users/d.grab/Desktop/the-game/artifacts/mobsv2-project/Assets/Game.View/CaptureRig.cs:653)
UnityEngine.SetupCoroutine:InvokeMoveNext (System.Collections.IEnumerator,intptr) (at C:/build/output/unity/unity/Runtime/Export/Scripting/Coroutines.cs:17)

(Filename: C:/build/output/unity/unity/Runtime/Export/Debug/Debug.bindings.cs Line: 123)

[capture-grip] root=(-23.72, 1.14, -15.20), tip=(-23.18, 1.40, -14.87), length=0,678, edge=(0.59, -0.19, -0.79), edgeDown=0,194, socketRight=(-0.64, -0.40, -0.66), socketUp=(0.73, -0.03, -0.69), socketForward=(0.26, -0.91, 0.31), renderer=Pelag_FantasySaber_Equipped, enabled=True, active=True, boundsCenter=(-23.61, 1.18, -15.17), boundsSize=(1.08, 0.59, 0.81), shader=Universal Render Pipeline/Lit
UnityEngine.Debug:ExtractStackTraceNoAlloc (byte*,int,string)
UnityEngine.StackTraceUtility:ExtractStackTrace () (at C:/build/output/unity/unity/Runtime/Export/Scripting/StackTrace.cs:35)
UnityEngine.DebugLogHandler:Internal_Log (UnityEngine.LogType,UnityEngine.LogOption,string,UnityEngine.Object)
UnityEngine.DebugLogHandler:LogFormat (UnityEngine.LogType,UnityEngine.Object,string,object[]) (at C:/build/output/unity/unity/Runtime/Export/Logging/DebugLogHandler.cs:9)
UnityEngine.Logger:Log (UnityEngine.LogType,object) (at C:/build/output/unity/unity/Runtime/Export/Logging/Logger.cs:60)
UnityEngine.Debug:Log (object) (at C:/build/output/unity/unity/Runtime/Export/Debug/Debug.bindings.cs:123)
Game.View.CaptureRig:ConfigureCaptureView () (at C:/Users/d.grab/Desktop/the-game/artifacts/mobsv2-project/Assets/Game.View/CaptureRig.cs:962)
Game.View.CaptureRig/<Run>d__254:MoveNext () (at C:/Users/d.grab/Desktop/the-game/artifacts/mobsv2-project/Assets/Game.View/CaptureRig.cs:653)
UnityEngine.SetupCoroutine:InvokeMoveNext (System.Collections.IEnumerator,intptr) (at C:/build/output/unity/unity/Runtime/Export/Scripting/Coroutines.cs:17)

(Filename: C:/build/output/unity/unity/Runtime/Export/Debug/Debug.bindings.cs Line: 123)

[capture-grip] root=(-23.72, 1.15, -15.20), tip=(-23.19, 1.40, -14.87), length=0,678, edge=(0.59, -0.20, -0.78), edgeDown=0,197, socketRight=(-0.64, -0.41, -0.66), socketUp=(0.73, -0.03, -0.69), socketForward=(0.26, -0.91, 0.32), renderer=Pelag_FantasySaber_Equipped, enabled=True, active=True, boundsCenter=(-23.61, 1.18, -15.17), boundsSize=(1.08, 0.59, 0.81), shader=Universal Render Pipeline/Lit
UnityEngine.Debug:ExtractStackTraceNoAlloc (byte*,int,string)
UnityEngine.StackTraceUtility:ExtractStackTrace () (at C:/build/output/unity/unity/Runtime/Export/Scripting/StackTrace.cs:35)
UnityEngine.DebugLogHandler:Internal_Log (UnityEngine.LogType,UnityEngine.LogOption,string,UnityEngine.Object)
UnityEngine.DebugLogHandler:LogFormat (UnityEngine.LogType,UnityEngine.Object,string,object[]) (at C:/build/output/unity/unity/Runtime/Export/Logging/DebugLogHandler.cs:9)
UnityEngine.Logger:Log (UnityEngine.LogType,object) (at C:/build/output/unity/unity/Runtime/Export/Logging/Logger.cs:60)
UnityEngine.Debug:Log (object) (at C:/build/output/unity/unity/Runtime/Export/Debug/Debug.bindings.cs:123)
Game.View.CaptureRig:ConfigureCaptureView () (at C:/Users/d.grab/Desktop/the-game/artifacts/mobsv2-project/Assets/Game.View/CaptureRig.cs:962)
Game.View.CaptureRig/<Run>d__254:MoveNext () (at C:/Users/d.grab/Desktop/the-game/artifacts/mobsv2-project/Assets/Game.View/CaptureRig.cs:653)
UnityEngine.SetupCoroutine:InvokeMoveNext (System.Collections.IEnumerator,intptr) (at C:/build/output/unity/unity/Runtime/Export/Scripting/Coroutines.cs:17)

(Filename: C:/build/output/unity/unity/Runtime/Export/Debug/Debug.bindings.cs Line: 123)

[capture-grip] root=(-23.72, 1.15, -15.21), tip=(-23.19, 1.41, -14.87), length=0,678, edge=(0.59, -0.20, -0.78), edgeDown=0,201, socketRight=(-0.64, -0.41, -0.66), socketUp=(0.73, -0.04, -0.68), socketForward=(0.25, -0.91, 0.32), renderer=Pelag_FantasySaber_Equipped, enabled=True, active=True, boundsCenter=(-23.62, 1.18, -15.17), boundsSize=(1.08, 0.59, 0.81), shader=Universal Render Pipeline/Lit
UnityEngine.Debug:ExtractStackTraceNoAlloc (byte*,int,string)
UnityEngine.StackTraceUtility:ExtractStackTrace () (at C:/build/output/unity/unity/Runtime/Export/Scripting/StackTrace.cs:35)
UnityEngine.DebugLogHandler:Internal_Log (UnityEngine.LogType,UnityEngine.LogOption,string,UnityEngine.Object)
UnityEngine.DebugLogHandler:LogFormat (UnityEngine.LogType,UnityEngine.Object,string,object[]) (at C:/build/output/unity/unity/Runtime/Export/Logging/DebugLogHandler.cs:9)
UnityEngine.Logger:Log (UnityEngine.LogType,object) (at C:/build/output/unity/unity/Runtime/Export/Logging/Logger.cs:60)
UnityEngine.Debug:Log (object) (at C:/build/output/unity/unity/Runtime/Export/Debug/Debug.bindings.cs:123)
Game.View.CaptureRig:ConfigureCaptureView () (at C:/Users/d.grab/Desktop/the-game/artifacts/mobsv2-project/Assets/Game.View/CaptureRig.cs:962)
Game.View.CaptureRig/<Run>d__254:MoveNext () (at C:/Users/d.grab/Desktop/the-game/artifacts/mobsv2-project/Assets/Game.View/CaptureRig.cs:653)
UnityEngine.SetupCoroutine:InvokeMoveNext (System.Collections.IEnumerator,intptr) (at C:/build/output/unity/unity/Runtime/Export/Scripting/Coroutines.cs:17)

(Filename: C:/build/output/unity/unity/Runtime/Export/Debug/Debug.bindings.cs Line: 123)

[capture-grip] root=(-23.73, 1.15, -15.21), tip=(-23.20, 1.41, -14.88), length=0,678, edge=(0.59, -0.21, -0.78), edgeDown=0,206, socketRight=(-0.64, -0.41, -0.65), socketUp=(0.73, -0.04, -0.68), socketForward=(0.25, -0.91, 0.32), renderer=Pelag_FantasySaber_Equipped, enabled=True, active=True, boundsCenter=(-23.62, 1.19, -15.17), boundsSize=(1.08, 0.59, 0.81), shader=Universal Render Pipeline/Lit
UnityEngine.Debug:ExtractStackTraceNoAlloc (byte*,int,string)
UnityEngine.StackTraceUtility:ExtractStackTrace () (at C:/build/output/unity/unity/Runtime/Export/Scripting/StackTrace.cs:35)
UnityEngine.DebugLogHandler:Internal_Log (UnityEngine.LogType,UnityEngine.LogOption,string,UnityEngine.Object)
UnityEngine.DebugLogHandler:LogFormat (UnityEngine.LogType,UnityEngine.Object,string,object[]) (at C:/build/output/unity/unity/Runtime/Export/Logging/DebugLogHandler.cs:9)
UnityEngine.Logger:Log (UnityEngine.LogType,object) (at C:/build/output/unity/unity/Runtime/Export/Logging/Logger.cs:60)
UnityEngine.Debug:Log (object) (at C:/build/output/unity/unity/Runtime/Export/Debug/Debug.bindings.cs:123)
Game.View.CaptureRig:ConfigureCaptureView () (at C:/Users/d.grab/Desktop/the-game/artifacts/mobsv2-project/Assets/Game.View/CaptureRig.cs:962)
Game.View.CaptureRig/<Run>d__254:MoveNext () (at C:/Users/d.grab/Desktop/the-game/artifacts/mobsv2-project/Assets/Game.View/CaptureRig.cs:653)
UnityEngine.SetupCoroutine:InvokeMoveNext (System.Collections.IEnumerator,intptr) (at C:/build/output/unity/unity/Runtime/Export/Scripting/Coroutines.cs:17)

(Filename: C:/build/output/unity/unity/Runtime/Export/Debug/Debug.bindings.cs Line: 123)

[capture-grip] root=(-23.74, 1.15, -15.21), tip=(-23.20, 1.41, -14.88), length=0,678, edge=(0.59, -0.21, -0.78), edgeDown=0,212, socketRight=(-0.64, -0.41, -0.65), socketUp=(0.73, -0.05, -0.68), socketForward=(0.25, -0.91, 0.33), renderer=Pelag_FantasySaber_Equipped, enabled=True, active=True, boundsCenter=(-23.63, 1.19, -15.17), boundsSize=(1.08, 0.60, 0.81), shader=Universal Render Pipeline/Lit
UnityEngine.Debug:ExtractStackTraceNoAlloc (byte*,int,string)
UnityEngine.StackTraceUtility:ExtractStackTrace () (at C:/build/output/unity/unity/Runtime/Export/Scripting/StackTrace.cs:35)
UnityEngine.DebugLogHandler:Internal_Log (UnityEngine.LogType,UnityEngine.LogOption,string,UnityEngine.Object)
UnityEngine.DebugLogHandler:LogFormat (UnityEngine.LogType,UnityEngine.Object,string,object[]) (at C:/build/output/unity/unity/Runtime/Export/Logging/DebugLogHandler.cs:9)
UnityEngine.Logger:Log (UnityEngine.LogType,object) (at C:/build/output/unity/unity/Runtime/Export/Logging/Logger.cs:60)
UnityEngine.Debug:Log (object) (at C:/build/output/unity/unity/Runtime/Export/Debug/Debug.bindings.cs:123)
Game.View.CaptureRig:ConfigureCaptureView () (at C:/Users/d.grab/Desktop/the-game/artifacts/mobsv2-project/Assets/Game.View/CaptureRig.cs:962)
Game.View.CaptureRig/<Run>d__254:MoveNext () (at C:/Users/d.grab/Desktop/the-game/artifacts/mobsv2-project/Assets/Game.View/CaptureRig.cs:653)
UnityEngine.SetupCoroutine:InvokeMoveNext (System.Collections.IEnumerator,intptr) (at C:/build/output/unity/unity/Runtime/Export/Scripting/Coroutines.cs:17)

(Filename: C:/build/output/unity/unity/Runtime/Export/Debug/Debug.bindings.cs Line: 123)

[capture-lines] TrailRenderer «Skewer wake» путь=«Bootstrap/Симуляция/Skewer wake» emitting=False позиция=(-24.00, 0.72, -15.00)
UnityEngine.Debug:ExtractStackTraceNoAlloc (byte*,int,string)
UnityEngine.StackTraceUtility:ExtractStackTrace () (at C:/build/output/unity/unity/Runtime/Export/Scripting/StackTrace.cs:35)
UnityEngine.DebugLogHandler:Internal_Log (UnityEngine.LogType,UnityEngine.LogOption,string,UnityEngine.Object)
UnityEngine.DebugLogHandler:LogFormat (UnityEngine.LogType,UnityEngine.Object,string,object[]) (at C:/build/output/unity/unity/Runtime/Export/Logging/DebugLogHandler.cs:9)
UnityEngine.Logger:Log (UnityEngine.LogType,object) (at C:/build/output/unity/unity/Runtime/Export/Logging/Logger.cs:60)
UnityEngine.Debug:Log (object) (at C:/build/output/unity/unity/Runtime/Export/Debug/Debug.bindings.cs:123)
Game.View.CaptureRig:DumpSceneLines () (at C:/Users/d.grab/Desktop/the-game/artifacts/mobsv2-project/Assets/Game.View/CaptureRig.cs:1041)
Game.View.CaptureRig:CaptureStill (int,single) (at C:/Users/d.grab/Desktop/the-game/artifacts/mobsv2-project/Assets/Game.View/CaptureRig.cs:1055)
Game.View.CaptureRig/<Run>d__254:MoveNext () (at C:/Users/d.grab/Desktop/the-game/artifacts/mobsv2-project/Assets/Game.View/CaptureRig.cs:666)
UnityEngine.SetupCoroutine:InvokeMoveNext (System.Collections.IEnumerator,intptr) (at C:/build/output/unity/unity/Runtime/Export/Scripting/Coroutines.cs:17)

(Filename: C:/build/output/unity/unity/Runtime/Export/Debug/Debug.bindings.cs Line: 123)

[capture-lines] TrailRenderer «Anchor weight stroke» путь=«Bootstrap/Симуляция/Пул: Wole/Wole #0/Anchor weight stroke» emitting=False позиция=(-24.00, 0.00, -15.00)
UnityEngine.Debug:ExtractStackTraceNoAlloc (byte*,int,string)
UnityEngine.StackTraceUtility:ExtractStackTrace () (at C:/build/output/unity/unity/Runtime/Export/Scripting/StackTrace.cs:35)
UnityEngine.DebugLogHandler:Internal_Log (UnityEngine.LogType,UnityEngine.LogOption,string,UnityEngine.Object)
UnityEngine.DebugLogHandler:LogFormat (UnityEngine.LogType,UnityEngine.Object,string,object[]) (at C:/build/output/unity/unity/Runtime/Export/Logging/DebugLogHandler.cs:9)
UnityEngine.Logger:Log (UnityEngine.LogType,object) (at C:/build/output/unity/unity/Runtime/Export/Logging/Logger.cs:60)
UnityEngine.Debug:Log (object) (at C:/build/output/unity/unity/Runtime/Export/Debug/Debug.bindings.cs:123)
Game.View.CaptureRig:DumpSceneLines () (at C:/Users/d.grab/Desktop/the-game/artifacts/mobsv2-project/Assets/Game.View/CaptureRig.cs:1041)
Game.View.CaptureRig:CaptureStill (int,single) (at C:/Users/d.grab/Desktop/the-game/artifacts/mobsv2-project/Assets/Game.View/CaptureRig.cs:1055)
Game.View.CaptureRig/<Run>d__254:MoveNext () (at C:/Users/d.grab/Desktop/the-game/artifacts/mobsv2-project/Assets/Game.View/CaptureRig.cs:666)
UnityEngine.SetupCoroutine:InvokeMoveNext (System.Collections.IEnumerator,intptr) (at C:/build/output/unity/unity/Runtime/Export/Scripting/Coroutines.cs:17)

(Filename: C:/build/output/unity/unity/Runtime/Export/Debug/Debug.bindings.cs Line: 123)

[capture-lines] TrailRenderer «Leap side stroke 1» путь=«Bootstrap/Симуляция/Leap side stroke 1» emitting=False позиция=(0.00, 0.00, 0.00)
UnityEngine.Debug:ExtractStackTraceNoAlloc (byte*,int,string)
UnityEngine.StackTraceUtility:ExtractStackTrace () (at C:/build/output/unity/unity/Runtime/Export/Scripting/StackTrace.cs:35)
UnityEngine.DebugLogHandler:Internal_Log (UnityEngine.LogType,UnityEngine.LogOption,string,UnityEngine.Object)
UnityEngine.DebugLogHandler:LogFormat (UnityEngine.LogType,UnityEngine.Object,string,object[]) (at C:/build/output/unity/unity/Runtime/Export/Logging/DebugLogHandler.cs:9)
UnityEngine.Logger:Log (UnityEngine.LogType,object) (at C:/build/output/unity/unity/Runtime/Export/Logging/Logger.cs:60)
UnityEngine.Debug:Log (object) (at C:/build/output/unity/unity/Runtime/Export/Debug/Debug.bindings.cs:123)
Game.View.CaptureRig:DumpSceneLines () (at C:/Users/d.grab/Desktop/the-game/artifacts/mobsv2-project/Assets/Game.View/CaptureRig.cs:1041)
Game.View.CaptureRig:CaptureStill (int,single) (at C:/Users/d.grab/Desktop/the-game/artifacts/mobsv2-project/Assets/Game.View/CaptureRig.cs:1055)
Game.View.CaptureRig/<Run>d__254:MoveNext () (at C:/Users/d.grab/Desktop/the-game/artifacts/mobsv2-project/Assets/Game.View/CaptureRig.cs:666)
UnityEngine.SetupCoroutine:InvokeMoveNext (System.Collections.IEnumerator,intptr) (at C:/build/output/unity/unity/Runtime/Export/Scripting/Coroutines.cs:17)

(Filename: C:/build/output/unity/unity/Runtime/Export/Debug/Debug.bindings.cs Line: 123)

[capture-lines] TrailRenderer «Pelag Leap Trail» путь=«Bootstrap/Симуляция/Pelag Leap Trail» emitting=False позиция=(0.00, 0.00, 0.00)
UnityEngine.Debug:ExtractStackTraceNoAlloc (byte*,int,string)
UnityEngine.StackTraceUtility:ExtractStackTrace () (at C:/build/output/unity/unity/Runtime/Export/Scripting/StackTrace.cs:35)
UnityEngine.DebugLogHandler:Internal_Log (UnityEngine.LogType,UnityEngine.LogOption,string,UnityEngine.Object)
UnityEngine.DebugLogHandler:LogFormat (UnityEngine.LogType,UnityEngine.Object,string,object[]) (at C:/build/output/unity/unity/Runtime/Export/Logging/DebugLogHandler.cs:9)
UnityEngine.Logger:Log (UnityEngine.LogType,object) (at C:/build/output/unity/unity/Runtime/Export/Logging/Logger.cs:60)
UnityEngine.Debug:Log (object) (at C:/build/output/unity/unity/Runtime/Export/Debug/Debug.bindings.cs:123)
Game.View.CaptureRig:DumpSceneLines () (at C:/Users/d.grab/Desktop/the-game/artifacts/mobsv2-project/Assets/Game.View/CaptureRig.cs:1041)
Game.View.CaptureRig:CaptureStill (int,single) (at C:/Users/d.grab/Desktop/the-game/artifacts/mobsv2-project/Assets/Game.View/CaptureRig.cs:1055)
Game.View.CaptureRig/<Run>d__254:MoveNext () (at C:/Users/d.grab/Desktop/the-game/artifacts/mobsv2-project/Assets/Game.View/CaptureRig.cs:666)
UnityEngine.SetupCoroutine:InvokeMoveNext (System.Collections.IEnumerator,intptr) (at C:/build/output/unity/unity/Runtime/Export/Scripting/Coroutines.cs:17)

(Filename: C:/build/output/unity/unity/Runtime/Export/Debug/Debug.bindings.cs Line: 123)

[capture-lines] TrailRenderer «Leap side stroke 0» путь=«Bootstrap/Симуляция/Leap side stroke 0» emitting=False позиция=(0.00, 0.00, 0.00)
UnityEngine.Debug:ExtractStackTraceNoAlloc (byte*,int,string)
UnityEngine.StackTraceUtility:ExtractStackTrace () (at C:/build/output/unity/unity/Runtime/Export/Scripting/StackTrace.cs:35)
UnityEngine.DebugLogHandler:Internal_Log (UnityEngine.LogType,UnityEngine.LogOption,string,UnityEngine.Object)
UnityEngine.DebugLogHandler:LogFormat (UnityEngine.LogType,UnityEngine.Object,string,object[]) (at C:/build/output/unity/unity/Runtime/Export/Logging/DebugLogHandler.cs:9)
UnityEngine.Logger:Log (UnityEngine.LogType,object) (at C:/build/output/unity/unity/Runtime/Export/Logging/Logger.cs:60)
UnityEngine.Debug:Log (object) (at C:/build/output/unity/unity/Runtime/Export/Debug/Debug.bindings.cs:123)
Game.View.CaptureRig:DumpSceneLines () (at C:/Users/d.grab/Desktop/the-game/artifacts/mobsv2-project/Assets/Game.View/CaptureRig.cs:1041)
Game.View.CaptureRig:CaptureStill (int,single) (at C:/Users/d.grab/Desktop/the-game/artifacts/mobsv2-project/Assets/Game.View/CaptureRig.cs:1055)
Game.View.CaptureRig/<Run>d__254:MoveNext () (at C:/Users/d.grab/Desktop/the-game/artifacts/mobsv2-project/Assets/Game.View/CaptureRig.cs:666)
UnityEngine.SetupCoroutine:InvokeMoveNext (System.Collections.IEnumerator,intptr) (at C:/build/output/unity/unity/Runtime/Export/Scripting/Coroutines.cs:17)

(Filename: C:/build/output/unity/unity/Runtime/Export/Debug/Debug.bindings.cs Line: 123)

[capture] C:/Users/d.grab/Desktop/the-game/ART/characters/pelag/demo-polish-2026-09-30/baseline/forest-combat\shot_00_t0.25s.png  1920x1080
UnityEngine.Debug:ExtractStackTraceNoAlloc (byte*,int,string)
UnityEngine.StackTraceUtility:ExtractStackTrace () (at C:/build/output/unity/unity/Runtime/Export/Scripting/StackTrace.cs:35)
UnityEngine.DebugLogHandler:Internal_Log (UnityEngine.LogType,UnityEngine.LogOption,string,UnityEngine.Object)
UnityEngine.DebugLogHandler:LogFormat (UnityEngine.LogType,UnityEngine.Object,string,object[]) (at C:/build/output/unity/unity/Runtime/Export/Logging/DebugLogHandler.cs:9)
UnityEngine.Logger:Log (UnityEngine.LogType,object) (at C:/build/output/unity/unity/Runtime/Export/Logging/Logger.cs:60)
UnityEngine.Debug:Log (object) (at C:/build/output/unity/unity/Runtime/Export/Debug/Debug.bindings.cs:123)
Game.View.CaptureRig:CaptureStill (int,single) (at C:/Users/d.grab/Desktop/the-game/artifacts/mobsv2-project/Assets/Game.View/CaptureRig.cs:1062)
Game.View.CaptureRig/<Run>d__254:MoveNext () (at C:/Users/d.grab/Desktop/the-game/artifacts/mobsv2-project/Assets/Game.View/CaptureRig.cs:666)
UnityEngine.SetupCoroutine:InvokeMoveNext (System.Collections.IEnumerator,intptr) (at C:/build/output/unity/unity/Runtime/Export/Scripting/Coroutines.cs:17)

(Filename: C:/build/output/unity/unity/Runtime/Export/Debug/Debug.bindings.cs Line: 123)

[capture-grip] root=(-23.74, 1.15, -15.21), tip=(-23.21, 1.41, -14.88), length=0,678, edge=(0.59, -0.22, -0.78), edgeDown=0,218, socketRight=(-0.64, -0.41, -0.65), socketUp=(0.73, -0.05, -0.68), socketForward=(0.24, -0.91, 0.33), renderer=Pelag_FantasySaber_Equipped, enabled=True, active=True, boundsCenter=(-23.63, 1.18, -15.18), boundsSize=(1.08, 0.60, 0.80), shader=Universal Render Pipeline/Lit
UnityEngine.Debug:ExtractStackTraceNoAlloc (byte*,int,string)
UnityEngine.StackTraceUtility:ExtractStackTrace () (at C:/build/output/unity/unity/Runtime/Export/Scripting/StackTrace.cs:35)
UnityEngine.DebugLogHandler:Internal_Log (UnityEngine.LogType,UnityEngine.LogOption,string,UnityEngine.Object)
UnityEngine.DebugLogHandler:LogFormat (UnityEngine.LogType,UnityEngine.Object,string,object[]) (at C:/build/output/unity/unity/Runtime/Export/Logging/DebugLogHandler.cs:9)
UnityEngine.Logger:Log (UnityEngine.LogType,object) (at C:/build/output/unity/unity/Runtime/Export/Logging/Logger.cs:60)
UnityEngine.Debug:Log (object) (at C:/build/output/unity/unity/Runtime/Export/Debug/Debug.bindings.cs:123)
Game.View.CaptureRig:ConfigureCaptureView () (at C:/Users/d.grab/Desktop/the-game/artifacts/mobsv2-project/Assets/Game.View/CaptureRig.cs:962)
Game.View.CaptureRig/<Run>d__254:MoveNext () (at C:/Users/d.grab/Desktop/the-game/artifacts/mobsv2-project/Assets/Game.View/CaptureRig.cs:653)
UnityEngine.SetupCoroutine:InvokeMoveNext (System.Collections.IEnumerator,intptr) (at C:/build/output/unity/unity/Runtime/Export/Scripting/Coroutines.cs:17)

(Filename: C:/build/output/unity/unity/Runtime/Export/Debug/Debug.bindings.cs Line: 123)

[capture-grip] root=(-23.75, 1.15, -15.22), tip=(-23.21, 1.40, -14.89), length=0,678, edge=(0.58, -0.22, -0.78), edgeDown=0,223, socketRight=(-0.65, -0.41, -0.65), socketUp=(0.72, -0.06, -0.69), socketForward=(0.24, -0.91, 0.33), renderer=Pelag_FantasySaber_Equipped, enabled=True, active=True, boundsCenter=(-23.64, 1.18, -15.18), boundsSize=(1.08, 0.60, 0.80), shader=Universal Render Pipeline/Lit
UnityEngine.Debug:ExtractStackTraceNoAlloc (byte*,int,string)
UnityEngine.StackTraceUtility:ExtractStackTrace () (at C:/build/output/unity/unity/Runtime/Export/Scripting/StackTrace.cs:35)
UnityEngine.DebugLogHandler:Internal_Log (UnityEngine.LogType,UnityEngine.LogOption,string,UnityEngine.Object)
UnityEngine.DebugLogHandler:LogFormat (UnityEngine.LogType,UnityEngine.Object,string,object[]) (at C:/build/output/unity/unity/Runtime/Export/Logging/DebugLogHandler.cs:9)
UnityEngine.Logger:Log (UnityEngine.LogType,object) (at C:/build/output/unity/unity/Runtime/Export/Logging/Logger.cs:60)
UnityEngine.Debug:Log (object) (at C:/build/output/unity/unity/Runtime/Export/Debug/Debug.bindings.cs:123)
Game.View.CaptureRig:ConfigureCaptureView () (at C:/Users/d.grab/Desktop/the-game/artifacts/mobsv2-project/Assets/Game.View/CaptureRig.cs:962)
Game.View.CaptureRig/<Run>d__254:MoveNext () (at C:/Users/d.grab/Desktop/the-game/artifacts/mobsv2-project/Assets/Game.View/CaptureRig.cs:653)
UnityEngine.SetupCoroutine:InvokeMoveNext (System.Collections.IEnumerator,intptr) (at C:/build/output/unity/unity/Runtime/Export/Scripting/Coroutines.cs:17)

(Filename: C:/build/output/unity/unity/Runtime/Export/Debug/Debug.bindings.cs Line: 123)

[capture-grip] root=(-23.75, 1.15, -15.22), tip=(-23.22, 1.40, -14.90), length=0,678, edge=(0.58, -0.23, -0.78), edgeDown=0,228, socketRight=(-0.65, -0.41, -0.64), socketUp=(0.72, -0.06, -0.69), socketForward=(0.24, -0.91, 0.34), renderer=Pelag_FantasySaber_Equipped, enabled=True, active=True, boundsCenter=(-23.65, 1.18, -15.18), boundsSize=(1.09, 0.59, 0.80), shader=Universal Render Pipeline/Lit
UnityEngine.Debug:ExtractStackTraceNoAlloc (byte*,int,string)
UnityEngine.StackTraceUtility:ExtractStackTrace () (at C:/build/output/unity/unity/Runtime/Export/Scripting/StackTrace.cs:35)
UnityEngine.DebugLogHandler:Internal_Log (UnityEngine.LogType,UnityEngine.LogOption,string,UnityEngine.Object)
UnityEngine.DebugLogHandler:LogFormat (UnityEngine.LogType,UnityEngine.Object,string,object[]) (at C:/build/output/unity/unity/Runtime/Export/Logging/DebugLogHandler.cs:9)
UnityEngine.Logger:Log (UnityEngine.LogType,object) (at C:/build/output/unity/unity/Runtime/Export/Logging/Logger.cs:60)
UnityEngine.Debug:Log (object) (at C:/build/output/unity/unity/Runtime/Export/Debug/Debug.bindings.cs:123)
Game.View.CaptureRig:ConfigureCaptureView () (at C:/Users/d.grab/Desktop/the-game/artifacts/mobsv2-project/Assets/Game.View/CaptureRig.cs:962)
Game.View.CaptureRig/<Run>d__254:MoveNext () (at C:/Users/d.grab/Desktop/the-game/artifacts/mobsv2-project/Assets/Game.View/CaptureRig.cs:653)
UnityEngine.SetupCoroutine:InvokeMoveNext (System.Collections.IEnumerator,intptr) (at C:/build/output/unity/unity/Runtime/Export/Scripting/Coroutines.cs:17)

(Filename: C:/build/output/unity/unity/Runtime/Export/Debug/Debug.bindings.cs Line: 123)

[capture-grip] root=(-23.76, 1.14, -15.22), tip=(-23.22, 1.40, -14.90), length=0,678, edge=(0.58, -0.23, -0.78), edgeDown=0,235, socketRight=(-0.65, -0.41, -0.64), socketUp=(0.72, -0.07, -0.69), socketForward=(0.24, -0.91, 0.34), renderer=Pelag_FantasySaber_Equipped, enabled=True, active=True, boundsCenter=(-23.65, 1.18, -15.19), boundsSize=(1.09, 0.59, 0.79), shader=Universal Render Pipeline/Lit
UnityEngine.Debug:ExtractStackTraceNoAlloc (byte*,int,string)
UnityEngine.StackTraceUtility:ExtractStackTrace () (at C:/build/output/unity/unity/Runtime/Export/Scripting/StackTrace.cs:35)
UnityEngine.DebugLogHandler:Internal_Log (UnityEngine.LogType,UnityEngine.LogOption,string,UnityEngine.Object)
UnityEngine.DebugLogHandler:LogFormat (UnityEngine.LogType,UnityEngine.Object,string,object[]) (at C:/build/output/unity/unity/Runtime/Export/Logging/DebugLogHandler.cs:9)
UnityEngine.Logger:Log (UnityEngine.LogType,object) (at C:/build/output/unity/unity/Runtime/Export/Logging/Logger.cs:60)
UnityEngine.Debug:Log (object) (at C:/build/output/unity/unity/Runtime/Export/Debug/Debug.bindings.cs:123)
Game.View.CaptureRig:ConfigureCaptureView () (at C:/Users/d.grab/Desktop/the-game/artifacts/mobsv2-project/Assets/Game.View/CaptureRig.cs:962)
Game.View.CaptureRig/<Run>d__254:MoveNext () (at C:/Users/d.grab/Desktop/the-game/artifacts/mobsv2-project/Assets/Game.View/CaptureRig.cs:653)
UnityEngine.SetupCoroutine:InvokeMoveNext (System.Collections.IEnumerator,intptr) (at C:/build/output/unity/unity/Runtime/Export/Scripting/Coroutines.cs:17)

(Filename: C:/build/output/unity/unity/Runtime/Export/Debug/Debug.bindings.cs Line: 123)

[capture-grip] root=(-23.77, 1.14, -15.23), tip=(-23.23, 1.39, -14.91), length=0,678, edge=(0.57, -0.24, -0.79), edgeDown=0,242, socketRight=(-0.66, -0.41, -0.63), socketUp=(0.71, -0.08, -0.70), socketForward=(0.23, -0.91, 0.34), renderer=Pelag_FantasySaber_Equipped, enabled=True, active=True, boundsCenter=(-23.66, 1.17, -15.19), boundsSize=(1.09, 0.59, 0.78), shader=Universal Render Pipeline/Lit
UnityEngine.Debug:ExtractStackTraceNoAlloc (byte*,int,string)
UnityEngine.StackTraceUtility:ExtractStackTrace () (at C:/build/output/unity/unity/Runtime/Export/Scripting/StackTrace.cs:35)
UnityEngine.DebugLogHandler:Internal_Log (UnityEngine.LogType,UnityEngine.LogOption,string,UnityEngine.Object)
UnityEngine.DebugLogHandler:LogFormat (UnityEngine.LogType,UnityEngine.Object,string,object[]) (at C:/build/output/unity/unity/Runtime/Export/Logging/DebugLogHandler.cs:9)
UnityEngine.Logger:Log (UnityEngine.LogType,object) (at C:/build/output/unity/unity/Runtime/Export/Logging/Logger.cs:60)
UnityEngine.Debug:Log (object) (at C:/build/output/unity/unity/Runtime/Export/Debug/Debug.bindings.cs:123)
Game.View.CaptureRig:ConfigureCaptureView () (at C:/Users/d.grab/Desktop/the-game/artifacts/mobsv2-project/Assets/Game.View/CaptureRig.cs:962)
Game.View.CaptureRig/<Run>d__254:MoveNext () (at C:/Users/d.grab/Desktop/the-game/artifacts/mobsv2-project/Assets/Game.View/CaptureRig.cs:653)
UnityEngine.SetupCoroutine:InvokeMoveNext (System.Collections.IEnumerator,intptr) (at C:/build/output/unity/unity/Runtime/Export/Scripting/Coroutines.cs:17)

(Filename: C:/build/output/unity/unity/Runtime/Export/Debug/Debug.bindings.cs Line: 123)

[capture-grip] root=(-23.78, 1.13, -15.23), tip=(-23.23, 1.38, -14.92), length=0,678, edge=(0.56, -0.25, -0.79), edgeDown=0,251, socketRight=(-0.67, -0.40, -0.63), socketUp=(0.71, -0.09, -0.70), socketForward=(0.23, -0.91, 0.35), renderer=Pelag_FantasySaber_Equipped, enabled=True, active=True, boundsCenter=(-23.67, 1.17, -15.19), boundsSize=(1.10, 0.59, 0.78), shader=Universal Render Pipeline/Lit
UnityEngine.Debug:ExtractStackTraceNoAlloc (byte*,int,string)
UnityEngine.StackTraceUtility:ExtractStackTrace () (at C:/build/output/unity/unity/Runtime/Export/Scripting/StackTrace.cs:35)
UnityEngine.DebugLogHandler:Internal_Log (UnityEngine.LogType,UnityEngine.LogOption,string,UnityEngine.Object)
UnityEngine.DebugLogHandler:LogFormat (UnityEngine.LogType,UnityEngine.Object,string,object[]) (at C:/build/output/unity/unity/Runtime/Export/Logging/DebugLogHandler.cs:9)
UnityEngine.Logger:Log (UnityEngine.LogType,object) (at C:/build/output/unity/unity/Runtime/Export/Logging/Logger.cs:60)
UnityEngine.Debug:Log (object) (at C:/build/output/unity/unity/Runtime/Export/Debug/Debug.bindings.cs:123)
Game.View.CaptureRig:ConfigureCaptureView () (at C:/Users/d.grab/Desktop/the-game/artifacts/mobsv2-project/Assets/Game.View/CaptureRig.cs:962)
Game.View.CaptureRig/<Run>d__254:MoveNext () (at C:/Users/d.grab/Desktop/the-game/artifacts/mobsv2-project/Assets/Game.View/CaptureRig.cs:653)
UnityEngine.SetupCoroutine:InvokeMoveNext (System.Collections.IEnumerator,intptr) (at C:/build/output/unity/unity/Runtime/Export/Scripting/Coroutines.cs:17)

(Filename: C:/build/output/unity/unity/Runtime/Export/Debug/Debug.bindings.cs Line: 123)

[capture-grip] root=(-23.78, 1.13, -15.23), tip=(-23.23, 1.37, -14.92), length=0,678, edge=(0.56, -0.26, -0.79), edgeDown=0,261, socketRight=(-0.67, -0.40, -0.62), socketUp=(0.71, -0.10, -0.70), socketForward=(0.22, -0.91, 0.35), renderer=Pelag_FantasySaber_Equipped, enabled=True, active=True, boundsCenter=(-23.67, 1.16, -15.20), boundsSize=(1.10, 0.59, 0.77), shader=Universal Render Pipeline/Lit
UnityEngine.Debug:ExtractStackTraceNoAlloc (byte*,int,string)
UnityEngine.StackTraceUtility:ExtractStackTrace () (at C:/build/output/unity/unity/Runtime/Export/Scripting/StackTrace.cs:35)
UnityEngine.DebugLogHandler:Internal_Log (UnityEngine.LogType,UnityEngine.LogOption,string,UnityEngine.Object)
UnityEngine.DebugLogHandler:LogFormat (UnityEngine.LogType,UnityEngine.Object,string,object[]) (at C:/build/output/unity/unity/Runtime/Export/Logging/DebugLogHandler.cs:9)
UnityEngine.Logger:Log (UnityEngine.LogType,object) (at C:/build/output/unity/unity/Runtime/Export/Logging/Logger.cs:60)
UnityEngine.Debug:Log (object) (at C:/build/output/unity/unity/Runtime/Export/Debug/Debug.bindings.cs:123)
Game.View.CaptureRig:ConfigureCaptureView () (at C:/Users/d.grab/Desktop/the-game/artifacts/mobsv2-project/Assets/Game.View/CaptureRig.cs:962)
Game.View.CaptureRig/<Run>d__254:MoveNext () (at C:/Users/d.grab/Desktop/the-game/artifacts/mobsv2-project/Assets/Game.View/CaptureRig.cs:653)
UnityEngine.SetupCoroutine:InvokeMoveNext (System.Collections.IEnumerator,intptr) (at C:/build/output/unity/unity/Runtime/Export/Scripting/Coroutines.cs:17)

(Filename: C:/build/output/unity/unity/Runtime/Export/Debug/Debug.bindings.cs Line: 123)

[capture-grip] root=(-23.79, 1.12, -15.23), tip=(-23.23, 1.36, -14.93), length=0,678, edge=(0.55, -0.27, -0.79), edgeDown=0,273, socketRight=(-0.68, -0.40, -0.62), socketUp=(0.70, -0.11, -0.70), socketForward=(0.21, -0.91, 0.36), renderer=Pelag_FantasySaber_Equipped, enabled=True, active=True, boundsCenter=(-23.68, 1.15, -15.20), boundsSize=(1.10, 0.58, 0.77), shader=Universal Render Pipeline/Lit
UnityEngine.Debug:ExtractStackTraceNoAlloc (byte*,int,string)
UnityEngine.StackTraceUtility:ExtractStackTrace () (at C:/build/output/unity/unity/Runtime/Export/Scripting/StackTrace.cs:35)
UnityEngine.DebugLogHandler:Internal_Log (UnityEngine.LogType,UnityEngine.LogOption,string,UnityEngine.Object)
UnityEngine.DebugLogHandler:LogFormat (UnityEngine.LogType,UnityEngine.Object,string,object[]) (at C:/build/output/unity/unity/Runtime/Export/Logging/DebugLogHandler.cs:9)
UnityEngine.Logger:Log (UnityEngine.LogType,object) (at C:/build/output/unity/unity/Runtime/Export/Logging/Logger.cs:60)
UnityEngine.Debug:Log (object) (at C:/build/output/unity/unity/Runtime/Export/Debug/Debug.bindings.cs:123)
Game.View.CaptureRig:ConfigureCaptureView () (at C:/Users/d.grab/Desktop/the-game/artifacts/mobsv2-project/Assets/Game.View/CaptureRig.cs:962)
Game.View.CaptureRig/<Run>d__254:MoveNext () (at C:/Users/d.grab/Desktop/the-game/artifacts/mobsv2-project/Assets/Game.View/CaptureRig.cs:653)
UnityEngine.SetupCoroutine:InvokeMoveNext (System.Collections.IEnumerator,intptr) (at C:/build/output/unity/unity/Runtime/Export/Scripting/Coroutines.cs:17)

(Filename: C:/build/output/unity/unity/Runtime/Export/Debug/Debug.bindings.cs Line: 123)

[capture-grip] root=(-23.79, 1.11, -15.24), tip=(-23.24, 1.34, -14.93), length=0,678, edge=(0.55, -0.28, -0.79), edgeDown=0,284, socketRight=(-0.69, -0.39, -0.61), socketUp=(0.70, -0.13, -0.70), socketForward=(0.20, -0.91, 0.36), renderer=Pelag_FantasySaber_Equipped, enabled=True, active=True, boundsCenter=(-23.68, 1.14, -15.20), boundsSize=(1.11, 0.57, 0.76), shader=Universal Render Pipeline/Lit
UnityEngine.Debug:ExtractStackTraceNoAlloc (byte*,int,string)
UnityEngine.StackTraceUtility:ExtractStackTrace () (at C:/build/output/unity/unity/Runtime/Export/Scripting/StackTrace.cs:35)
UnityEngine.DebugLogHandler:Internal_Log (UnityEngine.LogType,UnityEngine.LogOption,string,UnityEngine.Object)
UnityEngine.DebugLogHandler:LogFormat (UnityEngine.LogType,UnityEngine.Object,string,object[]) (at C:/build/output/unity/unity/Runtime/Export/Logging/DebugLogHandler.cs:9)
UnityEngine.Logger:Log (UnityEngine.LogType,object) (at C:/build/output/unity/unity/Runtime/Export/Logging/Logger.cs:60)
UnityEngine.Debug:Log (object) (at C:/build/output/unity/unity/Runtime/Export/Debug/Debug.bindings.cs:123)
Game.View.CaptureRig:ConfigureCaptureView () (at C:/Users/d.grab/Desktop/the-game/artifacts/mobsv2-project/Assets/Game.View/CaptureRig.cs:962)
Game.View.CaptureRig/<Run>d__254:MoveNext () (at C:/Users/d.grab/Desktop/the-game/artifacts/mobsv2-project/Assets/Game.View/CaptureRig.cs:653)
UnityEngine.SetupCoroutine:InvokeMoveNext (System.Collections.IEnumerator,intptr) (at C:/build/output/unity/unity/Runtime/Export/Scripting/Coroutines.cs:17)

(Filename: C:/build/output/unity/unity/Runtime/Export/Debug/Debug.bindings.cs Line: 123)

[capture-grip] root=(-23.80, 1.10, -15.24), tip=(-23.24, 1.32, -14.94), length=0,678, edge=(0.54, -0.30, -0.79), edgeDown=0,296, socketRight=(-0.69, -0.38, -0.61), socketUp=(0.70, -0.14, -0.70), socketForward=(0.18, -0.91, 0.36), renderer=Pelag_FantasySaber_Equipped, enabled=True, active=True, boundsCenter=(-23.69, 1.13, -15.21), boundsSize=(1.11, 0.56, 0.76), shader=Universal Render Pipeline/Lit
UnityEngine.Debug:ExtractStackTraceNoAlloc (byte*,int,string)
UnityEngine.StackTraceUtility:ExtractStackTrace () (at C:/build/output/unity/unity/Runtime/Export/Scripting/StackTrace.cs:35)
UnityEngine.DebugLogHandler:Internal_Log (UnityEngine.LogType,UnityEngine.LogOption,string,UnityEngine.Object)
UnityEngine.DebugLogHandler:LogFormat (UnityEngine.LogType,UnityEngine.Object,string,object[]) (at C:/build/output/unity/unity/Runtime/Export/Logging/DebugLogHandler.cs:9)
UnityEngine.Logger:Log (UnityEngine.LogType,object) (at C:/build/output/unity/unity/Runtime/Export/Logging/Logger.cs:60)
UnityEngine.Debug:Log (object) (at C:/build/output/unity/unity/Runtime/Export/Debug/Debug.bindings.cs:123)
Game.View.CaptureRig:ConfigureCaptureView () (at C:/Users/d.grab/Desktop/the-game/artifacts/mobsv2-project/Assets/Game.View/CaptureRig.cs:962)
Game.View.CaptureRig/<Run>d__254:MoveNext () (at C:/Users/d.grab/Desktop/the-game/artifacts/mobsv2-project/Assets/Game.View/CaptureRig.cs:653)
UnityEngine.SetupCoroutine:InvokeMoveNext (System.Collections.IEnumerator,intptr) (at C:/build/output/unity/unity/Runtime/Export/Scripting/Coroutines.cs:17)

(Filename: C:/build/output/unity/unity/Runtime/Export/Debug/Debug.bindings.cs Line: 123)

[capture-grip] root=(-23.81, 1.08, -15.24), tip=(-23.24, 1.30, -14.94), length=0,678, edge=(0.54, -0.31, -0.79), edgeDown=0,308, socketRight=(-0.70, -0.37, -0.61), socketUp=(0.69, -0.15, -0.70), socketForward=(0.17, -0.91, 0.37), renderer=Pelag_FantasySaber_Equipped, enabled=True, active=True, boundsCenter=(-23.69, 1.11, -15.21), boundsSize=(1.12, 0.55, 0.76), shader=Universal Render Pipeline/Lit
UnityEngine.Debug:ExtractStackTraceNoAlloc (byte*,int,string)
UnityEngine.StackTraceUtility:ExtractStackTrace () (at C:/build/output/unity/unity/Runtime/Export/Scripting/StackTrace.cs:35)
UnityEngine.DebugLogHandler:Internal_Log (UnityEngine.LogType,UnityEngine.LogOption,string,UnityEngine.Object)
UnityEngine.DebugLogHandler:LogFormat (UnityEngine.LogType,UnityEngine.Object,string,object[]) (at C:/build/output/unity/unity/Runtime/Export/Logging/DebugLogHandler.cs:9)
UnityEngine.Logger:Log (UnityEngine.LogType,object) (at C:/build/output/unity/unity/Runtime/Export/Logging/Logger.cs:60)
UnityEngine.Debug:Log (object) (at C:/build/output/unity/unity/Runtime/Export/Debug/Debug.bindings.cs:123)
Game.View.CaptureRig:ConfigureCaptureView () (at C:/Users/d.grab/Desktop/the-game/artifacts/mobsv2-project/Assets/Game.View/CaptureRig.cs:962)
Game.View.CaptureRig/<Run>d__254:MoveNext () (at C:/Users/d.grab/Desktop/the-game/artifacts/mobsv2-project/Assets/Game.View/CaptureRig.cs:653)
UnityEngine.SetupCoroutine:InvokeMoveNext (System.Collections.IEnumerator,intptr) (at C:/build/output/unity/unity/Runtime/Export/Scripting/Coroutines.cs:17)

(Filename: C:/build/output/unity/unity/Runtime/Export/Debug/Debug.bindings.cs Line: 123)

[capture-grip] root=(-23.81, 1.07, -15.24), tip=(-23.24, 1.29, -14.94), length=0,678, edge=(0.53, -0.32, -0.79), edgeDown=0,317, socketRight=(-0.71, -0.36, -0.61), socketUp=(0.69, -0.17, -0.70), socketForward=(0.16, -0.92, 0.37), renderer=Pelag_FantasySaber_Equipped, enabled=True, active=True, boundsCenter=(-23.70, 1.10, -15.21), boundsSize=(1.12, 0.54, 0.76), shader=Universal Render Pipeline/Lit
UnityEngine.Debug:ExtractStackTraceNoAlloc (byte*,int,string)
UnityEngine.StackTraceUtility:ExtractStackTrace () (at C:/build/output/unity/unity/Runtime/Export/Scripting/StackTrace.cs:35)
UnityEngine.DebugLogHandler:Internal_Log (UnityEngine.LogType,UnityEngine.LogOption,string,UnityEngine.Object)
UnityEngine.DebugLogHandler:LogFormat (UnityEngine.LogType,UnityEngine.Object,string,object[]) (at C:/build/output/unity/unity/Runtime/Export/Logging/DebugLogHandler.cs:9)
UnityEngine.Logger:Log (UnityEngine.LogType,object) (at C:/build/output/unity/unity/Runtime/Export/Logging/Logger.cs:60)
UnityEngine.Debug:Log (object) (at C:/build/output/unity/unity/Runtime/Export/Debug/Debug.bindings.cs:123)
Game.View.CaptureRig:ConfigureCaptureView () (at C:/Users/d.grab/Desktop/the-game/artifacts/mobsv2-project/Assets/Game.View/CaptureRig.cs:962)
Game.View.CaptureRig/<Run>d__254:MoveNext () (at C:/Users/d.grab/Desktop/the-game/artifacts/mobsv2-project/Assets/Game.View/CaptureRig.cs:653)
UnityEngine.SetupCoroutine:InvokeMoveNext (System.Collections.IEnumerator,intptr) (at C:/build/output/unity/unity/Runtime/Export/Scripting/Coroutines.cs:17)

(Filename: C:/build/output/unity/unity/Runtime/Export/Debug/Debug.bindings.cs Line: 123)

[capture-grip] root=(-23.81, 1.06, -15.24), tip=(-23.24, 1.27, -14.95), length=0,678, edge=(0.52, -0.33, -0.79), edgeDown=0,325, socketRight=(-0.71, -0.36, -0.60), socketUp=(0.69, -0.18, -0.71), socketForward=(0.15, -0.92, 0.37), renderer=Pelag_FantasySaber_Equipped, enabled=True, active=True, boundsCenter=(-23.70, 1.09, -15.21), boundsSize=(1.12, 0.53, 0.75), shader=Universal Render Pipeline/Lit
UnityEngine.Debug:ExtractStackTraceNoAlloc (byte*,int,string)
UnityEngine.StackTraceUtility:ExtractStackTrace () (at C:/build/output/unity/unity/Runtime/Export/Scripting/StackTrace.cs:35)
UnityEngine.DebugLogHandler:Internal_Log (UnityEngine.LogType,UnityEngine.LogOption,string,UnityEngine.Object)
UnityEngine.DebugLogHandler:LogFormat (UnityEngine.LogType,UnityEngine.Object,string,object[]) (at C:/build/output/unity/unity/Runtime/Export/Logging/DebugLogHandler.cs:9)
UnityEngine.Logger:Log (UnityEngine.LogType,object) (at C:/build/output/unity/unity/Runtime/Export/Logging/Logger.cs:60)
UnityEngine.Debug:Log (object) (at C:/build/output/unity/unity/Runtime/Export/Debug/Debug.bindings.cs:123)
Game.View.CaptureRig:ConfigureCaptureView () (at C:/Users/d.grab/Desktop/the-game/artifacts/mobsv2-project/Assets/Game.View/CaptureRig.cs:962)
Game.View.CaptureRig/<Run>d__254:MoveNext () (at C:/Users/d.grab/Desktop/the-game/artifacts/mobsv2-project/Assets/Game.View/CaptureRig.cs:653)
UnityEngine.SetupCoroutine:InvokeMoveNext (System.Collections.IEnumerator,intptr) (at C:/build/output/unity/unity/Runtime/Export/Scripting/Coroutines.cs:17)

(Filename: C:/build/output/unity/unity/Runtime/Export/Debug/Debug.bindings.cs Line: 123)

[capture-grip] root=(-23.82, 1.05, -15.25), tip=(-23.24, 1.25, -14.95), length=0,678, edge=(0.52, -0.33, -0.79), edgeDown=0,332, socketRight=(-0.72, -0.35, -0.60), socketUp=(0.68, -0.18, -0.71), socketForward=(0.14, -0.92, 0.37), renderer=Pelag_FantasySaber_Equipped, enabled=True, active=True, boundsCenter=(-23.70, 1.08, -15.21), boundsSize=(1.13, 0.52, 0.75), shader=Universal Render Pipeline/Lit
UnityEngine.Debug:ExtractStackTraceNoAlloc (byte*,int,string)
UnityEngine.StackTraceUtility:ExtractStackTrace () (at C:/build/output/unity/unity/Runtime/Export/Scripting/StackTrace.cs:35)
UnityEngine.DebugLogHandler:Internal_Log (UnityEngine.LogType,UnityEngine.LogOption,string,UnityEngine.Object)
UnityEngine.DebugLogHandler:LogFormat (UnityEngine.LogType,UnityEngine.Object,string,object[]) (at C:/build/output/unity/unity/Runtime/Export/Logging/DebugLogHandler.cs:9)
UnityEngine.Logger:Log (UnityEngine.LogType,object) (at C:/build/output/unity/unity/Runtime/Export/Logging/Logger.cs:60)
UnityEngine.Debug:Log (object) (at C:/build/output/unity/unity/Runtime/Export/Debug/Debug.bindings.cs:123)
Game.View.CaptureRig:ConfigureCaptureView () (at C:/Users/d.grab/Desktop/the-game/artifacts/mobsv2-project/Assets/Game.View/CaptureRig.cs:962)
Game.View.CaptureRig/<Run>d__254:MoveNext () (at C:/Users/d.grab/Desktop/the-game/artifacts/mobsv2-project/Assets/Game.View/CaptureRig.cs:653)
UnityEngine.SetupCoroutine:InvokeMoveNext (System.Collections.IEnumerator,intptr) (at C:/build/output/unity/unity/Runtime/Export/Scripting/Coroutines.cs:17)

(Filename: C:/build/output/unity/unity/Runtime/Export/Debug/Debug.bindings.cs Line: 123)

[capture-grip] root=(-23.82, 1.04, -15.25), tip=(-23.24, 1.24, -14.95), length=0,678, edge=(0.51, -0.34, -0.79), edgeDown=0,337, socketRight=(-0.72, -0.34, -0.60), socketUp=(0.68, -0.19, -0.71), socketForward=(0.13, -0.92, 0.37), renderer=Pelag_FantasySaber_Equipped, enabled=True, active=True, boundsCenter=(-23.71, 1.07, -15.22), boundsSize=(1.13, 0.52, 0.75), shader=Universal Render Pipeline/Lit
UnityEngine.Debug:ExtractStackTraceNoAlloc (byte*,int,string)
UnityEngine.StackTraceUtility:ExtractStackTrace () (at C:/build/output/unity/unity/Runtime/Export/Scripting/StackTrace.cs:35)
UnityEngine.DebugLogHandler:Internal_Log (UnityEngine.LogType,UnityEngine.LogOption,string,UnityEngine.Object)
UnityEngine.DebugLogHandler:LogFormat (UnityEngine.LogType,UnityEngine.Object,string,object[]) (at C:/build/output/unity/unity/Runtime/Export/Logging/DebugLogHandler.cs:9)
UnityEngine.Logger:Log (UnityEngine.LogType,object) (at C:/build/output/unity/unity/Runtime/Export/Logging/Logger.cs:60)
UnityEngine.Debug:Log (object) (at C:/build/output/unity/unity/Runtime/Export/Debug/Debug.bindings.cs:123)
Game.View.CaptureRig:ConfigureCaptureView () (at C:/Users/d.grab/Desktop/the-game/artifacts/mobsv2-project/Assets/Game.View/CaptureRig.cs:962)
Game.View.CaptureRig/<Run>d__254:MoveNext () (at C:/Users/d.grab/Desktop/the-game/artifacts/mobsv2-project/Assets/Game.View/CaptureRig.cs:653)
UnityEngine.SetupCoroutine:InvokeMoveNext (System.Collections.IEnumerator,intptr) (at C:/build/output/unity/unity/Runtime/Export/Scripting/Coroutines.cs:17)

(Filename: C:/build/output/unity/unity/Runtime/Export/Debug/Debug.bindings.cs Line: 123)

[capture] C:/Users/d.grab/Desktop/the-game/ART/characters/pelag/demo-polish-2026-09-30/baseline/forest-combat\shot_01_t0.50s.png  1920x1080
UnityEngine.Debug:ExtractStackTraceNoAlloc (byte*,int,string)
UnityEngine.StackTraceUtility:ExtractStackTrace () (at C:/build/output/unity/unity/Runtime/Export/Scripting/StackTrace.cs:35)
UnityEngine.DebugLogHandler:Internal_Log (UnityEngine.LogType,UnityEngine.LogOption,string,UnityEngine.Object)
UnityEngine.DebugLogHandler:LogFormat (UnityEngine.LogType,UnityEngine.Object,string,object[]) (at C:/build/output/unity/unity/Runtime/Export/Logging/DebugLogHandler.cs:9)
UnityEngine.Logger:Log (UnityEngine.LogType,object) (at C:/build/output/unity/unity/Runtime/Export/Logging/Logger.cs:60)
UnityEngine.Debug:Log (object) (at C:/build/output/unity/unity/Runtime/Export/Debug/Debug.bindings.cs:123)
Game.View.CaptureRig:CaptureStill (int,single) (at C:/Users/d.grab/Desktop/the-game/artifacts/mobsv2-project/Assets/Game.View/CaptureRig.cs:1062)
Game.View.CaptureRig/<Run>d__254:MoveNext () (at C:/Users/d.grab/Desktop/the-game/artifacts/mobsv2-project/Assets/Game.View/CaptureRig.cs:666)
UnityEngine.SetupCoroutine:InvokeMoveNext (System.Collections.IEnumerator,intptr) (at C:/build/output/unity/unity/Runtime/Export/Scripting/Coroutines.cs:17)

(Filename: C:/build/output/unity/unity/Runtime/Export/Debug/Debug.bindings.cs Line: 123)

[capture-grip] root=(-23.82, 1.03, -15.25), tip=(-23.24, 1.22, -14.96), length=0,678, edge=(0.50, -0.34, -0.79), edgeDown=0,344, socketRight=(-0.73, -0.34, -0.59), socketUp=(0.67, -0.20, -0.71), socketForward=(0.12, -0.92, 0.37), renderer=Pelag_FantasySaber_Equipped, enabled=True, active=True, boundsCenter=(-23.71, 1.06, -15.22), boundsSize=(1.13, 0.51, 0.74), shader=Universal Render Pipeline/Lit
UnityEngine.Debug:ExtractStackTraceNoAlloc (byte*,int,string)
UnityEngine.StackTraceUtility:ExtractStackTrace () (at C:/build/output/unity/unity/Runtime/Export/Scripting/StackTrace.cs:35)
UnityEngine.DebugLogHandler:Internal_Log (UnityEngine.LogType,UnityEngine.LogOption,string,UnityEngine.Object)
UnityEngine.DebugLogHandler:LogFormat (UnityEngine.LogType,UnityEngine.Object,string,object[]) (at C:/build/output/unity/unity/Runtime/Export/Logging/DebugLogHandler.cs:9)
UnityEngine.Logger:Log (UnityEngine.LogType,object) (at C:/build/output/unity/unity/Runtime/Export/Logging/Logger.cs:60)
UnityEngine.Debug:Log (object) (at C:/build/output/unity/unity/Runtime/Export/Debug/Debug.bindings.cs:123)
Game.View.CaptureRig:ConfigureCaptureView () (at C:/Users/d.grab/Desktop/the-game/artifacts/mobsv2-project/Assets/Game.View/CaptureRig.cs:962)
Game.View.CaptureRig/<Run>d__254:MoveNext () (at C:/Users/d.grab/Desktop/the-game/artifacts/mobsv2-project/Assets/Game.View/CaptureRig.cs:653)
UnityEngine.SetupCoroutine:InvokeMoveNext (System.Collections.IEnumerator,intptr) (at C:/build/output/unity/unity/Runtime/Export/Scripting/Coroutines.cs:17)

(Filename: C:/build/output/unity/unity/Runtime/Export/Debug/Debug.bindings.cs Line: 123)

[capture-grip] root=(-23.82, 1.03, -15.25), tip=(-23.24, 1.21, -14.96), length=0,678, edge=(0.50, -0.35, -0.79), edgeDown=0,351, socketRight=(-0.74, -0.33, -0.59), socketUp=(0.67, -0.21, -0.72), socketForward=(0.12, -0.92, 0.37), renderer=Pelag_FantasySaber_Equipped, enabled=True, active=True, boundsCenter=(-23.71, 1.05, -15.22), boundsSize=(1.14, 0.50, 0.74), shader=Universal Render Pipeline/Lit
UnityEngine.Debug:ExtractStackTraceNoAlloc (byte*,int,string)
UnityEngine.StackTraceUtility:ExtractStackTrace () (at C:/build/output/unity/unity/Runtime/Export/Scripting/StackTrace.cs:35)
UnityEngine.DebugLogHandler:Internal_Log (UnityEngine.LogType,UnityEngine.LogOption,string,UnityEngine.Object)
UnityEngine.DebugLogHandler:LogFormat (UnityEngine.LogType,UnityEngine.Object,string,object[]) (at C:/build/output/unity/unity/Runtime/Export/Logging/DebugLogHandler.cs:9)
UnityEngine.Logger:Log (UnityEngine.LogType,object) (at C:/build/output/unity/unity/Runtime/Export/Logging/Logger.cs:60)
UnityEngine.Debug:Log (object) (at C:/build/output/unity/unity/Runtime/Export/Debug/Debug.bindings.cs:123)
Game.View.CaptureRig:ConfigureCaptureView () (at C:/Users/d.grab/Desktop/the-game/artifacts/mobsv2-project/Assets/Game.View/CaptureRig.cs:962)
Game.View.CaptureRig/<Run>d__254:MoveNext () (at C:/Users/d.grab/Desktop/the-game/artifacts/mobsv2-project/Assets/Game.View/CaptureRig.cs:653)
UnityEngine.SetupCoroutine:InvokeMoveNext (System.Collections.IEnumerator,intptr) (at C:/build/output/unity/unity/Runtime/Export/Scripting/Coroutines.cs:17)

(Filename: C:/build/output/unity/unity/Runtime/Export/Debug/Debug.bindings.cs Line: 123)

[capture-grip] root=(-23.83, 1.02, -15.25), tip=(-23.24, 1.20, -14.97), length=0,678, edge=(0.49, -0.36, -0.80), edgeDown=0,357, socketRight=(-0.74, -0.33, -0.58), socketUp=(0.66, -0.21, -0.72), socketForward=(0.11, -0.92, 0.38), renderer=Pelag_FantasySaber_Equipped, enabled=True, active=True, boundsCenter=(-23.71, 1.04, -15.22), boundsSize=(1.14, 0.50, 0.73), shader=Universal Render Pipeline/Lit
UnityEngine.Debug:ExtractStackTraceNoAlloc (byte*,int,string)
UnityEngine.StackTraceUtility:ExtractStackTrace () (at C:/build/output/unity/unity/Runtime/Export/Scripting/StackTrace.cs:35)
UnityEngine.DebugLogHandler:Internal_Log (UnityEngine.LogType,UnityEngine.LogOption,string,UnityEngine.Object)
UnityEngine.DebugLogHandler:LogFormat (UnityEngine.LogType,UnityEngine.Object,string,object[]) (at C:/build/output/unity/unity/Runtime/Export/Logging/DebugLogHandler.cs:9)
UnityEngine.Logger:Log (UnityEngine.LogType,object) (at C:/build/output/unity/unity/Runtime/Export/Logging/Logger.cs:60)
UnityEngine.Debug:Log (object) (at C:/build/output/unity/unity/Runtime/Export/Debug/Debug.bindings.cs:123)
Game.View.CaptureRig:ConfigureCaptureView () (at C:/Users/d.grab/Desktop/the-game/artifacts/mobsv2-project/Assets/Game.View/CaptureRig.cs:962)
Game.View.CaptureRig/<Run>d__254:MoveNext () (at C:/Users/d.grab/Desktop/the-game/artifacts/mobsv2-project/Assets/Game.View/CaptureRig.cs:653)
UnityEngine.SetupCoroutine:InvokeMoveNext (System.Collections.IEnumerator,intptr) (at C:/build/output/unity/unity/Runtime/Export/Scripting/Coroutines.cs:17)

(Filename: C:/build/output/unity/unity/Runtime/Export/Debug/Debug.bindings.cs Line: 123)

[capture-grip] root=(-23.83, 1.01, -15.25), tip=(-23.23, 1.19, -14.98), length=0,678, edge=(0.48, -0.36, -0.80), edgeDown=0,363, socketRight=(-0.75, -0.33, -0.58), socketUp=(0.65, -0.22, -0.72), socketForward=(0.11, -0.92, 0.38), renderer=Pelag_FantasySaber_Equipped, enabled=True, active=True, boundsCenter=(-23.71, 1.03, -15.22), boundsSize=(1.14, 0.50, 0.72), shader=Universal Render Pipeline/Lit
UnityEngine.Debug:ExtractStackTraceNoAlloc (byte*,int,string)
UnityEngine.StackTraceUtility:ExtractStackTrace () (at C:/build/output/unity/unity/Runtime/Export/Scripting/StackTrace.cs:35)
UnityEngine.DebugLogHandler:Internal_Log (UnityEngine.LogType,UnityEngine.LogOption,string,UnityEngine.Object)
UnityEngine.DebugLogHandler:LogFormat (UnityEngine.LogType,UnityEngine.Object,string,object[]) (at C:/build/output/unity/unity/Runtime/Export/Logging/DebugLogHandler.cs:9)
UnityEngine.Logger:Log (UnityEngine.LogType,object) (at C:/build/output/unity/unity/Runtime/Export/Logging/Logger.cs:60)
UnityEngine.Debug:Log (object) (at C:/build/output/unity/unity/Runtime/Export/Debug/Debug.bindings.cs:123)
Game.View.CaptureRig:ConfigureCaptureView () (at C:/Users/d.grab/Desktop/the-game/artifacts/mobsv2-project/Assets/Game.View/CaptureRig.cs:962)
Game.View.CaptureRig/<Run>d__254:MoveNext () (at C:/Users/d.grab/Desktop/the-game/artifacts/mobsv2-project/Assets/Game.View/CaptureRig.cs:653)
UnityEngine.SetupCoroutine:InvokeMoveNext (System.Collections.IEnumerator,intptr) (at C:/build/output/unity/unity/Runtime/Export/Scripting/Coroutines.cs:17)

(Filename: C:/build/output/unity/unity/Runtime/Export/Debug/Debug.bindings.cs Line: 123)

[capture-grip] root=(-23.83, 1.01, -15.25), tip=(-23.23, 1.19, -14.98), length=0,678, edge=(0.48, -0.37, -0.80), edgeDown=0,368, socketRight=(-0.75, -0.33, -0.57), socketUp=(0.65, -0.23, -0.73), socketForward=(0.11, -0.92, 0.38), renderer=Pelag_FantasySaber_Equipped, enabled=True, active=True, boundsCenter=(-23.71, 1.03, -15.22), boundsSize=(1.14, 0.50, 0.72), shader=Universal Render Pipeline/Lit
UnityEngine.Debug:ExtractStackTraceNoAlloc (byte*,int,string)
UnityEngine.StackTraceUtility:ExtractStackTrace () (at C:/build/output/unity/unity/Runtime/Export/Scripting/StackTrace.cs:35)
UnityEngine.DebugLogHandler:Internal_Log (UnityEngine.LogType,UnityEngine.LogOption,string,UnityEngine.Object)
UnityEngine.DebugLogHandler:LogFormat (UnityEngine.LogType,UnityEngine.Object,string,object[]) (at C:/build/output/unity/unity/Runtime/Export/Logging/DebugLogHandler.cs:9)
UnityEngine.Logger:Log (UnityEngine.LogType,object) (at C:/build/output/unity/unity/Runtime/Export/Logging/Logger.cs:60)
UnityEngine.Debug:Log (object) (at C:/build/output/unity/unity/Runtime/Export/Debug/Debug.bindings.cs:123)
Game.View.CaptureRig:ConfigureCaptureView () (at C:/Users/d.grab/Desktop/the-game/artifacts/mobsv2-project/Assets/Game.View/CaptureRig.cs:962)
Game.View.CaptureRig/<Run>d__254:MoveNext () (at C:/Users/d.grab/Desktop/the-game/artifacts/mobsv2-project/Assets/Game.View/CaptureRig.cs:653)
UnityEngine.SetupCoroutine:InvokeMoveNext (System.Collections.IEnumerator,intptr) (at C:/build/output/unity/unity/Runtime/Export/Scripting/Coroutines.cs:17)

(Filename: C:/build/output/unity/unity/Runtime/Export/Debug/Debug.bindings.cs Line: 123)

[capture-grip] root=(-23.83, 1.01, -15.25), tip=(-23.23, 1.19, -14.98), length=0,678, edge=(0.47, -0.37, -0.80), edgeDown=0,373, socketRight=(-0.76, -0.33, -0.57), socketUp=(0.65, -0.23, -0.73), socketForward=(0.11, -0.92, 0.39), renderer=Pelag_FantasySaber_Equipped, enabled=True, active=True, boundsCenter=(-23.71, 1.03, -15.23), boundsSize=(1.15, 0.50, 0.71), shader=Universal Render Pipeline/Lit
UnityEngine.Debug:ExtractStackTraceNoAlloc (byte*,int,string)
UnityEngine.StackTraceUtility:ExtractStackTrace () (at C:/build/output/unity/unity/Runtime/Export/Scripting/StackTrace.cs:35)
UnityEngine.DebugLogHandler:Internal_Log (UnityEngine.LogType,UnityEngine.LogOption,string,UnityEngine.Object)
UnityEngine.DebugLogHandler:LogFormat (UnityEngine.LogType,UnityEngine.Object,string,object[]) (at C:/build/output/unity/unity/Runtime/Export/Logging/DebugLogHandler.cs:9)
UnityEngine.Logger:Log (UnityEngine.LogType,object) (at C:/build/output/unity/unity/Runtime/Export/Logging/Logger.cs:60)
UnityEngine.Debug:Log (object) (at C:/build/output/unity/unity/Runtime/Export/Debug/Debug.bindings.cs:123)
Game.View.CaptureRig:ConfigureCaptureView () (at C:/Users/d.grab/Desktop/the-game/artifacts/mobsv2-project/Assets/Game.View/CaptureRig.cs:962)
Game.View.CaptureRig/<Run>d__254:MoveNext () (at C:/Users/d.grab/Desktop/the-game/artifacts/mobsv2-project/Assets/Game.View/CaptureRig.cs:653)
UnityEngine.SetupCoroutine:InvokeMoveNext (System.Collections.IEnumerator,intptr) (at C:/build/output/unity/unity/Runtime/Export/Scripting/Coroutines.cs:17)

(Filename: C:/build/output/unity/unity/Runtime/Export/Debug/Debug.bindings.cs Line: 123)

[capture-live-cast] ability=308043525 tick=78 stage=1
UnityEngine.Debug:ExtractStackTraceNoAlloc (byte*,int,string)
UnityEngine.StackTraceUtility:ExtractStackTrace () (at C:/build/output/unity/unity/Runtime/Export/Scripting/StackTrace.cs:35)
UnityEngine.DebugLogHandler:Internal_Log (UnityEngine.LogType,UnityEngine.LogOption,string,UnityEngine.Object)
UnityEngine.DebugLogHandler:LogFormat (UnityEngine.LogType,UnityEngine.Object,string,object[]) (at C:/build/output/unity/unity/Runtime/Export/Logging/DebugLogHandler.cs:9)
UnityEngine.Logger:Log (UnityEngine.LogType,object) (at C:/build/output/unity/unity/Runtime/Export/Logging/Logger.cs:60)
UnityEngine.Debug:Log (object) (at C:/build/output/unity/unity/Runtime/Export/Debug/Debug.bindings.cs:123)
Game.View.TickDriver:CaptureInput () (at C:/Users/d.grab/Desktop/the-game/artifacts/mobsv2-project/Assets/Game.View/TickDriver.cs:916)
Game.View.TickDriver:Update () (at C:/Users/d.grab/Desktop/the-game/artifacts/mobsv2-project/Assets/Game.View/TickDriver.cs:357)

(Filename: C:/build/output/unity/unity/Runtime/Export/Debug/Debug.bindings.cs Line: 123)

[capture-grip] root=(-23.83, 1.01, -15.25), tip=(-23.23, 1.19, -14.99), length=0,678, edge=(0.47, -0.38, -0.80), edgeDown=0,377, socketRight=(-0.76, -0.33, -0.56), socketUp=(0.64, -0.23, -0.73), socketForward=(0.11, -0.91, 0.39), renderer=Pelag_FantasySaber_Equipped, enabled=True, active=True, boundsCenter=(-23.71, 1.03, -15.23), boundsSize=(1.15, 0.50, 0.70), shader=Universal Render Pipeline/Lit
UnityEngine.Debug:ExtractStackTraceNoAlloc (byte*,int,string)
UnityEngine.StackTraceUtility:ExtractStackTrace () (at C:/build/output/unity/unity/Runtime/Export/Scripting/StackTrace.cs:35)
UnityEngine.DebugLogHandler:Internal_Log (UnityEngine.LogType,UnityEngine.LogOption,string,UnityEngine.Object)
UnityEngine.DebugLogHandler:LogFormat (UnityEngine.LogType,UnityEngine.Object,string,object[]) (at C:/build/output/unity/unity/Runtime/Export/Logging/DebugLogHandler.cs:9)
UnityEngine.Logger:Log (UnityEngine.LogType,object) (at C:/build/output/unity/unity/Runtime/Export/Logging/Logger.cs:60)
UnityEngine.Debug:Log (object) (at C:/build/output/unity/unity/Runtime/Export/Debug/Debug.bindings.cs:123)
Game.View.CaptureRig:ConfigureCaptureView () (at C:/Users/d.grab/Desktop/the-game/artifacts/mobsv2-project/Assets/Game.View/CaptureRig.cs:962)
Game.View.CaptureRig/<Run>d__254:MoveNext () (at C:/Users/d.grab/Desktop/the-game/artifacts/mobsv2-project/Assets/Game.View/CaptureRig.cs:653)
UnityEngine.SetupCoroutine:InvokeMoveNext (System.Collections.IEnumerator,intptr) (at C:/build/output/unity/unity/Runtime/Export/Scripting/Coroutines.cs:17)

(Filename: C:/build/output/unity/unity/Runtime/Export/Debug/Debug.bindings.cs Line: 123)

[capture-grip] root=(-23.82, 1.00, -15.25), tip=(-23.22, 1.18, -14.98), length=0,678, edge=(0.47, -0.40, -0.79), edgeDown=0,396, socketRight=(-0.76, -0.34, -0.56), socketUp=(0.64, -0.25, -0.72), socketForward=(0.10, -0.91, 0.41), renderer=Pelag_FantasySaber_Equipped, enabled=True, active=True, boundsCenter=(-23.71, 1.02, -15.22), boundsSize=(1.15, 0.51, 0.70), shader=Universal Render Pipeline/Lit
UnityEngine.Debug:ExtractStackTraceNoAlloc (byte*,int,string)
UnityEngine.StackTraceUtility:ExtractStackTrace () (at C:/build/output/unity/unity/Runtime/Export/Scripting/StackTrace.cs:35)
UnityEngine.DebugLogHandler:Internal_Log (UnityEngine.LogType,UnityEngine.LogOption,string,UnityEngine.Object)
UnityEngine.DebugLogHandler:LogFormat (UnityEngine.LogType,UnityEngine.Object,string,object[]) (at C:/build/output/unity/unity/Runtime/Export/Logging/DebugLogHandler.cs:9)
UnityEngine.Logger:Log (UnityEngine.LogType,object) (at C:/build/output/unity/unity/Runtime/Export/Logging/Logger.cs:60)
UnityEngine.Debug:Log (object) (at C:/build/output/unity/unity/Runtime/Export/Debug/Debug.bindings.cs:123)
Game.View.CaptureRig:ConfigureCaptureView () (at C:/Users/d.grab/Desktop/the-game/artifacts/mobsv2-project/Assets/Game.View/CaptureRig.cs:962)
Game.View.CaptureRig/<Run>d__254:MoveNext () (at C:/Users/d.grab/Desktop/the-game/artifacts/mobsv2-project/Assets/Game.View/CaptureRig.cs:653)
UnityEngine.SetupCoroutine:InvokeMoveNext (System.Collections.IEnumerator,intptr) (at C:/build/output/unity/unity/Runtime/Export/Scripting/Coroutines.cs:17)

(Filename: C:/build/output/unity/unity/Runtime/Export/Debug/Debug.bindings.cs Line: 123)

[capture-grip] root=(-23.74, 0.68, -15.37), tip=(-23.08, 0.58, -15.52), length=0,678, edge=(-0.15, -0.99, -0.03), edgeDown=0,988, socketRight=(-0.98, -0.07, 0.19), socketUp=(0.04, -0.99, -0.15), socketForward=(0.20, -0.14, 0.97), renderer=Pelag_FantasySaber_Equipped, enabled=True, active=True, boundsCenter=(-23.63, 0.64, -15.39), boundsSize=(1.18, 0.42, 0.36), shader=Universal Render Pipeline/Lit
UnityEngine.Debug:ExtractStackTraceNoAlloc (byte*,int,string)
UnityEngine.StackTraceUtility:ExtractStackTrace () (at C:/build/output/unity/unity/Runtime/Export/Scripting/StackTrace.cs:35)
UnityEngine.DebugLogHandler:Internal_Log (UnityEngine.LogType,UnityEngine.LogOption,string,UnityEngine.Object)
UnityEngine.DebugLogHandler:LogFormat (UnityEngine.LogType,UnityEngine.Object,string,object[]) (at C:/build/output/unity/unity/Runtime/Export/Logging/DebugLogHandler.cs:9)
UnityEngine.Logger:Log (UnityEngine.LogType,object) (at C:/build/output/unity/unity/Runtime/Export/Logging/Logger.cs:60)
UnityEngine.Debug:Log (object) (at C:/build/output/unity/unity/Runtime/Export/Debug/Debug.bindings.cs:123)
Game.View.CaptureRig:ConfigureCaptureView () (at C:/Users/d.grab/Desktop/the-game/artifacts/mobsv2-project/Assets/Game.View/CaptureRig.cs:962)
Game.View.CaptureRig/<Run>d__254:MoveNext () (at C:/Users/d.grab/Desktop/the-game/artifacts/mobsv2-project/Assets/Game.View/CaptureRig.cs:653)
UnityEngine.SetupCoroutine:InvokeMoveNext (System.Collections.IEnumerator,intptr) (at C:/build/output/unity/unity/Runtime/Export/Scripting/Coroutines.cs:17)

(Filename: C:/build/output/unity/unity/Runtime/Export/Debug/Debug.bindings.cs Line: 123)

[capture-grip] root=(-23.74, 0.71, -15.43), tip=(-23.09, 0.70, -15.63), length=0,678, edge=(-0.06, -0.99, -0.12), edgeDown=0,992, socketRight=(-0.95, -0.20, 0.26), socketUp=(0.13, -0.96, -0.26), socketForward=(0.30, -0.21, 0.93), renderer=Pelag_FantasySaber_Equipped, enabled=True, active=True, boundsCenter=(-23.63, 0.68, -15.46), boundsSize=(1.15, 0.29, 0.48), shader=Universal Render Pipeline/Lit
UnityEngine.Debug:ExtractStackTraceNoAlloc (byte*,int,string)
UnityEngine.StackTraceUtility:ExtractStackTrace () (at C:/build/output/unity/unity/Runtime/Export/Scripting/StackTrace.cs:35)
UnityEngine.DebugLogHandler:Internal_Log (UnityEngine.LogType,UnityEngine.LogOption,string,UnityEngine.Object)
UnityEngine.DebugLogHandler:LogFormat (UnityEngine.LogType,UnityEngine.Object,string,object[]) (at C:/build/output/unity/unity/Runtime/Export/Logging/DebugLogHandler.cs:9)
UnityEngine.Logger:Log (UnityEngine.LogType,object) (at C:/build/output/unity/unity/Runtime/Export/Logging/Logger.cs:60)
UnityEngine.Debug:Log (object) (at C:/build/output/unity/unity/Runtime/Export/Debug/Debug.bindings.cs:123)
Game.View.CaptureRig:ConfigureCaptureView () (at C:/Users/d.grab/Desktop/the-game/artifacts/mobsv2-project/Assets/Game.View/CaptureRig.cs:962)
Game.View.CaptureRig/<Run>d__254:MoveNext () (at C:/Users/d.grab/Desktop/the-game/artifacts/mobsv2-project/Assets/Game.View/CaptureRig.cs:653)
UnityEngine.SetupCoroutine:InvokeMoveNext (System.Collections.IEnumerator,intptr) (at C:/build/output/unity/unity/Runtime/Export/Scripting/Coroutines.cs:17)

(Filename: C:/build/output/unity/unity/Runtime/Export/Debug/Debug.bindings.cs Line: 123)

[capture-grip] root=(-23.73, 0.75, -15.48), tip=(-23.10, 0.88, -15.70), length=0,678, edge=(0.10, -0.96, -0.25), edgeDown=0,963, socketRight=(-0.89, -0.38, 0.25), socketUp=(0.27, -0.88, -0.39), socketForward=(0.37, -0.28, 0.89), renderer=Pelag_FantasySaber_Equipped, enabled=True, active=True, boundsCenter=(-23.62, 0.75, -15.52), boundsSize=(1.14, 0.47, 0.54), shader=Universal Render Pipeline/Lit
UnityEngine.Debug:ExtractStackTraceNoAlloc (byte*,int,string)
UnityEngine.StackTraceUtility:ExtractStackTrace () (at C:/build/output/unity/unity/Runtime/Export/Scripting/StackTrace.cs:35)
UnityEngine.DebugLogHandler:Internal_Log (UnityEngine.LogType,UnityEngine.LogOption,string,UnityEngine.Object)
UnityEngine.DebugLogHandler:LogFormat (UnityEngine.LogType,UnityEngine.Object,string,object[]) (at C:/build/output/unity/unity/Runtime/Export/Logging/DebugLogHandler.cs:9)
UnityEngine.Logger:Log (UnityEngine.LogType,object) (at C:/build/output/unity/unity/Runtime/Export/Logging/Logger.cs:60)
UnityEngine.Debug:Log (object) (at C:/build/output/unity/unity/Runtime/Export/Debug/Debug.bindings.cs:123)
Game.View.CaptureRig:ConfigureCaptureView () (at C:/Users/d.grab/Desktop/the-game/artifacts/mobsv2-project/Assets/Game.View/CaptureRig.cs:962)
Game.View.CaptureRig/<Run>d__254:MoveNext () (at C:/Users/d.grab/Desktop/the-game/artifacts/mobsv2-project/Assets/Game.View/CaptureRig.cs:653)
UnityEngine.SetupCoroutine:InvokeMoveNext (System.Collections.IEnumerator,intptr) (at C:/build/output/unity/unity/Runtime/Export/Scripting/Coroutines.cs:17)

(Filename: C:/build/output/unity/unity/Runtime/Export/Debug/Debug.bindings.cs Line: 123)

[capture-grip] root=(-23.73, 0.79, -15.53), tip=(-23.14, 1.06, -15.70), length=0,678, edge=(0.25, -0.84, -0.48), edgeDown=0,844, socketRight=(-0.81, -0.57, 0.13), socketUp=(0.40, -0.70, -0.59), socketForward=(0.42, -0.43, 0.80), renderer=Pelag_FantasySaber_Equipped, enabled=True, active=True, boundsCenter=(-23.63, 0.82, -15.57), boundsSize=(1.13, 0.71, 0.50), shader=Universal Render Pipeline/Lit
UnityEngine.Debug:ExtractStackTraceNoAlloc (byte*,int,string)
UnityEngine.StackTraceUtility:ExtractStackTrace () (at C:/build/output/unity/unity/Runtime/Export/Scripting/StackTrace.cs:35)
UnityEngine.DebugLogHandler:Internal_Log (UnityEngine.LogType,UnityEngine.LogOption,string,UnityEngine.Object)
UnityEngine.DebugLogHandler:LogFormat (UnityEngine.LogType,UnityEngine.Object,string,object[]) (at C:/build/output/unity/unity/Runtime/Export/Logging/DebugLogHandler.cs:9)
UnityEngine.Logger:Log (UnityEngine.LogType,object) (at C:/build/output/unity/unity/Runtime/Export/Logging/Logger.cs:60)
UnityEngine.Debug:Log (object) (at C:/build/output/unity/unity/Runtime/Export/Debug/Debug.bindings.cs:123)
Game.View.CaptureRig:ConfigureCaptureView () (at C:/Users/d.grab/Desktop/the-game/artifacts/mobsv2-project/Assets/Game.View/CaptureRig.cs:962)
Game.View.CaptureRig/<Run>d__254:MoveNext () (at C:/Users/d.grab/Desktop/the-game/artifacts/mobsv2-project/Assets/Game.View/CaptureRig.cs:653)
UnityEngine.SetupCoroutine:InvokeMoveNext (System.Collections.IEnumerator,intptr) (at C:/build/output/unity/unity/Runtime/Export/Scripting/Coroutines.cs:17)

(Filename: C:/build/output/unity/unity/Runtime/Export/Debug/Debug.bindings.cs Line: 123)

[capture-grip] root=(-23.75, 0.80, -15.58), tip=(-23.18, 1.16, -15.66), length=0,678, edge=(0.29, -0.63, -0.72), edgeDown=0,635, socketRight=(-0.76, -0.64, -0.04), socketUp=(0.43, -0.45, -0.78), socketForward=(0.48, -0.61, 0.62), renderer=Pelag_FantasySaber_Equipped, enabled=True, active=True, boundsCenter=(-23.65, 0.84, -15.61), boundsSize=(1.10, 0.83, 0.40), shader=Universal Render Pipeline/Lit
UnityEngine.Debug:ExtractStackTraceNoAlloc (byte*,int,string)
UnityEngine.StackTraceUtility:ExtractStackTrace () (at C:/build/output/unity/unity/Runtime/Export/Scripting/StackTrace.cs:35)
UnityEngine.DebugLogHandler:Internal_Log (UnityEngine.LogType,UnityEngine.LogOption,string,UnityEngine.Object)
UnityEngine.DebugLogHandler:LogFormat (UnityEngine.LogType,UnityEngine.Object,string,object[]) (at C:/build/output/unity/unity/Runtime/Export/Logging/DebugLogHandler.cs:9)
UnityEngine.Logger:Log (UnityEngine.LogType,object) (at C:/build/output/unity/unity/Runtime/Export/Logging/Logger.cs:60)
UnityEngine.Debug:Log (object) (at C:/build/output/unity/unity/Runtime/Export/Debug/Debug.bindings.cs:123)
Game.View.CaptureRig:ConfigureCaptureView () (at C:/Users/d.grab/Desktop/the-game/artifacts/mobsv2-project/Assets/Game.View/CaptureRig.cs:962)
Game.View.CaptureRig/<Run>d__254:MoveNext () (at C:/Users/d.grab/Desktop/the-game/artifacts/mobsv2-project/Assets/Game.View/CaptureRig.cs:653)
UnityEngine.SetupCoroutine:InvokeMoveNext (System.Collections.IEnumerator,intptr) (at C:/build/output/unity/unity/Runtime/Export/Scripting/Coroutines.cs:17)

(Filename: C:/build/output/unity/unity/Runtime/Export/Debug/Debug.bindings.cs Line: 123)

[capture-grip] root=(-23.75, 0.77, -15.59), tip=(-23.16, 1.09, -15.68), length=0,678, edge=(0.20, -0.59, -0.78), edgeDown=0,589, socketRight=(-0.81, -0.58, -0.05), socketUp=(0.35, -0.41, -0.84), socketForward=(0.47, -0.70, 0.54), renderer=Pelag_FantasySaber_Equipped, enabled=True, active=True, boundsCenter=(-23.64, 0.81, -15.63), boundsSize=(1.11, 0.77, 0.42), shader=Universal Render Pipeline/Lit
UnityEngine.Debug:ExtractStackTraceNoAlloc (byte*,int,string)
UnityEngine.StackTraceUtility:ExtractStackTrace () (at C:/build/output/unity/unity/Runtime/Export/Scripting/StackTrace.cs:35)
UnityEngine.DebugLogHandler:Internal_Log (UnityEngine.LogType,UnityEngine.LogOption,string,UnityEngine.Object)
UnityEngine.DebugLogHandler:LogFormat (UnityEngine.LogType,UnityEngine.Object,string,object[]) (at C:/build/output/unity/unity/Runtime/Export/Logging/DebugLogHandler.cs:9)
UnityEngine.Logger:Log (UnityEngine.LogType,object) (at C:/build/output/unity/unity/Runtime/Export/Logging/Logger.cs:60)
UnityEngine.Debug:Log (object) (at C:/build/output/unity/unity/Runtime/Export/Debug/Debug.bindings.cs:123)
Game.View.CaptureRig:ConfigureCaptureView () (at C:/Users/d.grab/Desktop/the-game/artifacts/mobsv2-project/Assets/Game.View/CaptureRig.cs:962)
Game.View.CaptureRig/<Run>d__254:MoveNext () (at C:/Users/d.grab/Desktop/the-game/artifacts/mobsv2-project/Assets/Game.View/CaptureRig.cs:653)
UnityEngine.SetupCoroutine:InvokeMoveNext (System.Collections.IEnumerator,intptr) (at C:/build/output/unity/unity/Runtime/Export/Scripting/Coroutines.cs:17)

(Filename: C:/build/output/unity/unity/Runtime/Export/Debug/Debug.bindings.cs Line: 123)

[capture-grip] root=(-23.75, 0.73, -15.62), tip=(-23.14, 1.01, -15.71), length=0,678, edge=(0.10, -0.52, -0.85), edgeDown=0,517, socketRight=(-0.87, -0.50, -0.06), socketUp=(0.26, -0.35, -0.90), socketForward=(0.42, -0.79, 0.44), renderer=Pelag_FantasySaber_Equipped, enabled=True, active=True, boundsCenter=(-23.65, 0.77, -15.65), boundsSize=(1.12, 0.68, 0.43), shader=Universal Render Pipeline/Lit
UnityEngine.Debug:ExtractStackTraceNoAlloc (byte*,int,string)
UnityEngine.StackTraceUtility:ExtractStackTrace () (at C:/build/output/unity/unity/Runtime/Export/Scripting/StackTrace.cs:35)
UnityEngine.DebugLogHandler:Internal_Log (UnityEngine.LogType,UnityEngine.LogOption,string,UnityEngine.Object)
UnityEngine.DebugLogHandler:LogFormat (UnityEngine.LogType,UnityEngine.Object,string,object[]) (at C:/build/output/unity/unity/Runtime/Export/Logging/DebugLogHandler.cs:9)
UnityEngine.Logger:Log (UnityEngine.LogType,object) (at C:/build/output/unity/unity/Runtime/Export/Logging/Logger.cs:60)
UnityEngine.Debug:Log (object) (at C:/build/output/unity/unity/Runtime/Export/Debug/Debug.bindings.cs:123)
Game.View.CaptureRig:ConfigureCaptureView () (at C:/Users/d.grab/Desktop/the-game/artifacts/mobsv2-project/Assets/Game.View/CaptureRig.cs:962)
Game.View.CaptureRig/<Run>d__254:MoveNext () (at C:/Users/d.grab/Desktop/the-game/artifacts/mobsv2-project/Assets/Game.View/CaptureRig.cs:653)
UnityEngine.SetupCoroutine:InvokeMoveNext (System.Collections.IEnumerator,intptr) (at C:/build/output/unity/unity/Runtime/Export/Scripting/Coroutines.cs:17)

(Filename: C:/build/output/unity/unity/Runtime/Export/Debug/Debug.bindings.cs Line: 123)

[capture] C:/Users/d.grab/Desktop/the-game/ART/characters/pelag/demo-polish-2026-09-30/baseline/forest-combat\shot_02_t0.75s.png  1920x1080
UnityEngine.Debug:ExtractStackTraceNoAlloc (byte*,int,string)
UnityEngine.StackTraceUtility:ExtractStackTrace () (at C:/build/output/unity/unity/Runtime/Export/Scripting/StackTrace.cs:35)
UnityEngine.DebugLogHandler:Internal_Log (UnityEngine.LogType,UnityEngine.LogOption,string,UnityEngine.Object)
UnityEngine.DebugLogHandler:LogFormat (UnityEngine.LogType,UnityEngine.Object,string,object[]) (at C:/build/output/unity/unity/Runtime/Export/Logging/DebugLogHandler.cs:9)
UnityEngine.Logger:Log (UnityEngine.LogType,object) (at C:/build/output/unity/unity/Runtime/Export/Logging/Logger.cs:60)
UnityEngine.Debug:Log (object) (at C:/build/output/unity/unity/Runtime/Export/Debug/Debug.bindings.cs:123)
Game.View.CaptureRig:CaptureStill (int,single) (at C:/Users/d.grab/Desktop/the-game/artifacts/mobsv2-project/Assets/Game.View/CaptureRig.cs:1062)
Game.View.CaptureRig/<Run>d__254:MoveNext () (at C:/Users/d.grab/Desktop/the-game/artifacts/mobsv2-project/Assets/Game.View/CaptureRig.cs:666)
UnityEngine.SetupCoroutine:InvokeMoveNext (System.Collections.IEnumerator,intptr) (at C:/build/output/unity/unity/Runtime/Export/Scripting/Coroutines.cs:17)

(Filename: C:/build/output/unity/unity/Runtime/Export/Debug/Debug.bindings.cs Line: 123)

[pso] не прогреты: вариантов 61, состояний 43
UnityEngine.Debug:ExtractStackTraceNoAlloc (byte*,int,string)
UnityEngine.StackTraceUtility:ExtractStackTrace () (at C:/build/output/unity/unity/Runtime/Export/Scripting/StackTrace.cs:35)
UnityEngine.DebugLogHandler:Internal_Log (UnityEngine.LogType,UnityEngine.LogOption,string,UnityEngine.Object)
UnityEngine.DebugLogHandler:LogFormat (UnityEngine.LogType,UnityEngine.Object,string,object[]) (at C:/build/output/unity/unity/Runtime/Export/Logging/DebugLogHandler.cs:9)
UnityEngine.Logger:Log (UnityEngine.LogType,object) (at C:/build/output/unity/unity/Runtime/Export/Logging/Logger.cs:60)
UnityEngine.Debug:Log (object) (at C:/build/output/unity/unity/Runtime/Export/Debug/Debug.bindings.cs:123)
Game.View.ShaderWarmup:OnApplicationQuit () (at C:/Users/d.grab/Desktop/the-game/artifacts/mobsv2-project/Assets/Game.View/ShaderWarmup.cs:135)

(Filename: C:/build/output/unity/unity/Runtime/Export/Debug/Debug.bindings.cs Line: 123)

[Physics::Module] Cleanup current backend.
[Physics::Module] Id: 0xf2b8ea05
Input System module state changed to: ShutdownInProgress.
Input Polling Thread exited.
Input System module state changed to: Shutdown.
CodeReloadManager destroyed
PlayerConnection::Cleanup##utp:{"type":"MemoryLeaks","version":2,"phase":"Immediate","time":1790718989904,"processId":128664,"allocatedMemory":682020,"memoryLabels":[{"Default":88468},{"Thread":9408},{"Manager":541094},{"Shader":8},{"GfxDevice":2448},{"GfxThread":5376},{"Animation":1002080},{"Serialization":9368},{"Input":2440},{"ScriptingNativeRuntime":15168},{"BaseObject":39552},{"String":516},{"PoolAlloc":384},{"CodeReload":440},{"CloudService":144},{"WebRequest":3918},{"VR":1928},{"Video":144},{"NativeArray":372},{"Subsystems":96},{"Gui":500},{"CoreBusinessMetrics":128}]}
