[a_Rodin.utils-[36mDBG[0m]: [36mRodinBridge: register[0m
[a_Rodin.utils-[33mWRN[0m]: [33mServer running on port 61863[0m
[a_Rodin.utils-[36mDBG[0m]: [36mon_scene_load[0m
[a_Rodin.utils-[36mDBG[0m]: [36mensure_default_image[0m
00:13.156  blend            | Read blend: "C:\Users\d.grab\Desktop\the-game\ART\characters\act-1-enemies\5.forest-elite-shipomet\production\animation\ForestThorncaster_Anim_r01.blend"
00:14.312  render           | Saved: 'C:\Users\d.grab\Desktop\the-game\ART\characters\act-1-enemies\5.forest-elite-shipomet\production\review\animation_r01\frames\Idle\game\0000.png'
00:14.422  render           | Saved: 'C:\Users\d.grab\Desktop\the-game\ART\characters\act-1-enemies\5.forest-elite-shipomet\production\review\animation_r01\frames\Idle\game\0001.png'
00:14.500  render           | Saved: 'C:\Users\d.grab\Desktop\the-game\ART\characters\act-1-enemies\5.forest-elite-shipomet\production\review\animation_r01\frames\Idle\game\0002.png'
00:14.562  render           | Saved: 'C:\Users\d.grab\Desktop\the-game\ART\characters\act-1-enemies\5.forest-elite-shipomet\production\review\animation_r01\frames\Idle\game\0003.png'
00:14.641  render           | Saved: 'C:\Users\d.grab\Desktop\the-game\ART\characters\act-1-enemies\5.forest-elite-shipomet\production\review\animation_r01\frames\Idle\game\0004.png'
00:14.703  render           | Saved: 'C:\Users\d.grab\Desktop\the-game\ART\characters\act-1-enemies\5.forest-elite-shipomet\production\review\animation_r01\frames\Idle\game\0005.png'
00:14.766  render           | Saved: 'C:\Users\d.grab\Desktop\the-game\ART\characters\act-1-enemies\5.forest-elite-shipomet\production\review\animation_r01\frames\Idle\game\0006.png'
00:14.859  render           | Saved: 'C:\Users\d.grab\Desktop\the-game\ART\characters\act-1-enemies\5.forest-elite-shipomet\production\review\animation_r01\frames\Idle\game\0007.png'
00:14.922  render           | Saved: 'C:\Users\d.grab\Desktop\the-game\ART\characters\act-1-enemies\5.forest-elite-shipomet\production\review\animation_r01\frames\Idle\game\0008.png'
00:14.984  render           | Saved: 'C:\Users\d.grab\Desktop\the-game\ART\characters\act-1-enemies\5.forest-elite-shipomet\production\review\animation_r01\frames\Idle\game\0009.png'
00:15.047  render           | Saved: 'C:\Users\d.grab\Desktop\the-game\ART\characters\act-1-enemies\5.forest-elite-shipomet\production\review\animation_r01\frames\Idle\game\0010.png'
00:15.109  render           | Saved: 'C:\Users\d.grab\Desktop\the-game\ART\characters\act-1-enemies\5.forest-elite-shipomet\production\review\animation_r01\frames\Idle\game\0011.png'
00:15.187  render           | Saved: 'C:\Users\d.grab\Desktop\the-game\ART\characters\act-1-enemies\5.forest-elite-shipomet\production\review\animation_r01\frames\Idle\game\0012.png'
00:15.250  render           | Saved: 'C:\Users\d.grab\Desktop\the-game\ART\characters\act-1-enemies\5.forest-elite-shipomet\production\review\animation_r01\frames\Idle\game\0013.png'
00:15.312  render           | Saved: 'C:\Users\d.grab\Desktop\the-game\ART\characters\act-1-enemies\5.forest-elite-shipomet\production\review\animation_r01\frames\Idle\game\0014.png'
00:15.375  render           | Saved: 'C:\Users\d.grab\Desktop\the-game\ART\characters\act-1-enemies\5.forest-elite-shipomet\production\review\animation_r01\frames\Idle\game\0015.png'
00:15.437  render           | Saved: 'C:\Users\d.grab\Desktop\the-game\ART\characters\act-1-enemies\5.forest-elite-shipomet\production\review\animation_r01\frames\Idle\game\0016.png'
00:15.500  render           | Saved: 'C:\Users\d.grab\Desktop\the-game\ART\characters\act-1-enemies\5.forest-elite-shipomet\production\review\animation_r01\frames\Idle\game\0017.png'
00:15.562  render           | Saved: 'C:\Users\d.grab\Desktop\the-game\ART\characters\act-1-enemies\5.forest-elite-shipomet\production\review\animation_r01\frames\Idle\game\0018.png'
00:15.656  render           | Saved: 'C:\Users\d.grab\Desktop\the-game\ART\characters\act-1-enemies\5.forest-elite-shipomet\production\review\animation_r01\frames\Idle\game\0019.png'
00:15.719  render           | Saved: 'C:\Users\d.grab\Desktop\the-game\ART\characters\act-1-enemies\5.forest-elite-shipomet\production\review\animation_r01\frames\Idle\game\0020.png'
00:15.797  render           | Saved: 'C:\Users\d.grab\Desktop\the-game\ART\characters\act-1-enemies\5.forest-elite-shipomet\production\review\animation_r01\frames\Idle\game\0021.png'
00:15.891  render           | Saved: 'C:\Users\d.grab\Desktop\the-game\ART\characters\act-1-enemies\5.forest-elite-shipomet\production\review\animation_r01\frames\Idle\game\0022.png'
00:15.984  render           | Saved: 'C:\Users\d.grab\Desktop\the-game\ART\characters\act-1-enemies\5.forest-elite-shipomet\production\review\animation_r01\frames\Idle\game\0023.png'
00:16.062  render           | Saved: 'C:\Users\d.grab\Desktop\the-game\ART\characters\act-1-enemies\5.forest-elite-shipomet\production\review\animation_r01\frames\Idle\game\0024.png'
00:16.141  render           | Saved: 'C:\Users\d.grab\Desktop\the-game\ART\characters\act-1-enemies\5.forest-elite-shipomet\production\review\animation_r01\frames\Idle\game\0025.png'
00:16.250  render           | Saved: 'C:\Users\d.grab\Desktop\the-game\ART\characters\act-1-enemies\5.forest-elite-shipomet\production\review\animation_r01\frames\Idle\game\0026.png'
00:16.328  render           | Saved: 'C:\Users\d.grab\Desktop\the-game\ART\characters\act-1-enemies\5.forest-elite-shipomet\production\review\animation_r01\frames\Idle\game\0027.png'
00:16.422  render           | Saved: 'C:\Users\d.grab\Desktop\the-game\ART\characters\act-1-enemies\5.forest-elite-shipomet\production\review\animation_r01\frames\Idle\game\0028.png'
00:16.500  render           | Saved: 'C:\Users\d.grab\Desktop\the-game\ART\characters\act-1-enemies\5.forest-elite-shipomet\production\review\animation_r01\frames\Idle\game\0029.png'
00:16.609  render           | Saved: 'C:\Users\d.grab\Desktop\the-game\ART\characters\act-1-enemies\5.forest-elite-shipomet\production\review\animation_r01\frames\Idle\game\0030.png'
00:16.703  render           | Saved: 'C:\Users\d.grab\Desktop\the-game\ART\characters\act-1-enemies\5.forest-elite-shipomet\production\review\animation_r01\frames\Idle\game\0031.png'
00:16.781  render           | Saved: 'C:\Users\d.grab\Desktop\the-game\ART\characters\act-1-enemies\5.forest-elite-shipomet\production\review\animation_r01\frames\Idle\game\0032.png'
00:16.844  render           | Saved: 'C:\Users\d.grab\Desktop\the-game\ART\characters\act-1-enemies\5.forest-elite-shipomet\production\review\animation_r01\frames\Idle\game\0033.png'
00:16.937  render           | Saved: 'C:\Users\d.grab\Desktop\the-game\ART\characters\act-1-enemies\5.forest-elite-shipomet\production\review\animation_r01\frames\Idle\game\0034.png'
00:17.047  render           | Saved: 'C:\Users\d.grab\Desktop\the-game\ART\characters\act-1-enemies\5.forest-elite-shipomet\production\review\animation_r01\frames\Idle\game\0035.png'
00:17.109  render           | Saved: 'C:\Users\d.grab\Desktop\the-game\ART\characters\act-1-enemies\5.forest-elite-shipomet\production\review\animation_r01\frames\Idle\game\0036.png'
00:17.187  render           | Saved: 'C:\Users\d.grab\Desktop\the-game\ART\characters\act-1-enemies\5.forest-elite-shipomet\production\review\animation_r01\frames\Idle\game\0037.png'
00:17.281  render           | Saved: 'C:\Users\d.grab\Desktop\the-game\ART\characters\act-1-enemies\5.forest-elite-shipomet\production\review\animation_r01\frames\Idle\game\0038.png'
00:17.375  render           | Saved: 'C:\Users\d.grab\Desktop\the-game\ART\characters\act-1-enemies\5.forest-elite-shipomet\production\review\animation_r01\frames\Idle\game\0039.png'
00:17.469  render           | Saved: 'C:\Users\d.grab\Desktop\the-game\ART\characters\act-1-enemies\5.forest-elite-shipomet\production\review\animation_r01\frames\Idle\game\0040.png'
00:17.531  render           | Saved: 'C:\Users\d.grab\Desktop\the-game\ART\characters\act-1-enemies\5.forest-elite-shipomet\production\review\animation_r01\frames\Idle\game\0041.png'
00:17.641  render           | Saved: 'C:\Users\d.grab\Desktop\the-game\ART\characters\act-1-enemies\5.forest-elite-shipomet\production\review\animation_r01\frames\Idle\game\0042.png'
00:17.719  render           | Saved: 'C:\Users\d.grab\Desktop\the-game\ART\characters\act-1-enemies\5.forest-elite-shipomet\production\review\animation_r01\frames\Idle\game\0043.png'
00:17.797  render           | Saved: 'C:\Users\d.grab\Desktop\the-game\ART\characters\act-1-enemies\5.forest-elite-shipomet\production\review\animation_r01\frames\Idle\game\0044.png'
00:17.875  render           | Saved: 'C:\Users\d.grab\Desktop\the-game\ART\characters\act-1-enemies\5.forest-elite-shipomet\production\review\animation_r01\frames\Idle\game\0045.png'
00:17.937  render           | Saved: 'C:\Users\d.grab\Desktop\the-game\ART\characters\act-1-enemies\5.forest-elite-shipomet\production\review\animation_r01\frames\Idle\game\0046.png'
00:18.016  render           | Saved: 'C:\Users\d.grab\Desktop\the-game\ART\characters\act-1-enemies\5.forest-elite-shipomet\production\review\animation_r01\frames\Idle\game\0047.png'
00:18.094  render           | Saved: 'C:\Users\d.grab\Desktop\the-game\ART\characters\act-1-enemies\5.forest-elite-shipomet\production\review\animation_r01\frames\Idle\game\0048.png'
00:18.172  render           | Saved: 'C:\Users\d.grab\Desktop\the-game\ART\characters\act-1-enemies\5.forest-elite-shipomet\production\review\animation_r01\frames\Idle\game\0049.png'
00:18.250  render           | Saved: 'C:\Users\d.grab\Desktop\the-game\ART\characters\act-1-enemies\5.forest-elite-shipomet\production\review\animation_r01\frames\Idle\game\0050.png'
00:18.328  render           | Saved: 'C:\Users\d.grab\Desktop\the-game\ART\characters\act-1-enemies\5.forest-elite-shipomet\production\review\animation_r01\frames\Idle\game\0051.png'
00:18.391  render           | Saved: 'C:\Users\d.grab\Desktop\the-game\ART\characters\act-1-enemies\5.forest-elite-shipomet\production\review\animation_r01\frames\Idle\game\0052.png'
00:18.469  render           | Saved: 'C:\Users\d.grab\Desktop\the-game\ART\characters\act-1-enemies\5.forest-elite-shipomet\production\review\animation_r01\frames\Idle\game\0053.png'
00:18.547  render           | Saved: 'C:\Users\d.grab\Desktop\the-game\ART\characters\act-1-enemies\5.forest-elite-shipomet\production\review\animation_r01\frames\Idle\game\0054.png'
00:18.625  render           | Saved: 'C:\Users\d.grab\Desktop\the-game\ART\characters\act-1-enemies\5.forest-elite-shipomet\production\review\animation_r01\frames\Idle\game\0055.png'
00:18.719  render           | Saved: 'C:\Users\d.grab\Desktop\the-game\ART\characters\act-1-enemies\5.forest-elite-shipomet\production\review\animation_r01\frames\Idle\game\0056.png'
00:18.797  render           | Saved: 'C:\Users\d.grab\Desktop\the-game\ART\characters\act-1-enemies\5.forest-elite-shipomet\production\review\animation_r01\frames\Idle\game\0057.png'
00:18.875  render           | Saved: 'C:\Users\d.grab\Desktop\the-game\ART\characters\act-1-enemies\5.forest-elite-shipomet\production\review\animation_r01\frames\Idle\game\0058.png'
00:18.969  render           | Saved: 'C:\Users\d.grab\Desktop\the-game\ART\characters\act-1-enemies\5.forest-elite-shipomet\production\review\animation_r01\frames\Idle\game\0059.png'
00:19.031  render           | Saved: 'C:\Users\d.grab\Desktop\the-game\ART\characters\act-1-enemies\5.forest-elite-shipomet\production\review\animation_r01\frames\Idle\game\0060.png'
Reloading external rigs...
Reloading external metarigs...
RENDERED Idle game 61
00:19.109  render           | Saved: 'C:\Users\d.grab\Desktop\the-game\ART\characters\act-1-enemies\5.forest-elite-shipomet\production\review\animation_r01\frames\Idle\side\0000.png'
00:19.172  render           | Saved: 'C:\Users\d.grab\Desktop\the-game\ART\characters\act-1-enemies\5.forest-elite-shipomet\production\review\animation_r01\frames\Idle\side\0001.png'
00:19.250  render           | Saved: 'C:\Users\d.grab\Desktop\the-game\ART\characters\act-1-enemies\5.forest-elite-shipomet\production\review\animation_r01\frames\Idle\side\0002.png'
00:19.312  render           | Saved: 'C:\Users\d.grab\Desktop\the-game\ART\characters\act-1-enemies\5.forest-elite-shipomet\production\review\animation_r01\frames\Idle\side\0003.png'
00:19.406  render           | Saved: 'C:\Users\d.grab\Desktop\the-game\ART\characters\act-1-enemies\5.forest-elite-shipomet\production\review\animation_r01\frames\Idle\side\0004.png'
00:19.484  render           | Saved: 'C:\Users\d.grab\Desktop\the-game\ART\characters\act-1-enemies\5.forest-elite-shipomet\production\review\animation_r01\frames\Idle\side\0005.png'
00:19.547  render           | Saved: 'C:\Users\d.grab\Desktop\the-game\ART\characters\act-1-enemies\5.forest-elite-shipomet\production\review\animation_r01\frames\Idle\side\0006.png'
00:19.641  render           | Saved: 'C:\Users\d.grab\Desktop\the-game\ART\characters\act-1-enemies\5.forest-elite-shipomet\production\review\animation_r01\frames\Idle\side\0007.png'
00:19.719  render           | Saved: 'C:\Users\d.grab\Desktop\the-game\ART\characters\act-1-enemies\5.forest-elite-shipomet\production\review\animation_r01\frames\Idle\side\0008.png'
00:19.797  render           | Saved: 'C:\Users\d.grab\Desktop\the-game\ART\characters\act-1-enemies\5.forest-elite-shipomet\production\review\animation_r01\frames\Idle\side\0009.png'
00:19.891  render           | Saved: 'C:\Users\d.grab\Desktop\the-game\ART\characters\act-1-enemies\5.forest-elite-shipomet\production\review\animation_r01\frames\Idle\side\0010.png'
00:19.984  render           | Saved: 'C:\Users\d.grab\Desktop\the-game\ART\characters\act-1-enemies\5.forest-elite-shipomet\production\review\animation_r01\frames\Idle\side\0011.png'
00:20.078  render           | Saved: 'C:\Users\d.grab\Desktop\the-game\ART\characters\act-1-enemies\5.forest-elite-shipomet\production\review\animation_r01\frames\Idle\side\0012.png'
00:20.156  render           | Saved: 'C:\Users\d.grab\Desktop\the-game\ART\characters\act-1-enemies\5.forest-elite-shipomet\production\review\animation_r01\frames\Idle\side\0013.png'
00:20.219  render           | Saved: 'C:\Users\d.grab\Desktop\the-game\ART\characters\act-1-enemies\5.forest-elite-shipomet\production\review\animation_r01\frames\Idle\side\0014.png'
00:20.312  render           | Saved: 'C:\Users\d.grab\Desktop\the-game\ART\characters\act-1-enemies\5.forest-elite-shipomet\production\review\animation_r01\frames\Idle\side\0015.png'
00:20.375  render           | Saved: 'C:\Users\d.grab\Desktop\the-game\ART\characters\act-1-enemies\5.forest-elite-shipomet\production\review\animation_r01\frames\Idle\side\0016.png'
00:20.437  render           | Saved: 'C:\Users\d.grab\Desktop\the-game\ART\characters\act-1-enemies\5.forest-elite-shipomet\production\review\animation_r01\frames\Idle\side\0017.png'
00:20.500  render           | Saved: 'C:\Users\d.grab\Desktop\the-game\ART\characters\act-1-enemies\5.forest-elite-shipomet\production\review\animation_r01\frames\Idle\side\0018.png'
00:20.562  render           | Saved: 'C:\Users\d.grab\Desktop\the-game\ART\characters\act-1-enemies\5.forest-elite-shipomet\production\review\animation_r01\frames\Idle\side\0019.png'
00:20.656  render           | Saved: 'C:\Users\d.grab\Desktop\the-game\ART\characters\act-1-enemies\5.forest-elite-shipomet\production\review\animation_r01\frames\Idle\side\0020.png'
00:20.734  render           | Saved: 'C:\Users\d.grab\Desktop\the-game\ART\characters\act-1-enemies\5.forest-elite-shipomet\production\review\animation_r01\frames\Idle\side\0021.png'
00:20.797  render           | Saved: 'C:\Users\d.grab\Desktop\the-game\ART\characters\act-1-enemies\5.forest-elite-shipomet\production\review\animation_r01\frames\Idle\side\0022.png'
00:20.891  render           | Saved: 'C:\Users\d.grab\Desktop\the-game\ART\characters\act-1-enemies\5.forest-elite-shipomet\production\review\animation_r01\frames\Idle\side\0023.png'
00:20.969  render           | Saved: 'C:\Users\d.grab\Desktop\the-game\ART\characters\act-1-enemies\5.forest-elite-shipomet\production\review\animation_r01\frames\Idle\side\0024.png'
00:21.078  render           | Saved: 'C:\Users\d.grab\Desktop\the-game\ART\characters\act-1-enemies\5.forest-elite-shipomet\production\review\animation_r01\frames\Idle\side\0025.png'
00:21.172  render           | Saved: 'C:\Users\d.grab\Desktop\the-game\ART\characters\act-1-enemies\5.forest-elite-shipomet\production\review\animation_r01\frames\Idle\side\0026.png'
00:21.281  render           | Saved: 'C:\Users\d.grab\Desktop\the-game\ART\characters\act-1-enemies\5.forest-elite-shipomet\production\review\animation_r01\frames\Idle\side\0027.png'
00:21.375  render           | Saved: 'C:\Users\d.grab\Desktop\the-game\ART\characters\act-1-enemies\5.forest-elite-shipomet\production\review\animation_r01\frames\Idle\side\0028.png'
00:21.516  render           | Saved: 'C:\Users\d.grab\Desktop\the-game\ART\characters\act-1-enemies\5.forest-elite-shipomet\production\review\animation_r01\frames\Idle\side\0029.png'
00:21.672  render           | Saved: 'C:\Users\d.grab\Desktop\the-game\ART\characters\act-1-enemies\5.forest-elite-shipomet\production\review\animation_r01\frames\Idle\side\0030.png'
00:21.797  render           | Saved: 'C:\Users\d.grab\Desktop\the-game\ART\characters\act-1-enemies\5.forest-elite-shipomet\production\review\animation_r01\frames\Idle\side\0031.png'
00:21.906  render           | Saved: 'C:\Users\d.grab\Desktop\the-game\ART\characters\act-1-enemies\5.forest-elite-shipomet\production\review\animation_r01\frames\Idle\side\0032.png'
00:22.000  render           | Saved: 'C:\Users\d.grab\Desktop\the-game\ART\characters\act-1-enemies\5.forest-elite-shipomet\production\review\animation_r01\frames\Idle\side\0033.png'
00:22.094  render           | Saved: 'C:\Users\d.grab\Desktop\the-game\ART\characters\act-1-enemies\5.forest-elite-shipomet\production\review\animation_r01\frames\Idle\side\0034.png'
00:22.187  render           | Saved: 'C:\Users\d.grab\Desktop\the-game\ART\characters\act-1-enemies\5.forest-elite-shipomet\production\review\animation_r01\frames\Idle\side\0035.png'
00:22.266  render           | Saved: 'C:\Users\d.grab\Desktop\the-game\ART\characters\act-1-enemies\5.forest-elite-shipomet\production\review\animation_r01\frames\Idle\side\0036.png'
00:22.359  render           | Saved: 'C:\Users\d.grab\Desktop\the-game\ART\characters\act-1-enemies\5.forest-elite-shipomet\production\review\animation_r01\frames\Idle\side\0037.png'
00:22.422  render           | Saved: 'C:\Users\d.grab\Desktop\the-game\ART\characters\act-1-enemies\5.forest-elite-shipomet\production\review\animation_r01\frames\Idle\side\0038.png'
00:22.500  render           | Saved: 'C:\Users\d.grab\Desktop\the-game\ART\characters\act-1-enemies\5.forest-elite-shipomet\production\review\animation_r01\frames\Idle\side\0039.png'
00:22.578  render           | Saved: 'C:\Users\d.grab\Desktop\the-game\ART\characters\act-1-enemies\5.forest-elite-shipomet\production\review\animation_r01\frames\Idle\side\0040.png'
00:22.656  render           | Saved: 'C:\Users\d.grab\Desktop\the-game\ART\characters\act-1-enemies\5.forest-elite-shipomet\production\review\animation_r01\frames\Idle\side\0041.png'
00:22.734  render           | Saved: 'C:\Users\d.grab\Desktop\the-game\ART\characters\act-1-enemies\5.forest-elite-shipomet\production\review\animation_r01\frames\Idle\side\0042.png'
00:22.797  render           | Saved: 'C:\Users\d.grab\Desktop\the-game\ART\characters\act-1-enemies\5.forest-elite-shipomet\production\review\animation_r01\frames\Idle\side\0043.png'
00:22.859  render           | Saved: 'C:\Users\d.grab\Desktop\the-game\ART\characters\act-1-enemies\5.forest-elite-shipomet\production\review\animation_r01\frames\Idle\side\0044.png'
00:22.922  render           | Saved: 'C:\Users\d.grab\Desktop\the-game\ART\characters\act-1-enemies\5.forest-elite-shipomet\production\review\animation_r01\frames\Idle\side\0045.png'
00:23.000  render           | Saved: 'C:\Users\d.grab\Desktop\the-game\ART\characters\act-1-enemies\5.forest-elite-shipomet\production\review\animation_r01\frames\Idle\side\0046.png'
00:23.062  render           | Saved: 'C:\Users\d.grab\Desktop\the-game\ART\characters\act-1-enemies\5.forest-elite-shipomet\production\review\animation_r01\frames\Idle\side\0047.png'
00:23.141  render           | Saved: 'C:\Users\d.grab\Desktop\the-game\ART\characters\act-1-enemies\5.forest-elite-shipomet\production\review\animation_r01\frames\Idle\side\0048.png'
00:23.203  render           | Saved: 'C:\Users\d.grab\Desktop\the-game\ART\characters\act-1-enemies\5.forest-elite-shipomet\production\review\animation_r01\frames\Idle\side\0049.png'
00:23.266  render           | Saved: 'C:\Users\d.grab\Desktop\the-game\ART\characters\act-1-enemies\5.forest-elite-shipomet\production\review\animation_r01\frames\Idle\side\0050.png'
00:23.344  render           | Saved: 'C:\Users\d.grab\Desktop\the-game\ART\characters\act-1-enemies\5.forest-elite-shipomet\production\review\animation_r01\frames\Idle\side\0051.png'
00:23.422  render           | Saved: 'C:\Users\d.grab\Desktop\the-game\ART\characters\act-1-enemies\5.forest-elite-shipomet\production\review\animation_r01\frames\Idle\side\0052.png'
00:23.500  render           | Saved: 'C:\Users\d.grab\Desktop\the-game\ART\characters\act-1-enemies\5.forest-elite-shipomet\production\review\animation_r01\frames\Idle\side\0053.png'
00:23.578  render           | Saved: 'C:\Users\d.grab\Desktop\the-game\ART\characters\act-1-enemies\5.forest-elite-shipomet\production\review\animation_r01\frames\Idle\side\0054.png'
00:23.672  render           | Saved: 'C:\Users\d.grab\Desktop\the-game\ART\characters\act-1-enemies\5.forest-elite-shipomet\production\review\animation_r01\frames\Idle\side\0055.png'
00:23.750  render           | Saved: 'C:\Users\d.grab\Desktop\the-game\ART\characters\act-1-enemies\5.forest-elite-shipomet\production\review\animation_r01\frames\Idle\side\0056.png'
00:23.844  render           | Saved: 'C:\Users\d.grab\Desktop\the-game\ART\characters\act-1-enemies\5.forest-elite-shipomet\production\review\animation_r01\frames\Idle\side\0057.png'
00:23.937  render           | Saved: 'C:\Users\d.grab\Desktop\the-game\ART\characters\act-1-enemies\5.forest-elite-shipomet\production\review\animation_r01\frames\Idle\side\0058.png'
00:24.031  render           | Saved: 'C:\Users\d.grab\Desktop\the-game\ART\characters\act-1-enemies\5.forest-elite-shipomet\production\review\animation_r01\frames\Idle\side\0059.png'
00:24.094  render           | Saved: 'C:\Users\d.grab\Desktop\the-game\ART\characters\act-1-enemies\5.forest-elite-shipomet\production\review\animation_r01\frames\Idle\side\0060.png'
RENDERED Idle side 61
00:24.203  render           | Saved: 'C:\Users\d.grab\Desktop\the-game\ART\characters\act-1-enemies\5.forest-elite-shipomet\production\review\animation_r01\frames\Walk\game\0000.png'
00:24.312  render           | Saved: 'C:\Users\d.grab\Desktop\the-game\ART\characters\act-1-enemies\5.forest-elite-shipomet\production\review\animation_r01\frames\Walk\game\0001.png'
00:24.391  render           | Saved: 'C:\Users\d.grab\Desktop\the-game\ART\characters\act-1-enemies\5.forest-elite-shipomet\production\review\animation_r01\frames\Walk\game\0002.png'
00:24.484  render           | Saved: 'C:\Users\d.grab\Desktop\the-game\ART\characters\act-1-enemies\5.forest-elite-shipomet\production\review\animation_r01\frames\Walk\game\0003.png'
00:24.562  render           | Saved: 'C:\Users\d.grab\Desktop\the-game\ART\characters\act-1-enemies\5.forest-elite-shipomet\production\review\animation_r01\frames\Walk\game\0004.png'
00:24.672  render           | Saved: 'C:\Users\d.grab\Desktop\the-game\ART\characters\act-1-enemies\5.forest-elite-shipomet\production\review\animation_r01\frames\Walk\game\0005.png'
00:24.766  render           | Saved: 'C:\Users\d.grab\Desktop\the-game\ART\characters\act-1-enemies\5.forest-elite-shipomet\production\review\animation_r01\frames\Walk\game\0006.png'
00:24.844  render           | Saved: 'C:\Users\d.grab\Desktop\the-game\ART\characters\act-1-enemies\5.forest-elite-shipomet\production\review\animation_r01\frames\Walk\game\0007.png'
00:24.922  render           | Saved: 'C:\Users\d.grab\Desktop\the-game\ART\characters\act-1-enemies\5.forest-elite-shipomet\production\review\animation_r01\frames\Walk\game\0008.png'
00:25.016  render           | Saved: 'C:\Users\d.grab\Desktop\the-game\ART\characters\act-1-enemies\5.forest-elite-shipomet\production\review\animation_r01\frames\Walk\game\0009.png'
00:25.141  render           | Saved: 'C:\Users\d.grab\Desktop\the-game\ART\characters\act-1-enemies\5.forest-elite-shipomet\production\review\animation_r01\frames\Walk\game\0010.png'
00:25.234  render           | Saved: 'C:\Users\d.grab\Desktop\the-game\ART\characters\act-1-enemies\5.forest-elite-shipomet\production\review\animation_r01\frames\Walk\game\0011.png'
00:25.328  render           | Saved: 'C:\Users\d.grab\Desktop\the-game\ART\characters\act-1-enemies\5.forest-elite-shipomet\production\review\animation_r01\frames\Walk\game\0012.png'
00:25.406  render           | Saved: 'C:\Users\d.grab\Desktop\the-game\ART\characters\act-1-enemies\5.forest-elite-shipomet\production\review\animation_r01\frames\Walk\game\0013.png'
00:25.484  render           | Saved: 'C:\Users\d.grab\Desktop\the-game\ART\characters\act-1-enemies\5.forest-elite-shipomet\production\review\animation_r01\frames\Walk\game\0014.png'
00:25.562  render           | Saved: 'C:\Users\d.grab\Desktop\the-game\ART\characters\act-1-enemies\5.forest-elite-shipomet\production\review\animation_r01\frames\Walk\game\0015.png'
00:25.625  render           | Saved: 'C:\Users\d.grab\Desktop\the-game\ART\characters\act-1-enemies\5.forest-elite-shipomet\production\review\animation_r01\frames\Walk\game\0016.png'
00:25.703  render           | Saved: 'C:\Users\d.grab\Desktop\the-game\ART\characters\act-1-enemies\5.forest-elite-shipomet\production\review\animation_r01\frames\Walk\game\0017.png'
00:25.781  render           | Saved: 'C:\Users\d.grab\Desktop\the-game\ART\characters\act-1-enemies\5.forest-elite-shipomet\production\review\animation_r01\frames\Walk\game\0018.png'
00:25.844  render           | Saved: 'C:\Users\d.grab\Desktop\the-game\ART\characters\act-1-enemies\5.forest-elite-shipomet\production\review\animation_r01\frames\Walk\game\0019.png'
00:25.937  render           | Saved: 'C:\Users\d.grab\Desktop\the-game\ART\characters\act-1-enemies\5.forest-elite-shipomet\production\review\animation_r01\frames\Walk\game\0020.png'
00:26.000  render           | Saved: 'C:\Users\d.grab\Desktop\the-game\ART\characters\act-1-enemies\5.forest-elite-shipomet\production\review\animation_r01\frames\Walk\game\0021.png'
00:26.094  render           | Saved: 'C:\Users\d.grab\Desktop\the-game\ART\characters\act-1-enemies\5.forest-elite-shipomet\production\review\animation_r01\frames\Walk\game\0022.png'
00:26.172  render           | Saved: 'C:\Users\d.grab\Desktop\the-game\ART\characters\act-1-enemies\5.forest-elite-shipomet\production\review\animation_r01\frames\Walk\game\0023.png'
00:26.250  render           | Saved: 'C:\Users\d.grab\Desktop\the-game\ART\characters\act-1-enemies\5.forest-elite-shipomet\production\review\animation_r01\frames\Walk\game\0024.png'
RENDERED Walk game 25
00:26.359  render           | Saved: 'C:\Users\d.grab\Desktop\the-game\ART\characters\act-1-enemies\5.forest-elite-shipomet\production\review\animation_r01\frames\Walk\side\0000.png'
00:26.422  render           | Saved: 'C:\Users\d.grab\Desktop\the-game\ART\characters\act-1-enemies\5.forest-elite-shipomet\production\review\animation_r01\frames\Walk\side\0001.png'
00:26.516  render           | Saved: 'C:\Users\d.grab\Desktop\the-game\ART\characters\act-1-enemies\5.forest-elite-shipomet\production\review\animation_r01\frames\Walk\side\0002.png'
00:26.609  render           | Saved: 'C:\Users\d.grab\Desktop\the-game\ART\characters\act-1-enemies\5.forest-elite-shipomet\production\review\animation_r01\frames\Walk\side\0003.png'
00:26.687  render           | Saved: 'C:\Users\d.grab\Desktop\the-game\ART\characters\act-1-enemies\5.forest-elite-shipomet\production\review\animation_r01\frames\Walk\side\0004.png'
00:26.766  render           | Saved: 'C:\Users\d.grab\Desktop\the-game\ART\characters\act-1-enemies\5.forest-elite-shipomet\production\review\animation_r01\frames\Walk\side\0005.png'
00:26.859  render           | Saved: 'C:\Users\d.grab\Desktop\the-game\ART\characters\act-1-enemies\5.forest-elite-shipomet\production\review\animation_r01\frames\Walk\side\0006.png'
00:26.937  render           | Saved: 'C:\Users\d.grab\Desktop\the-game\ART\characters\act-1-enemies\5.forest-elite-shipomet\production\review\animation_r01\frames\Walk\side\0007.png'
00:27.016  render           | Saved: 'C:\Users\d.grab\Desktop\the-game\ART\characters\act-1-enemies\5.forest-elite-shipomet\production\review\animation_r01\frames\Walk\side\0008.png'
00:27.094  render           | Saved: 'C:\Users\d.grab\Desktop\the-game\ART\characters\act-1-enemies\5.forest-elite-shipomet\production\review\animation_r01\frames\Walk\side\0009.png'
00:27.172  render           | Saved: 'C:\Users\d.grab\Desktop\the-game\ART\characters\act-1-enemies\5.forest-elite-shipomet\production\review\animation_r01\frames\Walk\side\0010.png'
00:27.250  render           | Saved: 'C:\Users\d.grab\Desktop\the-game\ART\characters\act-1-enemies\5.forest-elite-shipomet\production\review\animation_r01\frames\Walk\side\0011.png'
00:27.328  render           | Saved: 'C:\Users\d.grab\Desktop\the-game\ART\characters\act-1-enemies\5.forest-elite-shipomet\production\review\animation_r01\frames\Walk\side\0012.png'
00:27.406  render           | Saved: 'C:\Users\d.grab\Desktop\the-game\ART\characters\act-1-enemies\5.forest-elite-shipomet\production\review\animation_r01\frames\Walk\side\0013.png'
00:27.516  render           | Saved: 'C:\Users\d.grab\Desktop\the-game\ART\characters\act-1-enemies\5.forest-elite-shipomet\production\review\animation_r01\frames\Walk\side\0014.png'
00:27.594  render           | Saved: 'C:\Users\d.grab\Desktop\the-game\ART\characters\act-1-enemies\5.forest-elite-shipomet\production\review\animation_r01\frames\Walk\side\0015.png'
00:27.672  render           | Saved: 'C:\Users\d.grab\Desktop\the-game\ART\characters\act-1-enemies\5.forest-elite-shipomet\production\review\animation_r01\frames\Walk\side\0016.png'
00:27.766  render           | Saved: 'C:\Users\d.grab\Desktop\the-game\ART\characters\act-1-enemies\5.forest-elite-shipomet\production\review\animation_r01\frames\Walk\side\0017.png'
00:27.844  render           | Saved: 'C:\Users\d.grab\Desktop\the-game\ART\characters\act-1-enemies\5.forest-elite-shipomet\production\review\animation_r01\frames\Walk\side\0018.png'
00:27.906  render           | Saved: 'C:\Users\d.grab\Desktop\the-game\ART\characters\act-1-enemies\5.forest-elite-shipomet\production\review\animation_r01\frames\Walk\side\0019.png'
00:28.000  render           | Saved: 'C:\Users\d.grab\Desktop\the-game\ART\characters\act-1-enemies\5.forest-elite-shipomet\production\review\animation_r01\frames\Walk\side\0020.png'
00:28.078  render           | Saved: 'C:\Users\d.grab\Desktop\the-game\ART\characters\act-1-enemies\5.forest-elite-shipomet\production\review\animation_r01\frames\Walk\side\0021.png'
00:28.141  render           | Saved: 'C:\Users\d.grab\Desktop\the-game\ART\characters\act-1-enemies\5.forest-elite-shipomet\production\review\animation_r01\frames\Walk\side\0022.png'
00:28.219  render           | Saved: 'C:\Users\d.grab\Desktop\the-game\ART\characters\act-1-enemies\5.forest-elite-shipomet\production\review\animation_r01\frames\Walk\side\0023.png'
00:28.297  render           | Saved: 'C:\Users\d.grab\Desktop\the-game\ART\characters\act-1-enemies\5.forest-elite-shipomet\production\review\animation_r01\frames\Walk\side\0024.png'
RENDERED Walk side 25
00:28.375  render           | Saved: 'C:\Users\d.grab\Desktop\the-game\ART\characters\act-1-enemies\5.forest-elite-shipomet\production\review\animation_r01\frames\LineCast\game\0000.png'
00:28.453  render           | Saved: 'C:\Users\d.grab\Desktop\the-game\ART\characters\act-1-enemies\5.forest-elite-shipomet\production\review\animation_r01\frames\LineCast\game\0001.png'
00:28.531  render           | Saved: 'C:\Users\d.grab\Desktop\the-game\ART\characters\act-1-enemies\5.forest-elite-shipomet\production\review\animation_r01\frames\LineCast\game\0002.png'
00:28.594  render           | Saved: 'C:\Users\d.grab\Desktop\the-game\ART\characters\act-1-enemies\5.forest-elite-shipomet\production\review\animation_r01\frames\LineCast\game\0003.png'
00:28.672  render           | Saved: 'C:\Users\d.grab\Desktop\the-game\ART\characters\act-1-enemies\5.forest-elite-shipomet\production\review\animation_r01\frames\LineCast\game\0004.png'
00:28.766  render           | Saved: 'C:\Users\d.grab\Desktop\the-game\ART\characters\act-1-enemies\5.forest-elite-shipomet\production\review\animation_r01\frames\LineCast\game\0005.png'
00:28.844  render           | Saved: 'C:\Users\d.grab\Desktop\the-game\ART\characters\act-1-enemies\5.forest-elite-shipomet\production\review\animation_r01\frames\LineCast\game\0006.png'
00:28.922  render           | Saved: 'C:\Users\d.grab\Desktop\the-game\ART\characters\act-1-enemies\5.forest-elite-shipomet\production\review\animation_r01\frames\LineCast\game\0007.png'
00:29.000  render           | Saved: 'C:\Users\d.grab\Desktop\the-game\ART\characters\act-1-enemies\5.forest-elite-shipomet\production\review\animation_r01\frames\LineCast\game\0008.png'
00:29.078  render           | Saved: 'C:\Users\d.grab\Desktop\the-game\ART\characters\act-1-enemies\5.forest-elite-shipomet\production\review\animation_r01\frames\LineCast\game\0009.png'
00:29.156  render           | Saved: 'C:\Users\d.grab\Desktop\the-game\ART\characters\act-1-enemies\5.forest-elite-shipomet\production\review\animation_r01\frames\LineCast\game\0010.png'
00:29.219  render           | Saved: 'C:\Users\d.grab\Desktop\the-game\ART\characters\act-1-enemies\5.forest-elite-shipomet\production\review\animation_r01\frames\LineCast\game\0011.png'
00:29.312  render           | Saved: 'C:\Users\d.grab\Desktop\the-game\ART\characters\act-1-enemies\5.forest-elite-shipomet\production\review\animation_r01\frames\LineCast\game\0012.png'
00:29.375  render           | Saved: 'C:\Users\d.grab\Desktop\the-game\ART\characters\act-1-enemies\5.forest-elite-shipomet\production\review\animation_r01\frames\LineCast\game\0013.png'
00:29.453  render           | Saved: 'C:\Users\d.grab\Desktop\the-game\ART\characters\act-1-enemies\5.forest-elite-shipomet\production\review\animation_r01\frames\LineCast\game\0014.png'
00:29.531  render           | Saved: 'C:\Users\d.grab\Desktop\the-game\ART\characters\act-1-enemies\5.forest-elite-shipomet\production\review\animation_r01\frames\LineCast\game\0015.png'
00:29.625  render           | Saved: 'C:\Users\d.grab\Desktop\the-game\ART\characters\act-1-enemies\5.forest-elite-shipomet\production\review\animation_r01\frames\LineCast\game\0016.png'
00:29.703  render           | Saved: 'C:\Users\d.grab\Desktop\the-game\ART\characters\act-1-enemies\5.forest-elite-shipomet\production\review\animation_r01\frames\LineCast\game\0017.png'
00:29.766  render           | Saved: 'C:\Users\d.grab\Desktop\the-game\ART\characters\act-1-enemies\5.forest-elite-shipomet\production\review\animation_r01\frames\LineCast\game\0018.png'
00:29.844  render           | Saved: 'C:\Users\d.grab\Desktop\the-game\ART\characters\act-1-enemies\5.forest-elite-shipomet\production\review\animation_r01\frames\LineCast\game\0019.png'
00:29.937  render           | Saved: 'C:\Users\d.grab\Desktop\the-game\ART\characters\act-1-enemies\5.forest-elite-shipomet\production\review\animation_r01\frames\LineCast\game\0020.png'
00:30.016  render           | Saved: 'C:\Users\d.grab\Desktop\the-game\ART\characters\act-1-enemies\5.forest-elite-shipomet\production\review\animation_r01\frames\LineCast\game\0021.png'
00:30.094  render           | Saved: 'C:\Users\d.grab\Desktop\the-game\ART\characters\act-1-enemies\5.forest-elite-shipomet\production\review\animation_r01\frames\LineCast\game\0022.png'
00:30.187  render           | Saved: 'C:\Users\d.grab\Desktop\the-game\ART\characters\act-1-enemies\5.forest-elite-shipomet\production\review\animation_r01\frames\LineCast\game\0023.png'
00:30.266  render           | Saved: 'C:\Users\d.grab\Desktop\the-game\ART\characters\act-1-enemies\5.forest-elite-shipomet\production\review\animation_r01\frames\LineCast\game\0024.png'
00:30.344  render           | Saved: 'C:\Users\d.grab\Desktop\the-game\ART\characters\act-1-enemies\5.forest-elite-shipomet\production\review\animation_r01\frames\LineCast\game\0025.png'
00:30.406  render           | Saved: 'C:\Users\d.grab\Desktop\the-game\ART\characters\act-1-enemies\5.forest-elite-shipomet\production\review\animation_r01\frames\LineCast\game\0026.png'
00:30.469  render           | Saved: 'C:\Users\d.grab\Desktop\the-game\ART\characters\act-1-enemies\5.forest-elite-shipomet\production\review\animation_r01\frames\LineCast\game\0027.png'
00:30.531  render           | Saved: 'C:\Users\d.grab\Desktop\the-game\ART\characters\act-1-enemies\5.forest-elite-shipomet\production\review\animation_r01\frames\LineCast\game\0028.png'
00:30.609  render           | Saved: 'C:\Users\d.grab\Desktop\the-game\ART\characters\act-1-enemies\5.forest-elite-shipomet\production\review\animation_r01\frames\LineCast\game\0029.png'
00:30.672  render           | Saved: 'C:\Users\d.grab\Desktop\the-game\ART\characters\act-1-enemies\5.forest-elite-shipomet\production\review\animation_r01\frames\LineCast\game\0030.png'
00:30.750  render           | Saved: 'C:\Users\d.grab\Desktop\the-game\ART\characters\act-1-enemies\5.forest-elite-shipomet\production\review\animation_r01\frames\LineCast\game\0031.png'
00:30.828  render           | Saved: 'C:\Users\d.grab\Desktop\the-game\ART\characters\act-1-enemies\5.forest-elite-shipomet\production\review\animation_r01\frames\LineCast\game\0032.png'
00:30.906  render           | Saved: 'C:\Users\d.grab\Desktop\the-game\ART\characters\act-1-enemies\5.forest-elite-shipomet\production\review\animation_r01\frames\LineCast\game\0033.png'
00:30.984  render           | Saved: 'C:\Users\d.grab\Desktop\the-game\ART\characters\act-1-enemies\5.forest-elite-shipomet\production\review\animation_r01\frames\LineCast\game\0034.png'
00:31.078  render           | Saved: 'C:\Users\d.grab\Desktop\the-game\ART\characters\act-1-enemies\5.forest-elite-shipomet\production\review\animation_r01\frames\LineCast\game\0035.png'
00:31.156  render           | Saved: 'C:\Users\d.grab\Desktop\the-game\ART\characters\act-1-enemies\5.forest-elite-shipomet\production\review\animation_r01\frames\LineCast\game\0036.png'
00:31.234  render           | Saved: 'C:\Users\d.grab\Desktop\the-game\ART\characters\act-1-enemies\5.forest-elite-shipomet\production\review\animation_r01\frames\LineCast\game\0037.png'
00:31.344  render           | Saved: 'C:\Users\d.grab\Desktop\the-game\ART\characters\act-1-enemies\5.forest-elite-shipomet\production\review\animation_r01\frames\LineCast\game\0038.png'
00:31.422  render           | Saved: 'C:\Users\d.grab\Desktop\the-game\ART\characters\act-1-enemies\5.forest-elite-shipomet\production\review\animation_r01\frames\LineCast\game\0039.png'
00:31.500  render           | Saved: 'C:\Users\d.grab\Desktop\the-game\ART\characters\act-1-enemies\5.forest-elite-shipomet\production\review\animation_r01\frames\LineCast\game\0040.png'
00:31.562  render           | Saved: 'C:\Users\d.grab\Desktop\the-game\ART\characters\act-1-enemies\5.forest-elite-shipomet\production\review\animation_r01\frames\LineCast\game\0041.png'
00:31.656  render           | Saved: 'C:\Users\d.grab\Desktop\the-game\ART\characters\act-1-enemies\5.forest-elite-shipomet\production\review\animation_r01\frames\LineCast\game\0042.png'
00:31.734  render           | Saved: 'C:\Users\d.grab\Desktop\the-game\ART\characters\act-1-enemies\5.forest-elite-shipomet\production\review\animation_r01\frames\LineCast\game\0043.png'
00:31.797  render           | Saved: 'C:\Users\d.grab\Desktop\the-game\ART\characters\act-1-enemies\5.forest-elite-shipomet\production\review\animation_r01\frames\LineCast\game\0044.png'
00:31.875  render           | Saved: 'C:\Users\d.grab\Desktop\the-game\ART\characters\act-1-enemies\5.forest-elite-shipomet\production\review\animation_r01\frames\LineCast\game\0045.png'
00:31.953  render           | Saved: 'C:\Users\d.grab\Desktop\the-game\ART\characters\act-1-enemies\5.forest-elite-shipomet\production\review\animation_r01\frames\LineCast\game\0046.png'
00:32.031  render           | Saved: 'C:\Users\d.grab\Desktop\the-game\ART\characters\act-1-enemies\5.forest-elite-shipomet\production\review\animation_r01\frames\LineCast\game\0047.png'
00:32.125  render           | Saved: 'C:\Users\d.grab\Desktop\the-game\ART\characters\act-1-enemies\5.forest-elite-shipomet\production\review\animation_r01\frames\LineCast\game\0048.png'
00:32.219  render           | Saved: 'C:\Users\d.grab\Desktop\the-game\ART\characters\act-1-enemies\5.forest-elite-shipomet\production\review\animation_r01\frames\LineCast\game\0049.png'
00:32.297  render           | Saved: 'C:\Users\d.grab\Desktop\the-game\ART\characters\act-1-enemies\5.forest-elite-shipomet\production\review\animation_r01\frames\LineCast\game\0050.png'
00:32.375  render           | Saved: 'C:\Users\d.grab\Desktop\the-game\ART\characters\act-1-enemies\5.forest-elite-shipomet\production\review\animation_r01\frames\LineCast\game\0051.png'
00:32.469  render           | Saved: 'C:\Users\d.grab\Desktop\the-game\ART\characters\act-1-enemies\5.forest-elite-shipomet\production\review\animation_r01\frames\LineCast\game\0052.png'
00:32.578  render           | Saved: 'C:\Users\d.grab\Desktop\the-game\ART\characters\act-1-enemies\5.forest-elite-shipomet\production\review\animation_r01\frames\LineCast\game\0053.png'
00:32.656  render           | Saved: 'C:\Users\d.grab\Desktop\the-game\ART\characters\act-1-enemies\5.forest-elite-shipomet\production\review\animation_r01\frames\LineCast\game\0054.png'
00:32.734  render           | Saved: 'C:\Users\d.grab\Desktop\the-game\ART\characters\act-1-enemies\5.forest-elite-shipomet\production\review\animation_r01\frames\LineCast\game\0055.png'
00:32.812  render           | Saved: 'C:\Users\d.grab\Desktop\the-game\ART\characters\act-1-enemies\5.forest-elite-shipomet\production\review\animation_r01\frames\LineCast\game\0056.png'
00:32.875  render           | Saved: 'C:\Users\d.grab\Desktop\the-game\ART\characters\act-1-enemies\5.forest-elite-shipomet\production\review\animation_r01\frames\LineCast\game\0057.png'
00:32.953  render           | Saved: 'C:\Users\d.grab\Desktop\the-game\ART\characters\act-1-enemies\5.forest-elite-shipomet\production\review\animation_r01\frames\LineCast\game\0058.png'
00:33.016  render           | Saved: 'C:\Users\d.grab\Desktop\the-game\ART\characters\act-1-enemies\5.forest-elite-shipomet\production\review\animation_r01\frames\LineCast\game\0059.png'
00:33.094  render           | Saved: 'C:\Users\d.grab\Desktop\the-game\ART\characters\act-1-enemies\5.forest-elite-shipomet\production\review\animation_r01\frames\LineCast\game\0060.png'
00:33.156  render           | Saved: 'C:\Users\d.grab\Desktop\the-game\ART\characters\act-1-enemies\5.forest-elite-shipomet\production\review\animation_r01\frames\LineCast\game\0061.png'
00:33.234  render           | Saved: 'C:\Users\d.grab\Desktop\the-game\ART\characters\act-1-enemies\5.forest-elite-shipomet\production\review\animation_r01\frames\LineCast\game\0062.png'
00:33.312  render           | Saved: 'C:\Users\d.grab\Desktop\the-game\ART\characters\act-1-enemies\5.forest-elite-shipomet\production\review\animation_r01\frames\LineCast\game\0063.png'
00:33.391  render           | Saved: 'C:\Users\d.grab\Desktop\the-game\ART\characters\act-1-enemies\5.forest-elite-shipomet\production\review\animation_r01\frames\LineCast\game\0064.png'
00:33.484  render           | Saved: 'C:\Users\d.grab\Desktop\the-game\ART\characters\act-1-enemies\5.forest-elite-shipomet\production\review\animation_r01\frames\LineCast\game\0065.png'
00:33.609  render           | Saved: 'C:\Users\d.grab\Desktop\the-game\ART\characters\act-1-enemies\5.forest-elite-shipomet\production\review\animation_r01\frames\LineCast\game\0066.png'
00:33.687  render           | Saved: 'C:\Users\d.grab\Desktop\the-game\ART\characters\act-1-enemies\5.forest-elite-shipomet\production\review\animation_r01\frames\LineCast\game\0067.png'
00:33.766  render           | Saved: 'C:\Users\d.grab\Desktop\the-game\ART\characters\act-1-enemies\5.forest-elite-shipomet\production\review\animation_r01\frames\LineCast\game\0068.png'
00:33.844  render           | Saved: 'C:\Users\d.grab\Desktop\the-game\ART\characters\act-1-enemies\5.forest-elite-shipomet\production\review\animation_r01\frames\LineCast\game\0069.png'
00:33.937  render           | Saved: 'C:\Users\d.grab\Desktop\the-game\ART\characters\act-1-enemies\5.forest-elite-shipomet\production\review\animation_r01\frames\LineCast\game\0070.png'
00:34.047  render           | Saved: 'C:\Users\d.grab\Desktop\the-game\ART\characters\act-1-enemies\5.forest-elite-shipomet\production\review\animation_r01\frames\LineCast\game\0071.png'
00:34.172  render           | Saved: 'C:\Users\d.grab\Desktop\the-game\ART\characters\act-1-enemies\5.forest-elite-shipomet\production\review\animation_r01\frames\LineCast\game\0072.png'
00:34.266  render           | Saved: 'C:\Users\d.grab\Desktop\the-game\ART\characters\act-1-enemies\5.forest-elite-shipomet\production\review\animation_r01\frames\LineCast\game\0073.png'
00:34.344  render           | Saved: 'C:\Users\d.grab\Desktop\the-game\ART\characters\act-1-enemies\5.forest-elite-shipomet\production\review\animation_r01\frames\LineCast\game\0074.png'
00:34.422  render           | Saved: 'C:\Users\d.grab\Desktop\the-game\ART\characters\act-1-enemies\5.forest-elite-shipomet\production\review\animation_r01\frames\LineCast\game\0075.png'
RENDERED LineCast game 76
00:34.500  render           | Saved: 'C:\Users\d.grab\Desktop\the-game\ART\characters\act-1-enemies\5.forest-elite-shipomet\production\review\animation_r01\frames\LineCast\side\0000.png'
00:34.578  render           | Saved: 'C:\Users\d.grab\Desktop\the-game\ART\characters\act-1-enemies\5.forest-elite-shipomet\production\review\animation_r01\frames\LineCast\side\0001.png'
00:34.641  render           | Saved: 'C:\Users\d.grab\Desktop\the-game\ART\characters\act-1-enemies\5.forest-elite-shipomet\production\review\animation_r01\frames\LineCast\side\0002.png'
00:34.750  render           | Saved: 'C:\Users\d.grab\Desktop\the-game\ART\characters\act-1-enemies\5.forest-elite-shipomet\production\review\animation_r01\frames\LineCast\side\0003.png'
00:34.828  render           | Saved: 'C:\Users\d.grab\Desktop\the-game\ART\characters\act-1-enemies\5.forest-elite-shipomet\production\review\animation_r01\frames\LineCast\side\0004.png'
00:34.906  render           | Saved: 'C:\Users\d.grab\Desktop\the-game\ART\characters\act-1-enemies\5.forest-elite-shipomet\production\review\animation_r01\frames\LineCast\side\0005.png'
00:35.000  render           | Saved: 'C:\Users\d.grab\Desktop\the-game\ART\characters\act-1-enemies\5.forest-elite-shipomet\production\review\animation_r01\frames\LineCast\side\0006.png'
00:35.109  render           | Saved: 'C:\Users\d.grab\Desktop\the-game\ART\characters\act-1-enemies\5.forest-elite-shipomet\production\review\animation_r01\frames\LineCast\side\0007.png'
00:35.203  render           | Saved: 'C:\Users\d.grab\Desktop\the-game\ART\characters\act-1-enemies\5.forest-elite-shipomet\production\review\animation_r01\frames\LineCast\side\0008.png'
00:35.297  render           | Saved: 'C:\Users\d.grab\Desktop\the-game\ART\characters\act-1-enemies\5.forest-elite-shipomet\production\review\animation_r01\frames\LineCast\side\0009.png'
00:35.422  render           | Saved: 'C:\Users\d.grab\Desktop\the-game\ART\characters\act-1-enemies\5.forest-elite-shipomet\production\review\animation_r01\frames\LineCast\side\0010.png'
00:35.500  render           | Saved: 'C:\Users\d.grab\Desktop\the-game\ART\characters\act-1-enemies\5.forest-elite-shipomet\production\review\animation_r01\frames\LineCast\side\0011.png'
00:35.594  render           | Saved: 'C:\Users\d.grab\Desktop\the-game\ART\characters\act-1-enemies\5.forest-elite-shipomet\production\review\animation_r01\frames\LineCast\side\0012.png'
00:35.719  render           | Saved: 'C:\Users\d.grab\Desktop\the-game\ART\characters\act-1-enemies\5.forest-elite-shipomet\production\review\animation_r01\frames\LineCast\side\0013.png'
00:35.906  render           | Saved: 'C:\Users\d.grab\Desktop\the-game\ART\characters\act-1-enemies\5.forest-elite-shipomet\production\review\animation_r01\frames\LineCast\side\0014.png'
00:36.016  render           | Saved: 'C:\Users\d.grab\Desktop\the-game\ART\characters\act-1-enemies\5.forest-elite-shipomet\production\review\animation_r01\frames\LineCast\side\0015.png'
00:36.141  render           | Saved: 'C:\Users\d.grab\Desktop\the-game\ART\characters\act-1-enemies\5.forest-elite-shipomet\production\review\animation_r01\frames\LineCast\side\0016.png'
00:36.234  render           | Saved: 'C:\Users\d.grab\Desktop\the-game\ART\characters\act-1-enemies\5.forest-elite-shipomet\production\review\animation_r01\frames\LineCast\side\0017.png'
00:36.312  render           | Saved: 'C:\Users\d.grab\Desktop\the-game\ART\characters\act-1-enemies\5.forest-elite-shipomet\production\review\animation_r01\frames\LineCast\side\0018.png'
00:36.406  render           | Saved: 'C:\Users\d.grab\Desktop\the-game\ART\characters\act-1-enemies\5.forest-elite-shipomet\production\review\animation_r01\frames\LineCast\side\0019.png'
00:36.484  render           | Saved: 'C:\Users\d.grab\Desktop\the-game\ART\characters\act-1-enemies\5.forest-elite-shipomet\production\review\animation_r01\frames\LineCast\side\0020.png'
00:36.578  render           | Saved: 'C:\Users\d.grab\Desktop\the-game\ART\characters\act-1-enemies\5.forest-elite-shipomet\production\review\animation_r01\frames\LineCast\side\0021.png'
00:36.703  render           | Saved: 'C:\Users\d.grab\Desktop\the-game\ART\characters\act-1-enemies\5.forest-elite-shipomet\production\review\animation_r01\frames\LineCast\side\0022.png'
00:36.797  render           | Saved: 'C:\Users\d.grab\Desktop\the-game\ART\characters\act-1-enemies\5.forest-elite-shipomet\production\review\animation_r01\frames\LineCast\side\0023.png'
00:36.906  render           | Saved: 'C:\Users\d.grab\Desktop\the-game\ART\characters\act-1-enemies\5.forest-elite-shipomet\production\review\animation_r01\frames\LineCast\side\0024.png'
00:36.984  render           | Saved: 'C:\Users\d.grab\Desktop\the-game\ART\characters\act-1-enemies\5.forest-elite-shipomet\production\review\animation_r01\frames\LineCast\side\0025.png'
00:37.062  render           | Saved: 'C:\Users\d.grab\Desktop\the-game\ART\characters\act-1-enemies\5.forest-elite-shipomet\production\review\animation_r01\frames\LineCast\side\0026.png'
00:37.141  render           | Saved: 'C:\Users\d.grab\Desktop\the-game\ART\characters\act-1-enemies\5.forest-elite-shipomet\production\review\animation_r01\frames\LineCast\side\0027.png'
00:37.219  render           | Saved: 'C:\Users\d.grab\Desktop\the-game\ART\characters\act-1-enemies\5.forest-elite-shipomet\production\review\animation_r01\frames\LineCast\side\0028.png'
00:37.312  render           | Saved: 'C:\Users\d.grab\Desktop\the-game\ART\characters\act-1-enemies\5.forest-elite-shipomet\production\review\animation_r01\frames\LineCast\side\0029.png'
00:37.391  render           | Saved: 'C:\Users\d.grab\Desktop\the-game\ART\characters\act-1-enemies\5.forest-elite-shipomet\production\review\animation_r01\frames\LineCast\side\0030.png'
00:37.484  render           | Saved: 'C:\Users\d.grab\Desktop\the-game\ART\characters\act-1-enemies\5.forest-elite-shipomet\production\review\animation_r01\frames\LineCast\side\0031.png'
00:37.578  render           | Saved: 'C:\Users\d.grab\Desktop\the-game\ART\characters\act-1-enemies\5.forest-elite-shipomet\production\review\animation_r01\frames\LineCast\side\0032.png'
00:37.656  render           | Saved: 'C:\Users\d.grab\Desktop\the-game\ART\characters\act-1-enemies\5.forest-elite-shipomet\production\review\animation_r01\frames\LineCast\side\0033.png'
00:37.750  render           | Saved: 'C:\Users\d.grab\Desktop\the-game\ART\characters\act-1-enemies\5.forest-elite-shipomet\production\review\animation_r01\frames\LineCast\side\0034.png'
00:37.844  render           | Saved: 'C:\Users\d.grab\Desktop\the-game\ART\characters\act-1-enemies\5.forest-elite-shipomet\production\review\animation_r01\frames\LineCast\side\0035.png'
00:37.922  render           | Saved: 'C:\Users\d.grab\Desktop\the-game\ART\characters\act-1-enemies\5.forest-elite-shipomet\production\review\animation_r01\frames\LineCast\side\0036.png'
00:38.000  render           | Saved: 'C:\Users\d.grab\Desktop\the-game\ART\characters\act-1-enemies\5.forest-elite-shipomet\production\review\animation_r01\frames\LineCast\side\0037.png'
00:38.078  render           | Saved: 'C:\Users\d.grab\Desktop\the-game\ART\characters\act-1-enemies\5.forest-elite-shipomet\production\review\animation_r01\frames\LineCast\side\0038.png'
00:38.187  render           | Saved: 'C:\Users\d.grab\Desktop\the-game\ART\characters\act-1-enemies\5.forest-elite-shipomet\production\review\animation_r01\frames\LineCast\side\0039.png'
00:38.250  render           | Saved: 'C:\Users\d.grab\Desktop\the-game\ART\characters\act-1-enemies\5.forest-elite-shipomet\production\review\animation_r01\frames\LineCast\side\0040.png'
00:38.328  render           | Saved: 'C:\Users\d.grab\Desktop\the-game\ART\characters\act-1-enemies\5.forest-elite-shipomet\production\review\animation_r01\frames\LineCast\side\0041.png'
00:38.406  render           | Saved: 'C:\Users\d.grab\Desktop\the-game\ART\characters\act-1-enemies\5.forest-elite-shipomet\production\review\animation_r01\frames\LineCast\side\0042.png'
00:38.469  render           | Saved: 'C:\Users\d.grab\Desktop\the-game\ART\characters\act-1-enemies\5.forest-elite-shipomet\production\review\animation_r01\frames\LineCast\side\0043.png'
00:38.531  render           | Saved: 'C:\Users\d.grab\Desktop\the-game\ART\characters\act-1-enemies\5.forest-elite-shipomet\production\review\animation_r01\frames\LineCast\side\0044.png'
00:38.625  render           | Saved: 'C:\Users\d.grab\Desktop\the-game\ART\characters\act-1-enemies\5.forest-elite-shipomet\production\review\animation_r01\frames\LineCast\side\0045.png'
00:38.703  render           | Saved: 'C:\Users\d.grab\Desktop\the-game\ART\characters\act-1-enemies\5.forest-elite-shipomet\production\review\animation_r01\frames\LineCast\side\0046.png'
00:38.781  render           | Saved: 'C:\Users\d.grab\Desktop\the-game\ART\characters\act-1-enemies\5.forest-elite-shipomet\production\review\animation_r01\frames\LineCast\side\0047.png'
00:38.859  render           | Saved: 'C:\Users\d.grab\Desktop\the-game\ART\characters\act-1-enemies\5.forest-elite-shipomet\production\review\animation_r01\frames\LineCast\side\0048.png'
00:38.953  render           | Saved: 'C:\Users\d.grab\Desktop\the-game\ART\characters\act-1-enemies\5.forest-elite-shipomet\production\review\animation_r01\frames\LineCast\side\0049.png'
00:39.047  render           | Saved: 'C:\Users\d.grab\Desktop\the-game\ART\characters\act-1-enemies\5.forest-elite-shipomet\production\review\animation_r01\frames\LineCast\side\0050.png'
00:39.141  render           | Saved: 'C:\Users\d.grab\Desktop\the-game\ART\characters\act-1-enemies\5.forest-elite-shipomet\production\review\animation_r01\frames\LineCast\side\0051.png'
00:39.219  render           | Saved: 'C:\Users\d.grab\Desktop\the-game\ART\characters\act-1-enemies\5.forest-elite-shipomet\production\review\animation_r01\frames\LineCast\side\0052.png'
00:39.312  render           | Saved: 'C:\Users\d.grab\Desktop\the-game\ART\characters\act-1-enemies\5.forest-elite-shipomet\production\review\animation_r01\frames\LineCast\side\0053.png'
00:39.391  render           | Saved: 'C:\Users\d.grab\Desktop\the-game\ART\characters\act-1-enemies\5.forest-elite-shipomet\production\review\animation_r01\frames\LineCast\side\0054.png'
00:39.469  render           | Saved: 'C:\Users\d.grab\Desktop\the-game\ART\characters\act-1-enemies\5.forest-elite-shipomet\production\review\animation_r01\frames\LineCast\side\0055.png'
00:39.547  render           | Saved: 'C:\Users\d.grab\Desktop\the-game\ART\characters\act-1-enemies\5.forest-elite-shipomet\production\review\animation_r01\frames\LineCast\side\0056.png'
00:39.625  render           | Saved: 'C:\Users\d.grab\Desktop\the-game\ART\characters\act-1-enemies\5.forest-elite-shipomet\production\review\animation_r01\frames\LineCast\side\0057.png'
00:39.703  render           | Saved: 'C:\Users\d.grab\Desktop\the-game\ART\characters\act-1-enemies\5.forest-elite-shipomet\production\review\animation_r01\frames\LineCast\side\0058.png'
00:39.766  render           | Saved: 'C:\Users\d.grab\Desktop\the-game\ART\characters\act-1-enemies\5.forest-elite-shipomet\production\review\animation_r01\frames\LineCast\side\0059.png'
00:39.844  render           | Saved: 'C:\Users\d.grab\Desktop\the-game\ART\characters\act-1-enemies\5.forest-elite-shipomet\production\review\animation_r01\frames\LineCast\side\0060.png'
00:39.906  render           | Saved: 'C:\Users\d.grab\Desktop\the-game\ART\characters\act-1-enemies\5.forest-elite-shipomet\production\review\animation_r01\frames\LineCast\side\0061.png'
00:39.984  render           | Saved: 'C:\Users\d.grab\Desktop\the-game\ART\characters\act-1-enemies\5.forest-elite-shipomet\production\review\animation_r01\frames\LineCast\side\0062.png'
00:40.062  render           | Saved: 'C:\Users\d.grab\Desktop\the-game\ART\characters\act-1-enemies\5.forest-elite-shipomet\production\review\animation_r01\frames\LineCast\side\0063.png'
00:40.141  render           | Saved: 'C:\Users\d.grab\Desktop\the-game\ART\characters\act-1-enemies\5.forest-elite-shipomet\production\review\animation_r01\frames\LineCast\side\0064.png'
00:40.219  render           | Saved: 'C:\Users\d.grab\Desktop\the-game\ART\characters\act-1-enemies\5.forest-elite-shipomet\production\review\animation_r01\frames\LineCast\side\0065.png'
00:40.312  render           | Saved: 'C:\Users\d.grab\Desktop\the-game\ART\characters\act-1-enemies\5.forest-elite-shipomet\production\review\animation_r01\frames\LineCast\side\0066.png'
00:40.406  render           | Saved: 'C:\Users\d.grab\Desktop\the-game\ART\characters\act-1-enemies\5.forest-elite-shipomet\production\review\animation_r01\frames\LineCast\side\0067.png'
00:40.484  render           | Saved: 'C:\Users\d.grab\Desktop\the-game\ART\characters\act-1-enemies\5.forest-elite-shipomet\production\review\animation_r01\frames\LineCast\side\0068.png'
00:40.547  render           | Saved: 'C:\Users\d.grab\Desktop\the-game\ART\characters\act-1-enemies\5.forest-elite-shipomet\production\review\animation_r01\frames\LineCast\side\0069.png'
00:40.641  render           | Saved: 'C:\Users\d.grab\Desktop\the-game\ART\characters\act-1-enemies\5.forest-elite-shipomet\production\review\animation_r01\frames\LineCast\side\0070.png'
00:40.703  render           | Saved: 'C:\Users\d.grab\Desktop\the-game\ART\characters\act-1-enemies\5.forest-elite-shipomet\production\review\animation_r01\frames\LineCast\side\0071.png'
00:40.766  render           | Saved: 'C:\Users\d.grab\Desktop\the-game\ART\characters\act-1-enemies\5.forest-elite-shipomet\production\review\animation_r01\frames\LineCast\side\0072.png'
00:40.844  render           | Saved: 'C:\Users\d.grab\Desktop\the-game\ART\characters\act-1-enemies\5.forest-elite-shipomet\production\review\animation_r01\frames\LineCast\side\0073.png'
00:40.891  render           | Saved: 'C:\Users\d.grab\Desktop\the-game\ART\characters\act-1-enemies\5.forest-elite-shipomet\production\review\animation_r01\frames\LineCast\side\0074.png'
00:40.969  render           | Saved: 'C:\Users\d.grab\Desktop\the-game\ART\characters\act-1-enemies\5.forest-elite-shipomet\production\review\animation_r01\frames\LineCast\side\0075.png'
RENDERED LineCast side 76
00:41.047  render           | Saved: 'C:\Users\d.grab\Desktop\the-game\ART\characters\act-1-enemies\5.forest-elite-shipomet\production\review\animation_r01\frames\Burst\game\0000.png'
00:41.125  render           | Saved: 'C:\Users\d.grab\Desktop\the-game\ART\characters\act-1-enemies\5.forest-elite-shipomet\production\review\animation_r01\frames\Burst\game\0001.png'
00:41.203  render           | Saved: 'C:\Users\d.grab\Desktop\the-game\ART\characters\act-1-enemies\5.forest-elite-shipomet\production\review\animation_r01\frames\Burst\game\0002.png'
00:41.281  render           | Saved: 'C:\Users\d.grab\Desktop\the-game\ART\characters\act-1-enemies\5.forest-elite-shipomet\production\review\animation_r01\frames\Burst\game\0003.png'
00:41.344  render           | Saved: 'C:\Users\d.grab\Desktop\the-game\ART\characters\act-1-enemies\5.forest-elite-shipomet\production\review\animation_r01\frames\Burst\game\0004.png'
00:41.437  render           | Saved: 'C:\Users\d.grab\Desktop\the-game\ART\characters\act-1-enemies\5.forest-elite-shipomet\production\review\animation_r01\frames\Burst\game\0005.png'
00:41.500  render           | Saved: 'C:\Users\d.grab\Desktop\the-game\ART\characters\act-1-enemies\5.forest-elite-shipomet\production\review\animation_r01\frames\Burst\game\0006.png'
00:41.594  render           | Saved: 'C:\Users\d.grab\Desktop\the-game\ART\characters\act-1-enemies\5.forest-elite-shipomet\production\review\animation_r01\frames\Burst\game\0007.png'
00:41.672  render           | Saved: 'C:\Users\d.grab\Desktop\the-game\ART\characters\act-1-enemies\5.forest-elite-shipomet\production\review\animation_r01\frames\Burst\game\0008.png'
00:41.766  render           | Saved: 'C:\Users\d.grab\Desktop\the-game\ART\characters\act-1-enemies\5.forest-elite-shipomet\production\review\animation_r01\frames\Burst\game\0009.png'
00:41.875  render           | Saved: 'C:\Users\d.grab\Desktop\the-game\ART\characters\act-1-enemies\5.forest-elite-shipomet\production\review\animation_r01\frames\Burst\game\0010.png'
00:41.953  render           | Saved: 'C:\Users\d.grab\Desktop\the-game\ART\characters\act-1-enemies\5.forest-elite-shipomet\production\review\animation_r01\frames\Burst\game\0011.png'
00:42.016  render           | Saved: 'C:\Users\d.grab\Desktop\the-game\ART\characters\act-1-enemies\5.forest-elite-shipomet\production\review\animation_r01\frames\Burst\game\0012.png'
00:42.094  render           | Saved: 'C:\Users\d.grab\Desktop\the-game\ART\characters\act-1-enemies\5.forest-elite-shipomet\production\review\animation_r01\frames\Burst\game\0013.png'
00:42.172  render           | Saved: 'C:\Users\d.grab\Desktop\the-game\ART\characters\act-1-enemies\5.forest-elite-shipomet\production\review\animation_r01\frames\Burst\game\0014.png'
00:42.234  render           | Saved: 'C:\Users\d.grab\Desktop\the-game\ART\characters\act-1-enemies\5.forest-elite-shipomet\production\review\animation_r01\frames\Burst\game\0015.png'
00:42.328  render           | Saved: 'C:\Users\d.grab\Desktop\the-game\ART\characters\act-1-enemies\5.forest-elite-shipomet\production\review\animation_r01\frames\Burst\game\0016.png'
00:42.406  render           | Saved: 'C:\Users\d.grab\Desktop\the-game\ART\characters\act-1-enemies\5.forest-elite-shipomet\production\review\animation_r01\frames\Burst\game\0017.png'
00:42.484  render           | Saved: 'C:\Users\d.grab\Desktop\the-game\ART\characters\act-1-enemies\5.forest-elite-shipomet\production\review\animation_r01\frames\Burst\game\0018.png'
00:42.562  render           | Saved: 'C:\Users\d.grab\Desktop\the-game\ART\characters\act-1-enemies\5.forest-elite-shipomet\production\review\animation_r01\frames\Burst\game\0019.png'
00:42.641  render           | Saved: 'C:\Users\d.grab\Desktop\the-game\ART\characters\act-1-enemies\5.forest-elite-shipomet\production\review\animation_r01\frames\Burst\game\0020.png'
00:42.719  render           | Saved: 'C:\Users\d.grab\Desktop\the-game\ART\characters\act-1-enemies\5.forest-elite-shipomet\production\review\animation_r01\frames\Burst\game\0021.png'
00:42.812  render           | Saved: 'C:\Users\d.grab\Desktop\the-game\ART\characters\act-1-enemies\5.forest-elite-shipomet\production\review\animation_r01\frames\Burst\game\0022.png'
00:42.922  render           | Saved: 'C:\Users\d.grab\Desktop\the-game\ART\characters\act-1-enemies\5.forest-elite-shipomet\production\review\animation_r01\frames\Burst\game\0023.png'
00:43.016  render           | Saved: 'C:\Users\d.grab\Desktop\the-game\ART\characters\act-1-enemies\5.forest-elite-shipomet\production\review\animation_r01\frames\Burst\game\0024.png'
00:43.109  render           | Saved: 'C:\Users\d.grab\Desktop\the-game\ART\characters\act-1-enemies\5.forest-elite-shipomet\production\review\animation_r01\frames\Burst\game\0025.png'
00:43.172  render           | Saved: 'C:\Users\d.grab\Desktop\the-game\ART\characters\act-1-enemies\5.forest-elite-shipomet\production\review\animation_r01\frames\Burst\game\0026.png'
00:43.266  render           | Saved: 'C:\Users\d.grab\Desktop\the-game\ART\characters\act-1-enemies\5.forest-elite-shipomet\production\review\animation_r01\frames\Burst\game\0027.png'
00:43.328  render           | Saved: 'C:\Users\d.grab\Desktop\the-game\ART\characters\act-1-enemies\5.forest-elite-shipomet\production\review\animation_r01\frames\Burst\game\0028.png'
00:43.391  render           | Saved: 'C:\Users\d.grab\Desktop\the-game\ART\characters\act-1-enemies\5.forest-elite-shipomet\production\review\animation_r01\frames\Burst\game\0029.png'
00:43.484  render           | Saved: 'C:\Users\d.grab\Desktop\the-game\ART\characters\act-1-enemies\5.forest-elite-shipomet\production\review\animation_r01\frames\Burst\game\0030.png'
00:43.562  render           | Saved: 'C:\Users\d.grab\Desktop\the-game\ART\characters\act-1-enemies\5.forest-elite-shipomet\production\review\animation_r01\frames\Burst\game\0031.png'
00:43.625  render           | Saved: 'C:\Users\d.grab\Desktop\the-game\ART\characters\act-1-enemies\5.forest-elite-shipomet\production\review\animation_r01\frames\Burst\game\0032.png'
00:43.719  render           | Saved: 'C:\Users\d.grab\Desktop\the-game\ART\characters\act-1-enemies\5.forest-elite-shipomet\production\review\animation_r01\frames\Burst\game\0033.png'
00:43.797  render           | Saved: 'C:\Users\d.grab\Desktop\the-game\ART\characters\act-1-enemies\5.forest-elite-shipomet\production\review\animation_r01\frames\Burst\game\0034.png'
00:43.875  render           | Saved: 'C:\Users\d.grab\Desktop\the-game\ART\characters\act-1-enemies\5.forest-elite-shipomet\production\review\animation_r01\frames\Burst\game\0035.png'
00:43.953  render           | Saved: 'C:\Users\d.grab\Desktop\the-game\ART\characters\act-1-enemies\5.forest-elite-shipomet\production\review\animation_r01\frames\Burst\game\0036.png'
RENDERED Burst game 37
00:44.078  render           | Saved: 'C:\Users\d.grab\Desktop\the-game\ART\characters\act-1-enemies\5.forest-elite-shipomet\production\review\animation_r01\frames\Burst\side\0000.png'
00:44.203  render           | Saved: 'C:\Users\d.grab\Desktop\the-game\ART\characters\act-1-enemies\5.forest-elite-shipomet\production\review\animation_r01\frames\Burst\side\0001.png'
00:44.312  render           | Saved: 'C:\Users\d.grab\Desktop\the-game\ART\characters\act-1-enemies\5.forest-elite-shipomet\production\review\animation_r01\frames\Burst\side\0002.png'
00:44.406  render           | Saved: 'C:\Users\d.grab\Desktop\the-game\ART\characters\act-1-enemies\5.forest-elite-shipomet\production\review\animation_r01\frames\Burst\side\0003.png'
00:44.484  render           | Saved: 'C:\Users\d.grab\Desktop\the-game\ART\characters\act-1-enemies\5.forest-elite-shipomet\production\review\animation_r01\frames\Burst\side\0004.png'
00:44.578  render           | Saved: 'C:\Users\d.grab\Desktop\the-game\ART\characters\act-1-enemies\5.forest-elite-shipomet\production\review\animation_r01\frames\Burst\side\0005.png'
00:44.656  render           | Saved: 'C:\Users\d.grab\Desktop\the-game\ART\characters\act-1-enemies\5.forest-elite-shipomet\production\review\animation_r01\frames\Burst\side\0006.png'
00:44.719  render           | Saved: 'C:\Users\d.grab\Desktop\the-game\ART\characters\act-1-enemies\5.forest-elite-shipomet\production\review\animation_r01\frames\Burst\side\0007.png'
00:44.797  render           | Saved: 'C:\Users\d.grab\Desktop\the-game\ART\characters\act-1-enemies\5.forest-elite-shipomet\production\review\animation_r01\frames\Burst\side\0008.png'
00:44.859  render           | Saved: 'C:\Users\d.grab\Desktop\the-game\ART\characters\act-1-enemies\5.forest-elite-shipomet\production\review\animation_r01\frames\Burst\side\0009.png'
00:44.937  render           | Saved: 'C:\Users\d.grab\Desktop\the-game\ART\characters\act-1-enemies\5.forest-elite-shipomet\production\review\animation_r01\frames\Burst\side\0010.png'
00:45.016  render           | Saved: 'C:\Users\d.grab\Desktop\the-game\ART\characters\act-1-enemies\5.forest-elite-shipomet\production\review\animation_r01\frames\Burst\side\0011.png'
00:45.078  render           | Saved: 'C:\Users\d.grab\Desktop\the-game\ART\characters\act-1-enemies\5.forest-elite-shipomet\production\review\animation_r01\frames\Burst\side\0012.png'
00:45.187  render           | Saved: 'C:\Users\d.grab\Desktop\the-game\ART\characters\act-1-enemies\5.forest-elite-shipomet\production\review\animation_r01\frames\Burst\side\0013.png'
00:45.266  render           | Saved: 'C:\Users\d.grab\Desktop\the-game\ART\characters\act-1-enemies\5.forest-elite-shipomet\production\review\animation_r01\frames\Burst\side\0014.png'
00:45.359  render           | Saved: 'C:\Users\d.grab\Desktop\the-game\ART\characters\act-1-enemies\5.forest-elite-shipomet\production\review\animation_r01\frames\Burst\side\0015.png'
00:45.437  render           | Saved: 'C:\Users\d.grab\Desktop\the-game\ART\characters\act-1-enemies\5.forest-elite-shipomet\production\review\animation_r01\frames\Burst\side\0016.png'
00:45.531  render           | Saved: 'C:\Users\d.grab\Desktop\the-game\ART\characters\act-1-enemies\5.forest-elite-shipomet\production\review\animation_r01\frames\Burst\side\0017.png'
00:45.609  render           | Saved: 'C:\Users\d.grab\Desktop\the-game\ART\characters\act-1-enemies\5.forest-elite-shipomet\production\review\animation_r01\frames\Burst\side\0018.png'
00:45.687  render           | Saved: 'C:\Users\d.grab\Desktop\the-game\ART\characters\act-1-enemies\5.forest-elite-shipomet\production\review\animation_r01\frames\Burst\side\0019.png'
00:45.750  render           | Saved: 'C:\Users\d.grab\Desktop\the-game\ART\characters\act-1-enemies\5.forest-elite-shipomet\production\review\animation_r01\frames\Burst\side\0020.png'
00:45.812  render           | Saved: 'C:\Users\d.grab\Desktop\the-game\ART\characters\act-1-enemies\5.forest-elite-shipomet\production\review\animation_r01\frames\Burst\side\0021.png'
00:45.875  render           | Saved: 'C:\Users\d.grab\Desktop\the-game\ART\characters\act-1-enemies\5.forest-elite-shipomet\production\review\animation_r01\frames\Burst\side\0022.png'
00:45.953  render           | Saved: 'C:\Users\d.grab\Desktop\the-game\ART\characters\act-1-enemies\5.forest-elite-shipomet\production\review\animation_r01\frames\Burst\side\0023.png'
00:46.031  render           | Saved: 'C:\Users\d.grab\Desktop\the-game\ART\characters\act-1-enemies\5.forest-elite-shipomet\production\review\animation_r01\frames\Burst\side\0024.png'
00:46.094  render           | Saved: 'C:\Users\d.grab\Desktop\the-game\ART\characters\act-1-enemies\5.forest-elite-shipomet\production\review\animation_r01\frames\Burst\side\0025.png'
00:46.172  render           | Saved: 'C:\Users\d.grab\Desktop\the-game\ART\characters\act-1-enemies\5.forest-elite-shipomet\production\review\animation_r01\frames\Burst\side\0026.png'
00:46.250  render           | Saved: 'C:\Users\d.grab\Desktop\the-game\ART\characters\act-1-enemies\5.forest-elite-shipomet\production\review\animation_r01\frames\Burst\side\0027.png'
00:46.328  render           | Saved: 'C:\Users\d.grab\Desktop\the-game\ART\characters\act-1-enemies\5.forest-elite-shipomet\production\review\animation_r01\frames\Burst\side\0028.png'
00:46.406  render           | Saved: 'C:\Users\d.grab\Desktop\the-game\ART\characters\act-1-enemies\5.forest-elite-shipomet\production\review\animation_r01\frames\Burst\side\0029.png'
00:46.484  render           | Saved: 'C:\Users\d.grab\Desktop\the-game\ART\characters\act-1-enemies\5.forest-elite-shipomet\production\review\animation_r01\frames\Burst\side\0030.png'
00:46.562  render           | Saved: 'C:\Users\d.grab\Desktop\the-game\ART\characters\act-1-enemies\5.forest-elite-shipomet\production\review\animation_r01\frames\Burst\side\0031.png'
00:46.641  render           | Saved: 'C:\Users\d.grab\Desktop\the-game\ART\characters\act-1-enemies\5.forest-elite-shipomet\production\review\animation_r01\frames\Burst\side\0032.png'
00:46.719  render           | Saved: 'C:\Users\d.grab\Desktop\the-game\ART\characters\act-1-enemies\5.forest-elite-shipomet\production\review\animation_r01\frames\Burst\side\0033.png'
00:46.797  render           | Saved: 'C:\Users\d.grab\Desktop\the-game\ART\characters\act-1-enemies\5.forest-elite-shipomet\production\review\animation_r01\frames\Burst\side\0034.png'
00:46.875  render           | Saved: 'C:\Users\d.grab\Desktop\the-game\ART\characters\act-1-enemies\5.forest-elite-shipomet\production\review\animation_r01\frames\Burst\side\0035.png'
00:46.953  render           | Saved: 'C:\Users\d.grab\Desktop\the-game\ART\characters\act-1-enemies\5.forest-elite-shipomet\production\review\animation_r01\frames\Burst\side\0036.png'
RENDERED Burst side 37
00:47.031  render           | Saved: 'C:\Users\d.grab\Desktop\the-game\ART\characters\act-1-enemies\5.forest-elite-shipomet\production\review\animation_r01\frames\Shot\game\0000.png'
00:47.094  render           | Saved: 'C:\Users\d.grab\Desktop\the-game\ART\characters\act-1-enemies\5.forest-elite-shipomet\production\review\animation_r01\frames\Shot\game\0001.png'
00:47.156  render           | Saved: 'C:\Users\d.grab\Desktop\the-game\ART\characters\act-1-enemies\5.forest-elite-shipomet\production\review\animation_r01\frames\Shot\game\0002.png'
00:47.219  render           | Saved: 'C:\Users\d.grab\Desktop\the-game\ART\characters\act-1-enemies\5.forest-elite-shipomet\production\review\animation_r01\frames\Shot\game\0003.png'
00:47.312  render           | Saved: 'C:\Users\d.grab\Desktop\the-game\ART\characters\act-1-enemies\5.forest-elite-shipomet\production\review\animation_r01\frames\Shot\game\0004.png'
00:47.391  render           | Saved: 'C:\Users\d.grab\Desktop\the-game\ART\characters\act-1-enemies\5.forest-elite-shipomet\production\review\animation_r01\frames\Shot\game\0005.png'
00:47.469  render           | Saved: 'C:\Users\d.grab\Desktop\the-game\ART\characters\act-1-enemies\5.forest-elite-shipomet\production\review\animation_r01\frames\Shot\game\0006.png'
00:47.547  render           | Saved: 'C:\Users\d.grab\Desktop\the-game\ART\characters\act-1-enemies\5.forest-elite-shipomet\production\review\animation_r01\frames\Shot\game\0007.png'
00:47.641  render           | Saved: 'C:\Users\d.grab\Desktop\the-game\ART\characters\act-1-enemies\5.forest-elite-shipomet\production\review\animation_r01\frames\Shot\game\0008.png'
00:47.719  render           | Saved: 'C:\Users\d.grab\Desktop\the-game\ART\characters\act-1-enemies\5.forest-elite-shipomet\production\review\animation_r01\frames\Shot\game\0009.png'
00:47.797  render           | Saved: 'C:\Users\d.grab\Desktop\the-game\ART\characters\act-1-enemies\5.forest-elite-shipomet\production\review\animation_r01\frames\Shot\game\0010.png'
00:47.875  render           | Saved: 'C:\Users\d.grab\Desktop\the-game\ART\characters\act-1-enemies\5.forest-elite-shipomet\production\review\animation_r01\frames\Shot\game\0011.png'
00:47.984  render           | Saved: 'C:\Users\d.grab\Desktop\the-game\ART\characters\act-1-enemies\5.forest-elite-shipomet\production\review\animation_r01\frames\Shot\game\0012.png'
00:48.047  render           | Saved: 'C:\Users\d.grab\Desktop\the-game\ART\characters\act-1-enemies\5.forest-elite-shipomet\production\review\animation_r01\frames\Shot\game\0013.png'
00:48.125  render           | Saved: 'C:\Users\d.grab\Desktop\the-game\ART\characters\act-1-enemies\5.forest-elite-shipomet\production\review\animation_r01\frames\Shot\game\0014.png'
00:48.203  render           | Saved: 'C:\Users\d.grab\Desktop\the-game\ART\characters\act-1-enemies\5.forest-elite-shipomet\production\review\animation_r01\frames\Shot\game\0015.png'
00:48.281  render           | Saved: 'C:\Users\d.grab\Desktop\the-game\ART\characters\act-1-enemies\5.forest-elite-shipomet\production\review\animation_r01\frames\Shot\game\0016.png'
00:48.344  render           | Saved: 'C:\Users\d.grab\Desktop\the-game\ART\characters\act-1-enemies\5.forest-elite-shipomet\production\review\animation_r01\frames\Shot\game\0017.png'
00:48.422  render           | Saved: 'C:\Users\d.grab\Desktop\the-game\ART\characters\act-1-enemies\5.forest-elite-shipomet\production\review\animation_r01\frames\Shot\game\0018.png'
00:48.484  render           | Saved: 'C:\Users\d.grab\Desktop\the-game\ART\characters\act-1-enemies\5.forest-elite-shipomet\production\review\animation_r01\frames\Shot\game\0019.png'
00:48.562  render           | Saved: 'C:\Users\d.grab\Desktop\the-game\ART\characters\act-1-enemies\5.forest-elite-shipomet\production\review\animation_r01\frames\Shot\game\0020.png'
00:48.641  render           | Saved: 'C:\Users\d.grab\Desktop\the-game\ART\characters\act-1-enemies\5.forest-elite-shipomet\production\review\animation_r01\frames\Shot\game\0021.png'
00:48.734  render           | Saved: 'C:\Users\d.grab\Desktop\the-game\ART\characters\act-1-enemies\5.forest-elite-shipomet\production\review\animation_r01\frames\Shot\game\0022.png'
00:48.812  render           | Saved: 'C:\Users\d.grab\Desktop\the-game\ART\characters\act-1-enemies\5.forest-elite-shipomet\production\review\animation_r01\frames\Shot\game\0023.png'
00:48.891  render           | Saved: 'C:\Users\d.grab\Desktop\the-game\ART\characters\act-1-enemies\5.forest-elite-shipomet\production\review\animation_r01\frames\Shot\game\0024.png'
00:48.984  render           | Saved: 'C:\Users\d.grab\Desktop\the-game\ART\characters\act-1-enemies\5.forest-elite-shipomet\production\review\animation_r01\frames\Shot\game\0025.png'
00:49.094  render           | Saved: 'C:\Users\d.grab\Desktop\the-game\ART\characters\act-1-enemies\5.forest-elite-shipomet\production\review\animation_r01\frames\Shot\game\0026.png'
00:49.187  render           | Saved: 'C:\Users\d.grab\Desktop\the-game\ART\characters\act-1-enemies\5.forest-elite-shipomet\production\review\animation_r01\frames\Shot\game\0027.png'
00:49.266  render           | Saved: 'C:\Users\d.grab\Desktop\the-game\ART\characters\act-1-enemies\5.forest-elite-shipomet\production\review\animation_r01\frames\Shot\game\0028.png'
00:49.359  render           | Saved: 'C:\Users\d.grab\Desktop\the-game\ART\characters\act-1-enemies\5.forest-elite-shipomet\production\review\animation_r01\frames\Shot\game\0029.png'
00:49.437  render           | Saved: 'C:\Users\d.grab\Desktop\the-game\ART\characters\act-1-enemies\5.forest-elite-shipomet\production\review\animation_r01\frames\Shot\game\0030.png'
00:49.516  render           | Saved: 'C:\Users\d.grab\Desktop\the-game\ART\characters\act-1-enemies\5.forest-elite-shipomet\production\review\animation_r01\frames\Shot\game\0031.png'
00:49.594  render           | Saved: 'C:\Users\d.grab\Desktop\the-game\ART\characters\act-1-enemies\5.forest-elite-shipomet\production\review\animation_r01\frames\Shot\game\0032.png'
00:49.672  render           | Saved: 'C:\Users\d.grab\Desktop\the-game\ART\characters\act-1-enemies\5.forest-elite-shipomet\production\review\animation_r01\frames\Shot\game\0033.png'
RENDERED Shot game 34
00:49.750  render           | Saved: 'C:\Users\d.grab\Desktop\the-game\ART\characters\act-1-enemies\5.forest-elite-shipomet\production\review\animation_r01\frames\Shot\side\0000.png'
00:49.828  render           | Saved: 'C:\Users\d.grab\Desktop\the-game\ART\characters\act-1-enemies\5.forest-elite-shipomet\production\review\animation_r01\frames\Shot\side\0001.png'
00:49.891  render           | Saved: 'C:\Users\d.grab\Desktop\the-game\ART\characters\act-1-enemies\5.forest-elite-shipomet\production\review\animation_r01\frames\Shot\side\0002.png'
00:49.984  render           | Saved: 'C:\Users\d.grab\Desktop\the-game\ART\characters\act-1-enemies\5.forest-elite-shipomet\production\review\animation_r01\frames\Shot\side\0003.png'
00:50.062  render           | Saved: 'C:\Users\d.grab\Desktop\the-game\ART\characters\act-1-enemies\5.forest-elite-shipomet\production\review\animation_r01\frames\Shot\side\0004.png'
00:50.141  render           | Saved: 'C:\Users\d.grab\Desktop\the-game\ART\characters\act-1-enemies\5.forest-elite-shipomet\production\review\animation_r01\frames\Shot\side\0005.png'
00:50.219  render           | Saved: 'C:\Users\d.grab\Desktop\the-game\ART\characters\act-1-enemies\5.forest-elite-shipomet\production\review\animation_r01\frames\Shot\side\0006.png'
00:50.328  render           | Saved: 'C:\Users\d.grab\Desktop\the-game\ART\characters\act-1-enemies\5.forest-elite-shipomet\production\review\animation_r01\frames\Shot\side\0007.png'
00:50.422  render           | Saved: 'C:\Users\d.grab\Desktop\the-game\ART\characters\act-1-enemies\5.forest-elite-shipomet\production\review\animation_r01\frames\Shot\side\0008.png'
00:50.516  render           | Saved: 'C:\Users\d.grab\Desktop\the-game\ART\characters\act-1-enemies\5.forest-elite-shipomet\production\review\animation_r01\frames\Shot\side\0009.png'
00:50.594  render           | Saved: 'C:\Users\d.grab\Desktop\the-game\ART\characters\act-1-enemies\5.forest-elite-shipomet\production\review\animation_r01\frames\Shot\side\0010.png'
00:50.687  render           | Saved: 'C:\Users\d.grab\Desktop\the-game\ART\characters\act-1-enemies\5.forest-elite-shipomet\production\review\animation_r01\frames\Shot\side\0011.png'
00:50.766  render           | Saved: 'C:\Users\d.grab\Desktop\the-game\ART\characters\act-1-enemies\5.forest-elite-shipomet\production\review\animation_r01\frames\Shot\side\0012.png'
00:50.844  render           | Saved: 'C:\Users\d.grab\Desktop\the-game\ART\characters\act-1-enemies\5.forest-elite-shipomet\production\review\animation_r01\frames\Shot\side\0013.png'
00:50.906  render           | Saved: 'C:\Users\d.grab\Desktop\the-game\ART\characters\act-1-enemies\5.forest-elite-shipomet\production\review\animation_r01\frames\Shot\side\0014.png'
00:50.984  render           | Saved: 'C:\Users\d.grab\Desktop\the-game\ART\characters\act-1-enemies\5.forest-elite-shipomet\production\review\animation_r01\frames\Shot\side\0015.png'
00:51.062  render           | Saved: 'C:\Users\d.grab\Desktop\the-game\ART\characters\act-1-enemies\5.forest-elite-shipomet\production\review\animation_r01\frames\Shot\side\0016.png'
00:51.156  render           | Saved: 'C:\Users\d.grab\Desktop\the-game\ART\characters\act-1-enemies\5.forest-elite-shipomet\production\review\animation_r01\frames\Shot\side\0017.png'
00:51.234  render           | Saved: 'C:\Users\d.grab\Desktop\the-game\ART\characters\act-1-enemies\5.forest-elite-shipomet\production\review\animation_r01\frames\Shot\side\0018.png'
00:51.312  render           | Saved: 'C:\Users\d.grab\Desktop\the-game\ART\characters\act-1-enemies\5.forest-elite-shipomet\production\review\animation_r01\frames\Shot\side\0019.png'
00:51.406  render           | Saved: 'C:\Users\d.grab\Desktop\the-game\ART\characters\act-1-enemies\5.forest-elite-shipomet\production\review\animation_r01\frames\Shot\side\0020.png'
00:51.516  render           | Saved: 'C:\Users\d.grab\Desktop\the-game\ART\characters\act-1-enemies\5.forest-elite-shipomet\production\review\animation_r01\frames\Shot\side\0021.png'
00:51.641  render           | Saved: 'C:\Users\d.grab\Desktop\the-game\ART\characters\act-1-enemies\5.forest-elite-shipomet\production\review\animation_r01\frames\Shot\side\0022.png'
00:51.750  render           | Saved: 'C:\Users\d.grab\Desktop\the-game\ART\characters\act-1-enemies\5.forest-elite-shipomet\production\review\animation_r01\frames\Shot\side\0023.png'
00:51.844  render           | Saved: 'C:\Users\d.grab\Desktop\the-game\ART\characters\act-1-enemies\5.forest-elite-shipomet\production\review\animation_r01\frames\Shot\side\0024.png'
00:51.953  render           | Saved: 'C:\Users\d.grab\Desktop\the-game\ART\characters\act-1-enemies\5.forest-elite-shipomet\production\review\animation_r01\frames\Shot\side\0025.png'
00:52.062  render           | Saved: 'C:\Users\d.grab\Desktop\the-game\ART\characters\act-1-enemies\5.forest-elite-shipomet\production\review\animation_r01\frames\Shot\side\0026.png'
00:52.156  render           | Saved: 'C:\Users\d.grab\Desktop\the-game\ART\characters\act-1-enemies\5.forest-elite-shipomet\production\review\animation_r01\frames\Shot\side\0027.png'
00:52.234  render           | Saved: 'C:\Users\d.grab\Desktop\the-game\ART\characters\act-1-enemies\5.forest-elite-shipomet\production\review\animation_r01\frames\Shot\side\0028.png'
00:52.297  render           | Saved: 'C:\Users\d.grab\Desktop\the-game\ART\characters\act-1-enemies\5.forest-elite-shipomet\production\review\animation_r01\frames\Shot\side\0029.png'
00:52.391  render           | Saved: 'C:\Users\d.grab\Desktop\the-game\ART\characters\act-1-enemies\5.forest-elite-shipomet\production\review\animation_r01\frames\Shot\side\0030.png'
00:52.453  render           | Saved: 'C:\Users\d.grab\Desktop\the-game\ART\characters\act-1-enemies\5.forest-elite-shipomet\production\review\animation_r01\frames\Shot\side\0031.png'
00:52.531  render           | Saved: 'C:\Users\d.grab\Desktop\the-game\ART\characters\act-1-enemies\5.forest-elite-shipomet\production\review\animation_r01\frames\Shot\side\0032.png'
00:52.625  render           | Saved: 'C:\Users\d.grab\Desktop\the-game\ART\characters\act-1-enemies\5.forest-elite-shipomet\production\review\animation_r01\frames\Shot\side\0033.png'
RENDERED Shot side 34
00:52.719  render           | Saved: 'C:\Users\d.grab\Desktop\the-game\ART\characters\act-1-enemies\5.forest-elite-shipomet\production\review\animation_r01\frames\Hit\game\0000.png'
00:52.812  render           | Saved: 'C:\Users\d.grab\Desktop\the-game\ART\characters\act-1-enemies\5.forest-elite-shipomet\production\review\animation_r01\frames\Hit\game\0001.png'
00:52.906  render           | Saved: 'C:\Users\d.grab\Desktop\the-game\ART\characters\act-1-enemies\5.forest-elite-shipomet\production\review\animation_r01\frames\Hit\game\0002.png'
00:52.984  render           | Saved: 'C:\Users\d.grab\Desktop\the-game\ART\characters\act-1-enemies\5.forest-elite-shipomet\production\review\animation_r01\frames\Hit\game\0003.png'
00:53.062  render           | Saved: 'C:\Users\d.grab\Desktop\the-game\ART\characters\act-1-enemies\5.forest-elite-shipomet\production\review\animation_r01\frames\Hit\game\0004.png'
00:53.172  render           | Saved: 'C:\Users\d.grab\Desktop\the-game\ART\characters\act-1-enemies\5.forest-elite-shipomet\production\review\animation_r01\frames\Hit\game\0005.png'
00:53.266  render           | Saved: 'C:\Users\d.grab\Desktop\the-game\ART\characters\act-1-enemies\5.forest-elite-shipomet\production\review\animation_r01\frames\Hit\game\0006.png'
00:53.344  render           | Saved: 'C:\Users\d.grab\Desktop\the-game\ART\characters\act-1-enemies\5.forest-elite-shipomet\production\review\animation_r01\frames\Hit\game\0007.png'
00:53.422  render           | Saved: 'C:\Users\d.grab\Desktop\the-game\ART\characters\act-1-enemies\5.forest-elite-shipomet\production\review\animation_r01\frames\Hit\game\0008.png'
00:53.500  render           | Saved: 'C:\Users\d.grab\Desktop\the-game\ART\characters\act-1-enemies\5.forest-elite-shipomet\production\review\animation_r01\frames\Hit\game\0009.png'
00:53.562  render           | Saved: 'C:\Users\d.grab\Desktop\the-game\ART\characters\act-1-enemies\5.forest-elite-shipomet\production\review\animation_r01\frames\Hit\game\0010.png'
00:53.641  render           | Saved: 'C:\Users\d.grab\Desktop\the-game\ART\characters\act-1-enemies\5.forest-elite-shipomet\production\review\animation_r01\frames\Hit\game\0011.png'
00:53.719  render           | Saved: 'C:\Users\d.grab\Desktop\the-game\ART\characters\act-1-enemies\5.forest-elite-shipomet\production\review\animation_r01\frames\Hit\game\0012.png'
RENDERED Hit game 13
00:53.781  render           | Saved: 'C:\Users\d.grab\Desktop\the-game\ART\characters\act-1-enemies\5.forest-elite-shipomet\production\review\animation_r01\frames\Hit\side\0000.png'
00:53.859  render           | Saved: 'C:\Users\d.grab\Desktop\the-game\ART\characters\act-1-enemies\5.forest-elite-shipomet\production\review\animation_r01\frames\Hit\side\0001.png'
00:53.937  render           | Saved: 'C:\Users\d.grab\Desktop\the-game\ART\characters\act-1-enemies\5.forest-elite-shipomet\production\review\animation_r01\frames\Hit\side\0002.png'
00:54.016  render           | Saved: 'C:\Users\d.grab\Desktop\the-game\ART\characters\act-1-enemies\5.forest-elite-shipomet\production\review\animation_r01\frames\Hit\side\0003.png'
00:54.125  render           | Saved: 'C:\Users\d.grab\Desktop\the-game\ART\characters\act-1-enemies\5.forest-elite-shipomet\production\review\animation_r01\frames\Hit\side\0004.png'
00:54.219  render           | Saved: 'C:\Users\d.grab\Desktop\the-game\ART\characters\act-1-enemies\5.forest-elite-shipomet\production\review\animation_r01\frames\Hit\side\0005.png'
00:54.312  render           | Saved: 'C:\Users\d.grab\Desktop\the-game\ART\characters\act-1-enemies\5.forest-elite-shipomet\production\review\animation_r01\frames\Hit\side\0006.png'
00:54.391  render           | Saved: 'C:\Users\d.grab\Desktop\the-game\ART\characters\act-1-enemies\5.forest-elite-shipomet\production\review\animation_r01\frames\Hit\side\0007.png'
00:54.469  render           | Saved: 'C:\Users\d.grab\Desktop\the-game\ART\characters\act-1-enemies\5.forest-elite-shipomet\production\review\animation_r01\frames\Hit\side\0008.png'
00:54.547  render           | Saved: 'C:\Users\d.grab\Desktop\the-game\ART\characters\act-1-enemies\5.forest-elite-shipomet\production\review\animation_r01\frames\Hit\side\0009.png'
00:54.609  render           | Saved: 'C:\Users\d.grab\Desktop\the-game\ART\characters\act-1-enemies\5.forest-elite-shipomet\production\review\animation_r01\frames\Hit\side\0010.png'
00:54.672  render           | Saved: 'C:\Users\d.grab\Desktop\the-game\ART\characters\act-1-enemies\5.forest-elite-shipomet\production\review\animation_r01\frames\Hit\side\0011.png'
00:54.734  render           | Saved: 'C:\Users\d.grab\Desktop\the-game\ART\characters\act-1-enemies\5.forest-elite-shipomet\production\review\animation_r01\frames\Hit\side\0012.png'
RENDERED Hit side 13
00:54.812  render           | Saved: 'C:\Users\d.grab\Desktop\the-game\ART\characters\act-1-enemies\5.forest-elite-shipomet\production\review\animation_r01\frames\Death\game\0000.png'
00:54.891  render           | Saved: 'C:\Users\d.grab\Desktop\the-game\ART\characters\act-1-enemies\5.forest-elite-shipomet\production\review\animation_r01\frames\Death\game\0001.png'
00:55.000  render           | Saved: 'C:\Users\d.grab\Desktop\the-game\ART\characters\act-1-enemies\5.forest-elite-shipomet\production\review\animation_r01\frames\Death\game\0002.png'
00:55.078  render           | Saved: 'C:\Users\d.grab\Desktop\the-game\ART\characters\act-1-enemies\5.forest-elite-shipomet\production\review\animation_r01\frames\Death\game\0003.png'
00:55.141  render           | Saved: 'C:\Users\d.grab\Desktop\the-game\ART\characters\act-1-enemies\5.forest-elite-shipomet\production\review\animation_r01\frames\Death\game\0004.png'
00:55.219  render           | Saved: 'C:\Users\d.grab\Desktop\the-game\ART\characters\act-1-enemies\5.forest-elite-shipomet\production\review\animation_r01\frames\Death\game\0005.png'
00:55.328  render           | Saved: 'C:\Users\d.grab\Desktop\the-game\ART\characters\act-1-enemies\5.forest-elite-shipomet\production\review\animation_r01\frames\Death\game\0006.png'
00:55.437  render           | Saved: 'C:\Users\d.grab\Desktop\the-game\ART\characters\act-1-enemies\5.forest-elite-shipomet\production\review\animation_r01\frames\Death\game\0007.png'
00:55.531  render           | Saved: 'C:\Users\d.grab\Desktop\the-game\ART\characters\act-1-enemies\5.forest-elite-shipomet\production\review\animation_r01\frames\Death\game\0008.png'
00:55.625  render           | Saved: 'C:\Users\d.grab\Desktop\the-game\ART\characters\act-1-enemies\5.forest-elite-shipomet\production\review\animation_r01\frames\Death\game\0009.png'
00:55.734  render           | Saved: 'C:\Users\d.grab\Desktop\the-game\ART\characters\act-1-enemies\5.forest-elite-shipomet\production\review\animation_r01\frames\Death\game\0010.png'
00:55.828  render           | Saved: 'C:\Users\d.grab\Desktop\the-game\ART\characters\act-1-enemies\5.forest-elite-shipomet\production\review\animation_r01\frames\Death\game\0011.png'
00:55.922  render           | Saved: 'C:\Users\d.grab\Desktop\the-game\ART\characters\act-1-enemies\5.forest-elite-shipomet\production\review\animation_r01\frames\Death\game\0012.png'
00:55.984  render           | Saved: 'C:\Users\d.grab\Desktop\the-game\ART\characters\act-1-enemies\5.forest-elite-shipomet\production\review\animation_r01\frames\Death\game\0013.png'
00:56.078  render           | Saved: 'C:\Users\d.grab\Desktop\the-game\ART\characters\act-1-enemies\5.forest-elite-shipomet\production\review\animation_r01\frames\Death\game\0014.png'
00:56.187  render           | Saved: 'C:\Users\d.grab\Desktop\the-game\ART\characters\act-1-enemies\5.forest-elite-shipomet\production\review\animation_r01\frames\Death\game\0015.png'
00:56.281  render           | Saved: 'C:\Users\d.grab\Desktop\the-game\ART\characters\act-1-enemies\5.forest-elite-shipomet\production\review\animation_r01\frames\Death\game\0016.png'
00:56.359  render           | Saved: 'C:\Users\d.grab\Desktop\the-game\ART\characters\act-1-enemies\5.forest-elite-shipomet\production\review\animation_r01\frames\Death\game\0017.png'
00:56.437  render           | Saved: 'C:\Users\d.grab\Desktop\the-game\ART\characters\act-1-enemies\5.forest-elite-shipomet\production\review\animation_r01\frames\Death\game\0018.png'
00:56.547  render           | Saved: 'C:\Users\d.grab\Desktop\the-game\ART\characters\act-1-enemies\5.forest-elite-shipomet\production\review\animation_r01\frames\Death\game\0019.png'
00:56.641  render           | Saved: 'C:\Users\d.grab\Desktop\the-game\ART\characters\act-1-enemies\5.forest-elite-shipomet\production\review\animation_r01\frames\Death\game\0020.png'
00:56.750  render           | Saved: 'C:\Users\d.grab\Desktop\the-game\ART\characters\act-1-enemies\5.forest-elite-shipomet\production\review\animation_r01\frames\Death\game\0021.png'
00:56.859  render           | Saved: 'C:\Users\d.grab\Desktop\the-game\ART\characters\act-1-enemies\5.forest-elite-shipomet\production\review\animation_r01\frames\Death\game\0022.png'
00:56.953  render           | Saved: 'C:\Users\d.grab\Desktop\the-game\ART\characters\act-1-enemies\5.forest-elite-shipomet\production\review\animation_r01\frames\Death\game\0023.png'
00:57.016  render           | Saved: 'C:\Users\d.grab\Desktop\the-game\ART\characters\act-1-enemies\5.forest-elite-shipomet\production\review\animation_r01\frames\Death\game\0024.png'
00:57.078  render           | Saved: 'C:\Users\d.grab\Desktop\the-game\ART\characters\act-1-enemies\5.forest-elite-shipomet\production\review\animation_r01\frames\Death\game\0025.png'
00:57.156  render           | Saved: 'C:\Users\d.grab\Desktop\the-game\ART\characters\act-1-enemies\5.forest-elite-shipomet\production\review\animation_r01\frames\Death\game\0026.png'
00:57.203  render           | Saved: 'C:\Users\d.grab\Desktop\the-game\ART\characters\act-1-enemies\5.forest-elite-shipomet\production\review\animation_r01\frames\Death\game\0027.png'
00:57.297  render           | Saved: 'C:\Users\d.grab\Desktop\the-game\ART\characters\act-1-enemies\5.forest-elite-shipomet\production\review\animation_r01\frames\Death\game\0028.png'
00:57.359  render           | Saved: 'C:\Users\d.grab\Desktop\the-game\ART\characters\act-1-enemies\5.forest-elite-shipomet\production\review\animation_r01\frames\Death\game\0029.png'
00:57.437  render           | Saved: 'C:\Users\d.grab\Desktop\the-game\ART\characters\act-1-enemies\5.forest-elite-shipomet\production\review\animation_r01\frames\Death\game\0030.png'
00:57.516  render           | Saved: 'C:\Users\d.grab\Desktop\the-game\ART\characters\act-1-enemies\5.forest-elite-shipomet\production\review\animation_r01\frames\Death\game\0031.png'
00:57.578  render           | Saved: 'C:\Users\d.grab\Desktop\the-game\ART\characters\act-1-enemies\5.forest-elite-shipomet\production\review\animation_r01\frames\Death\game\0032.png'
00:57.641  render           | Saved: 'C:\Users\d.grab\Desktop\the-game\ART\characters\act-1-enemies\5.forest-elite-shipomet\production\review\animation_r01\frames\Death\game\0033.png'
00:57.734  render           | Saved: 'C:\Users\d.grab\Desktop\the-game\ART\characters\act-1-enemies\5.forest-elite-shipomet\production\review\animation_r01\frames\Death\game\0034.png'
00:57.797  render           | Saved: 'C:\Users\d.grab\Desktop\the-game\ART\characters\act-1-enemies\5.forest-elite-shipomet\production\review\animation_r01\frames\Death\game\0035.png'
00:57.891  render           | Saved: 'C:\Users\d.grab\Desktop\the-game\ART\characters\act-1-enemies\5.forest-elite-shipomet\production\review\animation_r01\frames\Death\game\0036.png'
00:57.984  render           | Saved: 'C:\Users\d.grab\Desktop\the-game\ART\characters\act-1-enemies\5.forest-elite-shipomet\production\review\animation_r01\frames\Death\game\0037.png'
00:58.078  render           | Saved: 'C:\Users\d.grab\Desktop\the-game\ART\characters\act-1-enemies\5.forest-elite-shipomet\production\review\animation_r01\frames\Death\game\0038.png'
00:58.172  render           | Saved: 'C:\Users\d.grab\Desktop\the-game\ART\characters\act-1-enemies\5.forest-elite-shipomet\production\review\animation_r01\frames\Death\game\0039.png'
00:58.250  render           | Saved: 'C:\Users\d.grab\Desktop\the-game\ART\characters\act-1-enemies\5.forest-elite-shipomet\production\review\animation_r01\frames\Death\game\0040.png'
00:58.328  render           | Saved: 'C:\Users\d.grab\Desktop\the-game\ART\characters\act-1-enemies\5.forest-elite-shipomet\production\review\animation_r01\frames\Death\game\0041.png'
00:58.406  render           | Saved: 'C:\Users\d.grab\Desktop\the-game\ART\characters\act-1-enemies\5.forest-elite-shipomet\production\review\animation_r01\frames\Death\game\0042.png'
00:58.469  render           | Saved: 'C:\Users\d.grab\Desktop\the-game\ART\characters\act-1-enemies\5.forest-elite-shipomet\production\review\animation_r01\frames\Death\game\0043.png'
00:58.531  render           | Saved: 'C:\Users\d.grab\Desktop\the-game\ART\characters\act-1-enemies\5.forest-elite-shipomet\production\review\animation_r01\frames\Death\game\0044.png'
00:58.609  render           | Saved: 'C:\Users\d.grab\Desktop\the-game\ART\characters\act-1-enemies\5.forest-elite-shipomet\production\review\animation_r01\frames\Death\game\0045.png'
00:58.703  render           | Saved: 'C:\Users\d.grab\Desktop\the-game\ART\characters\act-1-enemies\5.forest-elite-shipomet\production\review\animation_r01\frames\Death\game\0046.png'
00:58.812  render           | Saved: 'C:\Users\d.grab\Desktop\the-game\ART\characters\act-1-enemies\5.forest-elite-shipomet\production\review\animation_r01\frames\Death\game\0047.png'
00:58.891  render           | Saved: 'C:\Users\d.grab\Desktop\the-game\ART\characters\act-1-enemies\5.forest-elite-shipomet\production\review\animation_r01\frames\Death\game\0048.png'
RENDERED Death game 49
00:58.984  render           | Saved: 'C:\Users\d.grab\Desktop\the-game\ART\characters\act-1-enemies\5.forest-elite-shipomet\production\review\animation_r01\frames\Death\side\0000.png'
00:59.109  render           | Saved: 'C:\Users\d.grab\Desktop\the-game\ART\characters\act-1-enemies\5.forest-elite-shipomet\production\review\animation_r01\frames\Death\side\0001.png'
00:59.219  render           | Saved: 'C:\Users\d.grab\Desktop\the-game\ART\characters\act-1-enemies\5.forest-elite-shipomet\production\review\animation_r01\frames\Death\side\0002.png'
00:59.281  render           | Saved: 'C:\Users\d.grab\Desktop\the-game\ART\characters\act-1-enemies\5.forest-elite-shipomet\production\review\animation_r01\frames\Death\side\0003.png'
00:59.375  render           | Saved: 'C:\Users\d.grab\Desktop\the-game\ART\characters\act-1-enemies\5.forest-elite-shipomet\production\review\animation_r01\frames\Death\side\0004.png'
00:59.453  render           | Saved: 'C:\Users\d.grab\Desktop\the-game\ART\characters\act-1-enemies\5.forest-elite-shipomet\production\review\animation_r01\frames\Death\side\0005.png'
00:59.547  render           | Saved: 'C:\Users\d.grab\Desktop\the-game\ART\characters\act-1-enemies\5.forest-elite-shipomet\production\review\animation_r01\frames\Death\side\0006.png'
00:59.625  render           | Saved: 'C:\Users\d.grab\Desktop\the-game\ART\characters\act-1-enemies\5.forest-elite-shipomet\production\review\animation_r01\frames\Death\side\0007.png'
00:59.703  render           | Saved: 'C:\Users\d.grab\Desktop\the-game\ART\characters\act-1-enemies\5.forest-elite-shipomet\production\review\animation_r01\frames\Death\side\0008.png'
00:59.797  render           | Saved: 'C:\Users\d.grab\Desktop\the-game\ART\characters\act-1-enemies\5.forest-elite-shipomet\production\review\animation_r01\frames\Death\side\0009.png'
00:59.891  render           | Saved: 'C:\Users\d.grab\Desktop\the-game\ART\characters\act-1-enemies\5.forest-elite-shipomet\production\review\animation_r01\frames\Death\side\0010.png'
00:59.969  render           | Saved: 'C:\Users\d.grab\Desktop\the-game\ART\characters\act-1-enemies\5.forest-elite-shipomet\production\review\animation_r01\frames\Death\side\0011.png'
01:00.047  render           | Saved: 'C:\Users\d.grab\Desktop\the-game\ART\characters\act-1-enemies\5.forest-elite-shipomet\production\review\animation_r01\frames\Death\side\0012.png'
01:00.125  render           | Saved: 'C:\Users\d.grab\Desktop\the-game\ART\characters\act-1-enemies\5.forest-elite-shipomet\production\review\animation_r01\frames\Death\side\0013.png'
01:00.219  render           | Saved: 'C:\Users\d.grab\Desktop\the-game\ART\characters\act-1-enemies\5.forest-elite-shipomet\production\review\animation_r01\frames\Death\side\0014.png'
01:00.297  render           | Saved: 'C:\Users\d.grab\Desktop\the-game\ART\characters\act-1-enemies\5.forest-elite-shipomet\production\review\animation_r01\frames\Death\side\0015.png'
01:00.391  render           | Saved: 'C:\Users\d.grab\Desktop\the-game\ART\characters\act-1-enemies\5.forest-elite-shipomet\production\review\animation_r01\frames\Death\side\0016.png'
01:00.484  render           | Saved: 'C:\Users\d.grab\Desktop\the-game\ART\characters\act-1-enemies\5.forest-elite-shipomet\production\review\animation_r01\frames\Death\side\0017.png'
01:00.578  render           | Saved: 'C:\Users\d.grab\Desktop\the-game\ART\characters\act-1-enemies\5.forest-elite-shipomet\production\review\animation_r01\frames\Death\side\0018.png'
01:00.672  render           | Saved: 'C:\Users\d.grab\Desktop\the-game\ART\characters\act-1-enemies\5.forest-elite-shipomet\production\review\animation_r01\frames\Death\side\0019.png'
01:00.750  render           | Saved: 'C:\Users\d.grab\Desktop\the-game\ART\characters\act-1-enemies\5.forest-elite-shipomet\production\review\animation_r01\frames\Death\side\0020.png'
01:00.828  render           | Saved: 'C:\Users\d.grab\Desktop\the-game\ART\characters\act-1-enemies\5.forest-elite-shipomet\production\review\animation_r01\frames\Death\side\0021.png'
01:00.922  render           | Saved: 'C:\Users\d.grab\Desktop\the-game\ART\characters\act-1-enemies\5.forest-elite-shipomet\production\review\animation_r01\frames\Death\side\0022.png'
01:00.984  render           | Saved: 'C:\Users\d.grab\Desktop\the-game\ART\characters\act-1-enemies\5.forest-elite-shipomet\production\review\animation_r01\frames\Death\side\0023.png'
01:01.047  render           | Saved: 'C:\Users\d.grab\Desktop\the-game\ART\characters\act-1-enemies\5.forest-elite-shipomet\production\review\animation_r01\frames\Death\side\0024.png'
01:01.141  render           | Saved: 'C:\Users\d.grab\Desktop\the-game\ART\characters\act-1-enemies\5.forest-elite-shipomet\production\review\animation_r01\frames\Death\side\0025.png'
01:01.234  render           | Saved: 'C:\Users\d.grab\Desktop\the-game\ART\characters\act-1-enemies\5.forest-elite-shipomet\production\review\animation_r01\frames\Death\side\0026.png'
01:01.312  render           | Saved: 'C:\Users\d.grab\Desktop\the-game\ART\characters\act-1-enemies\5.forest-elite-shipomet\production\review\animation_r01\frames\Death\side\0027.png'
01:01.391  render           | Saved: 'C:\Users\d.grab\Desktop\the-game\ART\characters\act-1-enemies\5.forest-elite-shipomet\production\review\animation_r01\frames\Death\side\0028.png'
01:01.516  render           | Saved: 'C:\Users\d.grab\Desktop\the-game\ART\characters\act-1-enemies\5.forest-elite-shipomet\production\review\animation_r01\frames\Death\side\0029.png'
01:01.641  render           | Saved: 'C:\Users\d.grab\Desktop\the-game\ART\characters\act-1-enemies\5.forest-elite-shipomet\production\review\animation_r01\frames\Death\side\0030.png'
01:01.750  render           | Saved: 'C:\Users\d.grab\Desktop\the-game\ART\characters\act-1-enemies\5.forest-elite-shipomet\production\review\animation_r01\frames\Death\side\0031.png'
01:01.844  render           | Saved: 'C:\Users\d.grab\Desktop\the-game\ART\characters\act-1-enemies\5.forest-elite-shipomet\production\review\animation_r01\frames\Death\side\0032.png'
01:01.953  render           | Saved: 'C:\Users\d.grab\Desktop\the-game\ART\characters\act-1-enemies\5.forest-elite-shipomet\production\review\animation_r01\frames\Death\side\0033.png'
01:02.062  render           | Saved: 'C:\Users\d.grab\Desktop\the-game\ART\characters\act-1-enemies\5.forest-elite-shipomet\production\review\animation_r01\frames\Death\side\0034.png'
01:02.156  render           | Saved: 'C:\Users\d.grab\Desktop\the-game\ART\characters\act-1-enemies\5.forest-elite-shipomet\production\review\animation_r01\frames\Death\side\0035.png'
01:02.234  render           | Saved: 'C:\Users\d.grab\Desktop\the-game\ART\characters\act-1-enemies\5.forest-elite-shipomet\production\review\animation_r01\frames\Death\side\0036.png'
01:02.359  render           | Saved: 'C:\Users\d.grab\Desktop\the-game\ART\characters\act-1-enemies\5.forest-elite-shipomet\production\review\animation_r01\frames\Death\side\0037.png'
01:02.469  render           | Saved: 'C:\Users\d.grab\Desktop\the-game\ART\characters\act-1-enemies\5.forest-elite-shipomet\production\review\animation_r01\frames\Death\side\0038.png'
01:02.578  render           | Saved: 'C:\Users\d.grab\Desktop\the-game\ART\characters\act-1-enemies\5.forest-elite-shipomet\production\review\animation_r01\frames\Death\side\0039.png'
01:02.672  render           | Saved: 'C:\Users\d.grab\Desktop\the-game\ART\characters\act-1-enemies\5.forest-elite-shipomet\production\review\animation_r01\frames\Death\side\0040.png'
01:02.766  render           | Saved: 'C:\Users\d.grab\Desktop\the-game\ART\characters\act-1-enemies\5.forest-elite-shipomet\production\review\animation_r01\frames\Death\side\0041.png'
01:02.844  render           | Saved: 'C:\Users\d.grab\Desktop\the-game\ART\characters\act-1-enemies\5.forest-elite-shipomet\production\review\animation_r01\frames\Death\side\0042.png'
01:02.953  render           | Saved: 'C:\Users\d.grab\Desktop\the-game\ART\characters\act-1-enemies\5.forest-elite-shipomet\production\review\animation_r01\frames\Death\side\0043.png'
01:03.078  render           | Saved: 'C:\Users\d.grab\Desktop\the-game\ART\characters\act-1-enemies\5.forest-elite-shipomet\production\review\animation_r01\frames\Death\side\0044.png'
01:03.172  render           | Saved: 'C:\Users\d.grab\Desktop\the-game\ART\characters\act-1-enemies\5.forest-elite-shipomet\production\review\animation_r01\frames\Death\side\0045.png'
01:03.250  render           | Saved: 'C:\Users\d.grab\Desktop\the-game\ART\characters\act-1-enemies\5.forest-elite-shipomet\production\review\animation_r01\frames\Death\side\0046.png'
01:03.344  render           | Saved: 'C:\Users\d.grab\Desktop\the-game\ART\characters\act-1-enemies\5.forest-elite-shipomet\production\review\animation_r01\frames\Death\side\0047.png'
01:03.422  render           | Saved: 'C:\Users\d.grab\Desktop\the-game\ART\characters\act-1-enemies\5.forest-elite-shipomet\production\review\animation_r01\frames\Death\side\0048.png'
RENDERED Death side 49
RENDER_DONE
[a_Rodin.utils-[36mDBG[0m]: [36mRodinBridge: unregister[0m
Traceback (most recent call last):
  File "C:\Program Files\Blender Foundation\Blender 5.2\5.2\scripts\modules\addon_utils.py", line 595, in disable
    mod.unregister()
    ~~~~~~~~~~~~~~^^
  File "C:\Users\d.grab\AppData\Roaming\Blender Foundation\Blender\5.2\scripts\addons\a_Rodin\__init__.py", line 28, in unregister
    unreg()
    ~~~~~^^
  File "C:\Program Files\Blender Foundation\Blender 5.2\5.2\scripts\modules\bpy\utils\__init__.py", line 1054, in unregister
    mod.unregister()
    ~~~~~~~~~~~~~~^^
  File "C:\Program Files\Blender Foundation\Blender 5.2\5.2\scripts\modules\bpy\utils\__init__.py", line 1054, in unregister
    mod.unregister()
    ~~~~~~~~~~~~~~^^
  File "C:\Program Files\Blender Foundation\Blender 5.2\5.2\scripts\modules\bpy\utils\__init__.py", line 1054, in unregister
    mod.unregister()
    ~~~~~~~~~~~~~~^^
  File "C:\Users\d.grab\AppData\Roaming\Blender Foundation\Blender\5.2\scripts\addons\a_Rodin\src\rodin\properties.py", line 408, in unregister
    bpy.app.handlers.load_post.remove(on_scene_load)
    ~~~~~~~~~~~~~~~~~~~~~~~~~~~~~~~~~^^^^^^^^^^^^^^^
ValueError: list.remove(x): x not in list
Exception in module unregister(): 'C:\\Users\\d.grab\\AppData\\Roaming\\Blender Foundation\\Blender\\5.2\\scripts\\addons\\a_Rodin\\__init__.py'
Blender 5.2.1 LTS (hash 9e2066aef7ef built 2026-08-25 02:38:20)

Blender quit
