time,tick,entity,kind,alive,state,phase,transition,x,y,z,minY,height,clipSeconds
0.0167,0,1,ForestGuardian,True,-2089788878,0.3625,False,6.5500,0.0000,5.0000,-0.1636,2.4698,5.3333
0.0167,0,2,ForestGuardian,True,-2089788878,0.8503,False,7.4000,0.0000,6.3000,-0.1694,2.4953,5.3333
0.0167,0,3,ForestGuardian,True,-2089788878,0.7765,False,7.4000,0.0000,3.7000,-0.1664,2.4835,5.3333
0.0250,0,1,ForestGuardian,True,-2089788878,0.3641,False,6.5500,0.0000,5.0000,-0.1635,2.4699,5.3333
0.0250,0,2,ForestGuardian,True,-2089788878,0.8518,False,7.4000,0.0000,6.3000,-0.1695,2.4953,5.3333
0.0250,0,3,ForestGuardian,True,-2089788878,0.7781,False,7.4000,0.0000,3.7000,-0.1664,2.4839,5.3333
0.0333,0,1,ForestGuardian,True,-2089788878,0.3656,False,6.5500,0.0000,5.0000,-0.1635,2.4701,5.3333
0.0333,0,2,ForestGuardian,True,-2089788878,0.8534,False,7.4000,0.0000,6.3000,-0.1696,2.4953,5.3333
0.0333,0,3,ForestGuardian,True,-2089788878,0.7797,False,7.4000,0.0000,3.7000,-0.1665,2.4843,5.3333
0.0417,0,1,ForestGuardian,True,-2089788878,0.3672,False,6.5500,0.0000,5.0000,-0.1635,2.4703,5.3333
0.0417,0,2,ForestGuardian,True,-2089788878,0.8550,False,7.4000,0.0000,6.3000,-0.1697,2.4954,5.3333
0.0417,0,3,ForestGuardian,True,-2089788878,0.7812,False,7.4000,0.0000,3.7000,-0.1666,2.4846,5.3333
0.0500,1,1,ForestGuardian,True,-2089788878,0.3688,False,6.5500,0.0000,5.0000,-0.1634,2.4706,5.3333
0.0500,1,2,ForestGuardian,True,-2089788878,0.8565,False,7.4000,0.0000,6.3000,-0.1698,2.4954,5.3333
0.0500,1,3,ForestGuardian,True,-2089788878,0.7828,False,7.4000,0.0000,3.7000,-0.1667,2.4850,5.3333
0.0583,1,1,ForestGuardian,True,-2089788878,0.3703,False,6.5375,0.0000,5.0000,-0.1634,2.4708,5.3333
0.0583,1,2,ForestGuardian,True,-2089788878,0.8581,False,7.4068,0.0000,6.3105,-0.1699,2.4954,5.3333
0.0583,1,3,ForestGuardian,True,-2089788878,0.7844,False,7.4068,0.0000,3.6895,-0.1667,2.4853,5.3333
0.0667,1,1,ForestGuardian,True,-2089788878,0.3719,False,6.5250,0.0000,5.0000,-0.1634,2.4711,5.3333
0.0667,1,2,ForestGuardian,True,-2089788878,0.8597,False,7.4137,0.0000,6.3209,-0.1700,2.4954,5.3333
0.0667,1,3,ForestGuardian,True,-2089788878,0.7859,False,7.4137,0.0000,3.6791,-0.1668,2.4857,5.3333
0.0750,1,1,ForestGuardian,True,-2089788878,0.3735,False,6.5125,0.0000,5.0000,-0.1633,2.4713,5.3333
0.0750,1,2,ForestGuardian,True,-2089788878,0.8612,False,7.4205,0.0000,6.3314,-0.1701,2.4953,5.3333
0.0750,1,3,ForestGuardian,True,-2089788878,0.7875,False,7.4205,0.0000,3.6686,-0.1669,2.4860,5.3333
0.0833,2,1,ForestGuardian,True,-2089788878,0.3750,False,6.5000,0.0000,5.0000,-0.1633,2.4716,5.3333
0.0833,2,2,ForestGuardian,True,-2089788878,0.8628,False,7.4274,0.0000,6.3418,-0.1702,2.4953,5.3333
0.0833,2,3,ForestGuardian,True,-2089788878,0.7890,False,7.4274,0.0000,3.6582,-0.1670,2.4863,5.3333
0.0917,2,1,ForestGuardian,True,-2089788878,0.3766,False,6.4902,0.0000,5.0000,-0.1633,2.4720,5.3333
0.0917,2,2,ForestGuardian,True,-2089788878,0.8643,False,7.4323,0.0000,6.3489,-0.1703,2.4952,5.3333
0.0917,2,3,ForestGuardian,True,-2089788878,0.7906,False,7.4323,0.0000,3.6511,-0.1670,2.4867,5.3333
0.1000,2,1,ForestGuardian,True,-2089788878,0.3781,False,6.4804,0.0000,5.0000,-0.1633,2.4723,5.3333
0.1000,2,2,ForestGuardian,True,-2089788878,0.8660,False,7.4372,0.0000,6.3560,-0.1787,2.4941,5.1536
0.1000,2,3,ForestGuardian,True,-2089788878,0.7922,False,7.4372,0.0000,3.6440,-0.1741,2.4891,5.1536
0.1083,2,1,ForestGuardian,True,-2089788878,0.3797,False,6.4706,0.0000,5.0000,-0.1633,2.4727,5.3333
0.1083,2,2,ForestGuardian,True,-2089788878,0.8676,False,7.4420,0.0000,6.3631,-0.1842,2.4906,4.9957
0.1083,2,3,ForestGuardian,True,-2089788878,0.7939,False,7.4420,0.0000,3.6369,-0.1788,2.4892,4.9957
0.1167,3,1,ForestGuardian,True,-2089788878,0.3813,False,6.4608,0.0000,5.0000,-0.1633,2.4731,5.3333
0.1167,3,2,ForestGuardian,True,-2089788878,0.8693,False,7.4469,0.0000,6.3702,-0.1876,2.4856,4.8572
0.1167,3,3,ForestGuardian,True,-2089788878,0.7956,False,7.4469,0.0000,3.6298,-0.1816,2.4875,4.8572
0.1250,3,1,ForestGuardian,True,-2089788878,0.3828,False,6.4591,0.0000,5.0000,-0.1634,2.4735,5.3333
0.1250,3,2,ForestGuardian,True,-2089788878,0.8711,False,7.4478,0.0000,6.3714,-0.1894,2.4797,4.7355
0.1250,3,3,ForestGuardian,True,-2089788878,0.7974,False,7.4478,0.0000,3.6286,-0.1832,2.4848,4.7355
0.1333,3,1,ForestGuardian,True,-2089788878,0.3844,False,6.4574,0.0000,5.0000,-0.1634,2.4739,5.3333
0.1333,3,2,ForestGuardian,True,-2089788878,0.8729,False,7.4487,0.0000,6.3726,-0.1903,2.4732,4.6286
0.1333,3,3,ForestGuardian,True,-2089788878,0.7992,False,7.4487,0.0000,3.6274,-0.1839,2.4813,4.6286
0.1417,3,1,ForestGuardian,True,-2089788878,0.3860,False,6.4556,0.0000,5.0000,-0.1634,2.4743,5.3333
0.1417,3,2,ForestGuardian,True,-2089788878,0.8747,False,7.4495,0.0000,6.3738,-0.1903,2.4666,4.5348
0.1417,3,3,ForestGuardian,True,-2089788878,0.8010,False,7.4495,0.0000,3.6262,-0.1839,2.4774,4.5348
0.1500,4,1,ForestGuardian,True,-2089788878,0.3875,False,6.4539,0.0000,5.0000,-0.1634,2.4747,5.3333
0.1500,4,2,ForestGuardian,True,-2089788878,0.8766,False,7.4504,0.0000,6.3750,-0.1899,2.4601,4.4524
0.1500,4,3,ForestGuardian,True,-2089788878,0.8029,False,7.4504,0.0000,3.6250,-0.1835,2.4732,4.4524
0.1583,4,1,ForestGuardian,True,-2089788878,0.3891,False,6.4536,0.0000,5.0000,-0.1635,2.4752,5.3333
0.1583,4,2,ForestGuardian,True,-2089788878,0.8785,False,7.4505,0.0000,6.3752,-0.1891,2.4537,4.3801
0.1583,4,3,ForestGuardian,True,-2089788878,0.8048,False,7.4505,0.0000,3.6248,-0.1827,2.4689,4.3801
0.1667,4,1,ForestGuardian,True,-2089788878,0.3906,False,6.4534,0.0000,5.0000,-0.1635,2.4756,5.3333
0.1667,4,2,ForestGuardian,True,-2089788878,0.8804,False,7.4507,0.0000,6.3754,-0.1882,2.4477,4.3166
0.1667,4,3,ForestGuardian,True,-2089788878,0.8067,False,7.4507,0.0000,3.6246,-0.1818,2.4647,4.3166
0.1750,4,1,ForestGuardian,True,-2089788878,0.3922,False,6.4531,0.0000,5.0000,-0.1636,2.4760,5.3333
0.1750,4,2,ForestGuardian,True,-2089788878,0.8824,False,7.4508,0.0000,6.3756,-0.1872,2.4421,4.2608
0.1750,4,3,ForestGuardian,True,-2089788878,0.8087,False,7.4508,0.0000,3.6244,-0.1807,2.4606,4.2608
0.1833,5,1,ForestGuardian,True,-2089788878,0.3938,False,6.4528,0.0000,5.0000,-0.1636,2.4765,5.3333
0.1833,5,2,ForestGuardian,True,-2089788878,0.8844,False,7.4510,0.0000,6.3758,-0.1861,2.4369,4.2119
0.1833,5,3,ForestGuardian,True,-2089788878,0.8106,False,7.4510,0.0000,3.6242,-0.1796,2.4566,4.2119
0.1917,5,1,ForestGuardian,True,-2089788878,0.3953,False,6.4528,0.0000,5.0000,-0.1637,2.4769,5.3333
0.1917,5,2,ForestGuardian,True,-2089788878,0.8864,False,7.4510,0.0000,6.3758,-0.1851,2.4321,4.1689
0.1917,5,3,ForestGuardian,True,-2089788878,0.8126,False,7.4510,0.0000,3.6242,-0.1785,2.4527,4.1689
0.2000,5,1,ForestGuardian,True,-2089788878,0.3969,False,6.4527,0.0000,5.0000,-0.1637,2.4773,5.3333
0.2000,5,2,ForestGuardian,True,-2089788878,0.8884,False,7.4510,0.0000,6.3758,-0.1841,2.4277,4.1311
0.2000,5,3,ForestGuardian,True,-2089788878,0.8147,False,7.4510,0.0000,3.6242,-0.1774,2.4491,4.1311
0.2083,5,1,ForestGuardian,True,-2089788878,0.3985,False,6.4527,0.0000,5.0000,-0.1637,2.4777,5.3333
0.2083,5,2,ForestGuardian,True,-2089788878,0.8900,False,7.4510,0.0000,6.3758,-0.1711,2.4928,5.3333
0.2083,5,3,ForestGuardian,True,-2089788878,0.8162,False,7.4510,0.0000,3.6242,-0.1678,2.4915,5.3333
0.2167,6,1,ForestGuardian,True,-2089788878,0.4000,False,6.4526,0.0000,5.0000,-0.1638,2.4782,5.3333
0.2167,6,2,ForestGuardian,True,-2089788878,0.8915,False,7.4510,0.0000,6.3759,-0.1711,2.4925,5.3333
0.2167,6,3,ForestGuardian,True,-2089788878,0.8178,False,7.4510,0.0000,3.6241,-0.1679,2.4917,5.3333
0.2250,6,1,ForestGuardian,True,-2089788878,0.4016,False,6.4526,0.0000,5.0000,-0.1638,2.4787,5.3333
0.2250,6,2,ForestGuardian,True,-2089788878,0.8931,False,7.4510,0.0000,6.3759,-0.1711,2.4923,5.3333
0.2250,6,3,ForestGuardian,True,-2089788878,0.8193,False,7.4510,0.0000,3.6241,-0.1679,2.4920,5.3333
0.2333,6,1,ForestGuardian,True,-2089788878,0.4031,False,6.4526,0.0000,5.0000,-0.1639,2.4791,5.3333
0.2333,6,2,ForestGuardian,True,-2089788878,0.8946,False,7.4511,0.0000,6.3759,-0.1711,2.4921,5.3333
0.2333,6,3,ForestGuardian,True,-2089788878,0.8209,False,7.4511,0.0000,3.6241,-0.1680,2.4923,5.3333
0.2417,6,1,ForestGuardian,True,-2089788878,0.4047,False,6.4526,0.0000,5.0000,-0.1639,2.4796,5.3333
0.2417,6,2,ForestGuardian,True,-2089788878,0.8962,False,7.4511,0.0000,6.3759,-0.1710,2.4918,5.3333
0.2417,6,3,ForestGuardian,True,-2089788878,0.8225,False,7.4511,0.0000,3.6241,-0.1681,2.4925,5.3333
0.2500,7,1,ForestGuardian,True,-2089788878,0.4063,False,6.4526,0.0000,5.0000,-0.1640,2.4801,5.3333
0.2500,7,2,ForestGuardian,True,-2089788878,0.8978,False,7.4511,0.0000,6.3759,-0.1710,2.4915,5.3333
0.2500,7,3,ForestGuardian,True,-2089788878,0.8240,False,7.4511,0.0000,3.6241,-0.1681,2.4928,5.3333
0.2583,7,1,ForestGuardian,True,-2089788878,0.4078,False,6.4526,0.0000,5.0000,-0.1640,2.4806,5.3333
0.2583,7,2,ForestGuardian,True,-2089788878,0.8993,False,7.4511,0.0000,6.3759,-0.1710,2.4913,5.3333
0.2583,7,3,ForestGuardian,True,-2089788878,0.8256,False,7.4511,0.0000,3.6241,-0.1682,2.4930,5.3333
0.2667,7,1,ForestGuardian,True,-2089788878,0.4094,False,6.4526,0.0000,5.0000,-0.1641,2.4812,5.3333
0.2667,7,2,ForestGuardian,True,-2089788878,0.9009,False,7.4511,0.0000,6.3759,-0.1709,2.4910,5.3333
0.2667,7,3,ForestGuardian,True,-2089788878,0.8272,False,7.4511,0.0000,3.6241,-0.1683,2.4933,5.3333
0.2750,7,1,ForestGuardian,True,-2089788878,0.4110,False,6.4526,0.0000,5.0000,-0.1641,2.4817,5.3333
0.2750,7,2,ForestGuardian,True,-2089788878,0.9025,False,7.4511,0.0000,6.3759,-0.1709,2.4907,5.3333
0.2750,7,3,ForestGuardian,True,-2089788878,0.8287,False,7.4511,0.0000,3.6241,-0.1684,2.4935,5.3333
0.2833,8,1,ForestGuardian,True,-2089788878,0.4125,False,6.4526,0.0000,5.0000,-0.1642,2.4823,5.3333
0.2833,8,2,ForestGuardian,True,-2089788878,0.9040,False,7.4511,0.0000,6.3759,-0.1708,2.4903,5.3333
0.2833,8,3,ForestGuardian,True,-2089788878,0.8303,False,7.4511,0.0000,3.6241,-0.1684,2.4938,5.3333
0.2917,8,1,ForestGuardian,True,-2089788878,0.4141,False,6.4526,0.0000,5.0000,-0.1643,2.4829,5.3333
0.2917,8,2,ForestGuardian,True,-2089788878,0.9056,False,7.4511,0.0000,6.3759,-0.1707,2.4900,5.3333
0.2917,8,3,ForestGuardian,True,-2089788878,0.8318,False,7.4511,0.0000,3.6241,-0.1685,2.4940,5.3333
0.3000,8,1,ForestGuardian,True,-2089788878,0.4156,False,6.4526,0.0000,5.0000,-0.1643,2.4835,5.3333
0.3000,8,2,ForestGuardian,True,-2089788878,0.9071,False,7.4511,0.0000,6.3759,-0.1707,2.4897,5.3333
0.3000,8,3,ForestGuardian,True,-2089788878,0.8334,False,7.4511,0.0000,3.6241,-0.1686,2.4942,5.3333
0.3083,8,1,ForestGuardian,True,-2089788878,0.4172,False,6.4526,0.0000,5.0000,-0.1644,2.4841,5.3333
0.3083,8,2,ForestGuardian,True,-2089788878,0.9087,False,7.4511,0.0000,6.3759,-0.1706,2.4893,5.3333
0.3083,8,3,ForestGuardian,True,-2089788878,0.8350,False,7.4511,0.0000,3.6241,-0.1686,2.4943,5.3333
0.3167,9,1,ForestGuardian,True,-2089788878,0.4188,False,6.4526,0.0000,5.0000,-0.1645,2.4846,5.3333
0.3167,9,2,ForestGuardian,True,-2089788878,0.9103,False,7.4511,0.0000,6.3759,-0.1705,2.4890,5.3333
0.3167,9,3,ForestGuardian,True,-2089788878,0.8365,False,7.4511,0.0000,3.6241,-0.1687,2.4945,5.3333
0.3250,9,1,ForestGuardian,True,-2089788878,0.4203,False,6.4526,0.0000,5.0000,-0.1646,2.4852,5.3333
0.3250,9,2,ForestGuardian,True,-2089788878,0.9118,False,7.4511,0.0000,6.3759,-0.1704,2.4886,5.3333
0.3250,9,3,ForestGuardian,True,-2089788878,0.8381,False,7.4511,0.0000,3.6241,-0.1688,2.4946,5.3333
0.3333,9,1,ForestGuardian,True,-2089788878,0.4219,False,6.4526,0.0000,5.0000,-0.1646,2.4858,5.3333
0.3333,9,2,ForestGuardian,True,-2089788878,0.9134,False,7.4511,0.0000,6.3759,-0.1703,2.4883,5.3333
0.3333,9,3,ForestGuardian,True,-2089788878,0.8397,False,7.4511,0.0000,3.6241,-0.1689,2.4948,5.3333
0.3417,9,1,ForestGuardian,True,-2089788878,0.4235,False,6.4526,0.0000,5.0000,-0.1647,2.4864,5.3333
0.3417,9,2,ForestGuardian,True,-2089788878,0.9150,False,7.4511,0.0000,6.3759,-0.1702,2.4879,5.3333
0.3417,9,3,ForestGuardian,True,-2089788878,0.8412,False,7.4511,0.0000,3.6241,-0.1689,2.4949,5.3333
0.3500,10,1,ForestGuardian,True,-2089788878,0.4250,False,6.4526,0.0000,5.0000,-0.1648,2.4869,5.3333
0.3500,10,2,ForestGuardian,True,-2089788878,0.9165,False,7.4511,0.0000,6.3759,-0.1701,2.4876,5.3333
0.3500,10,3,ForestGuardian,True,-2089788878,0.8428,False,7.4511,0.0000,3.6241,-0.1690,2.4950,5.3333
0.3583,10,1,ForestGuardian,True,-2089788878,0.4266,False,6.4526,0.0000,5.0000,-0.1649,2.4874,5.3333
0.3583,10,2,ForestGuardian,True,-2089788878,0.9181,False,7.4511,0.0000,6.3759,-0.1700,2.4872,5.3333
0.3583,10,3,ForestGuardian,True,-2089788878,0.8443,False,7.4511,0.0000,3.6241,-0.1691,2.4950,5.3333
0.3667,10,1,ForestGuardian,True,-2089788878,0.4281,False,6.4526,0.0000,5.0000,-0.1650,2.4879,5.3333
0.3667,10,2,ForestGuardian,True,-2089788878,0.9196,False,7.4511,0.0000,6.3759,-0.1699,2.4869,5.3333
0.3667,10,3,ForestGuardian,True,-2089788878,0.8459,False,7.4511,0.0000,3.6241,-0.1692,2.4951,5.3333
0.3750,10,1,ForestGuardian,True,-2089788878,0.4297,False,6.4526,0.0000,5.0000,-0.1651,2.4883,5.3333
0.3750,10,2,ForestGuardian,True,-2089788878,0.9212,False,7.4511,0.0000,6.3759,-0.1698,2.4865,5.3333
0.3750,10,3,ForestGuardian,True,-2089788878,0.8475,False,7.4511,0.0000,3.6241,-0.1693,2.4952,5.3333
0.3833,11,1,ForestGuardian,True,-2089788878,0.4313,False,6.4526,0.0000,5.0000,-0.1651,2.4888,5.3333
0.3833,11,2,ForestGuardian,True,-2089788878,0.9228,False,7.4511,0.0000,6.3759,-0.1697,2.4862,5.3333
0.3833,11,3,ForestGuardian,True,-2089788878,0.8490,False,7.4511,0.0000,3.6241,-0.1693,2.4952,5.3333
0.3917,11,1,ForestGuardian,True,-2089788878,0.4328,False,6.4526,0.0000,5.0000,-0.1652,2.4892,5.3333
0.3917,11,2,ForestGuardian,True,-2089788878,0.9243,False,7.4511,0.0000,6.3759,-0.1696,2.4859,5.3333
0.3917,11,3,ForestGuardian,True,-2089788878,0.8506,False,7.4511,0.0000,3.6241,-0.1694,2.4953,5.3333
0.4000,11,1,ForestGuardian,True,-2089788878,0.4344,False,6.4526,0.0000,5.0000,-0.1653,2.4896,5.3333
0.4000,11,2,ForestGuardian,True,-2089788878,0.9259,False,7.4511,0.0000,6.3759,-0.1695,2.4855,5.3333
0.4000,11,3,ForestGuardian,True,-2089788878,0.8522,False,7.4511,0.0000,3.6241,-0.1695,2.4953,5.3333
0.4083,11,1,ForestGuardian,True,-2089788878,0.4360,False,6.4526,0.0000,5.0000,-0.1654,2.4900,5.3333
0.4083,11,2,ForestGuardian,True,-2089788878,0.9275,False,7.4511,0.0000,6.3759,-0.1694,2.4852,5.3333
0.4083,11,3,ForestGuardian,True,-2089788878,0.8537,False,7.4511,0.0000,3.6241,-0.1696,2.4954,5.3333
0.4167,12,1,ForestGuardian,True,-2089788878,0.4375,False,6.4526,0.0000,5.0000,-0.1655,2.4904,5.3333
0.4167,12,2,ForestGuardian,True,-2089788878,0.9290,False,7.4511,0.0000,6.3759,-0.1693,2.4849,5.3333
0.4167,12,3,ForestGuardian,True,-2089788878,0.8553,False,7.4511,0.0000,3.6241,-0.1697,2.4954,5.3333
0.4250,12,1,ForestGuardian,True,-2089788878,0.4391,False,6.4526,0.0000,5.0000,-0.1655,2.4907,5.3333
0.4250,12,2,ForestGuardian,True,-2089788878,0.9306,False,7.4511,0.0000,6.3759,-0.1693,2.4846,5.3333
0.4250,12,3,ForestGuardian,True,-2089788878,0.8568,False,7.4511,0.0000,3.6241,-0.1698,2.4954,5.3333
0.4333,12,1,ForestGuardian,True,-2089788878,0.4406,False,6.4526,0.0000,5.0000,-0.1656,2.4911,5.3333
0.4333,12,2,ForestGuardian,True,-2089788878,0.9321,False,7.4511,0.0000,6.3759,-0.1692,2.4843,5.3333
0.4333,12,3,ForestGuardian,True,-2089788878,0.8584,False,7.4511,0.0000,3.6241,-0.1699,2.4954,5.3333
0.4417,12,1,ForestGuardian,True,-2089788878,0.4422,False,6.4526,0.0000,5.0000,-0.1657,2.4914,5.3333
0.4417,12,2,ForestGuardian,True,-2089788878,0.9337,False,7.4511,0.0000,6.3759,-0.1691,2.4840,5.3333
0.4417,12,3,ForestGuardian,True,-2089788878,0.8600,False,7.4511,0.0000,3.6241,-0.1701,2.4954,5.3333
0.4500,13,1,ForestGuardian,True,-2089788878,0.4438,False,6.4526,0.0000,5.0000,-0.1657,2.4916,5.3333
0.4500,13,2,ForestGuardian,True,-2089788878,0.9353,False,7.4511,0.0000,6.3759,-0.1691,2.4837,5.3333
0.4500,13,3,ForestGuardian,True,-2089788878,0.8615,False,7.4511,0.0000,3.6241,-0.1702,2.4953,5.3333
0.4583,13,1,ForestGuardian,True,-2089788878,0.4453,False,6.4526,0.0000,5.0000,-0.1658,2.4919,5.3333
0.4583,13,2,ForestGuardian,True,-2089788878,0.9368,False,7.4511,0.0000,6.3759,-0.1691,2.4834,5.3333
0.4583,13,3,ForestGuardian,True,-2089788878,0.8631,False,7.4511,0.0000,3.6241,-0.1703,2.4953,5.3333
0.4667,13,1,ForestGuardian,True,-2089788878,0.4469,False,6.4526,0.0000,5.0000,-0.1659,2.4922,5.3333
0.4667,13,2,ForestGuardian,True,-2089788878,0.9384,False,7.4511,0.0000,6.3759,-0.1690,2.4831,5.3333
0.4667,13,3,ForestGuardian,True,-2089788878,0.8647,False,7.4511,0.0000,3.6241,-0.1704,2.4952,5.3333
0.4750,13,1,ForestGuardian,True,-2089788878,0.4485,False,6.4526,0.0000,5.0000,-0.1659,2.4924,5.3333
0.4750,13,2,ForestGuardian,True,-2089788878,0.9400,False,7.4511,0.0000,6.3759,-0.1690,2.4827,5.3333
0.4750,13,3,ForestGuardian,True,-2089788878,0.8662,False,7.4511,0.0000,3.6241,-0.1705,2.4951,5.3333
0.4833,14,1,ForestGuardian,True,-2089788878,0.4500,False,6.4526,0.0000,5.0000,-0.1660,2.4926,5.3333
0.4833,14,2,ForestGuardian,True,-2089788878,0.9415,False,7.4511,0.0000,6.3759,-0.1689,2.4824,5.3333
0.4833,14,3,ForestGuardian,True,-2089788878,0.8678,False,7.4511,0.0000,3.6241,-0.1705,2.4950,5.3333
0.4917,14,1,ForestGuardian,True,-2089788878,0.4516,False,6.4526,0.0000,5.0000,-0.1660,2.4928,5.3333
0.4917,14,2,ForestGuardian,True,-2089788878,0.9431,False,7.4511,0.0000,6.3759,-0.1689,2.4821,5.3333
0.4917,14,3,ForestGuardian,True,-2089788878,0.8693,False,7.4511,0.0000,3.6241,-0.1706,2.4949,5.3333
0.5000,14,1,ForestGuardian,True,-2089788878,0.4531,False,6.4526,0.0000,5.0000,-0.1661,2.4930,5.3333
0.5000,14,2,ForestGuardian,True,-2089788878,0.9446,False,7.4511,0.0000,6.3759,-0.1688,2.4818,5.3333
0.5000,14,3,ForestGuardian,True,-2089788878,0.8709,False,7.4511,0.0000,3.6241,-0.1707,2.4948,5.3333
0.5083,14,1,ForestGuardian,True,-2089788878,0.4547,False,6.4526,0.0000,5.0000,-0.1661,2.4932,5.3333
0.5083,14,2,ForestGuardian,True,-2089788878,0.9462,False,7.4511,0.0000,6.3759,-0.1687,2.4814,5.3333
0.5083,14,3,ForestGuardian,True,-2089788878,0.8725,False,7.4511,0.0000,3.6241,-0.1707,2.4946,5.3333
0.5167,15,1,ForestGuardian,True,-2089788878,0.4563,False,6.4526,0.0000,5.0000,-0.1662,2.4934,5.3333
0.5167,15,2,ForestGuardian,True,-2089788878,0.9478,False,7.4511,0.0000,6.3759,-0.1687,2.4811,5.3333
0.5167,15,3,ForestGuardian,True,-2089788878,0.8740,False,7.4511,0.0000,3.6241,-0.1708,2.4945,5.3333
0.5250,15,1,ForestGuardian,True,-2089788878,0.4578,False,6.4526,0.0000,5.0000,-0.1662,2.4936,5.3333
0.5250,15,2,ForestGuardian,True,-2089788878,0.9493,False,7.4511,0.0000,6.3759,-0.1686,2.4807,5.3333
0.5250,15,3,ForestGuardian,True,-2089788878,0.8756,False,7.4511,0.0000,3.6241,-0.1709,2.4943,5.3333
0.5333,15,1,ForestGuardian,True,-2089788878,0.4594,False,6.4526,0.0000,5.0000,-0.1662,2.4938,5.3333
0.5333,15,2,ForestGuardian,True,-2089788878,0.9509,False,7.4511,0.0000,6.3759,-0.1685,2.4804,5.3333
0.5333,15,3,ForestGuardian,True,-2089788878,0.8772,False,7.4511,0.0000,3.6241,-0.1709,2.4942,5.3333
0.5417,15,1,ForestGuardian,True,-2089788878,0.4610,False,6.4526,0.0000,5.0000,-0.1663,2.4940,5.3333
0.5417,15,2,ForestGuardian,True,-2089788878,0.9525,False,7.4511,0.0000,6.3759,-0.1684,2.4800,5.3333
0.5417,15,3,ForestGuardian,True,-2089788878,0.8787,False,7.4511,0.0000,3.6241,-0.1710,2.4940,5.3333
0.5500,16,1,ForestGuardian,True,-2089788878,0.4625,False,6.4526,0.0000,5.0000,-0.1663,2.4941,5.3333
0.5500,16,2,ForestGuardian,True,-2089788878,0.9540,False,7.4511,0.0000,6.3759,-0.1683,2.4797,5.3333
0.5500,16,3,ForestGuardian,True,-2089788878,0.8803,False,7.4511,0.0000,3.6241,-0.1710,2.4939,5.3333
0.5583,16,1,ForestGuardian,True,-2089788878,0.4641,False,6.4526,0.0000,5.0000,-0.1664,2.4943,5.3333
0.5583,16,2,ForestGuardian,True,-2089788878,0.9556,False,7.4511,0.0000,6.3759,-0.1682,2.4793,5.3333
0.5583,16,3,ForestGuardian,True,-2089788878,0.8818,False,7.4511,0.0000,3.6241,-0.1710,2.4937,5.3333
0.5667,16,1,ForestGuardian,True,-2089788878,0.4656,False,6.4526,0.0000,5.0000,-0.1664,2.4945,5.3333
0.5667,16,2,ForestGuardian,True,-2089788878,0.9571,False,7.4511,0.0000,6.3759,-0.1682,2.4790,5.3333
0.5667,16,3,ForestGuardian,True,-2089788878,0.8834,False,7.4511,0.0000,3.6241,-0.1711,2.4936,5.3333
0.5750,16,1,ForestGuardian,True,-2089788878,0.4672,False,6.4526,0.0000,5.0000,-0.1665,2.4947,5.3333
0.5750,16,2,ForestGuardian,True,-2089788878,0.9587,False,7.4511,0.0000,6.3759,-0.1681,2.4786,5.3333
0.5750,16,3,ForestGuardian,True,-2089788878,0.8850,False,7.4511,0.0000,3.6241,-0.1711,2.4934,5.3333
0.5833,17,1,ForestGuardian,True,-2089788878,0.4688,False,6.4526,0.0000,5.0000,-0.1665,2.4948,5.3333
0.5833,17,2,ForestGuardian,True,-2089788878,0.9603,False,7.4511,0.0000,6.3759,-0.1680,2.4783,5.3333
0.5833,17,3,ForestGuardian,True,-2089788878,0.8865,False,7.4511,0.0000,3.6241,-0.1711,2.4932,5.3333
0.5917,17,1,ForestGuardian,True,-2089788878,0.4703,False,6.4526,0.0000,5.0000,-0.1666,2.4950,5.3333
0.5917,17,2,ForestGuardian,True,-2089788878,0.9618,False,7.4511,0.0000,6.3759,-0.1680,2.4780,5.3333
0.5917,17,3,ForestGuardian,True,-2089788878,0.8881,False,7.4511,0.0000,3.6241,-0.1711,2.4930,5.3333
0.6000,17,1,ForestGuardian,True,-2089788878,0.4719,False,6.4526,0.0000,5.0000,-0.1666,2.4952,5.3333
0.6000,17,2,ForestGuardian,True,-2089788878,0.9634,False,7.4511,0.0000,6.3759,-0.1679,2.4776,5.3333
0.6000,17,3,ForestGuardian,True,-2089788878,0.8897,False,7.4511,0.0000,3.6241,-0.1711,2.4928,5.3333
0.6083,17,1,ForestGuardian,True,-2089788878,0.4735,False,6.4526,0.0000,5.0000,-0.1667,2.4953,5.3333
0.6083,17,2,ForestGuardian,True,-2089788878,0.9650,False,7.4511,0.0000,6.3759,-0.1679,2.4773,5.3333
0.6083,17,3,ForestGuardian,True,-2089788878,0.8912,False,7.4511,0.0000,3.6241,-0.1711,2.4926,5.3333
0.6167,18,1,ForestGuardian,True,-2089788878,0.4750,False,6.4526,0.0000,5.0000,-0.1667,2.4955,5.3333
0.6167,18,2,ForestGuardian,True,-2089788878,0.9665,False,7.4511,0.0000,6.3759,-0.1678,2.4770,5.3333
0.6167,18,3,ForestGuardian,True,-2089788878,0.8928,False,7.4511,0.0000,3.6241,-0.1711,2.4924,5.3333
0.6250,18,1,ForestGuardian,True,-2089788878,0.4766,False,6.4526,0.0000,5.0000,-0.1668,2.4956,5.3333
0.6250,18,2,ForestGuardian,True,-2089788878,0.9681,False,7.4511,0.0000,6.3759,-0.1678,2.4767,5.3333
0.6250,18,3,ForestGuardian,True,-2089788878,0.8943,False,7.4511,0.0000,3.6241,-0.1711,2.4921,5.3333
0.6333,18,1,ForestGuardian,True,-2089788878,0.4781,False,6.4526,0.0000,5.0000,-0.1668,2.4957,5.3333
0.6333,18,2,ForestGuardian,True,-2089788878,0.9696,False,7.4511,0.0000,6.3759,-0.1678,2.4765,5.3333
0.6333,18,3,ForestGuardian,True,-2089788878,0.8959,False,7.4511,0.0000,3.6241,-0.1710,2.4919,5.3333
0.6417,18,1,ForestGuardian,True,-2089788878,0.4797,False,6.4526,0.0000,5.0000,-0.1668,2.4959,5.3333
0.6417,18,2,ForestGuardian,True,-2089788878,0.9712,False,7.4511,0.0000,6.3759,-0.1678,2.4762,5.3333
0.6417,18,3,ForestGuardian,True,-2089788878,0.8975,False,7.4511,0.0000,3.6241,-0.1710,2.4916,5.3333
0.6500,19,1,ForestGuardian,True,-2089788878,0.4813,False,6.4526,0.0000,5.0000,-0.1669,2.4960,5.3333
0.6500,19,2,ForestGuardian,True,-2089788878,0.9728,False,7.4511,0.0000,6.3759,-0.1677,2.4759,5.3333
0.6500,19,3,ForestGuardian,True,-2089788878,0.8990,False,7.4511,0.0000,3.6241,-0.1710,2.4913,5.3333
0.6583,19,1,ForestGuardian,True,-2089788878,0.4828,False,6.4526,0.0000,5.0000,-0.1669,2.4961,5.3333
0.6583,19,2,ForestGuardian,True,-2089788878,0.9743,False,7.4511,0.0000,6.3759,-0.1677,2.4757,5.3333
0.6583,19,3,ForestGuardian,True,-2089788878,0.9006,False,7.4511,0.0000,3.6241,-0.1709,2.4910,5.3333
0.6667,19,1,ForestGuardian,True,-2089788878,0.4844,False,6.4526,0.0000,5.0000,-0.1670,2.4962,5.3333
0.6667,19,2,ForestGuardian,True,-2089788878,0.9759,False,7.4511,0.0000,6.3759,-0.1677,2.4755,5.3333
0.6667,19,3,ForestGuardian,True,-2089788878,0.9022,False,7.4511,0.0000,3.6241,-0.1709,2.4907,5.3333
0.6750,19,1,ForestGuardian,True,-2089788878,0.4860,False,6.4526,0.0000,5.0000,-0.1670,2.4962,5.3333
0.6750,19,2,ForestGuardian,True,-2089788878,0.9775,False,7.4511,0.0000,6.3759,-0.1677,2.4753,5.3333
0.6750,19,3,ForestGuardian,True,-2089788878,0.9037,False,7.4511,0.0000,3.6241,-0.1708,2.4904,5.3333
0.6833,20,1,ForestGuardian,True,-2089788878,0.4875,False,6.4526,0.0000,5.0000,-0.1671,2.4963,5.3333
0.6833,20,2,ForestGuardian,True,-2089788878,0.9790,False,7.4511,0.0000,6.3759,-0.1677,2.4750,5.3333
0.6833,20,3,ForestGuardian,True,-2089788878,0.9053,False,7.4511,0.0000,3.6241,-0.1708,2.4901,5.3333
0.6917,20,1,ForestGuardian,True,-2089788878,0.4891,False,6.4526,0.0000,5.0000,-0.1671,2.4963,5.3333
0.6917,20,2,ForestGuardian,True,-2089788878,0.9806,False,7.4511,0.0000,6.3759,-0.1677,2.4748,5.3333
0.6917,20,3,ForestGuardian,True,-2089788878,0.9068,False,7.4511,0.0000,3.6241,-0.1707,2.4897,5.3333
0.7000,20,1,ForestGuardian,True,-2089788878,0.4906,False,6.4526,0.0000,5.0000,-0.1671,2.4964,5.3333
0.7000,20,2,ForestGuardian,True,-2089788878,0.9821,False,7.4511,0.0000,6.3759,-0.1677,2.4747,5.3333
0.7000,20,3,ForestGuardian,True,-2089788878,0.9084,False,7.4511,0.0000,3.6241,-0.1706,2.4894,5.3333
0.7083,20,1,ForestGuardian,True,-2089788878,0.4922,False,6.4526,0.0000,5.0000,-0.1672,2.4964,5.3333
0.7083,20,2,ForestGuardian,True,-2089788878,0.9837,False,7.4511,0.0000,6.3759,-0.1677,2.4745,5.3333
0.7083,20,3,ForestGuardian,True,-2089788878,0.9100,False,7.4511,0.0000,3.6241,-0.1705,2.4890,5.3333
0.7167,21,1,ForestGuardian,True,-2089788878,0.4938,False,6.4526,0.0000,5.0000,-0.1672,2.4964,5.3333
0.7167,21,2,ForestGuardian,True,-2089788878,0.9853,False,7.4511,0.0000,6.3759,-0.1677,2.4743,5.3333
0.7167,21,3,ForestGuardian,True,-2089788878,0.9115,False,7.4511,0.0000,3.6241,-0.1704,2.4887,5.3333
0.7250,21,1,ForestGuardian,True,-2089788878,0.4953,False,6.4526,0.0000,5.0000,-0.1672,2.4964,5.3333
0.7250,21,2,ForestGuardian,True,-2089788878,0.9868,False,7.4511,0.0000,6.3759,-0.1678,2.4741,5.3333
0.7250,21,3,ForestGuardian,True,-2089788878,0.9131,False,7.4511,0.0000,3.6241,-0.1703,2.4883,5.3333
0.7333,21,1,ForestGuardian,True,-2089788878,0.4969,False,6.4526,0.0000,5.0000,-0.1673,2.4964,5.3333
0.7333,21,2,ForestGuardian,True,-2089788878,0.9884,False,7.4511,0.0000,6.3759,-0.1678,2.4740,5.3333
0.7333,21,3,ForestGuardian,True,-2089788878,0.9147,False,7.4511,0.0000,3.6241,-0.1702,2.4880,5.3333
0.7417,21,1,ForestGuardian,True,-2089788878,0.4985,False,6.4526,0.0000,5.0000,-0.1673,2.4963,5.3333
0.7417,21,2,ForestGuardian,True,-2089788878,0.9900,False,7.4511,0.0000,6.3759,-0.1678,2.4738,5.3333
0.7417,21,3,ForestGuardian,True,-2089788878,0.9162,False,7.4511,0.0000,3.6241,-0.1701,2.4876,5.3333
0.7500,22,1,ForestGuardian,True,-2089788878,0.5000,False,6.4526,0.0000,5.0000,-0.1674,2.4963,5.3333
0.7500,22,2,ForestGuardian,True,-2089788878,0.9915,False,7.4511,0.0000,6.3759,-0.1679,2.4737,5.3333
0.7500,22,3,ForestGuardian,True,-2089788878,0.9178,False,7.4511,0.0000,3.6241,-0.1700,2.4873,5.3333
0.7583,22,1,ForestGuardian,True,-2089788878,0.5016,False,6.4526,0.0000,5.0000,-0.1674,2.4962,5.3333
0.7583,22,2,ForestGuardian,True,-2089788878,0.9931,False,7.4511,0.0000,6.3759,-0.1679,2.4735,5.3333
0.7583,22,3,ForestGuardian,True,-2089788878,0.9193,False,7.4511,0.0000,3.6241,-0.1699,2.4869,5.3333
0.7667,22,1,ForestGuardian,True,-2089788878,0.5031,False,6.4526,0.0000,5.0000,-0.1675,2.4962,5.3333
0.7667,22,2,ForestGuardian,True,-2089788878,0.9946,False,7.4511,0.0000,6.3759,-0.1679,2.4734,5.3333
0.7667,22,3,ForestGuardian,True,-2089788878,0.9209,False,7.4511,0.0000,3.6241,-0.1698,2.4866,5.3333
0.7750,22,1,ForestGuardian,True,-2089788878,0.5047,False,6.4526,0.0000,5.0000,-0.1675,2.4961,5.3333
0.7750,22,2,ForestGuardian,True,-2089788878,0.9962,False,7.4511,0.0000,6.3759,-0.1679,2.4733,5.3333
0.7750,22,3,ForestGuardian,True,-2089788878,0.9225,False,7.4511,0.0000,3.6241,-0.1697,2.4863,5.3333
0.7833,23,1,ForestGuardian,True,-2089788878,0.5063,False,6.4526,0.0000,5.0000,-0.1676,2.4960,5.3333
0.7833,23,2,ForestGuardian,True,-2089788878,0.9978,False,7.4511,0.0000,6.3759,-0.1679,2.4732,5.3333
0.7833,23,3,ForestGuardian,True,-2089788878,0.9240,False,7.4511,0.0000,3.6241,-0.1696,2.4859,5.3333
0.7917,23,1,ForestGuardian,True,-2089788878,0.5078,False,6.4526,0.0000,5.0000,-0.1676,2.4959,5.3333
0.7917,23,2,ForestGuardian,True,-2089788878,0.9993,False,7.4511,0.0000,6.3759,-0.1678,2.4731,5.3333
0.7917,23,3,ForestGuardian,True,-2089788878,0.9256,False,7.4511,0.0000,3.6241,-0.1695,2.4856,5.3333
0.8000,23,1,ForestGuardian,True,-2089788878,0.5094,False,6.4526,0.0000,5.0000,-0.1676,2.4958,5.3333
0.8000,23,2,ForestGuardian,True,-2089788878,1.0009,False,7.4511,0.0000,6.3759,-0.1678,2.4730,5.3333
0.8000,23,3,ForestGuardian,True,-2089788878,0.9272,False,7.4511,0.0000,3.6241,-0.1694,2.4853,5.3333
0.8083,23,1,ForestGuardian,True,-2089788878,0.5110,False,6.4526,0.0000,5.0000,-0.1677,2.4956,5.3333
0.8083,23,2,ForestGuardian,True,-2089788878,1.0025,False,7.4511,0.0000,6.3759,-0.1678,2.4730,5.3333
0.8083,23,3,ForestGuardian,True,-2089788878,0.9287,False,7.4511,0.0000,3.6241,-0.1693,2.4850,5.3333
0.8167,24,1,ForestGuardian,True,-2089788878,0.5125,False,6.4526,0.0000,5.0000,-0.1677,2.4955,5.3333
0.8167,24,2,ForestGuardian,True,-2089788878,1.0040,False,7.4511,0.0000,6.3759,-0.1679,2.4730,5.3333
0.8167,24,3,ForestGuardian,True,-2089788878,0.9303,False,7.4511,0.0000,3.6241,-0.1693,2.4846,5.3333
0.8250,24,1,ForestGuardian,True,-2089788878,0.5141,False,6.4526,0.0000,5.0000,-0.1677,2.4953,5.3333
0.8250,24,2,ForestGuardian,True,-2089788878,1.0056,False,7.4511,0.0000,6.3759,-0.1679,2.4731,5.3333
0.8250,24,3,ForestGuardian,True,-2089788878,0.9318,False,7.4511,0.0000,3.6241,-0.1692,2.4843,5.3333
0.8333,24,1,ForestGuardian,True,-2089788878,0.5156,False,6.4526,0.0000,5.0000,-0.1678,2.4951,5.3333
0.8333,24,2,ForestGuardian,True,-2089788878,1.0071,False,7.4511,0.0000,6.3759,-0.1679,2.4731,5.3333
0.8333,24,3,ForestGuardian,True,-2089788878,0.9334,False,7.4511,0.0000,3.6241,-0.1692,2.4840,5.3333
0.8417,24,1,ForestGuardian,True,-2089788878,0.5172,False,6.4526,0.0000,5.0000,-0.1678,2.4950,5.3333
0.8417,24,2,ForestGuardian,True,-2089788878,1.0087,False,7.4511,0.0000,6.3759,-0.1679,2.4732,5.3333
0.8417,24,3,ForestGuardian,True,-2089788878,0.9350,False,7.4511,0.0000,3.6241,-0.1691,2.4837,5.3333
0.8500,25,1,ForestGuardian,True,-2089788878,0.5188,False,6.4526,0.0000,5.0000,-0.1678,2.4950,5.3333
0.8500,25,2,ForestGuardian,True,-2089788878,1.0103,False,7.4511,0.0000,6.3759,-0.1679,2.4733,5.3333
0.8500,25,3,ForestGuardian,True,-2089788878,0.9365,False,7.4511,0.0000,3.6241,-0.1691,2.4834,5.3333
0.8583,25,1,ForestGuardian,True,-2089788878,0.5203,False,6.4526,0.0000,5.0000,-0.1678,2.4950,5.3333
0.8583,25,2,ForestGuardian,True,-2089788878,1.0118,False,7.4511,0.0000,6.3759,-0.1679,2.4734,5.3333
0.8583,25,3,ForestGuardian,True,-2089788878,0.9381,False,7.4511,0.0000,3.6241,-0.1690,2.4831,5.3333
0.8667,25,1,ForestGuardian,True,-2089788878,0.5219,False,6.4526,0.0000,5.0000,-0.1678,2.4949,5.3333
0.8667,25,2,ForestGuardian,True,-2089788878,1.0134,False,7.4511,0.0000,6.3759,-0.1678,2.4734,5.3333
0.8667,25,3,ForestGuardian,True,-2089788878,0.9397,False,7.4511,0.0000,3.6241,-0.1690,2.4828,5.3333
0.8750,25,1,ForestGuardian,True,-2089788878,0.5235,False,6.4526,0.0000,5.0000,-0.1679,2.4949,5.3333
0.8750,25,2,ForestGuardian,True,-2089788878,1.0150,False,7.4511,0.0000,6.3759,-0.1678,2.4735,5.3333
0.8750,25,3,ForestGuardian,True,-2089788878,0.9412,False,7.4511,0.0000,3.6241,-0.1689,2.4825,5.3333
0.8833,26,1,ForestGuardian,True,-2089788878,0.5250,False,6.4526,0.0000,5.0000,-0.1679,2.4947,5.3333
0.8833,26,2,ForestGuardian,True,-2089788878,1.0165,False,7.4511,0.0000,6.3759,-0.1678,2.4736,5.3333
0.8833,26,3,ForestGuardian,True,-2089788878,0.9428,False,7.4511,0.0000,3.6241,-0.1689,2.4822,5.3333
0.8917,26,1,ForestGuardian,True,-2089788878,0.5266,False,6.4526,0.0000,5.0000,-0.1679,2.4946,5.3333
0.8917,26,2,ForestGuardian,True,-2089788878,1.0181,False,7.4511,0.0000,6.3759,-0.1677,2.4737,5.3333
0.8917,26,3,ForestGuardian,True,-2089788878,0.9443,False,7.4511,0.0000,3.6241,-0.1688,2.4818,5.3333
0.9000,26,1,ForestGuardian,True,-2089788878,0.5281,False,6.4526,0.0000,5.0000,-0.1679,2.4944,5.3333
0.9000,26,2,ForestGuardian,True,-2089788878,1.0196,False,7.4511,0.0000,6.3759,-0.1677,2.4738,5.3333
0.9000,26,3,ForestGuardian,True,-2089788878,0.9459,False,7.4511,0.0000,3.6241,-0.1687,2.4815,5.3333
0.9083,26,1,ForestGuardian,True,-2089788878,0.5297,False,6.4526,0.0000,5.0000,-0.1679,2.4942,5.3333
0.9083,26,2,ForestGuardian,True,-2089788878,1.0212,False,7.4511,0.0000,6.3759,-0.1677,2.4739,5.3333
0.9083,26,3,ForestGuardian,True,-2089788878,0.9475,False,7.4511,0.0000,3.6241,-0.1687,2.4812,5.3333
0.9167,27,1,ForestGuardian,True,-2089788878,0.5313,False,6.4526,0.0000,5.0000,-0.1679,2.4939,5.3333
0.9167,27,2,ForestGuardian,True,-2089788878,1.0228,False,7.4511,0.0000,6.3759,-0.1677,2.4740,5.3333
0.9167,27,3,ForestGuardian,True,-2089788878,0.9490,False,7.4511,0.0000,3.6241,-0.1686,2.4808,5.3333
0.9250,27,1,ForestGuardian,True,-2089788878,0.5328,False,6.4526,0.0000,5.0000,-0.1679,2.4935,5.3333
0.9250,27,2,ForestGuardian,True,-2089788878,1.0243,False,7.4511,0.0000,6.3759,-0.1677,2.4741,5.3333
0.9250,27,3,ForestGuardian,True,-2089788878,0.9506,False,7.4511,0.0000,3.6241,-0.1685,2.4805,5.3333
0.9333,27,1,ForestGuardian,True,-2089788878,0.5344,False,6.4526,0.0000,5.0000,-0.1679,2.4931,5.3333
0.9333,27,2,ForestGuardian,True,-2089788878,1.0259,False,7.4511,0.0000,6.3759,-0.1677,2.4742,5.3333
0.9333,27,3,ForestGuardian,True,-2089788878,0.9522,False,7.4511,0.0000,3.6241,-0.1684,2.4801,5.3333
0.9417,27,1,ForestGuardian,True,-2089788878,0.5360,False,6.4526,0.0000,5.0000,-0.1678,2.4926,5.3333
0.9417,27,2,ForestGuardian,True,-2089788878,1.0275,False,7.4511,0.0000,6.3759,-0.1677,2.4743,5.3333
0.9417,27,3,ForestGuardian,True,-2089788878,0.9537,False,7.4511,0.0000,3.6241,-0.1683,2.4797,5.3333
0.9500,28,1,ForestGuardian,True,-2089788878,0.5375,False,6.4526,0.0000,5.0000,-0.1678,2.4921,5.3333
0.9500,28,2,ForestGuardian,True,-2089788878,1.0290,False,7.4511,0.0000,6.3759,-0.1677,2.4744,5.3333
0.9500,28,3,ForestGuardian,True,-2089788878,0.9553,False,7.4511,0.0000,3.6241,-0.1682,2.4794,5.3333
0.9583,28,1,ForestGuardian,True,-2089788878,0.5391,False,6.4526,0.0000,5.0000,-0.1678,2.4915,5.3333
0.9583,28,2,ForestGuardian,True,-2089788878,1.0306,False,7.4511,0.0000,6.3759,-0.1677,2.4745,5.3333
0.9583,28,3,ForestGuardian,True,-2089788878,0.9568,False,7.4511,0.0000,3.6241,-0.1682,2.4790,5.3333
0.9667,28,1,ForestGuardian,True,-2089788878,0.5406,False,6.4526,0.0000,5.0000,-0.1678,2.4909,5.3333
0.9667,28,2,ForestGuardian,True,-2089788878,1.0321,False,7.4511,0.0000,6.3759,-0.1677,2.4746,5.3333
0.9667,28,3,ForestGuardian,True,-2089788878,0.9584,False,7.4511,0.0000,3.6241,-0.1681,2.4787,5.3333
0.9750,28,1,ForestGuardian,True,-2089788878,0.5422,False,6.4526,0.0000,5.0000,-0.1678,2.4905,5.3333
0.9750,28,2,ForestGuardian,True,-2089788878,1.0337,False,7.4511,0.0000,6.3759,-0.1678,2.4747,5.3333
0.9750,28,3,ForestGuardian,True,-2089788878,0.9600,False,7.4511,0.0000,3.6241,-0.1680,2.4784,5.3333
0.9833,29,1,ForestGuardian,True,-2089788878,0.5438,False,6.4526,0.0000,5.0000,-0.1678,2.4902,5.3333
0.9833,29,2,ForestGuardian,True,-2089788878,1.0353,False,7.4511,0.0000,6.3759,-0.1678,2.4748,5.3333
0.9833,29,3,ForestGuardian,True,-2089788878,0.9615,False,7.4511,0.0000,3.6241,-0.1680,2.4780,5.3333
0.9917,29,1,ForestGuardian,True,-2089788878,0.5453,False,6.4526,0.0000,5.0000,-0.1678,2.4899,5.3333
0.9917,29,2,ForestGuardian,True,-2089788878,1.0368,False,7.4511,0.0000,6.3759,-0.1678,2.4749,5.3333
0.9917,29,3,ForestGuardian,True,-2089788878,0.9631,False,7.4511,0.0000,3.6241,-0.1679,2.4777,5.3333
1.0000,29,1,ForestGuardian,True,-2089788878,0.5469,False,6.4526,0.0000,5.0000,-0.1678,2.4895,5.3333
1.0000,29,2,ForestGuardian,True,-2089788878,1.0384,False,7.4511,0.0000,6.3759,-0.1678,2.4750,5.3333
1.0000,29,3,ForestGuardian,True,-2089788878,0.9647,False,7.4511,0.0000,3.6241,-0.1679,2.4774,5.3333
1.0083,29,1,ForestGuardian,True,-2089788878,0.5485,False,4.2382,0.0000,5.0000,-0.1678,2.4892,5.3333
1.0083,29,2,ForestGuardian,True,-2089788878,1.0400,False,7.4511,0.0000,6.3759,-0.1679,2.4751,5.3333
1.0083,29,3,ForestGuardian,True,-2089788878,0.9662,False,7.4511,0.0000,3.6241,-0.1678,2.4771,5.3333
1.0167,30,1,ForestGuardian,True,-2089788878,0.5500,False,3.5000,0.0000,5.0000,-0.1678,2.4889,5.3333
1.0167,30,2,ForestGuardian,True,-2089788878,1.0415,False,7.4511,0.0000,6.3759,-0.1679,2.4752,5.3333
1.0167,30,3,ForestGuardian,True,-2089788878,0.9678,False,7.4511,0.0000,3.6241,-0.1678,2.4768,5.3333
1.0250,30,1,ForestGuardian,True,-2089788878,0.5516,False,3.5000,0.0000,5.0000,-0.1678,2.4886,5.3333
1.0250,30,2,ForestGuardian,True,-2089788878,1.0431,False,7.4511,0.0000,6.3759,-0.1679,2.4753,5.3333
1.0250,30,3,ForestGuardian,True,-2089788878,0.9693,False,7.4511,0.0000,3.6241,-0.1678,2.4765,5.3333
1.0333,30,1,ForestGuardian,True,-2089788878,0.5532,False,3.5000,0.0000,5.0000,-0.1748,2.4839,5.1536
1.0333,30,2,ForestGuardian,True,-2089788878,1.0446,False,7.4511,0.0000,6.3759,-0.1680,2.4754,5.3333
1.0333,30,3,ForestGuardian,True,-2089788878,0.9709,False,7.4511,0.0000,3.6241,-0.1678,2.4763,5.3333
1.0417,30,1,ForestGuardian,True,-2089788878,0.5549,False,3.5000,0.0000,5.0000,-0.1805,2.4788,4.9957
1.0417,30,2,ForestGuardian,True,-2089788878,1.0462,False,7.4511,0.0000,6.3759,-0.1680,2.4755,5.3333
1.0417,30,3,ForestGuardian,True,-2089788878,0.9725,False,7.4511,0.0000,3.6241,-0.1677,2.4760,5.3333
1.0500,31,1,ForestGuardian,True,-2089788878,0.5566,False,3.5000,0.0000,5.0000,-0.1850,2.4736,4.8572
1.0500,31,2,ForestGuardian,True,-2089788878,1.0478,False,7.4511,0.0000,6.3759,-0.1680,2.4756,5.3333
1.0500,31,3,ForestGuardian,True,-2089788878,0.9740,False,7.4511,0.0000,3.6241,-0.1677,2.4758,5.3333
1.0583,31,1,ForestGuardian,True,-2089788878,0.5583,False,3.5000,0.0000,5.0000,-0.1886,2.4685,4.7355
1.0583,31,2,ForestGuardian,True,-2089788878,1.0493,False,7.4511,0.0000,6.3759,-0.1681,2.4756,5.3333
1.0583,31,3,ForestGuardian,True,-2089788878,0.9756,False,7.4511,0.0000,3.6241,-0.1677,2.4755,5.3333
1.0667,31,1,ForestGuardian,True,-2089788878,0.5601,False,3.5000,0.0000,5.0000,-0.1914,2.4635,4.6286
1.0667,31,2,ForestGuardian,True,-2089788878,1.0509,False,7.4511,0.0000,6.3759,-0.1681,2.4757,5.3333
1.0667,31,3,ForestGuardian,True,-2089788878,0.9772,False,7.4511,0.0000,3.6241,-0.1677,2.4753,5.3333
1.0750,31,1,ForestGuardian,True,-2089788878,0.5620,False,3.5000,0.0000,5.0000,-0.1937,2.4589,4.5348
1.0750,31,2,ForestGuardian,True,-2089788878,1.0525,False,7.4511,0.0000,6.3759,-0.1682,2.4758,5.3333
1.0750,31,3,ForestGuardian,True,-2089788878,0.9787,False,7.4511,0.0000,3.6241,-0.1677,2.4751,5.3333
1.0833,32,1,ForestGuardian,True,-2089788878,0.5639,False,3.5000,0.0000,5.0000,-0.1955,2.4555,4.4524
1.0833,32,2,ForestGuardian,True,-2089788878,1.0540,False,7.4511,0.0000,6.3759,-0.1682,2.4758,5.3333
1.0833,32,3,ForestGuardian,True,-2089788878,0.9803,False,7.4511,0.0000,3.6241,-0.1677,2.4749,5.3333
1.0917,32,1,ForestGuardian,True,-2089788878,0.5658,False,3.5000,0.0000,5.0000,-0.1969,2.4549,4.3801
1.0917,32,2,ForestGuardian,True,-2089788878,1.0556,False,7.4511,0.0000,6.3759,-0.1683,2.4759,5.3333
1.0917,32,3,ForestGuardian,True,-2089788878,0.9818,False,7.4511,0.0000,3.6241,-0.1677,2.4747,5.3333
1.1000,32,1,ForestGuardian,True,-2089788878,0.5677,False,3.5000,0.0000,5.0000,-0.1980,2.4542,4.3166
1.1000,32,2,ForestGuardian,True,-2089788878,1.0571,False,7.4511,0.0000,6.3759,-0.1683,2.4759,5.3333
1.1000,32,3,ForestGuardian,True,-2089788878,0.9834,False,7.4511,0.0000,3.6241,-0.1677,2.4745,5.3333
1.1083,32,1,ForestGuardian,True,-2089788878,0.5696,False,3.5000,0.0000,5.0000,-0.1989,2.4535,4.2608
1.1083,32,2,ForestGuardian,True,-2089788878,1.0587,False,7.4511,0.0000,6.3759,-0.1683,2.4760,5.3333
1.1083,32,3,ForestGuardian,True,-2089788878,0.9850,False,7.4511,0.0000,3.6241,-0.1677,2.4743,5.3333
1.1167,33,1,ForestGuardian,True,-2089788878,0.5716,False,3.5000,0.0000,5.0000,-0.1995,2.4527,4.2119
1.1167,33,2,ForestGuardian,True,-2089788878,1.0603,False,7.4511,0.0000,6.3759,-0.1684,2.4761,5.3333
1.1167,33,3,ForestGuardian,True,-2089788878,0.9865,False,7.4511,0.0000,3.6241,-0.1678,2.4742,5.3333
1.1250,33,1,ForestGuardian,True,-2089788878,0.5736,False,3.5000,0.0000,5.0000,-0.2000,2.4519,4.1689
1.1250,33,2,ForestGuardian,True,-2089788878,1.0618,False,7.4511,0.0000,6.3759,-0.1685,2.4763,5.3333
1.1250,33,3,ForestGuardian,True,-2089788878,0.9881,False,7.4511,0.0000,3.6241,-0.1678,2.4740,5.3333
1.1333,33,1,ForestGuardian,True,-2089788878,0.5756,False,3.5000,0.0000,5.0000,-0.2004,2.4512,4.1311
1.1333,33,2,ForestGuardian,True,-2089788878,1.0634,False,7.4511,0.0000,6.3759,-0.1685,2.4764,5.3333
1.1333,33,3,ForestGuardian,True,-2089788878,0.9897,False,7.4511,0.0000,3.6241,-0.1678,2.4738,5.3333
1.1417,33,1,ForestGuardian,True,-2089788878,0.5777,False,3.5000,0.0000,5.0000,-0.2006,2.4504,4.0980
1.1417,33,2,ForestGuardian,True,-2089788878,1.0650,False,7.4511,0.0000,6.3759,-0.1686,2.4766,5.3333
1.1417,33,3,ForestGuardian,True,-2089788878,0.9912,False,7.4511,0.0000,3.6241,-0.1679,2.4737,5.3333
1.1500,34,1,ForestGuardian,True,-2089788878,0.5797,False,3.5000,0.0000,5.0000,-0.2008,2.4497,4.0689
1.1500,34,2,ForestGuardian,True,-2089788878,1.0665,False,7.4511,0.0000,6.3759,-0.1686,2.4768,5.3333
1.1500,34,3,ForestGuardian,True,-2089788878,0.9928,False,7.4511,0.0000,3.6241,-0.1679,2.4736,5.3333
1.1583,34,1,ForestGuardian,True,-2089788878,0.5818,False,3.5000,0.0000,5.0000,-0.2008,2.4491,4.0433
1.1583,34,2,ForestGuardian,True,-2089788878,1.0681,False,7.4511,0.0000,6.3759,-0.1687,2.4770,5.3333
1.1583,34,3,ForestGuardian,True,-2089788878,0.9943,False,7.4511,0.0000,3.6241,-0.1679,2.4734,5.3333
1.1667,34,1,ForestGuardian,True,-2089788878,0.5839,False,3.5000,0.0000,5.0000,-0.2009,2.4484,4.0209
1.1667,34,2,ForestGuardian,True,-2089788878,1.0696,False,7.4511,0.0000,6.3759,-0.1688,2.4772,5.3333
1.1667,34,3,ForestGuardian,True,-2089788878,0.9959,False,7.4511,0.0000,3.6241,-0.1679,2.4733,5.3333
1.1750,34,1,ForestGuardian,True,-2089788878,0.5859,False,3.5000,0.0000,5.0000,-0.2008,2.4478,4.0012
1.1750,34,2,ForestGuardian,True,-2089788878,1.0712,False,7.4511,0.0000,6.3759,-0.1688,2.4774,5.3333
1.1750,34,3,ForestGuardian,True,-2089788878,0.9975,False,7.4511,0.0000,3.6241,-0.1679,2.4732,5.3333
1.1833,35,1,ForestGuardian,True,-2089788878,0.5880,False,3.5000,0.0000,5.0000,-0.2007,2.4472,3.9839
1.1833,35,2,ForestGuardian,True,-2089788878,1.0728,False,7.4511,0.0000,6.3759,-0.1689,2.4777,5.3333
1.1833,35,3,ForestGuardian,True,-2089788878,0.9990,False,7.4511,0.0000,3.6241,-0.1678,2.4731,5.3333
1.1917,35,1,ForestGuardian,True,-2089788878,0.5901,False,3.5000,0.0000,5.0000,-0.2006,2.4466,3.9687
1.1917,35,2,ForestGuardian,True,-2089788878,1.0743,False,7.4511,0.0000,6.3759,-0.1690,2.4780,5.3333
1.1917,35,3,ForestGuardian,True,-2089788878,1.0006,False,7.4511,0.0000,3.6241,-0.1678,2.4730,5.3333
1.2000,35,1,ForestGuardian,True,-2089788878,0.5922,False,3.5000,0.0000,5.0000,-0.2005,2.4460,3.9554
1.2000,35,2,ForestGuardian,True,-2089788878,1.0759,False,7.4511,0.0000,6.3759,-0.1691,2.4783,5.3333
1.2000,35,3,ForestGuardian,True,-2089788878,1.0022,False,7.4511,0.0000,3.6241,-0.1678,2.4730,5.3333
1.2083,35,1,ForestGuardian,True,-2089788878,0.5943,False,3.5000,0.0000,5.0000,-0.2003,2.4454,3.9436
1.2083,35,2,ForestGuardian,True,-2089788878,1.0775,False,7.4511,0.0000,6.3759,-0.1691,2.4786,5.3333
1.2083,35,3,ForestGuardian,True,-2089788878,1.0037,False,7.4511,0.0000,3.6241,-0.1679,2.4730,5.3333
1.2167,36,1,ForestGuardian,True,-2089788878,0.5965,False,3.5000,0.0000,5.0000,-0.2000,2.4449,3.9334
1.2167,36,2,ForestGuardian,True,-2089788878,1.0790,False,7.4511,0.0000,6.3759,-0.1692,2.4789,5.3333
1.2167,36,3,ForestGuardian,True,-2089788878,1.0053,False,7.4511,0.0000,3.6241,-0.1679,2.4731,5.3333
1.2250,36,1,ForestGuardian,True,-2089788878,0.5986,False,3.5000,0.0000,5.0000,-0.1998,2.4443,3.9243
1.2250,36,2,ForestGuardian,True,-2089788878,1.0806,False,7.4511,0.0000,6.3759,-0.1693,2.4792,5.3333
1.2250,36,3,ForestGuardian,True,-2089788878,1.0068,False,7.4511,0.0000,3.6241,-0.1679,2.4731,5.3333
1.2333,36,1,ForestGuardian,True,-2089788878,0.6007,False,3.5000,0.0000,5.0000,-0.1995,2.4438,3.9164
1.2333,36,2,ForestGuardian,True,-2089788878,1.0821,False,7.4511,0.0000,6.3759,-0.1694,2.4795,5.3333
1.2333,36,3,ForestGuardian,True,-2089788878,1.0084,False,7.4511,0.0000,3.6241,-0.1679,2.4732,5.3333
1.2417,36,1,ForestGuardian,True,-2089788878,0.6029,False,3.5000,0.0000,5.0000,-0.1992,2.4432,3.9095
1.2417,36,2,ForestGuardian,True,-2089788878,1.0837,False,7.4511,0.0000,6.3759,-0.1695,2.4798,5.3333
1.2417,36,3,ForestGuardian,True,-2089788878,1.0100,False,7.4511,0.0000,3.6241,-0.1679,2.4733,5.3333
1.2500,37,1,ForestGuardian,True,-2089788878,0.6050,False,3.5000,0.0000,5.0000,-0.1989,2.4427,3.9033
1.2500,37,2,ForestGuardian,True,-2089788878,1.0853,False,7.4511,0.0000,6.3759,-0.1695,2.4800,5.3333
1.2500,37,3,ForestGuardian,True,-2089788878,1.0115,False,7.4511,0.0000,3.6241,-0.1679,2.4733,5.3333
1.2583,37,1,ForestGuardian,True,-2089788878,0.6071,False,3.5000,0.0000,5.0000,-0.1986,2.4421,3.8980
1.2583,37,2,ForestGuardian,True,-2089788878,1.0868,False,7.4511,0.0000,6.3759,-0.1696,2.4803,5.3333
1.2583,37,3,ForestGuardian,True,-2089788878,1.0131,False,7.4511,0.0000,3.6241,-0.1678,2.4734,5.3333
1.2667,37,1,ForestGuardian,True,-2089788878,0.6093,False,3.5000,0.0000,5.0000,-0.1983,2.4416,3.8933
1.2667,37,2,ForestGuardian,True,-2089788878,1.0884,False,7.4511,0.0000,6.3759,-0.1697,2.4806,5.3333
1.2667,37,3,ForestGuardian,True,-2089788878,1.0147,False,7.4511,0.0000,3.6241,-0.1678,2.4735,5.3333
1.2750,37,1,ForestGuardian,True,-2089788878,0.6114,False,3.5000,0.0000,5.0000,-0.1980,2.4411,3.8891
1.2750,37,2,ForestGuardian,True,-2089788878,1.0900,False,7.4511,0.0000,6.3759,-0.1698,2.4808,5.3333
1.2750,37,3,ForestGuardian,True,-2089788878,1.0162,False,7.4511,0.0000,3.6241,-0.1678,2.4736,5.3333
1.2833,38,1,ForestGuardian,True,-2089788878,0.6136,False,3.5000,0.0000,5.0000,-0.1978,2.4405,3.8855
1.2833,38,2,ForestGuardian,True,-2089788878,1.0915,False,7.4511,0.0000,6.3759,-0.1698,2.4811,5.3333
1.2833,38,3,ForestGuardian,True,-2089788878,1.0178,False,7.4511,0.0000,3.6241,-0.1677,2.4737,5.3333
1.2917,38,1,ForestGuardian,True,-2089788878,0.6157,False,3.5000,0.0000,5.0000,-0.1975,2.4400,3.8823
1.2917,38,2,ForestGuardian,True,-2089788878,1.0931,False,7.4511,0.0000,6.3759,-0.1699,2.4813,5.3333
1.2917,38,3,ForestGuardian,True,-2089788878,1.0193,False,7.4511,0.0000,3.6241,-0.1677,2.4738,5.3333
1.3000,38,1,ForestGuardian,True,-2089788878,0.6178,False,3.5000,0.0000,5.0000,-0.1972,2.4396,3.8795
1.3000,38,2,ForestGuardian,True,-2089788878,1.0946,False,7.4511,0.0000,6.3759,-0.1700,2.4816,5.3333
1.3000,38,3,ForestGuardian,True,-2089788878,1.0209,False,7.4511,0.0000,3.6241,-0.1677,2.4739,5.3333
1.3083,38,1,ForestGuardian,True,-2089788878,0.6200,False,3.5000,0.0000,5.0000,-0.1970,2.4391,3.8770
1.3083,38,2,ForestGuardian,True,-2089788878,1.0962,False,7.4511,0.0000,6.3759,-0.1701,2.4818,5.3333
1.3083,38,3,ForestGuardian,True,-2089788878,1.0225,False,7.4511,0.0000,3.6241,-0.1677,2.4740,5.3333
1.3167,39,1,ForestGuardian,True,-2089788878,0.6221,False,3.5000,0.0000,5.0000,-0.1968,2.4387,3.8749
1.3167,39,2,ForestGuardian,True,-2089788878,1.0978,False,7.4511,0.0000,6.3759,-0.1701,2.4821,5.3333
1.3167,39,3,ForestGuardian,True,-2089788878,1.0240,False,7.4511,0.0000,3.6241,-0.1677,2.4741,5.3333
1.3250,39,1,ForestGuardian,True,-2089788878,0.6243,False,3.5000,0.0000,5.0000,-0.1966,2.4384,3.8730
1.3250,39,2,ForestGuardian,True,-2089788878,1.0993,False,7.4511,0.0000,6.3759,-0.1702,2.4823,5.3333
1.3250,39,3,ForestGuardian,True,-2089788878,1.0256,False,7.4511,0.0000,3.6241,-0.1677,2.4742,5.3333
1.3333,39,1,ForestGuardian,True,-2089788878,0.6265,False,3.5000,0.0000,5.0000,-0.1964,2.4380,3.8713
1.3333,39,2,ForestGuardian,True,-2089788878,1.1009,False,7.4511,0.0000,6.3759,-0.1702,2.4826,5.3333
1.3333,39,3,ForestGuardian,True,-2089788878,1.0272,False,7.4511,0.0000,3.6241,-0.1677,2.4743,5.3333
1.3417,39,1,ForestGuardian,True,-2089788878,0.6286,False,3.5000,0.0000,5.0000,-0.1963,2.4377,3.8699
1.3417,39,2,ForestGuardian,True,-2089788878,1.1025,False,7.4511,0.0000,6.3759,-0.1703,2.4828,5.3333
1.3417,39,3,ForestGuardian,True,-2089788878,1.0287,False,7.4511,0.0000,3.6241,-0.1677,2.4744,5.3333
1.3500,40,1,ForestGuardian,True,-2089788878,0.6308,False,3.5000,0.0000,5.0000,-0.1961,2.4374,3.8686
1.3500,40,2,ForestGuardian,True,-2089788878,1.1040,False,7.4511,0.0000,6.3759,-0.1703,2.4831,5.3333
1.3500,40,3,ForestGuardian,True,-2089788878,1.0303,False,7.4511,0.0000,3.6241,-0.1677,2.4745,5.3333
1.3583,40,1,ForestGuardian,True,-2089788878,0.6329,False,3.5000,0.0000,5.0000,-0.1960,2.4372,3.8674
1.3583,40,2,ForestGuardian,True,-2089788878,1.1056,False,7.4511,0.0000,6.3759,-0.1704,2.4833,5.3333
1.3583,40,3,ForestGuardian,True,-2089788878,1.0318,False,7.4511,0.0000,3.6241,-0.1677,2.4746,5.3333
1.3667,40,1,ForestGuardian,True,-2089788878,0.6351,False,3.5000,0.0000,5.0000,-0.1959,2.4369,3.8665
1.3667,40,2,ForestGuardian,True,-2089788878,1.1071,False,7.4511,0.0000,6.3759,-0.1704,2.4835,5.3333
1.3667,40,3,ForestGuardian,True,-2089788878,1.0334,False,7.4511,0.0000,3.6241,-0.1678,2.4747,5.3333
1.3750,40,1,ForestGuardian,True,-2089788878,0.6372,False,3.5000,0.0000,5.0000,-0.1958,2.4367,3.8656
1.3750,40,2,ForestGuardian,True,-2089788878,1.1087,False,7.4511,0.0000,6.3759,-0.1705,2.4838,5.3333
1.3750,40,3,ForestGuardian,True,-2089788878,1.0350,False,7.4511,0.0000,3.6241,-0.1678,2.4748,5.3333
1.3833,41,1,ForestGuardian,True,-2089788878,0.6394,False,3.5000,0.0000,5.0000,-0.1957,2.4374,3.8648
1.3833,41,2,ForestGuardian,True,-2089788878,1.1103,False,7.4511,0.0000,6.3759,-0.1705,2.4840,5.3333
1.3833,41,3,ForestGuardian,True,-2089788878,1.0365,False,7.4511,0.0000,3.6241,-0.1678,2.4749,5.3333
1.3917,41,1,ForestGuardian,True,-2089788878,0.6415,False,3.5000,0.0000,5.0000,-0.1956,2.4381,3.8642
1.3917,41,2,ForestGuardian,True,-2089788878,1.1118,False,7.4511,0.0000,6.3759,-0.1706,2.4843,5.3333
1.3917,41,3,ForestGuardian,True,-2089788878,1.0381,False,7.4511,0.0000,3.6241,-0.1678,2.4750,5.3333
1.4000,41,1,ForestGuardian,True,-2089788878,0.6437,False,3.5000,0.0000,5.0000,-0.1955,2.4387,3.8636
1.4000,41,2,ForestGuardian,True,-2089788878,1.1134,False,7.4511,0.0000,6.3759,-0.1707,2.4845,5.3333
1.4000,41,3,ForestGuardian,True,-2089788878,1.0397,False,7.4511,0.0000,3.6241,-0.1679,2.4751,5.3333
1.4083,41,1,ForestGuardian,True,-2089788878,0.6459,False,3.5000,0.0000,5.0000,-0.1954,2.4394,3.8631
1.4083,41,2,ForestGuardian,True,-2089788878,1.1150,False,7.4511,0.0000,6.3759,-0.1707,2.4848,5.3333
1.4083,41,3,ForestGuardian,True,-2089788878,1.0412,False,7.4511,0.0000,3.6241,-0.1679,2.4752,5.3333
1.4167,42,1,ForestGuardian,True,-2089788878,0.6480,False,3.5000,0.0000,5.0000,-0.1952,2.4400,3.8626
1.4167,42,2,ForestGuardian,True,-2089788878,1.1165,False,7.4511,0.0000,6.3759,-0.1708,2.4850,5.3333
1.4167,42,3,ForestGuardian,True,-2089788878,1.0428,False,7.4511,0.0000,3.6241,-0.1679,2.4753,5.3333
1.4250,42,1,ForestGuardian,True,-2089788878,0.6502,False,3.5000,0.0000,5.0000,-0.1951,2.4407,3.8622
1.4250,42,2,ForestGuardian,True,-2089788878,1.1181,False,7.4511,0.0000,6.3759,-0.1709,2.4852,5.3333
1.4250,42,3,ForestGuardian,True,-2089788878,1.0443,False,7.4511,0.0000,3.6241,-0.1679,2.4754,5.3333
1.4333,42,1,ForestGuardian,True,-2089788878,0.6523,False,3.5000,0.0000,5.0000,-0.1950,2.4412,3.8619
1.4333,42,2,ForestGuardian,True,-2089788878,1.1196,False,7.4511,0.0000,6.3759,-0.1710,2.4854,5.3333
1.4333,42,3,ForestGuardian,True,-2089788878,1.0459,False,7.4511,0.0000,3.6241,-0.1680,2.4755,5.3333
1.4417,42,1,ForestGuardian,True,-2089788878,0.6545,False,3.5000,0.0000,5.0000,-0.1948,2.4418,3.8615
1.4417,42,2,ForestGuardian,True,-2089788878,1.1212,False,7.4511,0.0000,6.3759,-0.1711,2.4856,5.3333
1.4417,42,3,ForestGuardian,True,-2089788878,1.0475,False,7.4511,0.0000,3.6241,-0.1680,2.4755,5.3333
1.4500,43,1,ForestGuardian,True,-2089788878,0.6566,False,3.5000,0.0000,5.0000,-0.1947,2.4424,3.8613
1.4500,43,2,ForestGuardian,True,-2089788878,1.1228,False,7.4511,0.0000,6.3759,-0.1713,2.4858,5.3333
1.4500,43,3,ForestGuardian,True,-2089788878,1.0490,False,7.4511,0.0000,3.6241,-0.1681,2.4756,5.3333
1.4583,43,1,ForestGuardian,True,-2089788878,0.6588,False,3.5000,0.0000,5.0000,-0.1946,2.4431,3.8610
1.4583,43,2,ForestGuardian,True,-2089788878,1.1243,False,7.4511,0.0000,6.3759,-0.1714,2.4860,5.3333
1.4583,43,3,ForestGuardian,True,-2089788878,1.0506,False,7.4511,0.0000,3.6241,-0.1681,2.4757,5.3333
1.4667,43,1,ForestGuardian,True,-2089788878,0.6610,False,3.5000,0.0000,5.0000,-0.1946,2.4438,3.8608
1.4667,43,2,ForestGuardian,True,-2089788878,1.1259,False,7.4511,0.0000,6.3759,-0.1714,2.4861,5.3333
1.4667,43,3,ForestGuardian,True,-2089788878,1.0522,False,7.4511,0.0000,3.6241,-0.1682,2.4758,5.3333
1.4750,43,1,ForestGuardian,True,-2089788878,0.6631,False,3.5000,0.0000,5.0000,-0.1945,2.4445,3.8606
1.4750,43,2,ForestGuardian,True,-2089788878,1.1275,False,7.4511,0.0000,6.3759,-0.1715,2.4863,5.3333
1.4750,43,3,ForestGuardian,True,-2089788878,1.0537,False,7.4511,0.0000,3.6241,-0.1682,2.4758,5.3333
1.4833,44,1,ForestGuardian,True,-2089788878,0.6653,False,3.5000,0.0000,5.0000,-0.1945,2.4452,3.8605
1.4833,44,2,ForestGuardian,True,-2089788878,1.1290,False,7.4511,0.0000,6.3759,-0.1716,2.4865,5.3333
1.4833,44,3,ForestGuardian,True,-2089788878,1.0553,False,7.4511,0.0000,3.6241,-0.1682,2.4759,5.3333
1.4917,44,1,ForestGuardian,True,-2089788878,0.6674,False,3.5000,0.0000,5.0000,-0.1945,2.4459,3.8603
1.4917,44,2,ForestGuardian,True,-2089788878,1.1306,False,7.4511,0.0000,6.3759,-0.1717,2.4866,5.3333
1.4917,44,3,ForestGuardian,True,-2089788878,1.0568,False,7.4511,0.0000,3.6241,-0.1683,2.4759,5.3333
1.5000,44,1,ForestGuardian,True,-2089788878,0.6696,False,3.5000,0.0000,5.0000,-0.1945,2.4467,3.8602
1.5000,44,2,ForestGuardian,True,-2089788878,1.1321,False,7.4511,0.0000,6.3759,-0.1718,2.4867,5.3333
1.5000,44,3,ForestGuardian,True,-2089788878,1.0584,False,7.4511,0.0000,3.6241,-0.1683,2.4760,5.3333
1.5083,44,1,ForestGuardian,True,-2089788878,0.6717,False,3.5000,0.0000,5.0000,-0.1945,2.4473,3.8601
1.5083,44,2,ForestGuardian,True,-2089788878,1.1337,False,7.4511,0.0000,6.3759,-0.1719,2.4869,5.3333
1.5083,44,3,ForestGuardian,True,-2089788878,1.0600,False,7.4511,0.0000,3.6241,-0.1684,2.4761,5.3333
1.5167,45,1,ForestGuardian,True,-2089788878,0.6739,False,3.5000,0.0000,5.0000,-0.1945,2.4480,3.8600
1.5167,45,2,ForestGuardian,True,-2089788878,1.1353,False,7.4511,0.0000,6.3759,-0.1720,2.4870,5.3333
1.5167,45,3,ForestGuardian,True,-2089788878,1.0615,False,7.4511,0.0000,3.6241,-0.1684,2.4762,5.3333
1.5250,45,1,ForestGuardian,True,-2089788878,0.6761,False,3.5000,0.0000,5.0000,-0.1944,2.4486,3.8599
1.5250,45,2,ForestGuardian,True,-2089788878,1.1368,False,7.4511,0.0000,6.3759,-0.1720,2.4871,5.3333
1.5250,45,3,ForestGuardian,True,-2089788878,1.0631,False,7.4511,0.0000,3.6241,-0.1685,2.4764,5.3333
1.5333,45,1,ForestGuardian,True,-2089788878,0.6782,False,3.5000,0.0000,5.0000,-0.1943,2.4492,3.8599
1.5333,45,2,ForestGuardian,True,-2089788878,1.1384,False,7.4511,0.0000,6.3759,-0.1721,2.4872,5.3333
1.5333,45,3,ForestGuardian,True,-2089788878,1.0647,False,7.4511,0.0000,3.6241,-0.1686,2.4765,5.3333
1.5417,45,1,ForestGuardian,True,-2089788878,0.6804,False,3.5000,0.0000,5.0000,-0.1942,2.4497,3.8598
1.5417,45,2,ForestGuardian,True,-2089788878,1.1400,False,7.4511,0.0000,6.3759,-0.1721,2.4873,5.3333
1.5417,45,3,ForestGuardian,True,-2089788878,1.0662,False,7.4511,0.0000,3.6241,-0.1686,2.4767,5.3333
1.5500,46,1,ForestGuardian,True,-2089788878,0.6825,False,3.5000,0.0000,5.0000,-0.1940,2.4502,3.8597
1.5500,46,2,ForestGuardian,True,-2089788878,1.1415,False,7.4511,0.0000,6.3759,-0.1722,2.4873,5.3333
1.5500,46,3,ForestGuardian,True,-2089788878,1.0678,False,7.4511,0.0000,3.6241,-0.1687,2.4769,5.3333
1.5583,46,1,ForestGuardian,True,-2089788878,0.6847,False,3.5000,0.0000,5.0000,-0.1937,2.4506,3.8597
1.5583,46,2,ForestGuardian,True,-2089788878,1.1431,False,7.4511,0.0000,6.3759,-0.1722,2.4874,5.3333
1.5583,46,3,ForestGuardian,True,-2089788878,1.0693,False,7.4511,0.0000,3.6241,-0.1688,2.4771,5.3333
1.5667,46,1,ForestGuardian,True,-2089788878,0.6869,False,3.5000,0.0000,5.0000,-0.1934,2.4509,3.8596
1.5667,46,2,ForestGuardian,True,-2089788878,1.1446,False,7.4511,0.0000,6.3759,-0.1723,2.4874,5.3333
1.5667,46,3,ForestGuardian,True,-2089788878,1.0709,False,7.4511,0.0000,3.6241,-0.1688,2.4774,5.3333
1.5750,46,1,ForestGuardian,True,-2089788878,0.6890,False,3.5000,0.0000,5.0000,-0.1930,2.4511,3.8596
1.5750,46,2,ForestGuardian,True,-2089788878,1.1462,False,7.4511,0.0000,6.3759,-0.1723,2.4874,5.3333
1.5750,46,3,ForestGuardian,True,-2089788878,1.0725,False,7.4511,0.0000,3.6241,-0.1689,2.4776,5.3333
1.5833,47,1,ForestGuardian,True,-2089788878,0.6912,False,3.5000,0.0000,5.0000,-0.1925,2.4513,3.8596
1.5833,47,2,ForestGuardian,True,-2089788878,1.1478,False,7.4511,0.0000,6.3759,-0.1723,2.4874,5.3333
1.5833,47,3,ForestGuardian,True,-2089788878,1.0740,False,7.4511,0.0000,3.6241,-0.1690,2.4779,5.3333
1.5917,47,1,ForestGuardian,True,-2089788878,0.6933,False,3.5000,0.0000,5.0000,-0.1920,2.4514,3.8595
1.5917,47,2,ForestGuardian,True,-2089788878,1.1493,False,7.4511,0.0000,6.3759,-0.1724,2.4873,5.3333
1.5917,47,3,ForestGuardian,True,-2089788878,1.0756,False,7.4511,0.0000,3.6241,-0.1691,2.4782,5.3333
1.6000,47,1,ForestGuardian,True,-2089788878,0.6955,False,3.5000,0.0000,5.0000,-0.1913,2.4514,3.8595
1.6000,47,2,ForestGuardian,True,-2089788878,1.1509,False,7.4511,0.0000,6.3759,-0.1724,2.4873,5.3333
1.6000,47,3,ForestGuardian,True,-2089788878,1.0772,False,7.4511,0.0000,3.6241,-0.1691,2.4785,5.3333
1.6083,47,1,ForestGuardian,True,-2089788878,0.6971,False,3.5000,0.0000,5.0000,-0.1625,2.4722,5.3333
1.6083,47,2,ForestGuardian,True,-2089788878,1.1525,False,7.4511,0.0000,6.3759,-0.1724,2.4872,5.3333
1.6083,47,3,ForestGuardian,True,-2089788878,1.0787,False,7.4511,0.0000,3.6241,-0.1692,2.4788,5.3333
1.6167,48,1,ForestGuardian,True,-2089788878,0.6986,False,3.5000,0.0000,5.0000,-0.1625,2.4722,5.3333
1.6167,48,2,ForestGuardian,True,-2089788878,1.1540,False,7.4511,0.0000,6.3759,-0.1725,2.4871,5.3333
1.6167,48,3,ForestGuardian,True,-2089788878,1.0803,False,7.4511,0.0000,3.6241,-0.1693,2.4791,5.3333
1.6250,48,1,ForestGuardian,True,-2089788878,0.7002,False,3.5000,0.0000,5.0000,-0.1625,2.4723,5.3333
1.6250,48,2,ForestGuardian,True,-2089788878,1.1556,False,7.4511,0.0000,6.3759,-0.1725,2.4870,5.3333
1.6250,48,3,ForestGuardian,True,-2089788878,1.0818,False,7.4511,0.0000,3.6241,-0.1694,2.4794,5.3333
1.6333,48,1,ForestGuardian,True,-2089788878,0.7017,False,3.5000,0.0000,5.0000,-0.1625,2.4723,5.3333
1.6333,48,2,ForestGuardian,True,-2089788878,1.1571,False,7.4511,0.0000,6.3759,-0.1726,2.4869,5.3333
1.6333,48,3,ForestGuardian,True,-2089788878,1.0834,False,7.4511,0.0000,3.6241,-0.1695,2.4797,5.3333
1.6417,48,1,ForestGuardian,True,-2089788878,0.7033,False,3.5000,0.0000,5.0000,-0.1625,2.4724,5.3333
1.6417,48,2,ForestGuardian,True,-2089788878,1.1587,False,7.4511,0.0000,6.3759,-0.1726,2.4868,5.3333
1.6417,48,3,ForestGuardian,True,-2089788878,1.0850,False,7.4511,0.0000,3.6241,-0.1695,2.4800,5.3333
1.6500,49,1,ForestGuardian,True,-2089788878,0.7049,False,3.5000,0.0000,5.0000,-0.1625,2.4724,5.3333
1.6500,49,2,ForestGuardian,True,-2089788878,1.1603,False,7.4511,0.0000,6.3759,-0.1726,2.4867,5.3333
1.6500,49,3,ForestGuardian,True,-2089788878,1.0865,False,7.4511,0.0000,3.6241,-0.1696,2.4803,5.3333
1.6583,49,1,ForestGuardian,True,-2089788878,0.7064,False,3.5000,0.0000,5.0000,-0.1625,2.4725,5.3333
1.6583,49,2,ForestGuardian,True,-2089788878,1.1618,False,7.4511,0.0000,6.3759,-0.1727,2.4866,5.3333
1.6583,49,3,ForestGuardian,True,-2089788878,1.0881,False,7.4511,0.0000,3.6241,-0.1697,2.4805,5.3333
1.6667,49,1,ForestGuardian,True,-2089788878,0.7080,False,3.5000,0.0000,5.0000,-0.1626,2.4725,5.3333
1.6667,49,2,ForestGuardian,True,-2089788878,1.1634,False,7.4511,0.0000,6.3759,-0.1727,2.4865,5.3333
1.6667,49,3,ForestGuardian,True,-2089788878,1.0897,False,7.4511,0.0000,3.6241,-0.1698,2.4808,5.3333
1.6750,49,1,ForestGuardian,True,-2089788878,0.7096,False,3.5000,0.0000,5.0000,-0.1626,2.4726,5.3333
1.6750,49,2,ForestGuardian,True,-2089788878,1.1650,False,7.4511,0.0000,6.3759,-0.1727,2.4864,5.3333
1.6750,49,3,ForestGuardian,True,-2089788878,1.0912,False,7.4511,0.0000,3.6241,-0.1698,2.4810,5.3333
1.6833,50,1,ForestGuardian,True,-2089788878,0.7111,False,3.5000,0.0000,5.0000,-0.1627,2.4727,5.3333
1.6833,50,2,ForestGuardian,True,-2089788878,1.1665,False,7.4511,0.0000,6.3759,-0.1727,2.4863,5.3333
1.6833,50,3,ForestGuardian,True,-2089788878,1.0928,False,7.4511,0.0000,3.6241,-0.1699,2.4813,5.3333
1.6917,50,1,ForestGuardian,True,-2089788878,0.7127,False,3.5000,0.0000,5.0000,-0.1627,2.4728,5.3333
1.6917,50,2,ForestGuardian,True,-2089788878,1.1681,False,7.4511,0.0000,6.3759,-0.1727,2.4863,5.3333
1.6917,50,3,ForestGuardian,True,-2089788878,1.0943,False,7.4511,0.0000,3.6241,-0.1700,2.4815,5.3333
1.7000,50,1,ForestGuardian,True,-2089788878,0.7142,False,3.5000,0.0000,5.0000,-0.1628,2.4729,5.3333
1.7000,50,2,ForestGuardian,True,-2089788878,1.1696,False,7.4511,0.0000,6.3759,-0.1727,2.4862,5.3333
1.7000,50,3,ForestGuardian,True,-2089788878,1.0959,False,7.4511,0.0000,3.6241,-0.1700,2.4818,5.3333
1.7083,50,1,ForestGuardian,True,-2089788878,0.7158,False,3.5000,0.0000,5.0000,-0.1628,2.4730,5.3333
1.7083,50,2,ForestGuardian,True,-2089788878,1.1712,False,7.4511,0.0000,6.3759,-0.1727,2.4861,5.3333
1.7083,50,3,ForestGuardian,True,-2089788878,1.0975,False,7.4511,0.0000,3.6241,-0.1701,2.4820,5.3333
1.7167,51,1,ForestGuardian,True,-2089788878,0.7174,False,3.5000,0.0000,5.0000,-0.1629,2.4731,5.3333
1.7167,51,2,ForestGuardian,True,-2089788878,1.1728,False,7.4511,0.0000,6.3759,-0.1727,2.4861,5.3333
1.7167,51,3,ForestGuardian,True,-2089788878,1.0990,False,7.4511,0.0000,3.6241,-0.1702,2.4823,5.3333
1.7250,51,1,ForestGuardian,True,-2089788878,0.7189,False,3.5000,0.0000,5.0000,-0.1629,2.4732,5.3333
1.7250,51,2,ForestGuardian,True,-2089788878,1.1743,False,7.4511,0.0000,6.3759,-0.1727,2.4861,5.3333
1.7250,51,3,ForestGuardian,True,-2089788878,1.1006,False,7.4511,0.0000,3.6241,-0.1702,2.4825,5.3333
1.7333,51,1,ForestGuardian,True,-2089788878,0.7205,False,3.5000,0.0000,5.0000,-0.1630,2.4733,5.3333
1.7333,51,2,ForestGuardian,True,-2089788878,1.1759,False,7.4511,0.0000,6.3759,-0.1727,2.4860,5.3333
1.7333,51,3,ForestGuardian,True,-2089788878,1.1022,False,7.4511,0.0000,3.6241,-0.1703,2.4828,5.3333
1.7417,51,1,ForestGuardian,True,-2089788878,0.7221,False,3.5000,0.0000,5.0000,-0.1630,2.4734,5.3333
1.7417,51,2,ForestGuardian,True,-2089788878,1.1775,False,7.4511,0.0000,6.3759,-0.1727,2.4860,5.3333
1.7417,51,3,ForestGuardian,True,-2089788878,1.1037,False,7.4511,0.0000,3.6241,-0.1703,2.4830,5.3333
1.7500,52,1,ForestGuardian,True,-2089788878,0.7236,False,3.5000,0.0000,5.0000,-0.1631,2.4735,5.3333
1.7500,52,2,ForestGuardian,True,-2089788878,1.1790,False,7.4511,0.0000,6.3759,-0.1726,2.4860,5.3333
1.7500,52,3,ForestGuardian,True,-2089788878,1.1053,False,7.4511,0.0000,3.6241,-0.1703,2.4833,5.3333
1.7583,52,1,ForestGuardian,True,-2089788878,0.7252,False,3.5000,0.0000,5.0000,-0.1631,2.4736,5.3333
1.7583,52,2,ForestGuardian,True,-2089788878,1.1806,False,7.4511,0.0000,6.3759,-0.1726,2.4859,5.3333
1.7583,52,3,ForestGuardian,True,-2089788878,1.1068,False,7.4511,0.0000,3.6241,-0.1704,2.4835,5.3333
1.7667,52,1,ForestGuardian,True,-2089788878,0.7267,False,3.5000,0.0000,5.0000,-0.1632,2.4738,5.3333
1.7667,52,2,ForestGuardian,True,-2089788878,1.1821,False,7.4511,0.0000,6.3759,-0.1725,2.4859,5.3333
1.7667,52,3,ForestGuardian,True,-2089788878,1.1084,False,7.4511,0.0000,3.6241,-0.1704,2.4837,5.3333
1.7750,52,1,ForestGuardian,True,-2089788878,0.7283,False,3.5000,0.0000,5.0000,-0.1633,2.4739,5.3333
1.7750,52,2,ForestGuardian,True,-2089788878,1.1837,False,7.4511,0.0000,6.3759,-0.1725,2.4859,5.3333
1.7750,52,3,ForestGuardian,True,-2089788878,1.1100,False,7.4511,0.0000,3.6241,-0.1705,2.4840,5.3333
1.7833,53,1,ForestGuardian,True,-2089788878,0.7299,False,3.5000,0.0000,5.0000,-0.1633,2.4741,5.3333
1.7833,53,2,ForestGuardian,True,-2089788878,1.1853,False,7.4511,0.0000,6.3759,-0.1724,2.4859,5.3333
1.7833,53,3,ForestGuardian,True,-2089788878,1.1115,False,7.4511,0.0000,3.6241,-0.1706,2.4842,5.3333
1.7917,53,1,ForestGuardian,True,-2089788878,0.7314,False,3.5000,0.0000,5.0000,-0.1634,2.4742,5.3333
1.7917,53,2,ForestGuardian,True,-2089788878,1.1868,False,7.4511,0.0000,6.3759,-0.1724,2.4858,5.3333
1.7917,53,3,ForestGuardian,True,-2089788878,1.1131,False,7.4511,0.0000,3.6241,-0.1706,2.4845,5.3333
1.8000,53,1,ForestGuardian,True,-2089788878,0.7330,False,3.5000,0.0000,5.0000,-0.1635,2.4744,5.3333
1.8000,53,2,ForestGuardian,True,-2089788878,1.1884,False,7.4511,0.0000,6.3759,-0.1723,2.4858,5.3333
1.8000,53,3,ForestGuardian,True,-2089788878,1.1147,False,7.4511,0.0000,3.6241,-0.1707,2.4847,5.3333
1.8083,53,1,ForestGuardian,True,-2089788878,0.7346,False,3.5000,0.0000,5.0000,-0.1635,2.4746,5.3333
1.8083,53,2,ForestGuardian,True,-2089788878,1.1900,False,7.4511,0.0000,6.3759,-0.1722,2.4858,5.3333
1.8083,53,3,ForestGuardian,True,-2089788878,1.1162,False,7.4511,0.0000,3.6241,-0.1708,2.4849,5.3333
1.8167,54,1,ForestGuardian,True,-2089788878,0.7361,False,3.5000,0.0000,5.0000,-0.1636,2.4748,5.3333
1.8167,54,2,ForestGuardian,True,-2089788878,1.1915,False,7.4511,0.0000,6.3759,-0.1721,2.4857,5.3333
1.8167,54,3,ForestGuardian,True,-2089788878,1.1178,False,7.4511,0.0000,3.6241,-0.1709,2.4852,5.3333
1.8250,54,1,ForestGuardian,True,-2089788878,0.7377,False,3.5000,0.0000,5.0000,-0.1637,2.4750,5.3333
1.8250,54,2,ForestGuardian,True,-2089788878,1.1931,False,7.4511,0.0000,6.3759,-0.1720,2.4857,5.3333
1.8250,54,3,ForestGuardian,True,-2089788878,1.1193,False,7.4511,0.0000,3.6241,-0.1710,2.4854,5.3333
1.8333,54,1,ForestGuardian,True,-2089788878,0.7392,False,3.5000,0.0000,5.0000,-0.1638,2.4752,5.3333
1.8333,54,2,ForestGuardian,True,-2089788878,1.1946,False,7.4511,0.0000,6.3759,-0.1719,2.4856,5.3333
1.8333,54,3,ForestGuardian,True,-2089788878,1.1209,False,7.4511,0.0000,3.6241,-0.1711,2.4856,5.3333
1.8417,54,1,ForestGuardian,True,-2089788878,0.7408,False,3.5000,0.0000,5.0000,-0.1638,2.4755,5.3333
1.8417,54,2,ForestGuardian,True,-2089788878,1.1962,False,7.4511,0.0000,6.3759,-0.1718,2.4855,5.3333
1.8417,54,3,ForestGuardian,True,-2089788878,1.1225,False,7.4511,0.0000,3.6241,-0.1712,2.4858,5.3333
1.8500,55,1,ForestGuardian,True,-2089788878,0.7424,False,3.5000,0.0000,5.0000,-0.1639,2.4757,5.3333
1.8500,55,2,ForestGuardian,True,-2089788878,1.1978,False,7.4511,0.0000,6.3759,-0.1717,2.4855,5.3333
1.8500,55,3,ForestGuardian,True,-2089788878,1.1240,False,7.4511,0.0000,3.6241,-0.1713,2.4860,5.3333
1.8583,55,1,ForestGuardian,True,-2089788878,0.7439,False,3.5000,0.0000,5.0000,-0.1641,2.4760,5.3333
1.8583,55,2,ForestGuardian,True,-2089788878,1.1993,False,7.4511,0.0000,6.3759,-0.1715,2.4854,5.3333
1.8583,55,3,ForestGuardian,True,-2089788878,1.1256,False,7.4511,0.0000,3.6241,-0.1714,2.4861,5.3333
1.8667,55,1,ForestGuardian,True,-2089788878,0.7455,False,3.5000,0.0000,5.0000,-0.1642,2.4763,5.3333
1.8667,55,2,ForestGuardian,True,-2089788878,1.2009,False,7.4511,0.0000,6.3759,-0.1714,2.4854,5.3333
1.8667,55,3,ForestGuardian,True,-2089788878,1.1272,False,7.4511,0.0000,3.6241,-0.1715,2.4863,5.3333
1.8750,55,1,ForestGuardian,True,-2089788878,0.7471,False,3.5000,0.0000,5.0000,-0.1643,2.4767,5.3333
1.8750,55,2,ForestGuardian,True,-2089788878,1.2025,False,7.4511,0.0000,6.3759,-0.1713,2.4853,5.3333
1.8750,55,3,ForestGuardian,True,-2089788878,1.1287,False,7.4511,0.0000,3.6241,-0.1716,2.4864,5.3333
1.8833,56,1,ForestGuardian,True,-2089788878,0.7486,False,3.5000,0.0000,5.0000,-0.1645,2.4770,5.3333
1.8833,56,2,ForestGuardian,True,-2089788878,1.2040,False,7.4511,0.0000,6.3759,-0.1712,2.4853,5.3333
1.8833,56,3,ForestGuardian,True,-2089788878,1.1303,False,7.4511,0.0000,3.6241,-0.1717,2.4866,5.3333
1.8917,56,1,ForestGuardian,True,-2089788878,0.7502,False,3.5000,0.0000,5.0000,-0.1646,2.4774,5.3333
1.8917,56,2,ForestGuardian,True,-2089788878,1.2056,False,7.4511,0.0000,6.3759,-0.1711,2.4852,5.3333
1.8917,56,3,ForestGuardian,True,-2089788878,1.1318,False,7.4511,0.0000,3.6241,-0.1718,2.4867,5.3333
1.9000,56,1,ForestGuardian,True,-2089788878,0.7517,False,3.5000,0.0000,5.0000,-0.1647,2.4777,5.3333
1.9000,56,2,ForestGuardian,True,-2089788878,1.2071,False,7.4511,0.0000,6.3759,-0.1710,2.4851,5.3333
1.9000,56,3,ForestGuardian,True,-2089788878,1.1334,False,7.4511,0.0000,3.6241,-0.1719,2.4868,5.3333
1.9083,56,1,ForestGuardian,True,-2089788878,0.7533,False,3.5000,0.0000,5.0000,-0.1649,2.4781,5.3333
1.9083,56,2,ForestGuardian,True,-2089788878,1.2087,False,7.4511,0.0000,6.3759,-0.1708,2.4851,5.3333
1.9083,56,3,ForestGuardian,True,-2089788878,1.1350,False,7.4511,0.0000,3.6241,-0.1719,2.4870,5.3333
1.9167,57,1,ForestGuardian,True,-2089788878,0.7549,False,3.5000,0.0000,5.0000,-0.1650,2.4785,5.3333
1.9167,57,2,ForestGuardian,True,-2089788878,1.2103,False,7.4511,0.0000,6.3759,-0.1707,2.4850,5.3333
1.9167,57,3,ForestGuardian,True,-2089788878,1.1365,False,7.4511,0.0000,3.6241,-0.1720,2.4871,5.3333
1.9250,57,1,ForestGuardian,True,-2089788878,0.7564,False,3.5000,0.0000,5.0000,-0.1651,2.4788,5.3333
1.9250,57,2,ForestGuardian,True,-2089788878,1.2118,False,7.4511,0.0000,6.3759,-0.1706,2.4849,5.3333
1.9250,57,3,ForestGuardian,True,-2089788878,1.1381,False,7.4511,0.0000,3.6241,-0.1721,2.4872,5.3333
1.9333,57,1,ForestGuardian,True,-2089788878,0.7580,False,3.5000,0.0000,5.0000,-0.1653,2.4792,5.3333
1.9333,57,2,ForestGuardian,True,-2089788878,1.2134,False,7.4511,0.0000,6.3759,-0.1705,2.4848,5.3333
1.9333,57,3,ForestGuardian,True,-2089788878,1.1397,False,7.4511,0.0000,3.6241,-0.1721,2.4873,5.3333
1.9417,57,1,ForestGuardian,True,-2089788878,0.7596,False,3.5000,0.0000,5.0000,-0.1654,2.4796,5.3333
1.9417,57,2,ForestGuardian,True,-2089788878,1.2150,False,7.4511,0.0000,6.3759,-0.1704,2.4847,5.3333
1.9417,57,3,ForestGuardian,True,-2089788878,1.1412,False,7.4511,0.0000,3.6241,-0.1722,2.4873,5.3333
1.9500,58,1,ForestGuardian,True,-2089788878,0.7611,False,3.5000,0.0000,5.0000,-0.1656,2.4800,5.3333
1.9500,58,2,ForestGuardian,True,-2089788878,1.2165,False,7.4511,0.0000,6.3759,-0.1702,2.4846,5.3333
1.9500,58,3,ForestGuardian,True,-2089788878,1.1428,False,7.4511,0.0000,3.6241,-0.1722,2.4874,5.3333
1.9583,58,1,ForestGuardian,True,-2089788878,0.7627,False,3.5000,0.0000,5.0000,-0.1657,2.4804,5.3333
1.9583,58,2,ForestGuardian,True,-2089788878,1.2181,False,7.4511,0.0000,6.3759,-0.1701,2.4844,5.3333
1.9583,58,3,ForestGuardian,True,-2089788878,1.1443,False,7.4511,0.0000,3.6241,-0.1723,2.4874,5.3333
1.9667,58,1,ForestGuardian,True,-2089788878,0.7642,False,3.5000,0.0000,5.0000,-0.1658,2.4808,5.3333
1.9667,58,2,ForestGuardian,True,-2089788878,1.2196,False,7.4511,0.0000,6.3759,-0.1700,2.4843,5.3333
1.9667,58,3,ForestGuardian,True,-2089788878,1.1459,False,7.4511,0.0000,3.6241,-0.1723,2.4874,5.3333
1.9750,58,1,ForestGuardian,True,-2089788878,0.7658,False,3.5000,0.0000,5.0000,-0.1659,2.4811,5.3333
1.9750,58,2,ForestGuardian,True,-2089788878,1.2212,False,7.4511,0.0000,6.3759,-0.1699,2.4841,5.3333
1.9750,58,3,ForestGuardian,True,-2089788878,1.1475,False,7.4511,0.0000,3.6241,-0.1723,2.4874,5.3333
1.9833,59,1,ForestGuardian,True,-2089788878,0.7674,False,3.5000,0.0000,5.0000,-0.1660,2.4815,5.3333
1.9833,59,2,ForestGuardian,True,-2089788878,1.2228,False,7.4511,0.0000,6.3759,-0.1697,2.4839,5.3333
1.9833,59,3,ForestGuardian,True,-2089788878,1.1490,False,7.4511,0.0000,3.6241,-0.1724,2.4874,5.3333
1.9917,59,1,ForestGuardian,True,-2089788878,0.7689,False,3.5000,0.0000,5.0000,-0.1660,2.4818,5.3333
1.9917,59,2,ForestGuardian,True,-2089788878,1.2243,False,7.4511,0.0000,6.3759,-0.1696,2.4837,5.3333
1.9917,59,3,ForestGuardian,True,-2089788878,1.1506,False,7.4511,0.0000,3.6241,-0.1724,2.4873,5.3333
2.0000,59,1,ForestGuardian,True,-2089788878,0.7705,False,3.5000,0.0000,5.0000,-0.1661,2.4822,5.3333
2.0000,59,2,ForestGuardian,True,-2089788878,1.2259,False,7.4511,0.0000,6.3759,-0.1695,2.4835,5.3333
2.0000,59,3,ForestGuardian,True,-2089788878,1.1521,False,7.4511,0.0000,3.6241,-0.1724,2.4872,5.3333
2.0083,59,1,ForestGuardian,True,-2089788878,0.7721,False,3.5000,0.0000,5.0000,-0.1662,2.4825,5.3333
2.0083,59,2,ForestGuardian,True,-2089788878,1.2275,False,7.4511,0.0000,6.3759,-0.1693,2.4833,5.3333
2.0083,59,3,ForestGuardian,True,-2089788878,1.1537,False,7.4511,0.0000,3.6241,-0.1725,2.4871,5.3333
2.0167,60,1,ForestGuardian,True,-2089788878,0.7736,False,3.5000,0.0000,5.0000,-0.1662,2.4829,5.3333
2.0167,60,2,ForestGuardian,True,-2089788878,1.2290,False,7.4511,0.0000,6.3759,-0.1692,2.4831,5.3333
2.0167,60,3,ForestGuardian,True,-2089788878,1.1553,False,7.4511,0.0000,3.6241,-0.1725,2.4871,5.3333
2.0250,60,1,ForestGuardian,True,-2089788878,0.7752,True,3.2263,0.0000,5.0000,-0.1663,2.4998,5.3333
2.0250,60,2,ForestGuardian,True,-2089788878,1.2306,False,7.4511,0.0000,6.3759,-0.1691,2.4829,5.3333
2.0250,60,3,ForestGuardian,True,-2089788878,1.1568,False,7.4511,0.0000,3.6241,-0.1726,2.4870,5.3333
2.0333,60,1,ForestGuardian,True,-2089788878,0.7767,True,3.2503,0.0000,5.0000,-0.1700,2.4960,5.3333
2.0333,60,2,ForestGuardian,True,-2089788878,1.2321,False,7.4511,0.0000,6.3759,-0.1689,2.4827,5.3333
2.0333,60,3,ForestGuardian,True,-2089788878,1.1584,False,7.4511,0.0000,3.6241,-0.1726,2.4868,5.3333
2.0417,60,1,ForestGuardian,True,-2089788878,0.7783,True,3.2721,0.0000,5.0000,-0.1724,2.4909,5.3333
2.0417,60,2,ForestGuardian,True,-2089788878,1.2337,False,7.4511,0.0000,6.3759,-0.1688,2.4825,5.3333
2.0417,60,3,ForestGuardian,True,-2089788878,1.1600,False,7.4511,0.0000,3.6241,-0.1726,2.4867,5.3333
2.0500,61,1,ForestGuardian,True,-2089788878,0.7799,True,3.2921,0.0000,5.0000,-0.1730,2.4861,5.3333
2.0500,61,2,ForestGuardian,True,-2089788878,1.2353,False,7.4511,0.0000,6.3759,-0.1687,2.4823,5.3333
2.0500,61,3,ForestGuardian,True,-2089788878,1.1615,False,7.4511,0.0000,3.6241,-0.1727,2.4866,5.3333
2.0583,61,1,ForestGuardian,True,-2089788878,0.7814,True,3.3103,0.0000,5.0000,-0.1712,2.4845,5.3333
2.0583,61,2,ForestGuardian,True,-2089788878,1.2368,False,7.4511,0.0000,6.3759,-0.1685,2.4821,5.3333
2.0583,61,3,ForestGuardian,True,-2089788878,1.1631,False,7.4511,0.0000,3.6241,-0.1727,2.4865,5.3333
2.0667,61,1,ForestGuardian,True,-2089788878,0.7830,True,3.3269,0.0000,5.0000,-0.1670,2.4842,5.3333
2.0667,61,2,ForestGuardian,True,-2089788878,1.2384,False,7.4511,0.0000,6.3759,-0.1684,2.4819,5.3333
2.0667,61,3,ForestGuardian,True,-2089788878,1.1646,False,7.4511,0.0000,3.6241,-0.1727,2.4864,5.3333
2.0750,61,1,ForestGuardian,True,-2089788878,0.7846,True,3.3421,0.0000,5.0000,-0.1591,2.4819,5.3333
2.0750,61,2,ForestGuardian,True,-2089788878,1.2400,False,7.4511,0.0000,6.3759,-0.1683,2.4817,5.3333
2.0750,61,3,ForestGuardian,True,-2089788878,1.1662,False,7.4511,0.0000,3.6241,-0.1727,2.4864,5.3333
2.0833,62,1,ForestGuardian,True,-2089788878,0.7861,True,3.3559,0.0000,5.0000,-0.1503,2.4683,5.3333
2.0833,62,2,ForestGuardian,True,-2089788878,1.2415,False,7.4511,0.0000,6.3759,-0.1682,2.4815,5.3333
2.0833,62,3,ForestGuardian,True,-2089788878,1.1678,False,7.4511,0.0000,3.6241,-0.1727,2.4863,5.3333
2.0917,62,1,ForestGuardian,True,-2089788878,0.7877,True,3.3685,0.0000,5.0000,-0.1465,2.4290,5.3333
2.0917,62,2,ForestGuardian,True,-2089788878,1.2431,False,7.4511,0.0000,6.3759,-0.1681,2.4813,5.3333
2.0917,62,3,ForestGuardian,True,-2089788878,1.1693,False,7.4511,0.0000,3.6241,-0.1727,2.4862,5.3333
2.1000,62,1,ForestGuardian,True,842034103,0.1607,False,3.3800,0.0000,5.0000,-0.1429,2.4676,0.4667
2.1000,62,2,ForestGuardian,True,-2089788878,1.2446,False,7.4511,0.0000,6.3759,-0.1680,2.4812,5.3333
2.1000,62,3,ForestGuardian,True,-2089788878,1.1709,False,7.4511,0.0000,3.6241,-0.1727,2.4862,5.3333
2.1083,62,1,ForestGuardian,True,842034103,0.1786,False,3.3906,0.0000,5.0000,-0.1446,2.5335,0.4667
2.1083,62,2,ForestGuardian,True,-2089788878,1.2462,False,7.4511,0.0000,6.3759,-0.1679,2.4810,5.3333
2.1083,62,3,ForestGuardian,True,-2089788878,1.1725,False,7.4511,0.0000,3.6241,-0.1727,2.4861,5.3333
2.1167,63,1,ForestGuardian,True,842034103,0.1964,False,3.4001,0.0000,5.0000,-0.1458,2.4912,0.4667
2.1167,63,2,ForestGuardian,True,-2089788878,1.2478,False,7.4511,0.0000,6.3759,-0.1678,2.4808,5.3333
2.1167,63,3,ForestGuardian,True,-2089788878,1.1740,False,7.4511,0.0000,3.6241,-0.1727,2.4861,5.3333
2.1250,63,1,ForestGuardian,True,842034103,0.2143,False,3.4089,0.0000,5.0000,-0.1460,2.4270,0.4667
2.1250,63,2,ForestGuardian,True,-2089788878,1.2493,False,7.4511,0.0000,6.3759,-0.1678,2.4806,5.3333
2.1250,63,3,ForestGuardian,True,-2089788878,1.1756,False,7.4511,0.0000,3.6241,-0.1727,2.4860,5.3333
2.1333,63,1,ForestGuardian,True,842034103,0.2321,False,3.4169,0.0000,5.0000,-0.1455,2.3886,0.4667
2.1333,63,2,ForestGuardian,True,-2089788878,1.2509,False,7.4511,0.0000,6.3759,-0.1677,2.4804,5.3333
2.1333,63,3,ForestGuardian,True,-2089788878,1.1771,False,7.4511,0.0000,3.6241,-0.1727,2.4860,5.3333
2.1417,63,1,ForestGuardian,True,842034103,0.2500,False,3.4241,0.0000,5.0000,-0.1462,2.3702,0.4667
2.1417,63,2,ForestGuardian,True,-2089788878,1.2525,False,7.4511,0.0000,6.3759,-0.1676,2.4802,5.3333
2.1417,63,3,ForestGuardian,True,-2089788878,1.1787,False,7.4511,0.0000,3.6241,-0.1726,2.4860,5.3333
2.1500,64,1,ForestGuardian,True,842034103,0.2679,False,3.4308,0.0000,5.0000,-0.1469,2.3489,0.4667
2.1500,64,2,ForestGuardian,True,-2089788878,1.2540,False,7.4511,0.0000,6.3759,-0.1676,2.4801,5.3333
2.1500,64,3,ForestGuardian,True,-2089788878,1.1803,False,7.4511,0.0000,3.6241,-0.1726,2.4859,5.3333
2.1583,64,1,ForestGuardian,True,842034103,0.2857,False,3.4369,0.0000,5.0000,-0.1474,2.3242,0.4667
2.1583,64,2,ForestGuardian,True,-2089788878,1.2556,False,7.4511,0.0000,6.3759,-0.1676,2.4799,5.3333
2.1583,64,3,ForestGuardian,True,-2089788878,1.1818,False,7.4511,0.0000,3.6241,-0.1726,2.4859,5.3333
2.1667,64,1,ForestGuardian,True,842034103,0.3036,False,3.4424,0.0000,5.0000,-0.1462,2.2957,0.4667
2.1667,64,2,ForestGuardian,True,-2089788878,1.2571,False,7.4511,0.0000,6.3759,-0.1676,2.4797,5.3333
2.1667,64,3,ForestGuardian,True,-2089788878,1.1834,False,7.4511,0.0000,3.6241,-0.1725,2.4859,5.3333
2.1750,64,1,ForestGuardian,True,842034103,0.3214,False,3.4474,0.0000,5.0000,-0.1478,2.2725,0.4667
2.1750,64,2,ForestGuardian,True,-2089788878,1.2587,False,7.4511,0.0000,6.3759,-0.1675,2.4795,5.3333
2.1750,64,3,ForestGuardian,True,-2089788878,1.1850,False,7.4511,0.0000,3.6241,-0.1724,2.4859,5.3333
2.1833,65,1,ForestGuardian,True,842034103,0.3393,False,3.4520,0.0000,5.0000,-0.1477,2.2497,0.4667
2.1833,65,2,ForestGuardian,True,-2089788878,1.2603,False,7.4511,0.0000,6.3759,-0.1675,2.4792,5.3333
2.1833,65,3,ForestGuardian,True,-2089788878,1.1865,False,7.4511,0.0000,3.6241,-0.1724,2.4858,5.3333
2.1917,65,1,ForestGuardian,True,842034103,0.3571,False,3.4562,0.0000,5.0000,-0.1475,2.2315,0.4667
2.1917,65,2,ForestGuardian,True,-2089788878,1.2618,False,7.4511,0.0000,6.3759,-0.1675,2.4790,5.3333
2.1917,65,3,ForestGuardian,True,-2089788878,1.1881,False,7.4511,0.0000,3.6241,-0.1723,2.4858,5.3333
2.2000,65,1,ForestGuardian,True,842034103,0.3750,False,3.4601,0.0000,5.0000,-0.1481,2.2162,0.4667
2.2000,65,2,ForestGuardian,True,-2089788878,1.2634,False,7.4511,0.0000,6.3759,-0.1675,2.4788,5.3333
2.2000,65,3,ForestGuardian,True,-2089788878,1.1896,False,7.4511,0.0000,3.6241,-0.1722,2.4858,5.3333
2.2083,65,1,ForestGuardian,True,842034103,0.3929,False,3.4636,0.0000,5.0000,-0.1488,2.2145,0.4667
2.2083,65,2,ForestGuardian,True,-2089788878,1.2650,False,7.4511,0.0000,6.3759,-0.1674,2.4786,5.3333
2.2083,65,3,ForestGuardian,True,-2089788878,1.1912,False,7.4511,0.0000,3.6241,-0.1721,2.4857,5.3333
2.2167,66,1,ForestGuardian,True,842034103,0.4107,False,3.4668,0.0000,5.0000,-0.1495,2.2128,0.4667
2.2167,66,2,ForestGuardian,True,-2089788878,1.2665,False,7.4511,0.0000,6.3759,-0.1674,2.4783,5.3333
2.2167,66,3,ForestGuardian,True,-2089788878,1.1928,False,7.4511,0.0000,3.6241,-0.1720,2.4857,5.3333
2.2250,66,1,ForestGuardian,True,842034103,0.4286,False,3.4697,0.0000,5.0000,-0.1504,2.2108,0.4667
2.2250,66,2,ForestGuardian,True,-2089788878,1.2681,False,7.4511,0.0000,6.3759,-0.1674,2.4781,5.3333
2.2250,66,3,ForestGuardian,True,-2089788878,1.1943,False,7.4511,0.0000,3.6241,-0.1719,2.4856,5.3333
2.2333,66,1,ForestGuardian,True,842034103,0.4464,False,3.4723,0.0000,5.0000,-0.1507,2.2079,0.4667
2.2333,66,2,ForestGuardian,True,-2089788878,1.2696,False,7.4511,0.0000,6.3759,-0.1674,2.4779,5.3333
2.2333,66,3,ForestGuardian,True,-2089788878,1.1959,False,7.4511,0.0000,3.6241,-0.1718,2.4856,5.3333
2.2417,66,1,ForestGuardian,True,842034103,0.4643,False,3.4748,0.0000,5.0000,-0.1505,2.2050,0.4667
2.2417,66,2,ForestGuardian,True,-2089788878,1.2712,False,7.4511,0.0000,6.3759,-0.1673,2.4776,5.3333
2.2417,66,3,ForestGuardian,True,-2089788878,1.1975,False,7.4511,0.0000,3.6241,-0.1717,2.4855,5.3333
2.2500,67,1,ForestGuardian,True,842034103,0.4821,False,3.4770,0.0000,5.0000,-0.1506,2.2037,0.4667
2.2500,67,2,ForestGuardian,True,-2089788878,1.2728,False,7.4511,0.0000,6.3759,-0.1673,2.4774,5.3333
2.2500,67,3,ForestGuardian,True,-2089788878,1.1990,False,7.4511,0.0000,3.6241,-0.1716,2.4854,5.3333
2.2583,67,1,ForestGuardian,True,842034103,0.5000,False,3.4790,0.0000,5.0000,-0.1508,2.2043,0.4667
2.2583,67,2,ForestGuardian,True,-2089788878,1.2743,False,7.4511,0.0000,6.3759,-0.1673,2.4771,5.3333
2.2583,67,3,ForestGuardian,True,-2089788878,1.2006,False,7.4511,0.0000,3.6241,-0.1715,2.4854,5.3333
2.2667,67,1,ForestGuardian,True,842034103,0.5179,False,3.4808,0.0000,5.0000,-0.1511,2.2063,0.4667
2.2667,67,2,ForestGuardian,True,-2089788878,1.2759,False,7.4511,0.0000,6.3759,-0.1672,2.4769,5.3333
2.2667,67,3,ForestGuardian,True,-2089788878,1.2021,False,7.4511,0.0000,3.6241,-0.1714,2.4853,5.3333
2.2750,67,1,ForestGuardian,True,842034103,0.5357,False,3.4825,0.0000,5.0000,-0.1501,2.2085,0.4667
2.2750,67,2,ForestGuardian,True,-2089788878,1.2775,False,7.4511,0.0000,6.3759,-0.1672,2.4766,5.3333
2.2750,67,3,ForestGuardian,True,-2089788878,1.2037,False,7.4511,0.0000,3.6241,-0.1712,2.4853,5.3333
2.2833,68,1,ForestGuardian,True,842034103,0.5536,False,3.4840,0.0000,5.0000,-0.1492,2.2122,0.4667
2.2833,68,2,ForestGuardian,True,-2089788878,1.2790,False,7.4511,0.0000,6.3759,-0.1671,2.4763,5.3333
2.2833,68,3,ForestGuardian,True,-2089788878,1.2053,False,7.4511,0.0000,3.6241,-0.1711,2.4852,5.3333
2.2917,68,1,ForestGuardian,True,842034103,0.5714,False,3.4854,0.0000,5.0000,-0.1481,2.2164,0.4667
2.2917,68,2,ForestGuardian,True,-2089788878,1.2806,False,7.4511,0.0000,6.3759,-0.1671,2.4761,5.3333
2.2917,68,3,ForestGuardian,True,-2089788878,1.2068,False,7.4511,0.0000,3.6241,-0.1710,2.4851,5.3333
2.3000,68,1,ForestGuardian,True,842034103,0.5893,False,3.4867,0.0000,5.0000,-0.1473,2.2208,0.4667
2.3000,68,2,ForestGuardian,True,-2089788878,1.2821,False,7.4511,0.0000,6.3759,-0.1670,2.4759,5.3333
2.3000,68,3,ForestGuardian,True,-2089788878,1.2084,False,7.4511,0.0000,3.6241,-0.1709,2.4851,5.3333
2.3083,68,1,ForestGuardian,True,842034103,0.6071,False,3.4879,0.0000,5.0000,-0.1470,2.2252,0.4667
2.3083,68,2,ForestGuardian,True,-2089788878,1.2837,False,7.4511,0.0000,6.3759,-0.1670,2.4756,5.3333
2.3083,68,3,ForestGuardian,True,-2089788878,1.2100,False,7.4511,0.0000,3.6241,-0.1707,2.4850,5.3333
2.3167,69,1,ForestGuardian,True,842034103,0.6250,False,3.4889,0.0000,5.0000,-0.1472,2.2294,0.4667
2.3167,69,2,ForestGuardian,True,-2089788878,1.2853,False,7.4511,0.0000,6.3759,-0.1670,2.4754,5.3333
2.3167,69,3,ForestGuardian,True,-2089788878,1.2115,False,7.4511,0.0000,3.6241,-0.1706,2.4849,5.3333
2.3250,69,1,ForestGuardian,True,842034103,0.6429,False,3.4899,0.0000,5.0000,-0.1470,2.2327,0.4667
2.3250,69,2,ForestGuardian,True,-2089788878,1.2868,False,7.4511,0.0000,6.3759,-0.1669,2.4752,5.3333
2.3250,69,3,ForestGuardian,True,-2089788878,1.2131,False,7.4511,0.0000,3.6241,-0.1705,2.4848,5.3333
2.3333,69,1,ForestGuardian,True,842034103,0.6607,False,3.4908,0.0000,5.0000,-0.1471,2.2362,0.4667
2.3333,69,2,ForestGuardian,True,-2089788878,1.2884,False,7.4511,0.0000,6.3759,-0.1669,2.4749,5.3333
2.3333,69,3,ForestGuardian,True,-2089788878,1.2146,False,7.4511,0.0000,3.6241,-0.1704,2.4847,5.3333
2.3417,69,1,ForestGuardian,True,842034103,0.6786,False,3.4916,0.0000,5.0000,-0.1472,2.2396,0.4667
2.3417,69,2,ForestGuardian,True,-2089788878,1.2900,False,7.4511,0.0000,6.3759,-0.1668,2.4747,5.3333
2.3417,69,3,ForestGuardian,True,-2089788878,1.2162,False,7.4511,0.0000,3.6241,-0.1703,2.4846,5.3333
2.3500,70,1,ForestGuardian,True,842034103,0.6964,False,3.4923,0.0000,5.0000,-0.1471,2.2425,0.4667
2.3500,70,2,ForestGuardian,True,-2089788878,1.2915,False,7.4511,0.0000,6.3759,-0.1667,2.4744,5.3333
2.3500,70,3,ForestGuardian,True,-2089788878,1.2178,False,7.4511,0.0000,3.6241,-0.1701,2.4845,5.3333
2.3583,70,1,ForestGuardian,True,842034103,0.7143,False,3.4930,0.0000,5.0000,-0.1469,2.2449,0.4667
2.3583,70,2,ForestGuardian,True,-2089788878,1.2931,False,7.4511,0.0000,6.3759,-0.1667,2.4742,5.3333
2.3583,70,3,ForestGuardian,True,-2089788878,1.2193,False,7.4511,0.0000,3.6241,-0.1700,2.4843,5.3333
2.3667,70,1,ForestGuardian,True,842034103,0.7321,False,3.4936,0.0000,5.0000,-0.1469,2.2468,0.4667
2.3667,70,2,ForestGuardian,True,-2089788878,1.2946,False,7.4511,0.0000,6.3759,-0.1666,2.4739,5.3333
2.3667,70,3,ForestGuardian,True,-2089788878,1.2209,False,7.4511,0.0000,3.6241,-0.1699,2.4841,5.3333
2.3750,70,1,ForestGuardian,True,842034103,0.7500,False,3.4942,0.0000,5.0000,-0.1470,2.2481,0.4667
2.3750,70,2,ForestGuardian,True,-2089788878,1.2962,False,7.4511,0.0000,6.3759,-0.1666,2.4737,5.3333
2.3750,70,3,ForestGuardian,True,-2089788878,1.2225,False,7.4511,0.0000,3.6241,-0.1698,2.4840,5.3333
2.3833,71,1,ForestGuardian,True,842034103,0.7679,False,3.4947,0.0000,5.0000,-0.1470,2.2489,0.4667
2.3833,71,2,ForestGuardian,True,-2089788878,1.2978,False,7.4511,0.0000,6.3759,-0.1666,2.4735,5.3333
2.3833,71,3,ForestGuardian,True,-2089788878,1.2240,False,7.4511,0.0000,3.6241,-0.1696,2.4838,5.3333
2.3917,71,1,ForestGuardian,True,842034103,0.7857,False,3.4952,0.0000,5.0000,-0.1469,2.2491,0.4667
2.3917,71,2,ForestGuardian,True,-2089788878,1.2993,False,7.4511,0.0000,6.3759,-0.1666,2.4732,5.3333
2.3917,71,3,ForestGuardian,True,-2089788878,1.2256,False,7.4511,0.0000,3.6241,-0.1695,2.4836,5.3333
2.4000,71,1,ForestGuardian,True,842034103,0.8036,True,3.4956,0.0000,5.0000,-0.1486,2.2536,0.4667
2.4000,71,2,ForestGuardian,True,-2089788878,1.3009,False,7.4511,0.0000,6.3759,-0.1665,2.4730,5.3333
2.4000,71,3,ForestGuardian,True,-2089788878,1.2271,False,7.4511,0.0000,3.6241,-0.1694,2.4834,5.3333
2.4083,71,1,ForestGuardian,True,842034103,0.8214,True,3.4960,0.0000,5.0000,-0.1574,2.2756,0.4667
2.4083,71,2,ForestGuardian,True,-2089788878,1.3025,False,7.4511,0.0000,6.3759,-0.1665,2.4727,5.3333
2.4083,71,3,ForestGuardian,True,-2089788878,1.2287,False,7.4511,0.0000,3.6241,-0.1692,2.4832,5.3333
2.4167,72,1,ForestGuardian,True,842034103,0.8393,True,3.4963,0.0000,5.0000,-0.1652,2.2953,0.4667
2.4167,72,2,ForestGuardian,True,-2089788878,1.3040,False,7.4511,0.0000,6.3759,-0.1665,2.4725,5.3333
2.4167,72,3,ForestGuardian,True,-2089788878,1.2303,False,7.4511,0.0000,3.6241,-0.1691,2.4829,5.3333
2.4250,72,1,ForestGuardian,True,842034103,0.8571,True,3.4966,0.0000,5.0000,-0.1719,2.3129,0.4667
2.4250,72,2,ForestGuardian,True,-2089788878,1.3056,False,7.4511,0.0000,6.3759,-0.1665,2.4722,5.3333
2.4250,72,3,ForestGuardian,True,-2089788878,1.2318,False,7.4511,0.0000,3.6241,-0.1690,2.4827,5.3333
2.4333,72,1,ForestGuardian,True,842034103,0.8750,True,3.4969,0.0000,5.0000,-0.1775,2.3353,0.4667
2.4333,72,2,ForestGuardian,True,-2089788878,1.3071,False,7.4511,0.0000,6.3759,-0.1664,2.4720,5.3333
2.4333,72,3,ForestGuardian,True,-2089788878,1.2334,False,7.4511,0.0000,3.6241,-0.1688,2.4825,5.3333
2.4417,72,1,ForestGuardian,True,842034103,0.8929,True,3.4972,0.0000,5.0000,-0.1820,2.3640,0.4667
2.4417,72,2,ForestGuardian,True,-2089788878,1.3087,False,7.4511,0.0000,6.3759,-0.1664,2.4717,5.3333
2.4417,72,3,ForestGuardian,True,-2089788878,1.2350,False,7.4511,0.0000,3.6241,-0.1687,2.4823,5.3333
2.4500,73,1,ForestGuardian,True,842034103,0.9107,True,3.4974,0.0000,5.0000,-0.1815,2.3842,0.4667
2.4500,73,2,ForestGuardian,True,-2089788878,1.3103,False,7.4511,0.0000,6.3759,-0.1663,2.4714,5.3333
2.4500,73,3,ForestGuardian,True,-2089788878,1.2365,False,7.4511,0.0000,3.6241,-0.1686,2.4821,5.3333
2.4583,73,1,ForestGuardian,True,842034103,0.9286,True,3.4977,0.0000,5.0000,-0.1808,2.4018,0.4667
2.4583,73,2,ForestGuardian,True,-2089788878,1.3118,False,7.4511,0.0000,6.3759,-0.1662,2.4712,5.3333
2.4583,73,3,ForestGuardian,True,-2089788878,1.2381,False,7.4511,0.0000,3.6241,-0.1685,2.4819,5.3333
2.4667,73,1,ForestGuardian,True,842034103,0.9464,True,3.4979,0.0000,5.0000,-0.1799,2.4169,0.4667
2.4667,73,2,ForestGuardian,True,-2089788878,1.3134,False,7.4511,0.0000,6.3759,-0.1662,2.4709,5.3333
2.4667,73,3,ForestGuardian,True,-2089788878,1.2396,False,7.4511,0.0000,3.6241,-0.1683,2.4817,5.3333
2.4750,73,1,ForestGuardian,True,842034103,0.9643,True,3.4981,0.0000,5.0000,-0.1789,2.4298,0.4667
2.4750,73,2,ForestGuardian,True,-2089788878,1.3150,False,7.4511,0.0000,6.3759,-0.1661,2.4706,5.3333
2.4750,73,3,ForestGuardian,True,-2089788878,1.2412,False,7.4511,0.0000,3.6241,-0.1682,2.4816,5.3333
2.4833,74,1,ForestGuardian,True,842034103,0.9821,True,3.4982,0.0000,5.0000,-0.1776,2.4402,0.4667
2.4833,74,2,ForestGuardian,True,-2089788878,1.3165,False,7.4511,0.0000,6.3759,-0.1660,2.4704,5.3333
2.4833,74,3,ForestGuardian,True,-2089788878,1.2428,False,7.4511,0.0000,3.6241,-0.1681,2.4814,5.3333
2.4917,74,1,ForestGuardian,True,842034103,1.0000,True,3.4984,0.0000,5.0000,-0.1761,2.4485,0.4667
2.4917,74,2,ForestGuardian,True,-2089788878,1.3181,False,7.4511,0.0000,6.3759,-0.1659,2.4701,5.3333
2.4917,74,3,ForestGuardian,True,-2089788878,1.2443,False,7.4511,0.0000,3.6241,-0.1680,2.4812,5.3333
2.5000,74,1,ForestGuardian,True,842034103,1.0179,True,3.4985,0.0000,5.0000,-0.1751,2.4543,0.4667
2.5000,74,2,ForestGuardian,True,-2089788878,1.3196,False,7.4511,0.0000,6.3759,-0.1659,2.4699,5.3333
2.5000,74,3,ForestGuardian,True,-2089788878,1.2459,False,7.4511,0.0000,3.6241,-0.1679,2.4810,5.3333
2.5083,74,1,ForestGuardian,True,842034103,1.0357,True,3.4987,0.0000,5.0000,-0.1738,2.4596,0.4667
2.5083,74,2,ForestGuardian,True,-2089788878,1.3212,False,7.4511,0.0000,6.3759,-0.1658,2.4697,5.3333
2.5083,74,3,ForestGuardian,True,-2089788878,1.2475,False,7.4511,0.0000,3.6241,-0.1678,2.4808,5.3333
2.5167,75,1,ForestGuardian,True,842034103,1.0536,True,3.4988,0.0000,5.0000,-0.1724,2.4643,0.4667
2.5167,75,2,ForestGuardian,True,-2089788878,1.3228,False,7.4511,0.0000,6.3759,-0.1657,2.4695,5.3333
2.5167,75,3,ForestGuardian,True,-2089788878,1.2490,False,7.4511,0.0000,3.6241,-0.1678,2.4806,5.3333
2.5250,75,1,ForestGuardian,True,842034103,1.0714,True,3.4989,0.0000,5.0000,-0.1707,2.4685,0.4667
2.5250,75,2,ForestGuardian,True,-2089788878,1.3243,False,7.4511,0.0000,6.3759,-0.1656,2.4693,5.3333
2.5250,75,3,ForestGuardian,True,-2089788878,1.2506,False,7.4511,0.0000,3.6241,-0.1677,2.4805,5.3333
2.5333,75,1,ForestGuardian,True,842034103,1.0893,True,3.4990,0.0000,5.0000,-0.1689,2.4723,0.4667
2.5333,75,2,ForestGuardian,True,-2089788878,1.3259,False,7.4511,0.0000,6.3759,-0.1655,2.4691,5.3333
2.5333,75,3,ForestGuardian,True,-2089788878,1.2521,False,7.4511,0.0000,3.6241,-0.1677,2.4803,5.3333
2.5417,75,1,ForestGuardian,True,-2089788878,0.0269,False,3.4991,0.0000,5.0000,-0.1677,2.4743,5.3333
2.5417,75,2,ForestGuardian,True,-2089788878,1.3275,False,7.4511,0.0000,6.3759,-0.1654,2.4689,5.3333
2.5417,75,3,ForestGuardian,True,-2089788878,1.2537,False,7.4511,0.0000,3.6241,-0.1676,2.4801,5.3333
2.5500,76,1,ForestGuardian,True,-2089788878,0.0284,False,3.4992,0.0000,5.0000,-0.1677,2.4744,5.3333
2.5500,76,2,ForestGuardian,True,-2089788878,1.3290,False,7.4511,0.0000,6.3759,-0.1653,2.4687,5.3333
2.5500,76,3,ForestGuardian,True,-2089788878,1.2553,False,7.4511,0.0000,3.6241,-0.1676,2.4799,5.3333
2.5583,76,1,ForestGuardian,True,-2089788878,0.0300,False,3.4992,0.0000,5.0000,-0.1677,2.4745,5.3333
2.5583,76,2,ForestGuardian,True,-2089788878,1.3306,False,7.4511,0.0000,6.3759,-0.1651,2.4686,5.3333
2.5583,76,3,ForestGuardian,True,-2089788878,1.2568,False,7.4511,0.0000,3.6241,-0.1676,2.4797,5.3333
2.5667,76,1,ForestGuardian,True,-2089788878,0.0316,False,3.4993,0.0000,5.0000,-0.1677,2.4746,5.3333
2.5667,76,2,ForestGuardian,True,-2089788878,1.3321,False,7.4511,0.0000,6.3759,-0.1650,2.4684,5.3333
2.5667,76,3,ForestGuardian,True,-2089788878,1.2584,False,7.4511,0.0000,3.6241,-0.1675,2.4795,5.3333
2.5750,76,1,ForestGuardian,True,-2089788878,0.0331,False,3.4994,0.0000,5.0000,-0.1677,2.4747,5.3333
2.5750,76,2,ForestGuardian,True,-2089788878,1.3337,False,7.4511,0.0000,6.3759,-0.1649,2.4683,5.3333
2.5750,76,3,ForestGuardian,True,-2089788878,1.2600,False,7.4511,0.0000,3.6241,-0.1675,2.4793,5.3333
2.5833,77,1,ForestGuardian,True,-2089788878,0.0347,False,3.4994,0.0000,5.0000,-0.1678,2.4748,5.3333
2.5833,77,2,ForestGuardian,True,-2089788878,1.3353,False,7.4511,0.0000,6.3759,-0.1648,2.4683,5.3333
2.5833,77,3,ForestGuardian,True,-2089788878,1.2615,False,7.4511,0.0000,3.6241,-0.1675,2.4791,5.3333
2.5917,77,1,ForestGuardian,True,-2089788878,0.0362,False,3.4995,0.0000,5.0000,-0.1678,2.4749,5.3333
2.5917,77,2,ForestGuardian,True,-2089788878,1.3368,False,7.4511,0.0000,6.3759,-0.1647,2.4682,5.3333
2.5917,77,3,ForestGuardian,True,-2089788878,1.2631,False,7.4511,0.0000,3.6241,-0.1675,2.4788,5.3333
2.6000,77,1,ForestGuardian,True,-2089788878,0.0378,False,3.4995,0.0000,5.0000,-0.1678,2.4750,5.3333
2.6000,77,2,ForestGuardian,True,-2089788878,1.3384,False,7.4511,0.0000,6.3759,-0.1646,2.4682,5.3333
2.6000,77,3,ForestGuardian,True,-2089788878,1.2646,False,7.4511,0.0000,3.6241,-0.1674,2.4786,5.3333
2.6083,77,1,ForestGuardian,True,-2089788878,0.0394,False,3.4996,0.0000,5.0000,-0.1678,2.4751,5.3333
2.6083,77,2,ForestGuardian,True,-2089788878,1.3400,False,7.4511,0.0000,6.3759,-0.1645,2.4682,5.3333
2.6083,77,3,ForestGuardian,True,-2089788878,1.2662,False,7.4511,0.0000,3.6241,-0.1674,2.4784,5.3333
2.6167,78,1,ForestGuardian,True,-2089788878,0.0409,False,3.4996,0.0000,5.0000,-0.1679,2.4752,5.3333
2.6167,78,2,ForestGuardian,True,-2089788878,1.3415,False,7.4511,0.0000,6.3759,-0.1645,2.4682,5.3333
2.6167,78,3,ForestGuardian,True,-2089788878,1.2678,False,7.4511,0.0000,3.6241,-0.1674,2.4781,5.3333
2.6250,78,1,ForestGuardian,True,-2089788878,0.0425,False,3.4996,0.0000,5.0000,-0.1679,2.4753,5.3333
2.6250,78,2,ForestGuardian,True,-2089788878,1.3431,False,7.4511,0.0000,6.3759,-0.1644,2.4682,5.3333
2.6250,78,3,ForestGuardian,True,-2089788878,1.2693,False,7.4511,0.0000,3.6241,-0.1674,2.4779,5.3333
2.6333,78,1,ForestGuardian,True,-2089788878,0.0441,False,3.4997,0.0000,5.0000,-0.1679,2.4754,5.3333
2.6333,78,2,ForestGuardian,True,-2089788878,1.3446,False,7.4511,0.0000,6.3759,-0.1643,2.4683,5.3333
2.6333,78,3,ForestGuardian,True,-2089788878,1.2709,False,7.4511,0.0000,3.6241,-0.1673,2.4777,5.3333
2.6417,78,1,ForestGuardian,True,-2089788878,0.0456,False,3.4997,0.0000,5.0000,-0.1680,2.4755,5.3333
2.6417,78,2,ForestGuardian,True,-2089788878,1.3462,False,7.4511,0.0000,6.3759,-0.1642,2.4684,5.3333
2.6417,78,3,ForestGuardian,True,-2089788878,1.2725,False,7.4511,0.0000,3.6241,-0.1673,2.4774,5.3333
2.6500,79,1,ForestGuardian,True,-2089788878,0.0472,False,3.4997,0.0000,5.0000,-0.1680,2.4755,5.3333
2.6500,79,2,ForestGuardian,True,-2089788878,1.3478,False,7.4511,0.0000,6.3759,-0.1641,2.4685,5.3333
2.6500,79,3,ForestGuardian,True,-2089788878,1.2740,False,7.4511,0.0000,3.6241,-0.1673,2.4772,5.3333
2.6583,79,1,ForestGuardian,True,-2089788878,0.0487,False,3.4997,0.0000,5.0000,-0.1681,2.4756,5.3333
2.6583,79,2,ForestGuardian,True,-2089788878,1.3493,False,7.4511,0.0000,6.3759,-0.1641,2.4686,5.3333
2.6583,79,3,ForestGuardian,True,-2089788878,1.2756,False,7.4511,0.0000,3.6241,-0.1672,2.4769,5.3333
2.6667,79,1,ForestGuardian,True,-2089788878,0.0503,False,3.4998,0.0000,5.0000,-0.1681,2.4757,5.3333
2.6667,79,2,ForestGuardian,True,-2089788878,1.3509,False,7.4511,0.0000,6.3759,-0.1640,2.4687,5.3333
2.6667,79,3,ForestGuardian,True,-2089788878,1.2771,False,7.4511,0.0000,3.6241,-0.1672,2.4766,5.3333
2.6750,79,1,ForestGuardian,True,-2089788878,0.0519,False,3.4998,0.0000,5.0000,-0.1682,2.4757,5.3333
2.6750,79,2,ForestGuardian,True,-2089788878,1.3525,False,7.4511,0.0000,6.3759,-0.1639,2.4688,5.3333
2.6750,79,3,ForestGuardian,True,-2089788878,1.2787,False,7.4511,0.0000,3.6241,-0.1671,2.4764,5.3333
2.6833,80,1,ForestGuardian,True,-2089788878,0.0534,False,3.4998,0.0000,5.0000,-0.1682,2.4758,5.3333
2.6833,80,2,ForestGuardian,True,-2089788878,1.3540,False,7.4511,0.0000,6.3759,-0.1639,2.4689,5.3333
2.6833,80,3,ForestGuardian,True,-2089788878,1.2803,False,7.4511,0.0000,3.6241,-0.1671,2.4762,5.3333
2.6917,80,1,ForestGuardian,True,-2089788878,0.0550,False,3.4998,0.0000,5.0000,-0.1682,2.4759,5.3333
2.6917,80,2,ForestGuardian,True,-2089788878,1.3556,False,7.4511,0.0000,6.3759,-0.1638,2.4691,5.3333
2.6917,80,3,ForestGuardian,True,-2089788878,1.2818,False,7.4511,0.0000,3.6241,-0.1671,2.4759,5.3333
2.7000,80,1,ForestGuardian,True,-2089788878,0.0566,False,3.4998,0.0000,5.0000,-0.1683,2.4759,5.3333
2.7000,80,2,ForestGuardian,True,-2089788878,1.3571,False,7.4511,0.0000,6.3759,-0.1638,2.4692,5.3333
2.7000,80,3,ForestGuardian,True,-2089788878,1.2834,False,7.4511,0.0000,3.6241,-0.1670,2.4757,5.3333
2.7083,80,1,ForestGuardian,True,-2089788878,0.0581,False,3.4999,0.0000,5.0000,-0.1683,2.4760,5.3333
2.7083,80,2,ForestGuardian,True,-2089788878,1.3587,False,7.4511,0.0000,6.3759,-0.1637,2.4694,5.3333
2.7083,80,3,ForestGuardian,True,-2089788878,1.2850,False,7.4511,0.0000,3.6241,-0.1670,2.4754,5.3333
2.7167,81,1,ForestGuardian,True,-2089788878,0.0597,False,3.4999,0.0000,5.0000,-0.1684,2.4761,5.3333
2.7167,81,2,ForestGuardian,True,-2089788878,1.3603,False,7.4511,0.0000,6.3759,-0.1636,2.4695,5.3333
2.7167,81,3,ForestGuardian,True,-2089788878,1.2865,False,7.4511,0.0000,3.6241,-0.1669,2.4752,5.3333
2.7250,81,1,ForestGuardian,True,-2089788878,0.0612,False,3.4999,0.0000,5.0000,-0.1684,2.4762,5.3333
2.7250,81,2,ForestGuardian,True,-2089788878,1.3618,False,7.4511,0.0000,6.3759,-0.1636,2.4697,5.3333
2.7250,81,3,ForestGuardian,True,-2089788878,1.2881,False,7.4511,0.0000,3.6241,-0.1669,2.4750,5.3333
2.7333,81,1,ForestGuardian,True,-2089788878,0.0628,False,3.4999,0.0000,5.0000,-0.1685,2.4763,5.3333
2.7333,81,2,ForestGuardian,True,-2089788878,1.3634,False,7.4511,0.0000,6.3759,-0.1636,2.4699,5.3333
2.7333,81,3,ForestGuardian,True,-2089788878,1.2896,False,7.4511,0.0000,3.6241,-0.1668,2.4747,5.3333
2.7417,81,1,ForestGuardian,True,-2089788878,0.0644,False,3.4999,0.0000,5.0000,-0.1686,2.4765,5.3333
2.7417,81,2,ForestGuardian,True,-2089788878,1.3650,False,7.4511,0.0000,6.3759,-0.1635,2.4700,5.3333
2.7417,81,3,ForestGuardian,True,-2089788878,1.2912,False,7.4511,0.0000,3.6241,-0.1668,2.4745,5.3333
2.7500,82,1,ForestGuardian,True,-2089788878,0.0659,False,3.4999,0.0000,5.0000,-0.1686,2.4767,5.3333
2.7500,82,2,ForestGuardian,True,-2089788878,1.3665,False,7.4511,0.0000,6.3759,-0.1635,2.4702,5.3333
2.7500,82,3,ForestGuardian,True,-2089788878,1.2928,False,7.4511,0.0000,3.6241,-0.1667,2.4742,5.3333
2.7583,82,1,ForestGuardian,True,-2089788878,0.0675,False,3.4999,0.0000,5.0000,-0.1687,2.4769,5.3333
2.7583,82,2,ForestGuardian,True,-2089788878,1.3681,False,7.4511,0.0000,6.3759,-0.1634,2.4705,5.3333
2.7583,82,3,ForestGuardian,True,-2089788878,1.2943,False,7.4511,0.0000,3.6241,-0.1666,2.4740,5.3333
2.7667,82,1,ForestGuardian,True,-2089788878,0.0691,False,3.4999,0.0000,5.0000,-0.1688,2.4771,5.3333
2.7667,82,2,ForestGuardian,True,-2089788878,1.3696,False,7.4511,0.0000,6.3759,-0.1634,2.4707,5.3333
2.7667,82,3,ForestGuardian,True,-2089788878,1.2959,False,7.4511,0.0000,3.6241,-0.1666,2.4737,5.3333
2.7750,82,1,ForestGuardian,True,-2089788878,0.0706,False,3.4999,0.0000,5.0000,-0.1688,2.4773,5.3333
2.7750,82,2,ForestGuardian,True,-2089788878,1.3712,False,7.4511,0.0000,6.3759,-0.1634,2.4709,5.3333
2.7750,82,3,ForestGuardian,True,-2089788878,1.2975,False,7.4511,0.0000,3.6241,-0.1666,2.4735,5.3333
2.7833,83,1,ForestGuardian,True,-2089788878,0.0722,False,3.4999,0.0000,5.0000,-0.1689,2.4776,5.3333
2.7833,83,2,ForestGuardian,True,-2089788878,1.3728,False,7.4511,0.0000,6.3759,-0.1633,2.4712,5.3333
2.7833,83,3,ForestGuardian,True,-2089788878,1.2990,False,7.4511,0.0000,3.6241,-0.1666,2.4733,5.3333
2.7917,83,1,ForestGuardian,True,-2089788878,0.0737,False,3.4999,0.0000,5.0000,-0.1690,2.4779,5.3333
2.7917,83,2,ForestGuardian,True,-2089788878,1.3743,False,7.4511,0.0000,6.3759,-0.1633,2.4715,5.3333
2.7917,83,3,ForestGuardian,True,-2089788878,1.3006,False,7.4511,0.0000,3.6241,-0.1666,2.4730,5.3333
2.8000,83,1,ForestGuardian,True,-2089788878,0.0753,False,3.4999,0.0000,5.0000,-0.1690,2.4782,5.3333
2.8000,83,2,ForestGuardian,True,-2089788878,1.3759,False,7.4511,0.0000,6.3759,-0.1633,2.4718,5.3333
2.8000,83,3,ForestGuardian,True,-2089788878,1.3021,False,7.4511,0.0000,3.6241,-0.1665,2.4728,5.3333
