clip,time,length,bladeX,bladeY,bladeZ,hipsYaw,leftX,leftY,leftZ,rightX,rightY,rightZ
Pelag_MX_SaberAttackA,0.000000,0.800000,-0.549207,0.264004,-0.200509,50.496680,-0.112450,0.007673,0.466202,0.291052,0.011150,-0.214914
Pelag_MX_SaberAttackA,0.003333,0.800000,-0.549543,0.263673,-0.197564,50.801830,-0.112674,0.007661,0.466964,0.290793,0.011135,-0.214163
Pelag_MX_SaberAttackA,0.006667,0.800000,-0.549605,0.263194,-0.194982,51.063180,-0.112906,0.007707,0.467793,0.290595,0.011172,-0.213419
Pelag_MX_SaberAttackA,0.010000,0.800000,-0.549507,0.262632,-0.192606,51.299420,-0.113141,0.007790,0.468662,0.290436,0.011241,-0.212677
Pelag_MX_SaberAttackA,0.013333,0.800000,-0.549361,0.262052,-0.190283,51.529230,-0.113375,0.007890,0.469543,0.290293,0.011323,-0.211931
Pelag_MX_SaberAttackA,0.016667,0.800000,-0.549277,0.261519,-0.187857,51.771380,-0.113604,0.007989,0.470413,0.290148,0.011400,-0.211176
Pelag_MX_SaberAttackA,0.020000,0.800000,-0.549360,0.261095,-0.185169,52.044620,-0.113824,0.008072,0.471249,0.289984,0.011456,-0.210408
Pelag_MX_SaberAttackA,0.023333,0.800000,-0.549714,0.260844,-0.182061,52.367760,-0.114033,0.008123,0.472032,0.289786,0.011478,-0.209624
Pelag_MX_SaberAttackA,0.026667,0.800000,-0.550440,0.260829,-0.178374,52.759610,-0.114228,0.008130,0.472745,0.289544,0.011454,-0.208822
Pelag_MX_SaberAttackA,0.030000,0.800000,-0.551628,0.261112,-0.173944,53.239070,-0.114407,0.008085,0.473375,0.289250,0.011376,-0.208003
Pelag_MX_SaberAttackA,0.033333,0.800000,-0.553365,0.261757,-0.168601,53.825080,-0.114573,0.007981,0.473912,0.288901,0.011238,-0.207174
Pelag_MX_SaberAttackA,0.036667,0.800000,-0.555667,0.262769,-0.162193,54.533870,-0.114493,0.007722,0.474538,0.288506,0.011048,-0.206386
Pelag_MX_SaberAttackA,0.040000,0.800000,-0.558415,0.264086,-0.154789,55.354990,-0.114041,0.007273,0.475374,0.288091,0.010831,-0.205678
Pelag_MX_SaberAttackA,0.043333,0.800000,-0.561485,0.265667,-0.146556,56.267370,-0.113377,0.006729,0.476323,0.287683,0.010618,-0.205037
Pelag_MX_SaberAttackA,0.046667,0.800000,-0.564758,0.267473,-0.137664,57.249940,-0.112667,0.006181,0.477298,0.287307,0.010436,-0.204450
Pelag_MX_SaberAttackA,0.050000,0.800000,-0.568125,0.269465,-0.128286,58.281590,-0.112078,0.005717,0.478215,0.286981,0.010310,-0.203903
Pelag_MX_SaberAttackA,0.053333,0.800000,-0.571488,0.271601,-0.118602,59.341180,-0.111779,0.005426,0.478997,0.286720,0.010259,-0.203375
Pelag_MX_SaberAttackA,0.056667,0.800000,-0.574765,0.273844,-0.108798,60.407640,-0.111938,0.005395,0.479574,0.286533,0.010298,-0.202842
Pelag_MX_SaberAttackA,0.060000,0.800000,-0.577886,0.276153,-0.099065,61.459870,-0.112726,0.005714,0.479881,0.286425,0.010437,-0.202274
Pelag_MX_SaberAttackA,0.063333,0.800000,-0.580799,0.278492,-0.089594,62.476920,-0.114309,0.006480,0.479853,0.286396,0.010681,-0.201635
Pelag_MX_SaberAttackA,0.066667,0.800000,-0.583462,0.280822,-0.080584,63.437810,-0.116851,0.007801,0.479423,0.286442,0.011031,-0.200880
Pelag_MX_SaberAttackA,0.070000,0.800000,-0.586055,0.281898,-0.071270,64.423260,-0.120398,0.008674,0.478832,0.286509,0.010204,-0.200097
Pelag_MX_SaberAttackA,0.073333,0.800000,-0.588692,0.283127,-0.061014,65.500160,-0.124768,0.010592,0.478325,0.286595,0.009573,-0.199408
Pelag_MX_SaberAttackA,0.076667,0.800000,-0.591264,0.284478,-0.050218,66.626850,-0.129784,0.013431,0.477815,0.286756,0.009146,-0.198809
Pelag_MX_SaberAttackA,0.080000,0.800000,-0.593691,0.285924,-0.039290,67.761440,-0.135280,0.017038,0.477205,0.287039,0.008918,-0.198286
Pelag_MX_SaberAttackA,0.083333,0.800000,-0.595929,0.287436,-0.028648,68.861810,-0.141117,0.021209,0.476398,0.287483,0.008873,-0.197809
Pelag_MX_SaberAttackA,0.086667,0.800000,-0.597961,0.288985,-0.018713,69.885720,-0.147185,0.025683,0.475301,0.288115,0.008985,-0.197329
Pelag_MX_SaberAttackA,0.090000,0.800000,-0.599800,0.290546,-0.009910,70.790820,-0.153415,0.030139,0.473825,0.288956,0.009216,-0.196782
Pelag_MX_SaberAttackA,0.093333,0.800000,-0.601480,0.292091,-0.002668,71.534700,-0.159774,0.034207,0.471872,0.290023,0.009517,-0.196088
Pelag_MX_SaberAttackA,0.096667,0.800000,-0.603046,0.293597,0.002585,72.074920,-0.166257,0.037476,0.469320,0.291331,0.009837,-0.195151
Pelag_MX_SaberAttackA,0.100000,0.800000,-0.604541,0.295037,0.005420,72.369020,-0.172866,0.039518,0.466001,0.292894,0.010120,-0.193868
Pelag_MX_SaberAttackA,0.103333,0.800000,-0.605923,0.296333,0.006931,72.528940,-0.180136,0.040235,0.461211,0.294849,0.010504,-0.191893
Pelag_MX_SaberAttackA,0.106667,0.800000,-0.607171,0.297470,0.008161,72.660680,-0.188357,0.040015,0.454588,0.297236,0.011119,-0.189106
Pelag_MX_SaberAttackA,0.110000,0.800000,-0.608350,0.298522,0.008607,72.713010,-0.197133,0.039142,0.446394,0.299907,0.011885,-0.185726
Pelag_MX_SaberAttackA,0.113333,0.800000,-0.609525,0.299563,0.007765,72.634960,-0.206072,0.037850,0.436899,0.302716,0.012709,-0.181966
Pelag_MX_SaberAttackA,0.116667,0.800000,-0.610752,0.300670,0.005134,72.375690,-0.214801,0.036324,0.426430,0.305521,0.013487,-0.178034
Pelag_MX_SaberAttackA,0.120000,0.800000,-0.612063,0.301921,0.000207,71.884090,-0.222991,0.034682,0.415400,0.308196,0.014104,-0.174134
Pelag_MX_SaberAttackA,0.123333,0.800000,-0.613448,0.303393,-0.007534,71.108230,-0.230363,0.032980,0.404313,0.310627,0.014444,-0.170471
Pelag_MX_SaberAttackA,0.126667,0.800000,-0.614835,0.305163,-0.018624,69.994710,-0.236692,0.031223,0.393767,0.312731,0.014398,-0.167256
Pelag_MX_SaberAttackA,0.130000,0.800000,-0.616057,0.307305,-0.033619,68.487790,-0.241805,0.029386,0.384443,0.314453,0.013872,-0.164714
Pelag_MX_SaberAttackA,0.133333,0.800000,-0.616816,0.309891,-0.053098,66.528590,-0.245559,0.027448,0.377077,0.315779,0.012806,-0.163094
Pelag_MX_SaberAttackA,0.136667,0.800000,-0.616993,0.313582,-0.078025,64.068120,-0.247878,0.025464,0.372294,0.318050,0.012102,-0.164181
Pelag_MX_SaberAttackA,0.140000,0.800000,-0.616111,0.318696,-0.108301,61.138560,-0.248830,0.023460,0.369836,0.322268,0.012506,-0.168659
Pelag_MX_SaberAttackA,0.143333,0.800000,-0.613246,0.324752,-0.142858,57.799910,-0.248504,0.021432,0.369122,0.327913,0.013780,-0.175160
Pelag_MX_SaberAttackA,0.146667,0.800000,-0.607581,0.331218,-0.180577,54.110080,-0.247041,0.019411,0.369548,0.334414,0.015635,-0.182352
Pelag_MX_SaberAttackA,0.150000,0.800000,-0.598457,0.337516,-0.220317,50.123520,-0.244683,0.017435,0.370512,0.341152,0.017681,-0.188955
Pelag_MX_SaberAttackA,0.153333,0.800000,-0.585395,0.343021,-0.260950,45.890080,-0.241790,0.015528,0.371436,0.347451,0.019418,-0.193787
Pelag_MX_SaberAttackA,0.156667,0.800000,-0.568095,0.347074,-0.301387,41.454270,-0.238805,0.013686,0.371784,0.352574,0.020260,-0.195812
Pelag_MX_SaberAttackA,0.160000,0.800000,-0.546408,0.348992,-0.340597,36.854430,-0.236197,0.011863,0.371081,0.355704,0.019592,-0.194188
Pelag_MX_SaberAttackA,0.163333,0.800000,-0.520296,0.348068,-0.377601,32.121800,-0.234374,0.009967,0.368902,0.355914,0.016848,-0.188317
Pelag_MX_SaberAttackA,0.166667,0.800000,-0.489786,0.343576,-0.411440,27.279140,-0.233577,0.007859,0.364858,0.352144,0.011618,-0.177909
Pelag_MX_SaberAttackA,0.170000,0.800000,-0.451940,0.333814,-0.443658,21.931540,-0.233492,0.004893,0.358976,0.343288,0.003226,-0.162881
Pelag_MX_SaberAttackA,0.173333,0.800000,-0.404129,0.318707,-0.474327,15.803870,-0.233404,0.001762,0.352453,0.330321,-0.006370,-0.145495
Pelag_MX_SaberAttackA,0.176667,0.800000,-0.347557,0.298988,-0.500193,9.103449,-0.232815,-0.000955,0.346643,0.315803,-0.014818,-0.128947
Pelag_MX_SaberAttackA,0.180000,0.800000,-0.284514,0.275803,-0.518356,2.055050,-0.231451,-0.002771,0.342749,0.302929,-0.020291,-0.115436
Pelag_MX_SaberAttackA,0.183333,0.800000,-0.218319,0.250692,-0.526920,354.899500,-0.229351,-0.003332,0.341606,0.294814,-0.021737,-0.105622
Pelag_MX_SaberAttackA,0.186667,0.800000,-0.152906,0.225428,-0.525525,347.890100,-0.226833,-0.002468,0.343499,0.293470,-0.018957,-0.098663
Pelag_MX_SaberAttackA,0.190000,0.800000,-0.092159,0.201744,-0.515542,341.287400,-0.224365,-0.000249,0.348083,0.299030,-0.012527,-0.092928
Pelag_MX_SaberAttackA,0.193333,0.800000,-0.039300,0.181078,-0.499805,335.352500,-0.222386,0.002986,0.354454,0.309722,-0.003646,-0.087030
Pelag_MX_SaberAttackA,0.196667,0.800000,0.003449,0.164445,-0.482025,330.338600,-0.221190,0.006663,0.361350,0.322541,0.006041,-0.080574
Pelag_MX_SaberAttackA,0.200000,0.800000,0.034800,0.152475,-0.466125,326.486200,-0.220893,0.010047,0.367396,0.334186,0.014654,-0.074289
Pelag_MX_SaberAttackA,0.203333,0.800000,0.055635,0.144450,-0.454013,323.801300,-0.221291,0.012577,0.371787,0.342255,0.020859,-0.069105
Pelag_MX_SaberAttackA,0.206667,0.800000,0.068723,0.138900,-0.445273,322.017900,-0.222048,0.014184,0.374613,0.346453,0.024581,-0.065283
Pelag_MX_SaberAttackA,0.210000,0.800000,0.075813,0.135250,-0.439767,320.967200,-0.223046,0.014928,0.376022,0.347143,0.026003,-0.062916
Pelag_MX_SaberAttackA,0.213333,0.800000,0.078363,0.133034,-0.437018,320.490300,-0.224219,0.014950,0.376262,0.344901,0.025502,-0.061852
Pelag_MX_SaberAttackA,0.216667,0.800000,0.077646,0.131858,-0.436372,320.434200,-0.225529,0.014441,0.375634,0.340417,0.023569,-0.061787
Pelag_MX_SaberAttackA,0.220000,0.800000,0.074851,0.131356,-0.437093,320.648500,-0.226945,0.013608,0.374458,0.334456,0.020749,-0.062350
Pelag_MX_SaberAttackA,0.223333,0.800000,0.071144,0.131171,-0.438422,320.982400,-0.228432,0.012655,0.373059,0.327841,0.017600,-0.063165
Pelag_MX_SaberAttackA,0.226667,0.800000,0.067713,0.130934,-0.439614,321.283600,-0.229941,0.011778,0.371753,0.321438,0.014666,-0.063889
Pelag_MX_SaberAttackA,0.230000,0.800000,0.065774,0.130259,-0.439939,321.397600,-0.231410,0.011157,0.370841,0.316153,0.012471,-0.064224
Pelag_MX_SaberAttackA,0.233333,0.800000,0.066551,0.128757,-0.438670,321.169200,-0.232772,0.010962,0.370617,0.312933,0.011528,-0.063891
Pelag_MX_SaberAttackA,0.236667,0.800000,0.068994,0.126756,-0.436422,320.728900,-0.234050,0.011033,0.370824,0.311102,0.011401,-0.063151
Pelag_MX_SaberAttackA,0.240000,0.800000,0.071257,0.124838,-0.434311,320.310500,-0.235316,0.011093,0.371006,0.309324,0.011303,-0.062454
Pelag_MX_SaberAttackA,0.243333,0.800000,0.073348,0.123001,-0.432339,319.913400,-0.236570,0.011142,0.371160,0.307591,0.011229,-0.061799
Pelag_MX_SaberAttackA,0.246667,0.800000,0.075274,0.121242,-0.430505,319.536700,-0.237813,0.011181,0.371287,0.305900,0.011175,-0.061187
Pelag_MX_SaberAttackA,0.250000,0.800000,0.077041,0.119559,-0.428809,319.180000,-0.239047,0.011209,0.371385,0.304245,0.011139,-0.060616
Pelag_MX_SaberAttackA,0.253333,0.800000,0.078656,0.117950,-0.427249,318.842600,-0.240273,0.011228,0.371453,0.302622,0.011116,-0.060087
Pelag_MX_SaberAttackA,0.256667,0.800000,0.080125,0.116413,-0.425825,318.523700,-0.241493,0.011238,0.371490,0.301028,0.011106,-0.059599
Pelag_MX_SaberAttackA,0.260000,0.800000,0.081453,0.114945,-0.424536,318.222800,-0.242707,0.011238,0.371495,0.299459,0.011106,-0.059154
Pelag_MX_SaberAttackA,0.263333,0.800000,0.082648,0.113545,-0.423379,317.939200,-0.243916,0.011229,0.371467,0.297913,0.011113,-0.058752
Pelag_MX_SaberAttackA,0.266667,0.800000,0.083715,0.112211,-0.422353,317.672200,-0.245123,0.011212,0.371407,0.296389,0.011127,-0.058394
Pelag_MX_SaberAttackA,0.270000,0.800000,0.084659,0.110942,-0.421454,317.421100,-0.246327,0.011187,0.371311,0.294885,0.011146,-0.058080
Pelag_MX_SaberAttackA,0.273333,0.800000,0.085486,0.109735,-0.420682,317.185200,-0.247531,0.011155,0.371182,0.293399,0.011168,-0.057813
Pelag_MX_SaberAttackA,0.276667,0.800000,0.086201,0.108589,-0.420033,316.964000,-0.248734,0.011116,0.371016,0.291932,0.011194,-0.057594
Pelag_MX_SaberAttackA,0.280000,0.800000,0.086808,0.107502,-0.419504,316.756600,-0.249939,0.011070,0.370814,0.290483,0.011223,-0.057423
Pelag_MX_SaberAttackA,0.283333,0.800000,0.087314,0.106474,-0.419094,316.562500,-0.251147,0.011018,0.370576,0.289053,0.011253,-0.057303
Pelag_MX_SaberAttackA,0.286667,0.800000,0.087723,0.105502,-0.418797,316.380800,-0.252358,0.010961,0.370300,0.287642,0.011284,-0.057235
Pelag_MX_SaberAttackA,0.290000,0.800000,0.088039,0.104586,-0.418612,316.211000,-0.253574,0.010899,0.369985,0.286251,0.011317,-0.057220
Pelag_MX_SaberAttackA,0.293333,0.800000,0.088268,0.103724,-0.418535,316.052400,-0.254796,0.010833,0.369632,0.284881,0.011351,-0.057260
Pelag_MX_SaberAttackA,0.296667,0.800000,0.088414,0.102915,-0.418563,315.904100,-0.256025,0.010763,0.369240,0.283534,0.011387,-0.057357
Pelag_MX_SaberAttackA,0.300000,0.800000,0.088481,0.102157,-0.418691,315.765700,-0.257263,0.010690,0.368807,0.282212,0.011424,-0.057512
Pelag_MX_SaberAttackA,0.303333,0.800000,0.088474,0.101449,-0.418918,315.636300,-0.258509,0.010615,0.368334,0.280916,0.011463,-0.057728
Pelag_MX_SaberAttackA,0.306667,0.800000,0.088397,0.100791,-0.419238,315.515200,-0.259767,0.010538,0.367820,0.279649,0.011503,-0.058005
Pelag_MX_SaberAttackA,0.310000,0.800000,0.088255,0.100182,-0.419648,315.401800,-0.261036,0.010460,0.367264,0.278414,0.011546,-0.058346
Pelag_MX_SaberAttackA,0.313333,0.800000,0.088051,0.099619,-0.420145,315.295300,-0.262317,0.010382,0.366665,0.277212,0.011592,-0.058752
Pelag_MX_SaberAttackA,0.316667,0.800000,0.087791,0.099102,-0.420724,315.195200,-0.263613,0.010304,0.366023,0.276047,0.011642,-0.059226
Pelag_MX_SaberAttackA,0.320000,0.800000,0.087479,0.098629,-0.421382,315.100500,-0.264924,0.010227,0.365337,0.274921,0.011695,-0.059768
Pelag_MX_SaberAttackA,0.323333,0.800000,0.087118,0.098201,-0.422115,315.010700,-0.266252,0.010151,0.364606,0.273837,0.011754,-0.060381
Pelag_MX_SaberAttackA,0.326667,0.800000,0.086712,0.097815,-0.422919,314.925100,-0.267597,0.010077,0.363829,0.272798,0.011818,-0.061067
Pelag_MX_SaberAttackA,0.330000,0.800000,0.086267,0.097471,-0.423789,314.843000,-0.268961,0.010007,0.363007,0.271808,0.011888,-0.061826
Pelag_MX_SaberAttackA,0.333333,0.800000,0.085786,0.097167,-0.424722,314.763600,-0.270345,0.009939,0.362137,0.270869,0.011966,-0.062662
Pelag_MX_SaberAttackA,0.336667,0.800000,0.085306,0.096898,-0.425702,314.683800,-0.271745,0.009876,0.361220,0.269987,0.012050,-0.063557
Pelag_MX_SaberAttackA,0.340000,0.800000,0.084865,0.096659,-0.426709,314.600300,-0.273154,0.009813,0.360259,0.269158,0.012137,-0.064490
Pelag_MX_SaberAttackA,0.343333,0.800000,0.084474,0.096446,-0.427734,314.512100,-0.274568,0.009754,0.359255,0.268376,0.012222,-0.065462
Pelag_MX_SaberAttackA,0.346667,0.800000,0.084144,0.096255,-0.428770,314.418400,-0.275983,0.009698,0.358211,0.267634,0.012303,-0.066469
Pelag_MX_SaberAttackA,0.350000,0.800000,0.083886,0.096084,-0.429809,314.318100,-0.277395,0.009645,0.357131,0.266925,0.012378,-0.067511
Pelag_MX_SaberAttackA,0.353333,0.800000,0.083710,0.095927,-0.430843,314.210200,-0.278800,0.009595,0.356016,0.266244,0.012442,-0.068585
Pelag_MX_SaberAttackA,0.356667,0.800000,0.083625,0.095782,-0.431862,314.093900,-0.280194,0.009550,0.354869,0.265583,0.012493,-0.069688
Pelag_MX_SaberAttackA,0.360000,0.800000,0.083643,0.095644,-0.432860,313.968300,-0.281572,0.009509,0.353691,0.264936,0.012527,-0.070817
Pelag_MX_SaberAttackA,0.363333,0.800000,0.083773,0.095510,-0.433829,313.832200,-0.282932,0.009472,0.352487,0.264298,0.012543,-0.071970
Pelag_MX_SaberAttackA,0.366667,0.800000,0.084027,0.095376,-0.434758,313.685000,-0.284270,0.009439,0.351257,0.263664,0.012536,-0.073144
Pelag_MX_SaberAttackA,0.370000,0.800000,0.084413,0.095236,-0.435641,313.525500,-0.285580,0.009410,0.350003,0.263025,0.012504,-0.074339
Pelag_MX_SaberAttackA,0.373333,0.800000,0.084942,0.095088,-0.436469,313.352800,-0.286861,0.009387,0.348729,0.262378,0.012452,-0.075557
Pelag_MX_SaberAttackA,0.376667,0.800000,0.085624,0.094927,-0.437233,313.166100,-0.288108,0.009367,0.347436,0.261725,0.012381,-0.076799
Pelag_MX_SaberAttackA,0.380000,0.800000,0.086469,0.094749,-0.437924,312.964400,-0.289318,0.009351,0.346126,0.261065,0.012295,-0.078063
Pelag_MX_SaberAttackA,0.383333,0.800000,0.087486,0.094550,-0.438533,312.746700,-0.290486,0.009340,0.344801,0.260399,0.012197,-0.079349
Pelag_MX_SaberAttackA,0.386667,0.800000,0.088686,0.094324,-0.439050,312.512100,-0.291610,0.009332,0.343463,0.259729,0.012089,-0.080657
Pelag_MX_SaberAttackA,0.390000,0.800000,0.090077,0.094070,-0.439468,312.259600,-0.292686,0.009328,0.342115,0.259056,0.011977,-0.081985
Pelag_MX_SaberAttackA,0.393333,0.800000,0.091668,0.093781,-0.439775,311.988400,-0.293710,0.009327,0.340759,0.258381,0.011862,-0.083335
Pelag_MX_SaberAttackA,0.396667,0.800000,0.093470,0.093454,-0.439961,311.697500,-0.294678,0.009330,0.339397,0.257706,0.011750,-0.084706
Pelag_MX_SaberAttackA,0.400000,0.800000,0.095491,0.093085,-0.440017,311.386000,-0.295588,0.009336,0.338031,0.257034,0.011644,-0.086099
Pelag_MX_SaberAttackA,0.403333,0.800000,0.097683,0.092700,-0.439984,311.059200,-0.296440,0.009332,0.336642,0.256341,0.011531,-0.087529
Pelag_MX_SaberAttackA,0.406667,0.800000,0.099987,0.092327,-0.439913,310.723700,-0.297238,0.009306,0.335212,0.255608,0.011393,-0.089006
Pelag_MX_SaberAttackA,0.410000,0.800000,0.102399,0.091968,-0.439804,310.379900,-0.297984,0.009261,0.333743,0.254842,0.011236,-0.090526
Pelag_MX_SaberAttackA,0.413333,0.800000,0.104915,0.091622,-0.439656,310.028300,-0.298682,0.009195,0.332236,0.254052,0.011063,-0.092084
Pelag_MX_SaberAttackA,0.416667,0.800000,0.107530,0.091292,-0.439470,309.669200,-0.299333,0.009112,0.330694,0.253246,0.010877,-0.093678
Pelag_MX_SaberAttackA,0.420000,0.800000,0.110240,0.090978,-0.439245,309.303300,-0.299941,0.009012,0.329119,0.252431,0.010682,-0.095304
Pelag_MX_SaberAttackA,0.423333,0.800000,0.113040,0.090681,-0.438983,308.930900,-0.300507,0.008897,0.327512,0.251614,0.010482,-0.096957
Pelag_MX_SaberAttackA,0.426667,0.800000,0.115925,0.090402,-0.438682,308.552600,-0.301035,0.008767,0.325876,0.250804,0.010280,-0.098634
Pelag_MX_SaberAttackA,0.430000,0.800000,0.118892,0.090143,-0.438345,308.168700,-0.301526,0.008625,0.324214,0.250006,0.010080,-0.100331
Pelag_MX_SaberAttackA,0.433333,0.800000,0.121935,0.089903,-0.437970,307.779900,-0.301984,0.008472,0.322525,0.249229,0.009883,-0.102045
Pelag_MX_SaberAttackA,0.436667,0.800000,0.125050,0.089685,-0.437559,307.386600,-0.302410,0.008315,0.320833,0.248478,0.009695,-0.103772
Pelag_MX_SaberAttackA,0.440000,0.800000,0.128232,0.089489,-0.437111,306.989200,-0.302808,0.008159,0.319154,0.247761,0.009516,-0.105507
Pelag_MX_SaberAttackA,0.443333,0.800000,0.131477,0.089317,-0.436629,306.588300,-0.303181,0.008008,0.317490,0.247083,0.009350,-0.107248
Pelag_MX_SaberAttackA,0.446667,0.800000,0.134781,0.089169,-0.436112,306.184300,-0.303533,0.007859,0.315840,0.246451,0.009200,-0.108989
Pelag_MX_SaberAttackA,0.450000,0.800000,0.138138,0.089047,-0.435562,305.777700,-0.303869,0.007716,0.314204,0.245872,0.009068,-0.110728
Pelag_MX_SaberAttackA,0.453333,0.800000,0.141544,0.088951,-0.434979,305.369000,-0.304192,0.007578,0.312584,0.245349,0.008956,-0.112458
Pelag_MX_SaberAttackA,0.456667,0.800000,0.144995,0.088883,-0.434365,304.958700,-0.304505,0.007445,0.310979,0.244890,0.008867,-0.114176
Pelag_MX_SaberAttackA,0.460000,0.800000,0.148487,0.088844,-0.433721,304.547200,-0.304814,0.007320,0.309389,0.244499,0.008801,-0.115878
Pelag_MX_SaberAttackA,0.463333,0.800000,0.152015,0.088835,-0.433048,304.135100,-0.305122,0.007202,0.307814,0.244182,0.008762,-0.117558
Pelag_MX_SaberAttackA,0.466667,0.800000,0.155574,0.088857,-0.432348,303.722900,-0.305433,0.007092,0.306256,0.243942,0.008750,-0.119212
Pelag_MX_SaberAttackA,0.470000,0.800000,0.159160,0.089086,-0.431622,303.310900,-0.305736,0.007163,0.304712,0.243760,0.008935,-0.120845
Pelag_MX_SaberAttackA,0.473333,0.800000,0.162769,0.089339,-0.430873,302.899800,-0.306019,0.007226,0.303182,0.243613,0.009126,-0.122467
Pelag_MX_SaberAttackA,0.476667,0.800000,0.166397,0.089616,-0.430102,302.490000,-0.306284,0.007283,0.301668,0.243497,0.009321,-0.124074
Pelag_MX_SaberAttackA,0.480000,0.800000,0.170039,0.089919,-0.429310,302.082000,-0.306531,0.007335,0.300170,0.243410,0.009519,-0.125665
Pelag_MX_SaberAttackA,0.483333,0.800000,0.173690,0.090247,-0.428500,301.676200,-0.306761,0.007383,0.298690,0.243351,0.009719,-0.127237
Pelag_MX_SaberAttackA,0.486667,0.800000,0.177348,0.090602,-0.427675,301.273300,-0.306977,0.007428,0.297229,0.243315,0.009920,-0.128790
Pelag_MX_SaberAttackA,0.490000,0.800000,0.181007,0.090983,-0.426836,300.873500,-0.307179,0.007471,0.295787,0.243300,0.010120,-0.130320
Pelag_MX_SaberAttackA,0.493333,0.800000,0.184664,0.091391,-0.425986,300.477500,-0.307370,0.007514,0.294367,0.243304,0.010316,-0.131825
Pelag_MX_SaberAttackA,0.496667,0.800000,0.188315,0.091827,-0.425128,300.085800,-0.307549,0.007556,0.292968,0.243322,0.010508,-0.133303
Pelag_MX_SaberAttackA,0.500000,0.800000,0.191954,0.092292,-0.424264,299.698700,-0.307719,0.007600,0.291593,0.243352,0.010692,-0.134752
Pelag_MX_SaberAttackA,0.503333,0.800000,0.195580,0.092784,-0.423397,299.316800,-0.307882,0.007646,0.290242,0.243390,0.010868,-0.136169
Pelag_MX_SaberAttackA,0.506667,0.800000,0.199187,0.093305,-0.422530,298.940600,-0.308038,0.007695,0.288917,0.243432,0.011032,-0.137554
Pelag_MX_SaberAttackA,0.510000,0.800000,0.202772,0.093856,-0.421665,298.570500,-0.308189,0.007748,0.287617,0.243475,0.011183,-0.138902
Pelag_MX_SaberAttackA,0.513333,0.800000,0.206330,0.094436,-0.420806,298.207000,-0.308338,0.007807,0.286345,0.243514,0.011317,-0.140212
Pelag_MX_SaberAttackA,0.516667,0.800000,0.209859,0.095047,-0.419957,297.850700,-0.308484,0.007873,0.285101,0.243546,0.011432,-0.141482
Pelag_MX_SaberAttackA,0.520000,0.800000,0.213354,0.095687,-0.419120,297.501900,-0.308631,0.007945,0.283886,0.243567,0.011526,-0.142709
Pelag_MX_SaberAttackA,0.523333,0.800000,0.216812,0.096358,-0.418298,297.161200,-0.308779,0.008027,0.282701,0.243572,0.011595,-0.143891
Pelag_MX_SaberAttackA,0.526667,0.800000,0.220229,0.097060,-0.417495,296.829000,-0.308931,0.008118,0.281546,0.243557,0.011637,-0.145026
Pelag_MX_SaberAttackA,0.530000,0.800000,0.223602,0.097794,-0.416715,296.505900,-0.309087,0.008219,0.280424,0.243518,0.011649,-0.146111
Pelag_MX_SaberAttackA,0.533333,0.800000,0.226926,0.098558,-0.415962,296.192100,-0.309249,0.008331,0.279334,0.243451,0.011627,-0.147143
Pelag_MX_SaberAttackA,0.536667,0.800000,0.230200,0.099355,-0.415238,295.888400,-0.309427,0.008444,0.278252,0.243388,0.011588,-0.148122
Pelag_MX_SaberAttackA,0.540000,0.800000,0.233417,0.100183,-0.414547,295.595100,-0.309624,0.008544,0.277153,0.243363,0.011549,-0.149050
Pelag_MX_SaberAttackA,0.543333,0.800000,0.236577,0.101043,-0.413894,295.312600,-0.309835,0.008629,0.276040,0.243370,0.011511,-0.149934
Pelag_MX_SaberAttackA,0.546667,0.800000,0.239675,0.101936,-0.413282,295.041500,-0.310058,0.008699,0.274913,0.243406,0.011474,-0.150779
Pelag_MX_SaberAttackA,0.550000,0.800000,0.242707,0.102861,-0.412715,294.782200,-0.310286,0.008753,0.273774,0.243465,0.011438,-0.151592
Pelag_MX_SaberAttackA,0.553333,0.800000,0.245671,0.103819,-0.412197,294.535200,-0.310516,0.008789,0.272624,0.243543,0.011404,-0.152378
Pelag_MX_SaberAttackA,0.556667,0.800000,0.248562,0.104809,-0.411731,294.300900,-0.310742,0.008807,0.271465,0.243635,0.011372,-0.153142
Pelag_MX_SaberAttackA,0.560000,0.800000,0.251378,0.105832,-0.411322,294.079800,-0.310962,0.008806,0.270298,0.243737,0.011343,-0.153891
Pelag_MX_SaberAttackA,0.563333,0.800000,0.254115,0.106888,-0.410975,293.872400,-0.311170,0.008785,0.269127,0.243846,0.011317,-0.154631
Pelag_MX_SaberAttackA,0.566667,0.800000,0.256769,0.107978,-0.410691,293.679100,-0.311362,0.008743,0.267951,0.243955,0.011295,-0.155367
Pelag_MX_SaberAttackA,0.570000,0.800000,0.259315,0.109079,-0.410466,293.502100,-0.311537,0.008694,0.266808,0.244036,0.011263,-0.156094
Pelag_MX_SaberAttackA,0.573333,0.800000,0.261729,0.110172,-0.410288,293.343000,-0.311696,0.008655,0.265730,0.244065,0.011207,-0.156802
Pelag_MX_SaberAttackA,0.576667,0.800000,0.264013,0.111255,-0.410160,293.201600,-0.311839,0.008624,0.264716,0.244056,0.011133,-0.157486
Pelag_MX_SaberAttackA,0.580000,0.800000,0.266167,0.112330,-0.410083,293.077600,-0.311966,0.008601,0.263763,0.244020,0.011046,-0.158142
Pelag_MX_SaberAttackA,0.583333,0.800000,0.268194,0.113395,-0.410057,292.970900,-0.312076,0.008584,0.262871,0.243968,0.010950,-0.158766
Pelag_MX_SaberAttackA,0.586667,0.800000,0.270093,0.114451,-0.410084,292.881200,-0.312170,0.008573,0.262036,0.243913,0.010851,-0.159354
Pelag_MX_SaberAttackA,0.590000,0.800000,0.271867,0.115496,-0.410164,292.808300,-0.312247,0.008568,0.261259,0.243868,0.010754,-0.159901
Pelag_MX_SaberAttackA,0.593333,0.800000,0.273517,0.116531,-0.410298,292.751800,-0.312307,0.008566,0.260536,0.243844,0.010664,-0.160403
Pelag_MX_SaberAttackA,0.596667,0.800000,0.275043,0.117556,-0.410487,292.711700,-0.312350,0.008569,0.259867,0.243854,0.010586,-0.160857
Pelag_MX_SaberAttackA,0.600000,0.800000,0.276447,0.118569,-0.410730,292.687600,-0.312375,0.008575,0.259249,0.243911,0.010526,-0.161258
Pelag_MX_SaberAttackA,0.603333,0.800000,0.277731,0.119571,-0.411027,292.679300,-0.312382,0.008583,0.258682,0.244027,0.010490,-0.161603
Pelag_MX_SaberAttackA,0.606667,0.800000,0.278893,0.120561,-0.411380,292.686600,-0.312372,0.008594,0.258163,0.244215,0.010482,-0.161887
Pelag_MX_SaberAttackA,0.610000,0.800000,0.279937,0.121539,-0.411787,292.709200,-0.312342,0.008606,0.257690,0.244488,0.010509,-0.162109
Pelag_MX_SaberAttackA,0.613333,0.800000,0.280862,0.122505,-0.412249,292.746900,-0.312295,0.008618,0.257262,0.244859,0.010577,-0.162265
Pelag_MX_SaberAttackA,0.616667,0.800000,0.281670,0.123459,-0.412766,292.799500,-0.312228,0.008631,0.256878,0.245341,0.010693,-0.162351
Pelag_MX_SaberAttackA,0.620000,0.800000,0.282361,0.124399,-0.413337,292.866700,-0.312141,0.008644,0.256536,0.245946,0.010863,-0.162367
Pelag_MX_SaberAttackA,0.623333,0.800000,0.282936,0.125326,-0.413961,292.948300,-0.312036,0.008656,0.256234,0.246688,0.011095,-0.162310
Pelag_MX_SaberAttackA,0.626667,0.800000,0.283396,0.126239,-0.414639,293.044000,-0.311910,0.008667,0.255970,0.247578,0.011398,-0.162179
Pelag_MX_SaberAttackA,0.630000,0.800000,0.283742,0.127139,-0.415369,293.153700,-0.311764,0.008676,0.255742,0.248630,0.011780,-0.161974
Pelag_MX_SaberAttackA,0.633333,0.800000,0.283974,0.128024,-0.416151,293.277000,-0.311599,0.008684,0.255550,0.249856,0.012249,-0.161694
Pelag_MX_SaberAttackA,0.636667,0.800000,0.284093,0.128895,-0.416984,293.413800,-0.311412,0.008689,0.255389,0.251261,0.012814,-0.161344
Pelag_MX_SaberAttackA,0.640000,0.800000,0.284100,0.129751,-0.417867,293.563800,-0.311201,0.008690,0.255257,0.252836,0.013471,-0.160932
Pelag_MX_SaberAttackA,0.643333,0.800000,0.283995,0.130592,-0.418799,293.726800,-0.310966,0.008688,0.255156,0.254571,0.014217,-0.160461
Pelag_MX_SaberAttackA,0.646667,0.800000,0.283779,0.131418,-0.419779,293.902500,-0.310704,0.008683,0.255084,0.256455,0.015047,-0.159935
Pelag_MX_SaberAttackA,0.650000,0.800000,0.283453,0.132228,-0.420807,294.090700,-0.310413,0.008675,0.255043,0.258478,0.015959,-0.159358
Pelag_MX_SaberAttackA,0.653333,0.800000,0.283017,0.133022,-0.421880,294.291200,-0.310093,0.008664,0.255033,0.260630,0.016948,-0.158733
Pelag_MX_SaberAttackA,0.656667,0.800000,0.282471,0.133800,-0.422998,294.503700,-0.309741,0.008651,0.255053,0.262899,0.018012,-0.158065
Pelag_MX_SaberAttackA,0.660000,0.800000,0.281816,0.134562,-0.424159,294.727900,-0.309356,0.008636,0.255106,0.265276,0.019145,-0.157357
Pelag_MX_SaberAttackA,0.663333,0.800000,0.281053,0.135307,-0.425362,294.963800,-0.308935,0.008618,0.255189,0.267750,0.020343,-0.156612
Pelag_MX_SaberAttackA,0.666667,0.800000,0.280182,0.136035,-0.426606,295.210900,-0.308479,0.008599,0.255304,0.270311,0.021602,-0.155833
Pelag_MX_SaberAttackA,0.670000,0.800000,0.279204,0.136746,-0.427889,295.469200,-0.307991,0.008579,0.255451,0.272938,0.022911,-0.155026
Pelag_MX_SaberAttackA,0.673333,0.800000,0.278119,0.137440,-0.429210,295.738200,-0.307479,0.008560,0.255630,0.275609,0.024260,-0.154199
Pelag_MX_SaberAttackA,0.676667,0.800000,0.276927,0.138117,-0.430566,296.017900,-0.306947,0.008542,0.255839,0.278314,0.025645,-0.153363
Pelag_MX_SaberAttackA,0.680000,0.800000,0.275630,0.138777,-0.431958,296.308000,-0.306397,0.008526,0.256076,0.281041,0.027060,-0.152523
Pelag_MX_SaberAttackA,0.683333,0.800000,0.274227,0.139418,-0.433382,296.608100,-0.305833,0.008511,0.256337,0.283781,0.028500,-0.151689
Pelag_MX_SaberAttackA,0.686667,0.800000,0.272719,0.140043,-0.434837,296.918200,-0.305256,0.008498,0.256622,0.286524,0.029958,-0.150866
Pelag_MX_SaberAttackA,0.690000,0.800000,0.271107,0.140649,-0.436321,297.237900,-0.304671,0.008487,0.256927,0.289260,0.031427,-0.150061
Pelag_MX_SaberAttackA,0.693333,0.800000,0.269391,0.141238,-0.437833,297.567000,-0.304080,0.008477,0.257250,0.291981,0.032900,-0.149280
Pelag_MX_SaberAttackA,0.696667,0.800000,0.267572,0.141809,-0.439371,297.905300,-0.303486,0.008470,0.257589,0.294677,0.034369,-0.148528
Pelag_MX_SaberAttackA,0.700000,0.800000,0.265649,0.142363,-0.440934,298.252500,-0.302891,0.008465,0.257942,0.297342,0.035825,-0.147810
Pelag_MX_SaberAttackA,0.703333,0.800000,0.263624,0.142898,-0.442518,298.608400,-0.302299,0.008462,0.258307,0.299988,0.037287,-0.147149
Pelag_MX_SaberAttackA,0.706667,0.800000,0.261498,0.143416,-0.444123,298.972800,-0.301713,0.008462,0.258680,0.302626,0.038777,-0.146567
Pelag_MX_SaberAttackA,0.710000,0.800000,0.259269,0.143917,-0.445747,299.345400,-0.301135,0.008463,0.259061,0.305245,0.040290,-0.146063
Pelag_MX_SaberAttackA,0.713333,0.800000,0.256941,0.144400,-0.447387,299.726000,-0.300569,0.008468,0.259448,0.307834,0.041824,-0.145639
Pelag_MX_SaberAttackA,0.716667,0.800000,0.254512,0.144866,-0.449042,300.114300,-0.300018,0.008475,0.259837,0.310385,0.043373,-0.145294
Pelag_MX_SaberAttackA,0.720000,0.800000,0.251984,0.145315,-0.450710,300.510000,-0.299485,0.008484,0.260227,0.312888,0.044934,-0.145028
Pelag_MX_SaberAttackA,0.723333,0.800000,0.249357,0.145747,-0.452389,300.913100,-0.298971,0.008496,0.260616,0.315333,0.046502,-0.144839
Pelag_MX_SaberAttackA,0.726667,0.800000,0.246631,0.146162,-0.454076,301.323200,-0.298482,0.008510,0.261002,0.317713,0.048070,-0.144725
Pelag_MX_SaberAttackA,0.730000,0.800000,0.243808,0.146561,-0.455771,301.740000,-0.298019,0.008528,0.261383,0.320019,0.049634,-0.144685
Pelag_MX_SaberAttackA,0.733333,0.800000,0.240888,0.146944,-0.457472,302.163400,-0.297585,0.008548,0.261757,0.322242,0.051187,-0.144716
Pelag_MX_SaberAttackA,0.736667,0.800000,0.237865,0.147316,-0.459186,302.595500,-0.297157,0.008564,0.262135,0.324385,0.052732,-0.144828
Pelag_MX_SaberAttackA,0.740000,0.800000,0.234738,0.147683,-0.460916,303.037900,-0.296713,0.008571,0.262528,0.326451,0.054270,-0.145025
Pelag_MX_SaberAttackA,0.743333,0.800000,0.231513,0.148040,-0.462652,303.489600,-0.296257,0.008571,0.262937,0.328435,0.055794,-0.145295
Pelag_MX_SaberAttackA,0.746667,0.800000,0.228199,0.148384,-0.464385,303.949600,-0.295794,0.008565,0.263359,0.330336,0.057298,-0.145624
Pelag_MX_SaberAttackA,0.750000,0.800000,0.224804,0.148713,-0.466106,304.416900,-0.295329,0.008554,0.263796,0.332148,0.058775,-0.145998
Pelag_MX_SaberAttackA,0.753333,0.800000,0.221336,0.149022,-0.467804,304.890500,-0.294866,0.008540,0.264246,0.333871,0.060219,-0.146402
Pelag_MX_SaberAttackA,0.756667,0.800000,0.217804,0.149310,-0.469471,305.369300,-0.294412,0.008525,0.264710,0.335502,0.061623,-0.146821
Pelag_MX_SaberAttackA,0.760000,0.800000,0.214217,0.149573,-0.471098,305.852400,-0.293969,0.008509,0.265186,0.337039,0.062979,-0.147241
Pelag_MX_SaberAttackA,0.763333,0.800000,0.210583,0.149807,-0.472676,306.338700,-0.293543,0.008495,0.265675,0.338480,0.064282,-0.147645
Pelag_MX_SaberAttackA,0.766667,0.800000,0.206911,0.150010,-0.474197,306.827200,-0.293137,0.008483,0.266177,0.339823,0.065526,-0.148018
Pelag_MX_SaberAttackA,0.770000,0.800000,0.204252,0.150074,-0.475054,307.170100,-0.292948,0.008649,0.266495,0.341184,0.067170,-0.148394
Pelag_MX_SaberAttackA,0.773333,0.800000,0.203189,0.149948,-0.474935,307.285900,-0.293073,0.009085,0.266522,0.342614,0.069475,-0.148799
Pelag_MX_SaberAttackA,0.776667,0.800000,0.203021,0.149707,-0.474262,307.273900,-0.293374,0.009671,0.266388,0.344036,0.072144,-0.149209
Pelag_MX_SaberAttackA,0.780000,0.800000,0.203042,0.149423,-0.473445,307.233600,-0.293714,0.010286,0.266225,0.345382,0.074878,-0.149609
Pelag_MX_SaberAttackA,0.783333,0.800000,0.202550,0.149169,-0.472891,307.263800,-0.293962,0.010813,0.266163,0.346586,0.077376,-0.149997
Pelag_MX_SaberAttackA,0.786667,0.800000,0.200849,0.149014,-0.473001,307.463000,-0.293987,0.011136,0.266335,0.347584,0.079334,-0.150377
Pelag_MX_SaberAttackA,0.790000,0.800000,0.197232,0.149027,-0.474160,307.930300,-0.293663,0.011141,0.266873,0.348326,0.080452,-0.150759
Pelag_MX_SaberAttackA,0.793333,0.800000,0.190961,0.149267,-0.476708,308.765400,-0.292860,0.010716,0.267907,0.348794,0.080451,-0.151150
Pelag_MX_SaberAttackA,0.796667,0.800000,0.181242,0.149789,-0.480908,310.070800,-0.291438,0.009748,0.269565,0.349029,0.079095,-0.151548
Pelag_MX_SaberAttackA,0.800000,0.800000,0.167188,0.150631,-0.486889,311.952400,-0.289248,0.008129,0.271969,0.349167,0.076222,-0.151939
Pelag_MX_SaberAttackB,0.000000,1.633333,0.167188,0.150631,-0.486889,311.952400,-0.289248,0.008129,0.271969,0.349167,0.076222,-0.151939
Pelag_MX_SaberAttackB,0.003327,1.633333,0.148154,0.154843,-0.494240,314.467500,-0.286176,0.009032,0.275292,0.350297,0.076037,-0.151828
Pelag_MX_SaberAttackB,0.006653,1.633333,0.124436,0.158923,-0.502029,317.547900,-0.282321,0.009278,0.279471,0.353319,0.076311,-0.151127
Pelag_MX_SaberAttackB,0.009980,1.633333,0.096633,0.162860,-0.509432,321.099400,-0.277872,0.009044,0.284249,0.358141,0.077111,-0.150437
Pelag_MX_SaberAttackB,0.013306,1.633333,0.065436,0.166654,-0.515684,325.028100,-0.273016,0.008501,0.289385,0.364560,0.078422,-0.150324
Pelag_MX_SaberAttackB,0.016633,1.633333,0.031616,0.170318,-0.520153,329.241500,-0.267932,0.007809,0.294659,0.372239,0.080105,-0.151253
Pelag_MX_SaberAttackB,0.019959,1.633333,-0.004007,0.173884,-0.522381,333.651100,-0.262769,0.007103,0.299873,0.380705,0.081872,-0.153532
Pelag_MX_SaberAttackB,0.023286,1.633333,-0.040600,0.177403,-0.522112,338.174600,-0.257633,0.006491,0.304858,0.389380,0.083281,-0.157266
Pelag_MX_SaberAttackB,0.026612,1.633333,-0.077377,0.180948,-0.519298,342.737700,-0.252574,0.006042,0.309458,0.397604,0.083744,-0.162333
Pelag_MX_SaberAttackB,0.029939,1.633333,-0.113639,0.184608,-0.514078,347.275700,-0.247575,0.005784,0.313533,0.404672,0.082548,-0.168373
Pelag_MX_SaberAttackB,0.033265,1.633333,-0.148812,0.188491,-0.506745,351.734200,-0.242556,0.005705,0.316944,0.409840,0.078888,-0.174788
Pelag_MX_SaberAttackB,0.036592,1.633333,-0.185052,0.192345,-0.496455,356.442300,-0.236865,0.005388,0.319876,0.412870,0.071450,-0.181048
Pelag_MX_SaberAttackB,0.039919,1.633333,-0.224066,0.195773,-0.481617,1.702932,-0.230059,0.004613,0.322608,0.414911,0.060764,-0.186700
Pelag_MX_SaberAttackB,0.043245,1.633333,-0.264223,0.198749,-0.461935,7.367876,-0.222433,0.003670,0.325087,0.417186,0.048859,-0.191287
Pelag_MX_SaberAttackB,0.046572,1.633333,-0.303801,0.201319,-0.437626,13.268120,-0.214351,0.002830,0.327249,0.420745,0.037618,-0.194801
Pelag_MX_SaberAttackB,0.049898,1.633333,-0.341163,0.203618,-0.409501,19.215820,-0.206235,0.002320,0.329022,0.426258,0.028575,-0.197689
Pelag_MX_SaberAttackB,0.053225,1.633333,-0.374975,0.205872,-0.378950,25.010430,-0.198533,0.002304,0.330338,0.433823,0.022720,-0.200682
Pelag_MX_SaberAttackB,0.056551,1.633333,-0.404375,0.208396,-0.347814,30.447260,-0.191675,0.002874,0.331132,0.442925,0.020381,-0.204513
Pelag_MX_SaberAttackB,0.059878,1.633333,-0.429051,0.211570,-0.318190,35.325900,-0.186040,0.004048,0.331352,0.452568,0.021242,-0.209645
Pelag_MX_SaberAttackB,0.063204,1.633333,-0.449190,0.215815,-0.292233,39.455800,-0.181927,0.005787,0.330961,0.461540,0.024488,-0.216143
Pelag_MX_SaberAttackB,0.066531,1.633333,-0.465305,0.221580,-0.272005,42.657600,-0.179561,0.008031,0.329943,0.468682,0.029059,-0.223723
Pelag_MX_SaberAttackB,0.069857,1.633333,-0.478387,0.226568,-0.259375,44.811430,-0.178677,0.007530,0.328137,0.473074,0.030354,-0.231610
Pelag_MX_SaberAttackB,0.073184,1.633333,-0.489685,0.234147,-0.254028,46.048970,-0.178685,0.007194,0.325506,0.474650,0.030412,-0.238924
Pelag_MX_SaberAttackB,0.076511,1.633333,-0.499759,0.243991,-0.254463,46.567420,-0.179429,0.007159,0.322361,0.473888,0.029425,-0.245421
Pelag_MX_SaberAttackB,0.079837,1.633333,-0.508867,0.255603,-0.259124,46.555220,-0.180805,0.007476,0.319022,0.471322,0.027672,-0.251101
Pelag_MX_SaberAttackB,0.083164,1.633333,-0.517160,0.268427,-0.266412,46.197070,-0.182735,0.008175,0.315750,0.467449,0.025497,-0.256072
Pelag_MX_SaberAttackB,0.086490,1.633333,-0.524818,0.281844,-0.274682,45.678540,-0.185136,0.009228,0.312709,0.462685,0.023194,-0.260467
Pelag_MX_SaberAttackB,0.089817,1.633333,-0.532130,0.295172,-0.282245,45.189500,-0.187898,0.010526,0.309953,0.457350,0.020957,-0.264400
Pelag_MX_SaberAttackB,0.093143,1.633333,-0.539512,0.307674,-0.287365,44.925910,-0.190875,0.011886,0.307434,0.451677,0.018869,-0.267958
Pelag_MX_SaberAttackB,0.096470,1.633333,-0.547457,0.318565,-0.288258,45.089820,-0.193889,0.013067,0.305045,0.445863,0.016948,-0.271204
Pelag_MX_SaberAttackB,0.099796,1.633333,-0.556417,0.327020,-0.283079,45.887310,-0.196757,0.013829,0.302680,0.440151,0.015224,-0.274189
Pelag_MX_SaberAttackB,0.103123,1.633333,-0.566607,0.333388,-0.271671,47.326980,-0.199951,0.014368,0.300665,0.434065,0.013436,-0.276661
Pelag_MX_SaberAttackB,0.106449,1.633333,-0.577602,0.338849,-0.255953,49.180910,-0.204022,0.015117,0.299383,0.426994,0.011365,-0.278372
Pelag_MX_SaberAttackB,0.109776,1.633333,-0.588710,0.343363,-0.236636,51.359560,-0.208675,0.016095,0.298729,0.419454,0.009367,-0.279484
Pelag_MX_SaberAttackB,0.113103,1.633333,-0.599283,0.346892,-0.214504,53.771630,-0.213612,0.017311,0.298577,0.411933,0.007763,-0.280177
Pelag_MX_SaberAttackB,0.116429,1.633333,-0.608759,0.349410,-0.190429,56.323560,-0.218547,0.018739,0.298737,0.404822,0.006789,-0.280655
Pelag_MX_SaberAttackB,0.119756,1.633333,-0.616710,0.350910,-0.165363,58.920120,-0.223212,0.020312,0.298928,0.398379,0.006573,-0.281139
Pelag_MX_SaberAttackB,0.123082,1.633333,-0.622861,0.351403,-0.140316,61.465410,-0.227360,0.021909,0.298765,0.392715,0.007125,-0.281851
Pelag_MX_SaberAttackB,0.126409,1.633333,-0.627099,0.350923,-0.116325,63.864020,-0.230770,0.023366,0.297764,0.387806,0.008342,-0.282986
Pelag_MX_SaberAttackB,0.129735,1.633333,-0.629461,0.349519,-0.094424,66.022000,-0.233227,0.024482,0.295355,0.383518,0.010031,-0.284698
Pelag_MX_SaberAttackB,0.133062,1.633333,-0.630104,0.347246,-0.075620,67.847460,-0.234506,0.025045,0.290909,0.379657,0.011942,-0.287107
Pelag_MX_SaberAttackB,0.136388,1.633333,-0.629085,0.341931,-0.059191,69.408790,-0.234173,0.023055,0.283624,0.376038,0.012354,-0.290243
Pelag_MX_SaberAttackB,0.139715,1.633333,-0.626409,0.334665,-0.043351,70.878320,-0.232174,0.020189,0.273320,0.372553,0.012918,-0.293917
Pelag_MX_SaberAttackB,0.143041,1.633333,-0.622307,0.326013,-0.028321,72.242780,-0.228926,0.017153,0.260504,0.369117,0.013627,-0.297919
Pelag_MX_SaberAttackB,0.146368,1.633333,-0.617035,0.316389,-0.014323,73.488470,-0.224817,0.014407,0.245794,0.365668,0.014337,-0.302053
Pelag_MX_SaberAttackB,0.149695,1.633333,-0.610873,0.306190,-0.001564,74.602130,-0.220199,0.012248,0.229933,0.362169,0.014915,-0.306138
Pelag_MX_SaberAttackB,0.153021,1.633333,-0.604125,0.295797,0.009756,75.570830,-0.215400,0.010769,0.213761,0.358604,0.015239,-0.310018
Pelag_MX_SaberAttackB,0.156348,1.633333,-0.597124,0.285572,0.019448,76.381840,-0.210738,0.009854,0.198166,0.354973,0.015203,-0.313564
Pelag_MX_SaberAttackB,0.159674,1.633333,-0.590225,0.275854,0.027328,77.022370,-0.206551,0.009229,0.184044,0.351289,0.014709,-0.316677
Pelag_MX_SaberAttackB,0.163001,1.633333,-0.583794,0.266964,0.033216,77.479520,-0.203240,0.008540,0.172253,0.347568,0.013680,-0.319286
Pelag_MX_SaberAttackB,0.166327,1.633333,-0.578206,0.259206,0.036935,77.740110,-0.201336,0.007482,0.163584,0.343824,0.012049,-0.321344
Pelag_MX_SaberAttackB,0.169654,1.633333,-0.573462,0.254792,0.037993,77.755650,-0.201107,0.008254,0.158023,0.340018,0.012130,-0.323069
Pelag_MX_SaberAttackB,0.172980,1.633333,-0.569137,0.250962,0.036183,77.496570,-0.202432,0.008977,0.154349,0.336090,0.011853,-0.324840
Pelag_MX_SaberAttackB,0.176307,1.633333,-0.565158,0.247406,0.032023,77.007900,-0.205626,0.010102,0.151731,0.332063,0.011193,-0.326703
Pelag_MX_SaberAttackB,0.179633,1.633333,-0.561433,0.244096,0.026024,76.335020,-0.210772,0.012308,0.149281,0.327981,0.010395,-0.328683
Pelag_MX_SaberAttackB,0.182960,1.633333,-0.557871,0.241012,0.018692,75.523340,-0.217603,0.016049,0.146185,0.323904,0.009671,-0.330783
Pelag_MX_SaberAttackB,0.186287,1.633333,-0.554395,0.238131,0.010530,74.618270,-0.225502,0.021421,0.141882,0.319900,0.009189,-0.332971
Pelag_MX_SaberAttackB,0.189613,1.633333,-0.550948,0.235435,0.002037,73.665290,-0.233647,0.028122,0.136213,0.316038,0.009060,-0.335178
Pelag_MX_SaberAttackB,0.192940,1.633333,-0.547502,0.232903,-0.006292,72.709980,-0.241204,0.035492,0.129480,0.312376,0.009340,-0.337299
Pelag_MX_SaberAttackB,0.196266,1.633333,-0.544058,0.230515,-0.013965,71.797890,-0.247512,0.042622,0.122377,0.308951,0.010023,-0.339192
Pelag_MX_SaberAttackB,0.199593,1.633333,-0.540642,0.228248,-0.020496,70.974640,-0.252151,0.048496,0.115832,0.305774,0.011062,-0.340687
Pelag_MX_SaberAttackB,0.202919,1.633333,-0.537284,0.226096,-0.026071,70.218190,-0.255253,0.052621,0.110712,0.302925,0.012475,-0.341609
Pelag_MX_SaberAttackB,0.206246,1.633333,-0.533980,0.224063,-0.031547,69.442210,-0.257478,0.055424,0.107194,0.300493,0.014306,-0.341983
Pelag_MX_SaberAttackB,0.209572,1.633333,-0.530731,0.222145,-0.036940,68.648260,-0.259083,0.057036,0.105104,0.298397,0.016437,-0.341927
Pelag_MX_SaberAttackB,0.212899,1.633333,-0.527534,0.220337,-0.042253,67.839050,-0.260282,0.057648,0.104178,0.296557,0.018757,-0.341559
Pelag_MX_SaberAttackB,0.216225,1.633333,-0.524393,0.218633,-0.047492,67.017260,-0.261254,0.057484,0.104107,0.294894,0.021161,-0.341000
Pelag_MX_SaberAttackB,0.219552,1.633333,-0.521305,0.217032,-0.052661,66.185530,-0.262155,0.056780,0.104553,0.293331,0.023545,-0.340377
Pelag_MX_SaberAttackB,0.222879,1.633333,-0.518273,0.215530,-0.057766,65.346500,-0.263120,0.055774,0.105172,0.291797,0.025807,-0.339822
Pelag_MX_SaberAttackB,0.226205,1.633333,-0.515297,0.214124,-0.062814,64.502750,-0.264270,0.054694,0.105626,0.290225,0.027845,-0.339475
Pelag_MX_SaberAttackB,0.229532,1.633333,-0.512378,0.212815,-0.067812,63.656850,-0.265717,0.053755,0.105580,0.288551,0.029562,-0.339483
Pelag_MX_SaberAttackB,0.232858,1.633333,-0.509518,0.211600,-0.072766,62.811350,-0.267559,0.053164,0.104707,0.286718,0.030863,-0.340000
Pelag_MX_SaberAttackB,0.236185,1.633333,-0.506717,0.210480,-0.077685,61.968790,-0.269729,0.052815,0.102982,0.284596,0.031822,-0.341192
Pelag_MX_SaberAttackB,0.239511,1.633333,-0.503978,0.209455,-0.082576,61.131630,-0.271971,0.052272,0.100811,0.282108,0.032708,-0.343118
Pelag_MX_SaberAttackB,0.242838,1.633333,-0.501302,0.208525,-0.087449,60.302400,-0.274246,0.051546,0.098251,0.279368,0.033579,-0.345731
Pelag_MX_SaberAttackB,0.246164,1.633333,-0.498690,0.207693,-0.092311,59.483520,-0.276521,0.050657,0.095358,0.276489,0.034473,-0.348968
Pelag_MX_SaberAttackB,0.249491,1.633333,-0.496145,0.206960,-0.097173,58.677440,-0.278764,0.049625,0.092189,0.273573,0.035414,-0.352749
Pelag_MX_SaberAttackB,0.252817,1.633333,-0.493668,0.206328,-0.102044,57.886620,-0.280951,0.048469,0.088807,0.270714,0.036405,-0.356983
Pelag_MX_SaberAttackB,0.256144,1.633333,-0.491262,0.205801,-0.106934,57.113460,-0.283058,0.047207,0.085279,0.267994,0.037436,-0.361566
Pelag_MX_SaberAttackB,0.259471,1.633333,-0.488928,0.205383,-0.111851,56.360360,-0.285070,0.045856,0.081675,0.265482,0.038483,-0.366385
Pelag_MX_SaberAttackB,0.262797,1.633333,-0.486669,0.205077,-0.116808,55.629770,-0.286972,0.044431,0.078068,0.263238,0.039523,-0.371318
Pelag_MX_SaberAttackB,0.266124,1.633333,-0.484488,0.204889,-0.121813,54.924100,-0.288754,0.042946,0.074535,0.261312,0.040541,-0.376238
Pelag_MX_SaberAttackB,0.269450,1.633333,-0.482475,0.204897,-0.126865,54.256810,-0.290407,0.041316,0.070967,0.259706,0.041772,-0.381627
Pelag_MX_SaberAttackB,0.272777,1.633333,-0.480758,0.205209,-0.131962,53.641940,-0.291927,0.039425,0.067099,0.258245,0.043601,-0.388255
Pelag_MX_SaberAttackB,0.276103,1.633333,-0.479272,0.205775,-0.137129,53.067460,-0.293311,0.037373,0.063004,0.256737,0.045978,-0.395629
Pelag_MX_SaberAttackB,0.279430,1.633333,-0.477947,0.206543,-0.142388,52.520820,-0.294567,0.035257,0.058757,0.255033,0.048813,-0.403244
Pelag_MX_SaberAttackB,0.282756,1.633333,-0.476711,0.207458,-0.147758,51.989510,-0.295711,0.033169,0.054431,0.253034,0.051962,-0.410620
Pelag_MX_SaberAttackB,0.286083,1.633333,-0.475488,0.208465,-0.153258,51.460970,-0.296770,0.031192,0.050099,0.250694,0.055233,-0.417318
Pelag_MX_SaberAttackB,0.289409,1.633333,-0.474199,0.209508,-0.158903,50.922600,-0.297781,0.029399,0.045831,0.248019,0.058387,-0.422955
Pelag_MX_SaberAttackB,0.292736,1.633333,-0.472764,0.210530,-0.164708,50.361790,-0.298792,0.027859,0.041698,0.245049,0.061147,-0.427210
Pelag_MX_SaberAttackB,0.296063,1.633333,-0.471099,0.211469,-0.170686,49.765830,-0.299865,0.026628,0.037768,0.241839,0.063224,-0.429820
Pelag_MX_SaberAttackB,0.299389,1.633333,-0.469116,0.212266,-0.176846,49.121970,-0.301070,0.025761,0.034108,0.238426,0.064333,-0.430577
Pelag_MX_SaberAttackB,0.302716,1.633333,-0.466861,0.211531,-0.183071,48.444620,-0.302537,0.023875,0.030609,0.234785,0.063074,-0.429589
Pelag_MX_SaberAttackB,0.306042,1.633333,-0.464539,0.210469,-0.189182,47.774670,-0.304350,0.021988,0.027010,0.230852,0.061123,-0.427481
Pelag_MX_SaberAttackB,0.309369,1.633333,-0.462119,0.209397,-0.195273,47.101900,-0.306420,0.020370,0.023380,0.226592,0.059122,-0.424523
Pelag_MX_SaberAttackB,0.312695,1.633333,-0.459556,0.208318,-0.201447,46.414660,-0.308657,0.018977,0.019792,0.221982,0.057342,-0.420935
Pelag_MX_SaberAttackB,0.316022,1.633333,-0.456803,0.207236,-0.207803,45.701240,-0.310974,0.017764,0.016320,0.217013,0.055981,-0.416897
Pelag_MX_SaberAttackB,0.319348,1.633333,-0.453804,0.206153,-0.214439,44.949860,-0.313289,0.016687,0.013033,0.211694,0.055139,-0.412527
Pelag_MX_SaberAttackB,0.322675,1.633333,-0.450500,0.205074,-0.221451,44.148710,-0.315525,0.015701,0.010005,0.206041,0.054813,-0.407884
Pelag_MX_SaberAttackB,0.326001,1.633333,-0.446823,0.204004,-0.228932,43.285850,-0.317611,0.014762,0.007303,0.200057,0.054884,-0.402961
Pelag_MX_SaberAttackB,0.329328,1.633333,-0.442698,0.202950,-0.236970,42.349320,-0.319486,0.013832,0.004999,0.193722,0.055128,-0.397693
Pelag_MX_SaberAttackB,0.332655,1.633333,-0.438042,0.201919,-0.245649,41.327000,-0.321100,0.012877,0.003166,0.186978,0.055229,-0.391960
Pelag_MX_SaberAttackB,0.335981,1.633333,-0.432762,0.202480,-0.254990,40.208140,-0.322581,0.013590,0.001831,0.179322,0.056322,-0.385542
Pelag_MX_SaberAttackB,0.339308,1.633333,-0.426828,0.203417,-0.264855,38.996730,-0.324263,0.015031,0.000888,0.170013,0.057114,-0.378282
Pelag_MX_SaberAttackB,0.342634,1.633333,-0.420264,0.204347,-0.275154,37.705260,-0.326138,0.016750,0.000243,0.159371,0.057572,-0.370261
Pelag_MX_SaberAttackB,0.345961,1.633333,-0.413102,0.205296,-0.285802,36.346330,-0.328181,0.018694,-0.000182,0.147788,0.058034,-0.361555
Pelag_MX_SaberAttackB,0.349287,1.633333,-0.405379,0.206293,-0.296718,34.932430,-0.330357,0.020805,-0.000459,0.135688,0.058775,-0.352244
Pelag_MX_SaberAttackB,0.352614,1.633333,-0.397138,0.207364,-0.307825,33.475930,-0.332624,0.023016,-0.000647,0.123518,0.059994,-0.342411
Pelag_MX_SaberAttackB,0.355940,1.633333,-0.388431,0.208541,-0.319053,31.989130,-0.334929,0.025250,-0.000788,0.111740,0.061811,-0.332149
Pelag_MX_SaberAttackB,0.359267,1.633333,-0.379314,0.209853,-0.330339,30.484090,-0.337215,0.027419,-0.000912,0.100813,0.064272,-0.321549
Pelag_MX_SaberAttackB,0.362593,1.633333,-0.369848,0.211333,-0.341629,28.972730,-0.339414,0.029429,-0.001030,0.091186,0.067356,-0.310702
Pelag_MX_SaberAttackB,0.365920,1.633333,-0.360104,0.213013,-0.352875,27.466790,-0.341453,0.031170,-0.001138,0.083289,0.070996,-0.299686
Pelag_MX_SaberAttackB,0.369247,1.633333,-0.350067,0.212849,-0.364120,25.964260,-0.343338,0.030570,-0.001141,0.076914,0.072997,-0.288329
Pelag_MX_SaberAttackB,0.372573,1.633333,-0.339578,0.212374,-0.375496,24.441280,-0.345240,0.029372,-0.000911,0.070902,0.074719,-0.276160
Pelag_MX_SaberAttackB,0.375900,1.633333,-0.328621,0.212189,-0.386958,22.898680,-0.347190,0.028210,-0.000524,0.065295,0.076657,-0.263234
Pelag_MX_SaberAttackB,0.379226,1.633333,-0.317189,0.212288,-0.398451,21.338320,-0.349206,0.027093,-0.000058,0.060188,0.078716,-0.249654
Pelag_MX_SaberAttackB,0.382553,1.633333,-0.305278,0.212665,-0.409924,19.762020,-0.351300,0.026027,0.000408,0.055675,0.080806,-0.235553
Pelag_MX_SaberAttackB,0.385879,1.633333,-0.292888,0.213311,-0.421323,18.171630,-0.353476,0.025013,0.000800,0.051844,0.082832,-0.221085
Pelag_MX_SaberAttackB,0.389206,1.633333,-0.280022,0.214219,-0.432597,16.568920,-0.355734,0.024045,0.001049,0.048768,0.084692,-0.206422
Pelag_MX_SaberAttackB,0.392532,1.633333,-0.266685,0.215377,-0.443695,14.955620,-0.358068,0.023114,0.001090,0.046503,0.086270,-0.191736
Pelag_MX_SaberAttackB,0.395859,1.633333,-0.252885,0.216776,-0.454567,13.333450,-0.360467,0.022205,0.000862,0.045089,0.087439,-0.177203
Pelag_MX_SaberAttackB,0.399185,1.633333,-0.238634,0.218403,-0.465164,11.704070,-0.362917,0.021301,0.000312,0.044546,0.088053,-0.162980
Pelag_MX_SaberAttackB,0.402512,1.633333,-0.223946,0.220246,-0.475441,10.069100,-0.365415,0.020386,-0.000348,0.044728,0.087942,-0.148717
Pelag_MX_SaberAttackB,0.405839,1.633333,-0.208838,0.222288,-0.485351,8.430080,-0.368001,0.019476,-0.000573,0.045225,0.087102,-0.133430
Pelag_MX_SaberAttackB,0.409165,1.633333,-0.193330,0.224516,-0.494852,6.788550,-0.370697,0.018595,-0.000465,0.045981,0.085738,-0.117332
Pelag_MX_SaberAttackB,0.412492,1.633333,-0.177442,0.226913,-0.503904,5.145960,-0.373515,0.017763,-0.000156,0.046983,0.084038,-0.100680
Pelag_MX_SaberAttackB,0.415818,1.633333,-0.161197,0.229462,-0.512468,3.503698,-0.376461,0.016997,0.000221,0.048255,0.082160,-0.083728
Pelag_MX_SaberAttackB,0.419145,1.633333,-0.144622,0.232144,-0.520510,1.863153,-0.379533,0.016308,0.000527,0.049856,0.080232,-0.066728
Pelag_MX_SaberAttackB,0.422471,1.633333,-0.127742,0.234940,-0.527997,0.225609,-0.382723,0.015703,0.000623,0.051882,0.078355,-0.049929
Pelag_MX_SaberAttackB,0.425798,1.633333,-0.110586,0.237830,-0.534899,358.592300,-0.386018,0.015186,0.000365,0.054471,0.076603,-0.033577
Pelag_MX_SaberAttackB,0.429124,1.633333,-0.093183,0.240796,-0.541188,356.964500,-0.389395,0.014754,-0.000397,0.057793,0.075029,-0.017917
Pelag_MX_SaberAttackB,0.432451,1.633333,-0.075561,0.243815,-0.546840,355.343300,-0.392818,0.014401,-0.001814,0.062060,0.073673,-0.003183
Pelag_MX_SaberAttackB,0.435777,1.633333,-0.057568,0.246813,-0.551800,353.717000,-0.396269,0.014084,-0.003912,0.067667,0.072445,0.010728
Pelag_MX_SaberAttackB,0.439104,1.633333,-0.038854,0.249684,-0.555976,352.059400,-0.399780,0.013739,-0.006445,0.074947,0.071124,0.024617
Pelag_MX_SaberAttackB,0.442430,1.633333,-0.019610,0.252503,-0.559377,350.379800,-0.403326,0.013409,-0.009400,0.083548,0.069861,0.038626
Pelag_MX_SaberAttackB,0.445757,1.633333,-0.000056,0.255347,-0.562035,348.689800,-0.406872,0.013138,-0.012771,0.093090,0.068817,0.052817
Pelag_MX_SaberAttackB,0.449084,1.633333,0.019587,0.258285,-0.564000,347.000900,-0.410384,0.012961,-0.016538,0.103189,0.068131,0.067212
Pelag_MX_SaberAttackB,0.452410,1.633333,0.039100,0.261380,-0.565341,345.324500,-0.413829,0.012912,-0.020663,0.113459,0.067905,0.081799
Pelag_MX_SaberAttackB,0.455737,1.633333,0.058268,0.264688,-0.566150,343.672200,-0.417183,0.013021,-0.025094,0.123515,0.068194,0.096526
Pelag_MX_SaberAttackB,0.459063,1.633333,0.076878,0.268258,-0.566534,342.055500,-0.420430,0.013315,-0.029763,0.132976,0.069008,0.111308
Pelag_MX_SaberAttackB,0.462390,1.633333,0.094727,0.272134,-0.566620,340.485700,-0.423564,0.013817,-0.034589,0.141478,0.070302,0.126029
Pelag_MX_SaberAttackB,0.465716,1.633333,0.111617,0.276354,-0.566550,338.973900,-0.426595,0.014550,-0.039479,0.148674,0.071988,0.140548
Pelag_MX_SaberAttackB,0.469043,1.633333,0.127603,0.280254,-0.566388,337.510300,-0.429509,0.014822,-0.044437,0.154696,0.073337,0.154824
Pelag_MX_SaberAttackB,0.472369,1.633333,0.143223,0.284023,-0.565973,336.048600,-0.432231,0.014801,-0.049653,0.160565,0.074719,0.169101
Pelag_MX_SaberAttackB,0.475696,1.633333,0.158438,0.287873,-0.565316,334.596500,-0.434758,0.014745,-0.055055,0.166188,0.076370,0.183367
Pelag_MX_SaberAttackB,0.479022,1.633333,0.173174,0.291777,-0.564451,333.165700,-0.437105,0.014671,-0.060556,0.171413,0.078253,0.197576
Pelag_MX_SaberAttackB,0.482349,1.633333,0.187351,0.295710,-0.563422,331.768100,-0.439296,0.014596,-0.066064,0.176103,0.080315,0.211664
Pelag_MX_SaberAttackB,0.485676,1.633333,0.200890,0.299648,-0.562282,330.416100,-0.441374,0.014537,-0.071494,0.180137,0.082487,0.225561
Pelag_MX_SaberAttackB,0.489002,1.633333,0.213713,0.303572,-0.561093,329.122500,-0.443390,0.014511,-0.076760,0.183410,0.084682,0.239183
Pelag_MX_SaberAttackB,0.492329,1.633333,0.225741,0.307463,-0.559924,327.900500,-0.445408,0.014533,-0.081783,0.185838,0.086803,0.252440
Pelag_MX_SaberAttackB,0.495655,1.633333,0.236893,0.311305,-0.558850,326.763500,-0.447497,0.014619,-0.086488,0.187350,0.088741,0.265241
Pelag_MX_SaberAttackB,0.498982,1.633333,0.247093,0.315084,-0.557954,325.725300,-0.449727,0.014788,-0.090805,0.187894,0.090378,0.277492
Pelag_MX_SaberAttackB,0.502308,1.633333,0.256175,0.318692,-0.557297,324.798200,-0.452162,0.015063,-0.094635,0.187457,0.091678,0.289207
Pelag_MX_SaberAttackB,0.505635,1.633333,0.263954,0.321909,-0.556883,323.978900,-0.454801,0.015449,-0.097897,0.186181,0.092810,0.300611
Pelag_MX_SaberAttackB,0.508961,1.633333,0.270635,0.324857,-0.556751,323.254000,-0.457603,0.015906,-0.100694,0.184213,0.093741,0.311632
Pelag_MX_SaberAttackB,0.512288,1.633333,0.276439,0.327681,-0.556925,322.610300,-0.460519,0.016397,-0.103137,0.181693,0.094418,0.322193
Pelag_MX_SaberAttackB,0.515614,1.633333,0.281585,0.330532,-0.557413,322.034100,-0.463501,0.016887,-0.105340,0.178756,0.094778,0.332233
Pelag_MX_SaberAttackB,0.518941,1.633333,0.286287,0.333562,-0.558208,321.511600,-0.466501,0.017344,-0.107414,0.175533,0.094753,0.341706
Pelag_MX_SaberAttackB,0.522268,1.633333,0.290755,0.336925,-0.559294,321.028900,-0.469476,0.017739,-0.109472,0.172147,0.094263,0.350577
Pelag_MX_SaberAttackB,0.525594,1.633333,0.295195,0.340778,-0.560642,320.571800,-0.472389,0.018048,-0.111625,0.168717,0.093223,0.358824
Pelag_MX_SaberAttackB,0.528921,1.633333,0.299810,0.345280,-0.562213,320.125900,-0.475211,0.018248,-0.113984,0.165356,0.091548,0.366430
Pelag_MX_SaberAttackB,0.532247,1.633333,0.304794,0.350594,-0.563956,319.676600,-0.477917,0.018321,-0.116663,0.162170,0.089147,0.373381
Pelag_MX_SaberAttackB,0.535574,1.633333,0.310218,0.356829,-0.565919,319.224400,-0.480511,0.018144,-0.119672,0.159225,0.085615,0.379710
Pelag_MX_SaberAttackB,0.538900,1.633333,0.315752,0.364355,-0.568345,318.806600,-0.483064,0.017948,-0.122751,0.156430,0.080631,0.385561
Pelag_MX_SaberAttackB,0.542227,1.633333,0.321276,0.373026,-0.571106,318.420500,-0.485607,0.017845,-0.125883,0.153704,0.074546,0.390912
Pelag_MX_SaberAttackB,0.545553,1.633333,0.326701,0.382580,-0.574056,318.060100,-0.488157,0.017852,-0.129070,0.150983,0.067681,0.395711
Pelag_MX_SaberAttackB,0.548880,1.633333,0.331946,0.392746,-0.577060,317.719700,-0.490724,0.017972,-0.132317,0.148218,0.060356,0.399903
Pelag_MX_SaberAttackB,0.552206,1.633333,0.336939,0.403240,-0.580003,317.393800,-0.493306,0.018194,-0.135625,0.145378,0.052887,0.403435
Pelag_MX_SaberAttackB,0.555533,1.633333,0.341626,0.413767,-0.582781,317.077000,-0.495895,0.018494,-0.138994,0.142455,0.045581,0.406263
Pelag_MX_SaberAttackB,0.558860,1.633333,0.345964,0.424026,-0.585311,316.763900,-0.498473,0.018835,-0.142428,0.139456,0.038739,0.408364
Pelag_MX_SaberAttackB,0.562186,1.633333,0.349928,0.433705,-0.587523,316.449400,-0.501018,0.019171,-0.145927,0.136411,0.032654,0.409733
Pelag_MX_SaberAttackB,0.565513,1.633333,0.353502,0.442492,-0.589366,316.128800,-0.503503,0.019448,-0.149500,0.133363,0.027620,0.410381
Pelag_MX_SaberAttackB,0.568839,1.633333,0.356748,0.450221,-0.590807,315.789100,-0.505936,0.019641,-0.153125,0.130372,0.023781,0.410230
Pelag_MX_SaberAttackB,0.572166,1.633333,0.359873,0.457281,-0.591904,315.407300,-0.508403,0.019820,-0.156723,0.127530,0.020744,0.409011
Pelag_MX_SaberAttackB,0.575492,1.633333,0.362852,0.463811,-0.592752,314.998700,-0.510871,0.019969,-0.160312,0.124879,0.018373,0.406880
Pelag_MX_SaberAttackB,0.578819,1.633333,0.365637,0.469918,-0.593445,314.582000,-0.513303,0.020063,-0.163917,0.122437,0.016568,0.404023
Pelag_MX_SaberAttackB,0.582145,1.633333,0.368170,0.475713,-0.594074,314.176400,-0.515661,0.020081,-0.167566,0.120209,0.015224,0.400623
Pelag_MX_SaberAttackB,0.585472,1.633333,0.370388,0.481311,-0.594726,313.801400,-0.517914,0.020002,-0.171285,0.118192,0.014225,0.396857
Pelag_MX_SaberAttackB,0.588798,1.633333,0.372225,0.486828,-0.595489,313.476700,-0.520030,0.019812,-0.175099,0.116374,0.013444,0.392899
Pelag_MX_SaberAttackB,0.592125,1.633333,0.373607,0.492382,-0.596447,313.222600,-0.521984,0.019493,-0.179031,0.114740,0.012741,0.388912
Pelag_MX_SaberAttackB,0.595452,1.633333,0.374454,0.498094,-0.597682,313.059600,-0.523753,0.019036,-0.183105,0.113273,0.011958,0.385049
Pelag_MX_SaberAttackB,0.598778,1.633333,0.374680,0.504081,-0.599271,313.009000,-0.525317,0.018430,-0.187341,0.111953,0.010926,0.381445
Pelag_MX_SaberAttackB,0.602105,1.633333,0.374129,0.511578,-0.601331,313.100400,-0.526610,0.018731,-0.191749,0.110790,0.010683,0.378078
Pelag_MX_SaberAttackB,0.605431,1.633333,0.372591,0.520203,-0.603988,313.360400,-0.527481,0.019385,-0.196272,0.109876,0.011125,0.374490
Pelag_MX_SaberAttackB,0.608758,1.633333,0.370189,0.529160,-0.607100,313.763800,-0.528002,0.019812,-0.200824,0.109186,0.011604,0.370654
Pelag_MX_SaberAttackB,0.612084,1.633333,0.367082,0.538274,-0.610513,314.281100,-0.528256,0.020077,-0.205326,0.108689,0.012076,0.366603
Pelag_MX_SaberAttackB,0.615411,1.633333,0.363442,0.547366,-0.614075,314.881300,-0.528321,0.020239,-0.209703,0.108358,0.012506,0.362382
Pelag_MX_SaberAttackB,0.618737,1.633333,0.359460,0.556266,-0.617641,315.531500,-0.528267,0.020344,-0.213891,0.108168,0.012867,0.358061
Pelag_MX_SaberAttackB,0.622064,1.633333,0.355341,0.564803,-0.621074,316.196800,-0.528150,0.020433,-0.217833,0.108093,0.013145,0.353730
Pelag_MX_SaberAttackB,0.625390,1.633333,0.351305,0.572819,-0.624245,316.840100,-0.528018,0.020533,-0.221481,0.108107,0.013333,0.349502
Pelag_MX_SaberAttackB,0.628717,1.633333,0.347587,0.580158,-0.627033,317.421600,-0.527909,0.020666,-0.224792,0.108178,0.013432,0.345510
Pelag_MX_SaberAttackB,0.632044,1.633333,0.344430,0.586671,-0.629322,317.900200,-0.527855,0.020846,-0.227732,0.108275,0.013447,0.341902
Pelag_MX_SaberAttackB,0.635370,1.633333,0.341927,0.592316,-0.631096,318.258900,-0.527852,0.021067,-0.230307,0.108450,0.013380,0.338742
Pelag_MX_SaberAttackB,0.638697,1.633333,0.339610,0.597414,-0.632676,318.575100,-0.527798,0.021273,-0.232664,0.108988,0.013228,0.335759
Pelag_MX_SaberAttackB,0.642023,1.633333,0.337426,0.602019,-0.634109,318.858200,-0.527681,0.021456,-0.234836,0.109837,0.013007,0.332941
Pelag_MX_SaberAttackB,0.645350,1.633333,0.335379,0.606150,-0.635407,319.108200,-0.527501,0.021616,-0.236843,0.110911,0.012730,0.330303
Pelag_MX_SaberAttackB,0.648676,1.633333,0.333472,0.609824,-0.636582,319.325800,-0.527260,0.021755,-0.238702,0.112120,0.012410,0.327857
Pelag_MX_SaberAttackB,0.652003,1.633333,0.331704,0.613058,-0.637642,319.511400,-0.526959,0.021875,-0.240428,0.113379,0.012056,0.325606
Pelag_MX_SaberAttackB,0.655329,1.633333,0.330074,0.615869,-0.638597,319.665800,-0.526601,0.021977,-0.242037,0.114599,0.011674,0.323557
Pelag_MX_SaberAttackB,0.658656,1.633333,0.328579,0.618275,-0.639455,319.789900,-0.526189,0.022064,-0.243541,0.115693,0.011270,0.321709
Pelag_MX_SaberAttackB,0.661982,1.633333,0.327216,0.620291,-0.640225,319.884600,-0.525727,0.022141,-0.244955,0.116570,0.010849,0.320065
Pelag_MX_SaberAttackB,0.665309,1.633333,0.325980,0.621935,-0.640912,319.951400,-0.525219,0.022211,-0.246290,0.117143,0.010414,0.318623
Pelag_MX_SaberAttackB,0.668636,1.633333,0.324866,0.623222,-0.641524,319.991400,-0.524670,0.022279,-0.247557,0.117412,0.009973,0.317370
Pelag_MX_SaberAttackB,0.671962,1.633333,0.323867,0.624168,-0.642065,320.006000,-0.524084,0.022349,-0.248766,0.117710,0.009541,0.316233
Pelag_MX_SaberAttackB,0.675289,1.633333,0.322977,0.624789,-0.642542,319.996700,-0.523467,0.022426,-0.249929,0.118076,0.009127,0.315193
Pelag_MX_SaberAttackB,0.678615,1.633333,0.322187,0.625100,-0.642958,319.965200,-0.522825,0.022514,-0.251054,0.118507,0.008739,0.314236
Pelag_MX_SaberAttackB,0.681942,1.633333,0.321490,0.625117,-0.643320,319.913000,-0.522162,0.022620,-0.252152,0.119001,0.008385,0.313344
Pelag_MX_SaberAttackB,0.685268,1.633333,0.320877,0.624855,-0.643630,319.841800,-0.521485,0.022749,-0.253231,0.119558,0.008072,0.312504
Pelag_MX_SaberAttackB,0.688595,1.633333,0.320340,0.624330,-0.643892,319.753400,-0.520799,0.022905,-0.254302,0.120174,0.007809,0.311699
Pelag_MX_SaberAttackB,0.691921,1.633333,0.319870,0.623556,-0.644112,319.649400,-0.520111,0.023095,-0.255373,0.120848,0.007601,0.310912
Pelag_MX_SaberAttackB,0.695248,1.633333,0.319458,0.622550,-0.644291,319.531600,-0.519426,0.023324,-0.256454,0.121576,0.007457,0.310128
Pelag_MX_SaberAttackB,0.698574,1.633333,0.319095,0.621325,-0.644433,319.401600,-0.518752,0.023598,-0.257555,0.122357,0.007384,0.309328
Pelag_MX_SaberAttackB,0.701901,1.633333,0.318773,0.619897,-0.644543,319.261300,-0.518004,0.023846,-0.258670,0.123181,0.007382,0.308505
Pelag_MX_SaberAttackB,0.705228,1.633333,0.318481,0.618282,-0.644623,319.112200,-0.516830,0.023760,-0.259739,0.124016,0.007425,0.307684
Pelag_MX_SaberAttackB,0.708554,1.633333,0.318212,0.616494,-0.644676,318.956100,-0.515287,0.023387,-0.260759,0.124854,0.007503,0.306867
Pelag_MX_SaberAttackB,0.711881,1.633333,0.317957,0.614549,-0.644707,318.794400,-0.513484,0.022820,-0.261735,0.125692,0.007611,0.306051
Pelag_MX_SaberAttackB,0.715207,1.633333,0.317706,0.612463,-0.644718,318.628800,-0.511532,0.022151,-0.262671,0.126524,0.007744,0.305233
Pelag_MX_SaberAttackB,0.718534,1.633333,0.317453,0.610251,-0.644712,318.460700,-0.509543,0.021468,-0.263573,0.127346,0.007897,0.304413
Pelag_MX_SaberAttackB,0.721860,1.633333,0.317189,0.607928,-0.644695,318.291700,-0.507631,0.020862,-0.264448,0.128156,0.008064,0.303588
Pelag_MX_SaberAttackB,0.725187,1.633333,0.316906,0.605510,-0.644668,318.123000,-0.505910,0.020421,-0.265306,0.128948,0.008241,0.302757
Pelag_MX_SaberAttackB,0.728513,1.633333,0.316597,0.603014,-0.644636,317.956100,-0.504493,0.020228,-0.266153,0.129721,0.008423,0.301919
Pelag_MX_SaberAttackB,0.731840,1.633333,0.316256,0.600454,-0.644603,317.792200,-0.503496,0.020372,-0.267002,0.130470,0.008604,0.301074
Pelag_MX_SaberAttackB,0.735166,1.633333,0.315888,0.597852,-0.644567,317.634500,-0.502959,0.020882,-0.267869,0.131192,0.008790,0.300237
Pelag_MX_SaberAttackB,0.738493,1.633333,0.315547,0.595225,-0.644501,317.491500,-0.502578,0.021519,-0.268784,0.131881,0.009023,0.299487
Pelag_MX_SaberAttackB,0.741819,1.633333,0.315232,0.592527,-0.644401,317.361100,-0.502279,0.022213,-0.269718,0.132544,0.009296,0.298831
Pelag_MX_SaberAttackB,0.745146,1.633333,0.314935,0.589709,-0.644267,317.239800,-0.502036,0.022923,-0.270637,0.133185,0.009594,0.298262
Pelag_MX_SaberAttackB,0.748473,1.633333,0.314645,0.586718,-0.644100,317.124300,-0.501819,0.023613,-0.271507,0.133810,0.009903,0.297773
Pelag_MX_SaberAttackB,0.751799,1.633333,0.314350,0.583505,-0.643897,317.011400,-0.501600,0.024243,-0.272294,0.134425,0.010209,0.297356
Pelag_MX_SaberAttackB,0.755126,1.633333,0.314037,0.580020,-0.643657,316.898300,-0.501349,0.024778,-0.272963,0.135033,0.010496,0.297003
Pelag_MX_SaberAttackB,0.758452,1.633333,0.313690,0.576212,-0.643378,316.782100,-0.501039,0.025182,-0.273480,0.135638,0.010750,0.296702
Pelag_MX_SaberAttackB,0.761779,1.633333,0.313294,0.572032,-0.643058,316.660100,-0.500640,0.025422,-0.273810,0.136242,0.010953,0.296442
Pelag_MX_SaberAttackB,0.765105,1.633333,0.312829,0.567429,-0.642692,316.530000,-0.500122,0.025463,-0.273918,0.136848,0.011092,0.296209
Pelag_MX_SaberAttackB,0.768432,1.633333,0.312283,0.562322,-0.642267,316.387500,-0.499525,0.025335,-0.273885,0.137461,0.011163,0.295997
Pelag_MX_SaberAttackB,0.771758,1.633333,0.311679,0.556579,-0.641729,316.224400,-0.499139,0.025333,-0.274231,0.138108,0.011253,0.295826
Pelag_MX_SaberAttackB,0.775085,1.633333,0.311002,0.550322,-0.641086,316.047600,-0.498898,0.025459,-0.274831,0.138775,0.011369,0.295686
Pelag_MX_SaberAttackB,0.778411,1.633333,0.310236,0.543700,-0.640353,315.865200,-0.498685,0.025662,-0.275456,0.139450,0.011500,0.295566
Pelag_MX_SaberAttackB,0.781738,1.633333,0.309369,0.536863,-0.639549,315.684800,-0.498394,0.025878,-0.275879,0.140122,0.011638,0.295461
Pelag_MX_SaberAttackB,0.785065,1.633333,0.308397,0.529957,-0.638694,315.513400,-0.497926,0.026037,-0.275866,0.140785,0.011780,0.295371
Pelag_MX_SaberAttackB,0.788391,1.633333,0.307322,0.523131,-0.637813,315.357600,-0.497198,0.026064,-0.275186,0.141436,0.011921,0.295307
Pelag_MX_SaberAttackB,0.791718,1.633333,0.306153,0.516530,-0.636935,315.223400,-0.496132,0.025876,-0.273604,0.142076,0.012063,0.295280
Pelag_MX_SaberAttackB,0.795044,1.633333,0.304904,0.510300,-0.636089,315.116200,-0.494658,0.025392,-0.270883,0.142710,0.012207,0.295312
Pelag_MX_SaberAttackB,0.798371,1.633333,0.303597,0.504582,-0.635310,315.041400,-0.492704,0.024536,-0.266781,0.143347,0.012358,0.295427
Pelag_MX_SaberAttackB,0.801697,1.633333,0.302275,0.499446,-0.634606,314.999100,-0.490237,0.023275,-0.261043,0.143992,0.012526,0.295645
Pelag_MX_SaberAttackB,0.805024,1.633333,0.301037,0.494555,-0.633856,314.965700,-0.487425,0.021772,-0.253597,0.144636,0.012747,0.295951
Pelag_MX_SaberAttackB,0.808350,1.633333,0.299853,0.489867,-0.633070,314.941100,-0.484261,0.020131,-0.244695,0.145294,0.013017,0.296348
Pelag_MX_SaberAttackB,0.811677,1.633333,0.298674,0.485400,-0.632282,314.930000,-0.480707,0.018432,-0.234605,0.145985,0.013323,0.296843
Pelag_MX_SaberAttackB,0.815004,1.633333,0.297452,0.481175,-0.631528,314.937000,-0.476743,0.016743,-0.223584,0.146724,0.013649,0.297437
Pelag_MX_SaberAttackB,0.818330,1.633333,0.296138,0.477213,-0.630841,314.966500,-0.472371,0.015117,-0.211875,0.147523,0.013979,0.298130
Pelag_MX_SaberAttackB,0.821657,1.633333,0.294682,0.473532,-0.630257,315.023400,-0.467624,0.013591,-0.199709,0.148392,0.014295,0.298923
Pelag_MX_SaberAttackB,0.824983,1.633333,0.293038,0.470155,-0.629811,315.112100,-0.462557,0.012182,-0.187302,0.149338,0.014577,0.299811
Pelag_MX_SaberAttackB,0.828310,1.633333,0.291155,0.467100,-0.629537,315.237300,-0.457243,0.010889,-0.174857,0.150366,0.014808,0.300795
Pelag_MX_SaberAttackB,0.831636,1.633333,0.288985,0.464389,-0.629469,315.403700,-0.451763,0.009689,-0.162572,0.151480,0.014967,0.301875
Pelag_MX_SaberAttackB,0.834963,1.633333,0.286496,0.462036,-0.629630,315.614300,-0.446114,0.008568,-0.150445,0.152647,0.015027,0.303064
Pelag_MX_SaberAttackB,0.838289,1.633333,0.283774,0.460009,-0.629968,315.859900,-0.439951,0.007670,-0.137434,0.153663,0.014935,0.304441
Pelag_MX_SaberAttackB,0.841616,1.633333,0.280846,0.458284,-0.630465,316.136800,-0.433357,0.007130,-0.123555,0.154538,0.014724,0.306010
Pelag_MX_SaberAttackB,0.844942,1.633333,0.277722,0.456841,-0.631108,316.443100,-0.426479,0.007028,-0.109081,0.155326,0.014440,0.307760
Pelag_MX_SaberAttackB,0.848269,1.633333,0.274409,0.455659,-0.631887,316.777200,-0.419453,0.007397,-0.094323,0.156085,0.014132,0.309674
Pelag_MX_SaberAttackB,0.851596,1.633333,0.270916,0.454718,-0.632790,317.137100,-0.412399,0.008207,-0.079611,0.156879,0.013845,0.311730
Pelag_MX_SaberAttackB,0.854922,1.633333,0.267251,0.453998,-0.633805,317.521100,-0.405429,0.009366,-0.065289,0.157778,0.013623,0.313896
Pelag_MX_SaberAttackB,0.858249,1.633333,0.263420,0.453478,-0.634921,317.927500,-0.398645,0.010719,-0.051697,0.158857,0.013509,0.316134
Pelag_MX_SaberAttackB,0.861575,1.633333,0.259432,0.453140,-0.636124,318.354300,-0.392150,0.012061,-0.039164,0.160196,0.013544,0.318395
Pelag_MX_SaberAttackB,0.864902,1.633333,0.255293,0.452964,-0.637402,318.799900,-0.386052,0.013152,-0.027999,0.161878,0.013766,0.320625
Pelag_MX_SaberAttackB,0.868228,1.633333,0.251010,0.452930,-0.638744,319.262500,-0.380434,0.013744,-0.018436,0.163948,0.014210,0.322819
Pelag_MX_SaberAttackB,0.871555,1.633333,0.246590,0.453019,-0.640138,319.740300,-0.375125,0.013793,-0.010214,0.166178,0.014881,0.325306
Pelag_MX_SaberAttackB,0.874881,1.633333,0.242040,0.453214,-0.641570,320.231400,-0.370059,0.013393,-0.003124,0.168507,0.015762,0.328071
Pelag_MX_SaberAttackB,0.878208,1.633333,0.237368,0.453494,-0.643029,320.734100,-0.365226,0.012661,0.002992,0.170917,0.016828,0.331023
Pelag_MX_SaberAttackB,0.881534,1.633333,0.232581,0.453843,-0.644503,321.246300,-0.360624,0.011718,0.008293,0.173386,0.018052,0.334066
Pelag_MX_SaberAttackB,0.884861,1.633333,0.227686,0.454243,-0.645980,321.766400,-0.356263,0.010691,0.012935,0.175893,0.019394,0.337107
Pelag_MX_SaberAttackB,0.888187,1.633333,0.222692,0.454675,-0.647448,322.292400,-0.352154,0.009697,0.017073,0.178412,0.020810,0.340049
Pelag_MX_SaberAttackB,0.891514,1.633333,0.217605,0.455124,-0.648897,322.822300,-0.348308,0.008846,0.020861,0.180918,0.022246,0.342796
Pelag_MX_SaberAttackB,0.894841,1.633333,0.212434,0.455571,-0.650316,323.354300,-0.344739,0.008235,0.024449,0.183382,0.023640,0.345253
Pelag_MX_SaberAttackB,0.898167,1.633333,0.207188,0.456001,-0.651692,323.886400,-0.341451,0.007950,0.027986,0.185776,0.024925,0.347326
Pelag_MX_SaberAttackB,0.901494,1.633333,0.201872,0.456406,-0.653021,324.417800,-0.338470,0.008014,0.031545,0.188064,0.026030,0.348957
Pelag_MX_SaberAttackB,0.904820,1.633333,0.196478,0.456813,-0.654325,324.956500,-0.335929,0.008060,0.034682,0.190206,0.026931,0.350351
Pelag_MX_SaberAttackB,0.908147,1.633333,0.191005,0.457224,-0.655605,325.503800,-0.333804,0.008021,0.037377,0.192242,0.027657,0.351537
Pelag_MX_SaberAttackB,0.911473,1.633333,0.185459,0.457632,-0.656857,326.059200,-0.332029,0.007918,0.039721,0.194221,0.028242,0.352490
Pelag_MX_SaberAttackB,0.914800,1.633333,0.179844,0.458030,-0.658075,326.622000,-0.330534,0.007776,0.041805,0.196192,0.028723,0.353185
Pelag_MX_SaberAttackB,0.918126,1.633333,0.174164,0.458414,-0.659255,327.191800,-0.329240,0.007618,0.043715,0.198202,0.029135,0.353597
Pelag_MX_SaberAttackB,0.921453,1.633333,0.168423,0.458777,-0.660393,327.768000,-0.328062,0.007465,0.045531,0.200298,0.029513,0.353697
Pelag_MX_SaberAttackB,0.924779,1.633333,0.162626,0.459113,-0.661483,328.350000,-0.326909,0.007339,0.047331,0.202529,0.029892,0.353457
Pelag_MX_SaberAttackB,0.928106,1.633333,0.156777,0.459416,-0.662522,328.937200,-0.325684,0.007259,0.049187,0.204939,0.030305,0.352845
Pelag_MX_SaberAttackB,0.931433,1.633333,0.150880,0.459682,-0.663506,329.529100,-0.324285,0.007244,0.051166,0.207575,0.030789,0.351830
Pelag_MX_SaberAttackB,0.934759,1.633333,0.144941,0.459904,-0.664430,330.125100,-0.322646,0.007308,0.053308,0.210463,0.031365,0.350383
Pelag_MX_SaberAttackB,0.938086,1.633333,0.138964,0.460077,-0.665290,330.724600,-0.321005,0.007430,0.055466,0.213482,0.031955,0.348512
Pelag_MX_SaberAttackB,0.941412,1.633333,0.132955,0.460196,-0.666084,331.327100,-0.319412,0.007585,0.057605,0.216578,0.032525,0.346222
Pelag_MX_SaberAttackB,0.944739,1.633333,0.126917,0.460256,-0.666806,331.931900,-0.317857,0.007762,0.059731,0.219728,0.033060,0.343512
Pelag_MX_SaberAttackB,0.948065,1.633333,0.120856,0.460250,-0.667453,332.538400,-0.316329,0.007949,0.061849,0.222908,0.033548,0.340385
Pelag_MX_SaberAttackB,0.951392,1.633333,0.114776,0.460175,-0.668023,333.146100,-0.314815,0.008134,0.063961,0.226093,0.033976,0.336841
Pelag_MX_SaberAttackB,0.954718,1.633333,0.108684,0.460024,-0.668512,333.754300,-0.313299,0.008305,0.066073,0.229260,0.034333,0.332881
Pelag_MX_SaberAttackB,0.958045,1.633333,0.102583,0.459794,-0.668916,334.362500,-0.311762,0.008449,0.068185,0.232383,0.034610,0.328510
Pelag_MX_SaberAttackB,0.961371,1.633333,0.096480,0.459478,-0.669233,334.970000,-0.310181,0.008550,0.070301,0.235439,0.034796,0.323728
Pelag_MX_SaberAttackB,0.964698,1.633333,0.090378,0.459073,-0.669460,335.576200,-0.308533,0.008594,0.072420,0.238405,0.034883,0.318541
Pelag_MX_SaberAttackB,0.968025,1.633333,0.084277,0.458579,-0.669597,336.181300,-0.306770,0.008564,0.074563,0.241265,0.034865,0.312944
Pelag_MX_SaberAttackB,0.971351,1.633333,0.078115,0.458029,-0.669667,336.791800,-0.304706,0.008433,0.076882,0.244076,0.034741,0.306895
Pelag_MX_SaberAttackB,0.974678,1.633333,0.071877,0.457436,-0.669674,337.409700,-0.302363,0.008218,0.079360,0.246856,0.034524,0.300399
Pelag_MX_SaberAttackB,0.978004,1.633333,0.065561,0.456801,-0.669618,338.035800,-0.299818,0.007943,0.081931,0.249609,0.034226,0.293475
Pelag_MX_SaberAttackB,0.981331,1.633333,0.059165,0.456124,-0.669498,338.670700,-0.297149,0.007631,0.084535,0.252337,0.033860,0.286143
Pelag_MX_SaberAttackB,0.984657,1.633333,0.052686,0.455409,-0.669311,339.315200,-0.294434,0.007306,0.087114,0.255043,0.033437,0.278423
Pelag_MX_SaberAttackB,0.987984,1.633333,0.046122,0.454655,-0.669058,339.969800,-0.291756,0.006987,0.089610,0.257731,0.032971,0.270331
Pelag_MX_SaberAttackB,0.991310,1.633333,0.039472,0.453864,-0.668736,340.635300,-0.289199,0.006694,0.091973,0.260405,0.032473,0.261888
Pelag_MX_SaberAttackB,0.994637,1.633333,0.032734,0.453038,-0.668343,341.312400,-0.286846,0.006445,0.094151,0.263068,0.031954,0.253112
Pelag_MX_SaberAttackB,0.997963,1.633333,0.025906,0.452176,-0.667877,342.001800,-0.284783,0.006257,0.096099,0.265725,0.031425,0.244019
Pelag_MX_SaberAttackB,1.001290,1.633333,0.018986,0.451279,-0.667336,342.704100,-0.283076,0.006144,0.097780,0.268380,0.030895,0.234628
Pelag_MX_SaberAttackB,1.004616,1.633333,0.011973,0.450349,-0.666719,343.420200,-0.281587,0.006081,0.099271,0.271037,0.030374,0.224956
Pelag_MX_SaberAttackB,1.007943,1.633333,0.004864,0.449384,-0.666021,344.150600,-0.280234,0.006058,0.100619,0.273701,0.029870,0.215018
Pelag_MX_SaberAttackB,1.011270,1.633333,-0.002342,0.448384,-0.665240,344.896200,-0.278970,0.006070,0.101854,0.276377,0.029392,0.204830
Pelag_MX_SaberAttackB,1.014596,1.633333,-0.009646,0.447351,-0.664374,345.657700,-0.277752,0.006113,0.103002,0.279070,0.028945,0.194409
Pelag_MX_SaberAttackB,1.017923,1.633333,-0.017050,0.446283,-0.663418,346.435700,-0.276532,0.006185,0.104089,0.281786,0.028537,0.183767
Pelag_MX_SaberAttackB,1.021249,1.633333,-0.024555,0.445179,-0.662370,347.231100,-0.275263,0.006280,0.105138,0.284528,0.028172,0.172919
Pelag_MX_SaberAttackB,1.024576,1.633333,-0.032162,0.444039,-0.661225,348.044500,-0.273897,0.006394,0.106173,0.287303,0.027856,0.161878
Pelag_MX_SaberAttackB,1.027902,1.633333,-0.039873,0.442862,-0.659979,348.876700,-0.272386,0.006522,0.107216,0.290117,0.027591,0.150654
Pelag_MX_SaberAttackB,1.031229,1.633333,-0.047687,0.441646,-0.658628,349.728500,-0.270681,0.006661,0.108285,0.292974,0.027382,0.139260
Pelag_MX_SaberAttackB,1.034555,1.633333,-0.055604,0.440386,-0.657166,350.599500,-0.268755,0.006808,0.109394,0.295853,0.027221,0.127692
Pelag_MX_SaberAttackB,1.037882,1.633333,-0.063584,0.439049,-0.655574,351.478200,-0.266804,0.007000,0.110505,0.298461,0.027003,0.115834
Pelag_MX_SaberAttackB,1.041209,1.633333,-0.071613,0.437629,-0.653850,352.361100,-0.264872,0.007241,0.111618,0.300767,0.026729,0.103715
Pelag_MX_SaberAttackB,1.044535,1.633333,-0.079683,0.436128,-0.651991,353.247600,-0.262938,0.007525,0.112748,0.302829,0.026432,0.091403
Pelag_MX_SaberAttackB,1.047862,1.633333,-0.087788,0.434551,-0.649998,354.137500,-0.260981,0.007846,0.113910,0.304712,0.026143,0.078966
Pelag_MX_SaberAttackB,1.051188,1.633333,-0.095922,0.432900,-0.647870,355.030400,-0.258980,0.008196,0.115117,0.306485,0.025888,0.066469
Pelag_MX_SaberAttackB,1.054515,1.633333,-0.104077,0.431180,-0.645609,355.925800,-0.256912,0.008569,0.116381,0.308224,0.025692,0.053970
Pelag_MX_SaberAttackB,1.057841,1.633333,-0.112246,0.429393,-0.643215,356.823300,-0.254756,0.008958,0.117714,0.310008,0.025578,0.041527
Pelag_MX_SaberAttackB,1.061168,1.633333,-0.120424,0.427543,-0.640689,357.722700,-0.252488,0.009357,0.119126,0.311923,0.025564,0.029192
Pelag_MX_SaberAttackB,1.064494,1.633333,-0.128604,0.425634,-0.638032,358.623500,-0.250085,0.009759,0.120625,0.314058,0.025672,0.017011
Pelag_MX_SaberAttackB,1.067821,1.633333,-0.136780,0.423429,-0.635247,359.525400,-0.247528,0.009917,0.122219,0.316494,0.025673,0.005008
Pelag_MX_SaberAttackB,1.071147,1.633333,-0.144945,0.420742,-0.632334,0.428048,-0.244853,0.009645,0.123886,0.319116,0.025334,-0.007034
Pelag_MX_SaberAttackB,1.074474,1.633333,-0.153093,0.418042,-0.629298,1.331061,-0.242087,0.009405,0.125610,0.321850,0.025103,-0.019169
Pelag_MX_SaberAttackB,1.077801,1.633333,-0.161217,0.415332,-0.626140,2.234132,-0.239242,0.009197,0.127385,0.324668,0.024981,-0.031375
Pelag_MX_SaberAttackB,1.081127,1.633333,-0.169313,0.412616,-0.622863,3.136939,-0.236335,0.009018,0.129202,0.327544,0.024966,-0.043629
Pelag_MX_SaberAttackB,1.084454,1.633333,-0.177374,0.409900,-0.619471,4.039162,-0.233377,0.008869,0.131055,0.330452,0.025057,-0.055906
Pelag_MX_SaberAttackB,1.087780,1.633333,-0.185394,0.407186,-0.615968,4.940490,-0.230385,0.008747,0.132939,0.333368,0.025249,-0.068176
Pelag_MX_SaberAttackB,1.091107,1.633333,-0.193368,0.404479,-0.612356,5.840621,-0.227371,0.008651,0.134848,0.336272,0.025538,-0.080410
Pelag_MX_SaberAttackB,1.094433,1.633333,-0.201291,0.401784,-0.608642,6.739254,-0.224352,0.008579,0.136778,0.339144,0.025916,-0.092573
Pelag_MX_SaberAttackB,1.097760,1.633333,-0.209158,0.399104,-0.604828,7.636102,-0.221340,0.008529,0.138726,0.341968,0.026373,-0.104632
Pelag_MX_SaberAttackB,1.101086,1.633333,-0.216964,0.396443,-0.600920,8.530884,-0.218351,0.008499,0.140690,0.344729,0.026899,-0.116551
Pelag_MX_SaberAttackB,1.104413,1.633333,-0.224703,0.393805,-0.596922,9.423319,-0.215399,0.008487,0.142667,0.347415,0.027495,-0.128321
Pelag_MX_SaberAttackB,1.107739,1.633333,-0.232372,0.391194,-0.592841,10.313140,-0.212497,0.008490,0.144656,0.349998,0.028149,-0.139918
Pelag_MX_SaberAttackB,1.111066,1.633333,-0.239967,0.388613,-0.588681,11.200100,-0.209660,0.008506,0.146656,0.352449,0.028847,-0.151311
Pelag_MX_SaberAttackB,1.114393,1.633333,-0.247483,0.386067,-0.584449,12.083910,-0.206901,0.008533,0.148669,0.354743,0.029569,-0.162466
Pelag_MX_SaberAttackB,1.117719,1.633333,-0.254917,0.383559,-0.580150,12.964320,-0.204235,0.008568,0.150695,0.356854,0.030294,-0.173351
Pelag_MX_SaberAttackB,1.121046,1.633333,-0.262265,0.381092,-0.575790,13.841090,-0.201673,0.008607,0.152735,0.358761,0.031003,-0.183928
Pelag_MX_SaberAttackB,1.124372,1.633333,-0.269523,0.378670,-0.571376,14.713990,-0.199231,0.008650,0.154793,0.360444,0.031671,-0.194160
Pelag_MX_SaberAttackB,1.127699,1.633333,-0.276689,0.376296,-0.566915,15.582790,-0.196920,0.008692,0.156869,0.361886,0.032275,-0.204010
Pelag_MX_SaberAttackB,1.131025,1.633333,-0.283760,0.373974,-0.562412,16.447250,-0.194753,0.008731,0.158969,0.363071,0.032791,-0.213439
Pelag_MX_SaberAttackB,1.134352,1.633333,-0.290733,0.371704,-0.557874,17.306790,-0.192742,0.008766,0.161093,0.363999,0.033199,-0.222417
Pelag_MX_SaberAttackB,1.137678,1.633333,-0.297583,0.369467,-0.553303,18.155700,-0.190885,0.008805,0.163238,0.364829,0.033584,-0.231086
Pelag_MX_SaberAttackB,1.141005,1.633333,-0.304306,0.367255,-0.548701,18.992070,-0.189162,0.008849,0.165423,0.365592,0.033971,-0.239495
Pelag_MX_SaberAttackB,1.144331,1.633333,-0.310903,0.365069,-0.544070,19.815890,-0.187550,0.008895,0.167670,0.366261,0.034350,-0.247635
Pelag_MX_SaberAttackB,1.147658,1.633333,-0.317378,0.362909,-0.539414,20.627120,-0.186027,0.008939,0.170003,0.366809,0.034709,-0.255495
Pelag_MX_SaberAttackB,1.150984,1.633333,-0.323733,0.360777,-0.534738,21.425750,-0.184571,0.008976,0.172443,0.367207,0.035035,-0.263061
Pelag_MX_SaberAttackB,1.154311,1.633333,-0.329971,0.358672,-0.530043,22.211770,-0.183157,0.009003,0.175009,0.367428,0.035318,-0.270320
Pelag_MX_SaberAttackB,1.157638,1.633333,-0.336094,0.356595,-0.525333,22.985090,-0.181761,0.009018,0.177718,0.367444,0.035543,-0.277253
Pelag_MX_SaberAttackB,1.160964,1.633333,-0.342105,0.354548,-0.520611,23.745700,-0.180357,0.009016,0.180586,0.367228,0.035697,-0.283842
Pelag_MX_SaberAttackB,1.164291,1.633333,-0.348007,0.352532,-0.515880,24.493560,-0.178920,0.008995,0.183626,0.366752,0.035765,-0.290064
Pelag_MX_SaberAttackB,1.167617,1.633333,-0.353802,0.350546,-0.511142,25.228620,-0.177421,0.008953,0.186849,0.365992,0.035729,-0.295886
Pelag_MX_SaberAttackB,1.170944,1.633333,-0.359494,0.348591,-0.506401,25.950830,-0.175813,0.008882,0.190244,0.365004,0.035483,-0.301128
Pelag_MX_SaberAttackB,1.174270,1.633333,-0.365084,0.346670,-0.501659,26.660140,-0.174089,0.008785,0.193794,0.363835,0.035034,-0.305802
Pelag_MX_SaberAttackB,1.177597,1.633333,-0.370576,0.344781,-0.496918,27.356490,-0.172257,0.008668,0.197486,0.362510,0.034431,-0.309997
Pelag_MX_SaberAttackB,1.180923,1.633333,-0.375973,0.342927,-0.492182,28.039830,-0.170323,0.008538,0.201306,0.361048,0.033725,-0.313805
Pelag_MX_SaberAttackB,1.184250,1.633333,-0.381276,0.341108,-0.487452,28.710080,-0.168297,0.008400,0.205239,0.359466,0.032964,-0.317318
Pelag_MX_SaberAttackB,1.187576,1.633333,-0.386490,0.339326,-0.482730,29.367170,-0.166187,0.008262,0.209274,0.357778,0.032195,-0.320632
Pelag_MX_SaberAttackB,1.190903,1.633333,-0.391616,0.337580,-0.478020,30.011030,-0.164003,0.008129,0.213397,0.355995,0.031461,-0.323842
Pelag_MX_SaberAttackB,1.194230,1.633333,-0.396657,0.335872,-0.473322,30.641610,-0.161756,0.008007,0.217599,0.354126,0.030805,-0.327044
Pelag_MX_SaberAttackB,1.197556,1.633333,-0.401616,0.334204,-0.468641,31.258770,-0.159457,0.007902,0.221869,0.352179,0.030267,-0.330335
Pelag_MX_SaberAttackB,1.200883,1.633333,-0.406496,0.332575,-0.463976,31.862450,-0.157126,0.007822,0.226204,0.350153,0.029880,-0.333798
Pelag_MX_SaberAttackB,1.204209,1.633333,-0.411300,0.330988,-0.459331,32.452550,-0.154895,0.007816,0.230688,0.347959,0.029555,-0.337173
Pelag_MX_SaberAttackB,1.207536,1.633333,-0.416029,0.329443,-0.454708,33.028980,-0.152776,0.007889,0.235317,0.345601,0.029234,-0.340344
Pelag_MX_SaberAttackB,1.210862,1.633333,-0.420687,0.327941,-0.450107,33.591630,-0.150726,0.008026,0.240044,0.343119,0.028899,-0.343315
Pelag_MX_SaberAttackB,1.214189,1.633333,-0.425276,0.326483,-0.445532,34.140390,-0.148704,0.008211,0.244821,0.340556,0.028531,-0.346096
Pelag_MX_SaberAttackB,1.217515,1.633333,-0.429799,0.325071,-0.440984,34.675160,-0.146670,0.008426,0.249601,0.337949,0.028117,-0.348693
Pelag_MX_SaberAttackB,1.220842,1.633333,-0.434258,0.323705,-0.436466,35.195810,-0.144590,0.008652,0.254341,0.335339,0.027642,-0.351116
Pelag_MX_SaberAttackB,1.224168,1.633333,-0.438655,0.322387,-0.431977,35.702210,-0.142427,0.008870,0.258996,0.332761,0.027091,-0.353375
Pelag_MX_SaberAttackB,1.227495,1.633333,-0.442994,0.321119,-0.427522,36.194240,-0.140150,0.009060,0.263524,0.330254,0.026453,-0.355480
Pelag_MX_SaberAttackB,1.230821,1.633333,-0.447277,0.319900,-0.423100,36.671760,-0.137726,0.009201,0.267884,0.327851,0.025716,-0.357444
Pelag_MX_SaberAttackB,1.234148,1.633333,-0.451505,0.318733,-0.418715,37.134630,-0.135120,0.009273,0.272039,0.325582,0.024867,-0.359275
Pelag_MX_SaberAttackB,1.237475,1.633333,-0.455681,0.317619,-0.414366,37.582720,-0.132187,0.009286,0.276011,0.323339,0.023862,-0.360980
Pelag_MX_SaberAttackB,1.240801,1.633333,-0.459808,0.316559,-0.410058,38.015850,-0.128956,0.009251,0.279811,0.321080,0.022711,-0.362545
Pelag_MX_SaberAttackB,1.244128,1.633333,-0.463887,0.315554,-0.405790,38.433860,-0.125535,0.009172,0.283441,0.318816,0.021445,-0.363952
Pelag_MX_SaberAttackB,1.247454,1.633333,-0.467921,0.314606,-0.401566,38.836600,-0.122029,0.009052,0.286910,0.316554,0.020094,-0.365187
Pelag_MX_SaberAttackB,1.250781,1.633333,-0.471911,0.313716,-0.397386,39.223900,-0.118544,0.008891,0.290236,0.314303,0.018686,-0.366233
Pelag_MX_SaberAttackB,1.254107,1.633333,-0.475860,0.312885,-0.393252,39.595580,-0.115184,0.008688,0.293443,0.312069,0.017249,-0.367077
Pelag_MX_SaberAttackB,1.257434,1.633333,-0.479770,0.312116,-0.389166,39.951450,-0.112053,0.008444,0.296564,0.309858,0.015809,-0.367704
Pelag_MX_SaberAttackB,1.260760,1.633333,-0.483642,0.311408,-0.385129,40.291320,-0.109252,0.008156,0.299635,0.307675,0.014388,-0.368103
Pelag_MX_SaberAttackB,1.264087,1.633333,-0.487478,0.310765,-0.381144,40.615020,-0.106880,0.007821,0.302698,0.305522,0.013010,-0.368257
Pelag_MX_SaberAttackB,1.267413,1.633333,-0.491280,0.310402,-0.377211,40.922630,-0.105027,0.007654,0.305796,0.303425,0.011913,-0.368139
Pelag_MX_SaberAttackB,1.270740,1.633333,-0.495056,0.310847,-0.373294,41.222210,-0.103514,0.008190,0.308900,0.301947,0.011683,-0.367397
Pelag_MX_SaberAttackB,1.274067,1.633333,-0.498805,0.311346,-0.369377,41.517810,-0.102231,0.008687,0.311996,0.301203,0.011591,-0.365965
Pelag_MX_SaberAttackB,1.277393,1.633333,-0.502519,0.311888,-0.365461,41.809960,-0.101168,0.009146,0.315091,0.301014,0.011627,-0.363955
Pelag_MX_SaberAttackB,1.280720,1.633333,-0.506191,0.312467,-0.361546,42.099110,-0.100317,0.009570,0.318193,0.301211,0.011773,-0.361476
Pelag_MX_SaberAttackB,1.284046,1.633333,-0.509815,0.313071,-0.357634,42.385830,-0.099670,0.009959,0.321308,0.301629,0.012002,-0.358636
Pelag_MX_SaberAttackB,1.287373,1.633333,-0.513384,0.313694,-0.353725,42.670640,-0.099218,0.010318,0.324438,0.302113,0.012275,-0.355539
Pelag_MX_SaberAttackB,1.290699,1.633333,-0.516890,0.314324,-0.349820,42.954060,-0.098953,0.010648,0.327587,0.302516,0.012543,-0.352290
Pelag_MX_SaberAttackB,1.294026,1.633333,-0.520328,0.314953,-0.345919,43.236630,-0.098868,0.010954,0.330759,0.302702,0.012748,-0.348991
Pelag_MX_SaberAttackB,1.297352,1.633333,-0.523690,0.315569,-0.342024,43.518890,-0.098954,0.011238,0.333954,0.302542,0.012830,-0.345741
Pelag_MX_SaberAttackB,1.300679,1.633333,-0.526970,0.316164,-0.338135,43.801380,-0.099205,0.011505,0.337174,0.301923,0.012729,-0.342625
Pelag_MX_SaberAttackB,1.304006,1.633333,-0.530162,0.316726,-0.334253,44.084650,-0.099644,0.011758,0.340419,0.301181,0.012538,-0.339414
Pelag_MX_SaberAttackB,1.307332,1.633333,-0.533259,0.317246,-0.330379,44.369260,-0.100254,0.011998,0.343682,0.300511,0.012333,-0.336014
Pelag_MX_SaberAttackB,1.310659,1.633333,-0.536255,0.317712,-0.326513,44.655760,-0.100993,0.012223,0.346955,0.299914,0.012132,-0.332477
Pelag_MX_SaberAttackB,1.313985,1.633333,-0.539143,0.318113,-0.322657,44.944710,-0.101824,0.012431,0.350227,0.299389,0.011956,-0.328854
Pelag_MX_SaberAttackB,1.317312,1.633333,-0.541918,0.318439,-0.318810,45.236680,-0.102705,0.012619,0.353490,0.298931,0.011821,-0.325201
Pelag_MX_SaberAttackB,1.320638,1.633333,-0.544572,0.318678,-0.314975,45.532220,-0.103598,0.012785,0.356731,0.298533,0.011738,-0.321571
Pelag_MX_SaberAttackB,1.323965,1.633333,-0.547100,0.318819,-0.311151,45.831860,-0.104463,0.012924,0.359941,0.298191,0.011712,-0.318023
Pelag_MX_SaberAttackB,1.327291,1.633333,-0.549494,0.318850,-0.307340,46.136180,-0.105262,0.013030,0.363106,0.297897,0.011740,-0.314616
Pelag_MX_SaberAttackB,1.330618,1.633333,-0.551749,0.318760,-0.303543,46.445710,-0.105955,0.013100,0.366215,0.297644,0.011812,-0.311411
Pelag_MX_SaberAttackB,1.333944,1.633333,-0.553857,0.318538,-0.299762,46.760730,-0.106505,0.013126,0.369256,0.297429,0.011910,-0.308458
Pelag_MX_SaberAttackB,1.337271,1.633333,-0.555791,0.318171,-0.296036,47.071220,-0.106975,0.013151,0.372280,0.297327,0.011971,-0.305394
Pelag_MX_SaberAttackB,1.340598,1.633333,-0.557544,0.317665,-0.292388,47.371610,-0.107398,0.013195,0.375306,0.297364,0.011991,-0.302078
Pelag_MX_SaberAttackB,1.343924,1.633333,-0.559125,0.317031,-0.288824,47.661590,-0.107769,0.013257,0.378323,0.297515,0.011990,-0.298591
Pelag_MX_SaberAttackB,1.347251,1.633333,-0.560542,0.316278,-0.285348,47.940800,-0.108079,0.013336,0.381317,0.297758,0.011987,-0.295016
Pelag_MX_SaberAttackB,1.350577,1.633333,-0.561802,0.315418,-0.281964,48.208890,-0.108324,0.013429,0.384277,0.298064,0.011997,-0.291433
Pelag_MX_SaberAttackB,1.353904,1.633333,-0.562913,0.314460,-0.278677,48.465500,-0.108494,0.013534,0.387190,0.298410,0.012030,-0.287923
Pelag_MX_SaberAttackB,1.357230,1.633333,-0.563884,0.313416,-0.275490,48.710320,-0.108585,0.013647,0.390042,0.298767,0.012093,-0.284567
Pelag_MX_SaberAttackB,1.360557,1.633333,-0.564722,0.312296,-0.272408,48.942980,-0.108590,0.013765,0.392821,0.299108,0.012191,-0.281442
Pelag_MX_SaberAttackB,1.363883,1.633333,-0.565434,0.311111,-0.269435,49.163140,-0.108503,0.013884,0.395514,0.299407,0.012325,-0.278628
Pelag_MX_SaberAttackB,1.367210,1.633333,-0.566029,0.309872,-0.266574,49.370460,-0.108319,0.014001,0.398107,0.299635,0.012492,-0.276201
Pelag_MX_SaberAttackB,1.370536,1.633333,-0.566514,0.308589,-0.263830,49.564610,-0.108098,0.014116,0.400618,0.299780,0.012667,-0.274066
Pelag_MX_SaberAttackB,1.373863,1.633333,-0.566897,0.307274,-0.261205,49.745250,-0.107880,0.014228,0.403052,0.299847,0.012830,-0.272131
Pelag_MX_SaberAttackB,1.377190,1.633333,-0.567186,0.305936,-0.258703,49.912060,-0.107673,0.014335,0.405404,0.299842,0.012976,-0.270371
Pelag_MX_SaberAttackB,1.380516,1.633333,-0.567388,0.304588,-0.256328,50.064690,-0.107483,0.014431,0.407668,0.299771,0.013101,-0.268763
Pelag_MX_SaberAttackB,1.383843,1.633333,-0.567512,0.303239,-0.254084,50.202840,-0.107317,0.014514,0.409836,0.299638,0.013200,-0.267283
Pelag_MX_SaberAttackB,1.387169,1.633333,-0.567564,0.301900,-0.251974,50.326150,-0.107182,0.014578,0.411901,0.299451,0.013271,-0.265909
Pelag_MX_SaberAttackB,1.390496,1.633333,-0.567554,0.300582,-0.250001,50.434330,-0.107085,0.014620,0.413858,0.299214,0.013310,-0.264618
Pelag_MX_SaberAttackB,1.393822,1.633333,-0.567489,0.299295,-0.248168,50.527060,-0.107031,0.014637,0.415700,0.298935,0.013318,-0.263387
Pelag_MX_SaberAttackB,1.397149,1.633333,-0.567376,0.298050,-0.246480,50.604000,-0.107028,0.014623,0.417420,0.298619,0.013291,-0.262195
Pelag_MX_SaberAttackB,1.400475,1.633333,-0.567224,0.296857,-0.244937,50.664980,-0.107081,0.014576,0.419013,0.298274,0.013230,-0.261021
Pelag_MX_SaberAttackB,1.403802,1.633333,-0.567055,0.295707,-0.243479,50.718070,-0.107151,0.014515,0.420529,0.297899,0.013150,-0.259907
Pelag_MX_SaberAttackB,1.407128,1.633333,-0.566881,0.294594,-0.242068,50.768170,-0.107214,0.014457,0.422002,0.297504,0.013061,-0.258872
Pelag_MX_SaberAttackB,1.410455,1.633333,-0.566700,0.293515,-0.240702,50.815340,-0.107270,0.014399,0.423432,0.297107,0.012963,-0.257895
Pelag_MX_SaberAttackB,1.413782,1.633333,-0.566515,0.292469,-0.239380,50.859630,-0.107320,0.014341,0.424821,0.296724,0.012858,-0.256957
Pelag_MX_SaberAttackB,1.417108,1.633333,-0.566324,0.291457,-0.238103,50.901120,-0.107365,0.014283,0.426168,0.296373,0.012749,-0.256040
Pelag_MX_SaberAttackB,1.420435,1.633333,-0.566129,0.290477,-0.236868,50.939850,-0.107405,0.014225,0.427474,0.296070,0.012637,-0.255123
Pelag_MX_SaberAttackB,1.423761,1.633333,-0.565930,0.289529,-0.235675,50.975900,-0.107441,0.014166,0.428742,0.295832,0.012525,-0.254188
Pelag_MX_SaberAttackB,1.427088,1.633333,-0.565726,0.288611,-0.234524,51.009310,-0.107473,0.014106,0.429970,0.295678,0.012415,-0.253217
Pelag_MX_SaberAttackB,1.430414,1.633333,-0.565519,0.287724,-0.233412,51.040160,-0.107501,0.014045,0.431159,0.295625,0.012310,-0.252190
Pelag_MX_SaberAttackB,1.433741,1.633333,-0.565308,0.286867,-0.232340,51.068490,-0.107526,0.013981,0.432312,0.295688,0.012213,-0.251089
Pelag_MX_SaberAttackB,1.437067,1.633333,-0.565094,0.286038,-0.231307,51.094380,-0.107548,0.013916,0.433427,0.295811,0.012121,-0.249966
Pelag_MX_SaberAttackB,1.440394,1.633333,-0.564877,0.285238,-0.230310,51.117870,-0.107569,0.013848,0.434508,0.295944,0.012029,-0.248863
Pelag_MX_SaberAttackB,1.443720,1.633333,-0.564657,0.284465,-0.229351,51.139030,-0.107587,0.013778,0.435552,0.296081,0.011940,-0.247784
Pelag_MX_SaberAttackB,1.447047,1.633333,-0.564434,0.283719,-0.228427,51.157920,-0.107604,0.013705,0.436563,0.296216,0.011852,-0.246731
Pelag_MX_SaberAttackB,1.450374,1.633333,-0.564209,0.282999,-0.227538,51.174610,-0.107620,0.013629,0.437540,0.296342,0.011766,-0.245709
Pelag_MX_SaberAttackB,1.453700,1.633333,-0.563981,0.282305,-0.226683,51.189160,-0.107635,0.013550,0.438485,0.296452,0.011684,-0.244718
Pelag_MX_SaberAttackB,1.457027,1.633333,-0.563751,0.281636,-0.225861,51.201600,-0.107650,0.013468,0.439398,0.296540,0.011605,-0.243763
Pelag_MX_SaberAttackB,1.460353,1.633333,-0.563519,0.280992,-0.225071,51.212020,-0.107665,0.013382,0.440280,0.296598,0.011529,-0.242847
Pelag_MX_SaberAttackB,1.463680,1.633333,-0.563285,0.280371,-0.224312,51.220490,-0.107680,0.013293,0.441131,0.296621,0.011457,-0.241973
Pelag_MX_SaberAttackB,1.467006,1.633333,-0.563049,0.279773,-0.223583,51.227040,-0.107696,0.013200,0.441954,0.296602,0.011389,-0.241144
Pelag_MX_SaberAttackB,1.470333,1.633333,-0.562812,0.279198,-0.222884,51.231750,-0.107713,0.013103,0.442748,0.296561,0.011324,-0.240345
Pelag_MX_SaberAttackB,1.473659,1.633333,-0.562573,0.278645,-0.222212,51.234680,-0.107732,0.013003,0.443514,0.296515,0.011260,-0.239567
Pelag_MX_SaberAttackB,1.476986,1.633333,-0.562333,0.278113,-0.221568,51.235890,-0.107752,0.012898,0.444253,0.296463,0.011197,-0.238809
Pelag_MX_SaberAttackB,1.480312,1.633333,-0.562091,0.277602,-0.220950,51.235440,-0.107774,0.012790,0.444966,0.296407,0.011135,-0.238071
Pelag_MX_SaberAttackB,1.483639,1.633333,-0.561848,0.277111,-0.220358,51.233390,-0.107798,0.012677,0.445655,0.296345,0.011075,-0.237352
Pelag_MX_SaberAttackB,1.486966,1.633333,-0.561604,0.276640,-0.219790,51.229820,-0.107825,0.012560,0.446318,0.296279,0.011016,-0.236651
Pelag_MX_SaberAttackB,1.490292,1.633333,-0.561359,0.276188,-0.219245,51.224760,-0.107855,0.012440,0.446959,0.296208,0.010959,-0.235969
Pelag_MX_SaberAttackB,1.493619,1.633333,-0.561114,0.275754,-0.218723,51.218290,-0.107888,0.012314,0.447577,0.296132,0.010904,-0.235304
Pelag_MX_SaberAttackB,1.496945,1.633333,-0.560867,0.275339,-0.218223,51.210480,-0.107925,0.012185,0.448173,0.296053,0.010851,-0.234656
Pelag_MX_SaberAttackB,1.500272,1.633333,-0.560620,0.274941,-0.217743,51.201380,-0.107965,0.012052,0.448748,0.295969,0.010799,-0.234025
Pelag_MX_SaberAttackB,1.503598,1.633333,-0.560371,0.274560,-0.217283,51.191040,-0.108011,0.011916,0.449304,0.295881,0.010750,-0.233411
Pelag_MX_SaberAttackB,1.506925,1.633333,-0.560123,0.274195,-0.216841,51.179550,-0.108061,0.011779,0.449844,0.295790,0.010703,-0.232812
Pelag_MX_SaberAttackB,1.510251,1.633333,-0.559873,0.273845,-0.216417,51.166950,-0.108118,0.011640,0.450367,0.295695,0.010659,-0.232229
Pelag_MX_SaberAttackB,1.513578,1.633333,-0.559623,0.273512,-0.216009,51.153310,-0.108180,0.011501,0.450877,0.295597,0.010617,-0.231660
Pelag_MX_SaberAttackB,1.516904,1.633333,-0.559373,0.273192,-0.215618,51.138690,-0.108250,0.011363,0.451373,0.295495,0.010579,-0.231105
Pelag_MX_SaberAttackB,1.520231,1.633333,-0.559122,0.272887,-0.215241,51.123170,-0.108326,0.011225,0.451857,0.295391,0.010542,-0.230565
Pelag_MX_SaberAttackB,1.523557,1.633333,-0.558871,0.272596,-0.214877,51.106790,-0.108410,0.011088,0.452331,0.295284,0.010510,-0.230038
Pelag_MX_SaberAttackB,1.526884,1.633333,-0.558620,0.272318,-0.214527,51.089620,-0.108502,0.010954,0.452795,0.295174,0.010480,-0.229524
Pelag_MX_SaberAttackB,1.530211,1.633333,-0.558369,0.272052,-0.214188,51.071730,-0.108602,0.010822,0.453252,0.295062,0.010454,-0.229023
Pelag_MX_SaberAttackB,1.533537,1.633333,-0.558117,0.271800,-0.213860,51.053180,-0.108712,0.010694,0.453702,0.294947,0.010433,-0.228533
Pelag_MX_SaberAttackB,1.536864,1.633333,-0.557865,0.271572,-0.213542,51.034030,-0.108825,0.010581,0.454142,0.294831,0.010428,-0.228054
Pelag_MX_SaberAttackB,1.540190,1.633333,-0.557613,0.271349,-0.213232,51.014330,-0.108941,0.010464,0.454568,0.294713,0.010422,-0.227587
Pelag_MX_SaberAttackB,1.543517,1.633333,-0.557361,0.271132,-0.212931,50.994170,-0.109056,0.010344,0.454982,0.294593,0.010414,-0.227130
Pelag_MX_SaberAttackB,1.546843,1.633333,-0.557109,0.270920,-0.212636,50.973590,-0.109173,0.010221,0.455385,0.294471,0.010406,-0.226683
Pelag_MX_SaberAttackB,1.550170,1.633333,-0.556857,0.270713,-0.212347,50.952670,-0.109290,0.010096,0.455776,0.294349,0.010398,-0.226246
Pelag_MX_SaberAttackB,1.553496,1.633333,-0.556605,0.270509,-0.212063,50.931470,-0.109408,0.009969,0.456156,0.294225,0.010389,-0.225818
Pelag_MX_SaberAttackB,1.556823,1.633333,-0.556354,0.270309,-0.211783,50.910040,-0.109526,0.009840,0.456528,0.294101,0.010380,-0.225398
Pelag_MX_SaberAttackB,1.560149,1.633333,-0.556102,0.270113,-0.211506,50.888460,-0.109645,0.009711,0.456890,0.293976,0.010371,-0.224986
Pelag_MX_SaberAttackB,1.563476,1.633333,-0.555851,0.269919,-0.211230,50.866790,-0.109763,0.009582,0.457245,0.293851,0.010362,-0.224582
Pelag_MX_SaberAttackB,1.566803,1.633333,-0.555599,0.269727,-0.210955,50.845080,-0.109881,0.009452,0.457592,0.293725,0.010354,-0.224184
Pelag_MX_SaberAttackB,1.570129,1.633333,-0.555349,0.269538,-0.210681,50.823420,-0.109999,0.009323,0.457933,0.293600,0.010347,-0.223793
Pelag_MX_SaberAttackB,1.573456,1.633333,-0.555098,0.269349,-0.210405,50.801850,-0.110117,0.009195,0.458268,0.293474,0.010341,-0.223408
Pelag_MX_SaberAttackB,1.576782,1.633333,-0.554847,0.269162,-0.210127,50.780450,-0.110234,0.009069,0.458598,0.293349,0.010335,-0.223029
Pelag_MX_SaberAttackB,1.580109,1.633333,-0.554597,0.268975,-0.209845,50.759270,-0.110350,0.008944,0.458924,0.293225,0.010332,-0.222654
Pelag_MX_SaberAttackB,1.583435,1.633333,-0.554348,0.268789,-0.209560,50.738380,-0.110465,0.008821,0.459246,0.293101,0.010330,-0.222284
Pelag_MX_SaberAttackB,1.586762,1.633333,-0.554099,0.268602,-0.209270,50.717860,-0.110580,0.008701,0.459566,0.292978,0.010330,-0.221918
Pelag_MX_SaberAttackB,1.590088,1.633333,-0.553850,0.268414,-0.208973,50.697750,-0.110693,0.008585,0.459883,0.292857,0.010332,-0.221555
Pelag_MX_SaberAttackB,1.593415,1.633333,-0.553602,0.268225,-0.208669,50.678130,-0.110805,0.008472,0.460200,0.292737,0.010336,-0.221195
Pelag_MX_SaberAttackB,1.596741,1.633333,-0.553354,0.268035,-0.208358,50.659050,-0.110916,0.008364,0.460516,0.292619,0.010343,-0.220837
Pelag_MX_SaberAttackB,1.600068,1.633333,-0.553107,0.267843,-0.208037,50.640590,-0.111026,0.008260,0.460832,0.292502,0.010353,-0.220482
Pelag_MX_SaberAttackB,1.603395,1.633333,-0.552860,0.267648,-0.207705,50.622810,-0.111133,0.008162,0.461150,0.292387,0.010365,-0.220127
Pelag_MX_SaberAttackB,1.606721,1.633333,-0.552614,0.267450,-0.207363,50.605770,-0.111239,0.008068,0.461469,0.292275,0.010381,-0.219774
Pelag_MX_SaberAttackB,1.610048,1.633333,-0.552369,0.267250,-0.207009,50.589530,-0.111343,0.007981,0.461791,0.292165,0.010400,-0.219420
Pelag_MX_SaberAttackB,1.613374,1.633333,-0.552124,0.267046,-0.206641,50.574180,-0.111445,0.007901,0.462117,0.292058,0.010423,-0.219067
Pelag_MX_SaberAttackB,1.616701,1.633333,-0.551880,0.266837,-0.206259,50.559760,-0.111545,0.007827,0.462447,0.291953,0.010449,-0.218713
Pelag_MX_SaberAttackB,1.620027,1.633333,-0.551636,0.266625,-0.205862,50.546340,-0.111642,0.007762,0.462781,0.291851,0.010480,-0.218357
Pelag_MX_SaberAttackB,1.623354,1.633333,-0.551393,0.266407,-0.205448,50.534000,-0.111738,0.007704,0.463122,0.291753,0.010514,-0.218000
Pelag_MX_SaberAttackB,1.626680,1.633333,-0.551151,0.266185,-0.205018,50.522790,-0.111830,0.007655,0.463469,0.291658,0.010554,-0.217640
Pelag_MX_SaberAttackB,1.630007,1.633333,-0.550909,0.265957,-0.204569,50.512780,-0.111920,0.007614,0.463823,0.291567,0.010597,-0.217278
Pelag_MX_SaberAttackB,1.633333,1.633333,-0.550669,0.265723,-0.204101,50.504040,-0.112008,0.007583,0.464186,0.291479,0.010646,-0.216912
Pelag_MX_Whirlwind,0.000000,1.516667,-0.549207,0.261882,-0.200509,50.496650,-0.112450,0.005551,0.466202,0.291052,0.009028,-0.214913
Pelag_MX_Whirlwind,0.003326,1.516667,-0.549729,0.259792,-0.194494,51.018560,-0.112496,0.005755,0.465540,0.290970,0.009029,-0.214820
Pelag_MX_Whirlwind,0.006652,1.516667,-0.550191,0.257720,-0.188515,51.530490,-0.112751,0.006026,0.465077,0.290871,0.009051,-0.214718
Pelag_MX_Whirlwind,0.009978,1.516667,-0.550595,0.255665,-0.182565,52.033610,-0.113106,0.006416,0.464666,0.290757,0.009094,-0.214613
Pelag_MX_Whirlwind,0.013304,1.516667,-0.550943,0.253627,-0.176643,52.529110,-0.113466,0.006987,0.464165,0.290630,0.009155,-0.214509
Pelag_MX_Whirlwind,0.016630,1.516667,-0.551235,0.251604,-0.170742,53.018150,-0.113744,0.007812,0.463437,0.290491,0.009235,-0.214409
Pelag_MX_Whirlwind,0.019956,1.516667,-0.551354,0.249430,-0.164669,53.501940,-0.114224,0.008844,0.462826,0.290464,0.009165,-0.214126
Pelag_MX_Whirlwind,0.023282,1.516667,-0.551418,0.247267,-0.158607,53.981620,-0.115209,0.010260,0.462315,0.290430,0.009111,-0.213855
Pelag_MX_Whirlwind,0.026608,1.516667,-0.551430,0.245115,-0.152555,54.458390,-0.116272,0.011974,0.461775,0.290391,0.009075,-0.213601
Pelag_MX_Whirlwind,0.029934,1.516667,-0.551391,0.242974,-0.146509,54.933390,-0.116981,0.013880,0.461078,0.290348,0.009056,-0.213369
Pelag_MX_Whirlwind,0.033260,1.516667,-0.551299,0.240842,-0.140463,55.407830,-0.116911,0.015855,0.460099,0.290302,0.009054,-0.213164
Pelag_MX_Whirlwind,0.036586,1.516667,-0.551087,0.238647,-0.134291,55.882830,-0.115756,0.017752,0.458891,0.290325,0.009000,-0.212868
Pelag_MX_Whirlwind,0.039912,1.516667,-0.550821,0.236456,-0.128109,56.359570,-0.113881,0.019692,0.457397,0.290351,0.008963,-0.212606
Pelag_MX_Whirlwind,0.043238,1.516667,-0.550500,0.234268,-0.121915,56.839220,-0.111663,0.021733,0.455690,0.290379,0.008943,-0.212386
Pelag_MX_Whirlwind,0.046564,1.516667,-0.550125,0.232082,-0.115706,57.322920,-0.109469,0.023928,0.453848,0.290412,0.008941,-0.212214
Pelag_MX_Whirlwind,0.049890,1.516667,-0.549692,0.229894,-0.109476,57.811830,-0.107659,0.026318,0.451957,0.290449,0.008957,-0.212094
Pelag_MX_Whirlwind,0.053216,1.516667,-0.549206,0.227589,-0.103082,58.307090,-0.106094,0.028794,0.450173,0.290487,0.008877,-0.211893
Pelag_MX_Whirlwind,0.056542,1.516667,-0.548659,0.225274,-0.096655,58.809860,-0.104296,0.031414,0.448326,0.290531,0.008811,-0.211752
Pelag_MX_Whirlwind,0.059868,1.516667,-0.548048,0.222951,-0.090197,59.321270,-0.102212,0.034121,0.446428,0.290580,0.008763,-0.211680
Pelag_MX_Whirlwind,0.063194,1.516667,-0.547370,0.220618,-0.083702,59.842460,-0.099798,0.036846,0.444496,0.290635,0.008734,-0.211686
Pelag_MX_Whirlwind,0.066520,1.516667,-0.546622,0.218272,-0.077168,60.374560,-0.097010,0.039515,0.442539,0.290694,0.008723,-0.211773
Pelag_MX_Whirlwind,0.069847,1.516667,-0.545850,0.215831,-0.070469,60.918720,-0.093964,0.041972,0.440613,0.290657,0.008674,-0.211911
Pelag_MX_Whirlwind,0.073173,1.516667,-0.545002,0.213368,-0.063718,61.476060,-0.090694,0.044200,0.438452,0.290534,0.008688,-0.212282
Pelag_MX_Whirlwind,0.076499,1.516667,-0.544072,0.210884,-0.056918,62.047700,-0.087154,0.046112,0.435951,0.290359,0.008761,-0.212845
Pelag_MX_Whirlwind,0.079825,1.516667,-0.543055,0.208375,-0.050064,62.634770,-0.083307,0.047626,0.433007,0.290165,0.008888,-0.213553
Pelag_MX_Whirlwind,0.083151,1.516667,-0.541947,0.205839,-0.043155,63.238380,-0.079136,0.048668,0.429516,0.289987,0.009063,-0.214358
Pelag_MX_Whirlwind,0.086477,1.516667,-0.540857,0.203066,-0.035983,63.859640,-0.074805,0.049172,0.425747,0.289669,0.009063,-0.214999
Pelag_MX_Whirlwind,0.089803,1.516667,-0.539671,0.200247,-0.028738,64.499660,-0.070117,0.049435,0.421506,0.289286,0.009061,-0.215603
Pelag_MX_Whirlwind,0.093129,1.516667,-0.538374,0.197391,-0.021431,65.159550,-0.064871,0.049291,0.416501,0.288907,0.009070,-0.216141
Pelag_MX_Whirlwind,0.096455,1.516667,-0.536961,0.194493,-0.014060,65.840390,-0.058933,0.048575,0.410423,0.288593,0.009090,-0.216573
Pelag_MX_Whirlwind,0.099781,1.516667,-0.535424,0.191552,-0.006624,66.543250,-0.052253,0.047149,0.402930,0.288409,0.009122,-0.216858
Pelag_MX_Whirlwind,0.103107,1.516667,-0.534078,0.188165,0.001227,67.283910,-0.045363,0.044570,0.393898,0.288042,0.008801,-0.216846
Pelag_MX_Whirlwind,0.106433,1.516667,-0.532658,0.184739,0.009265,68.081270,-0.038418,0.041504,0.383154,0.287733,0.008541,-0.217019
Pelag_MX_Whirlwind,0.109759,1.516667,-0.531161,0.181330,0.017459,68.934690,-0.031621,0.038301,0.371186,0.287527,0.008353,-0.217341
Pelag_MX_Whirlwind,0.113085,1.516667,-0.529611,0.177966,0.025801,69.843620,-0.025056,0.035173,0.358512,0.287451,0.008222,-0.217760
Pelag_MX_Whirlwind,0.116411,1.516667,-0.528027,0.174674,0.034284,70.807560,-0.018643,0.032201,0.345614,0.287538,0.008136,-0.218226
Pelag_MX_Whirlwind,0.119737,1.516667,-0.527210,0.171396,0.043169,71.826110,-0.013661,0.029043,0.332320,0.287123,0.007954,-0.218262
Pelag_MX_Whirlwind,0.123063,1.516667,-0.526468,0.168234,0.052208,72.898990,-0.010010,0.025762,0.317768,0.286994,0.007713,-0.217949
Pelag_MX_Whirlwind,0.126389,1.516667,-0.525760,0.165220,0.061377,74.026020,-0.007067,0.022737,0.302510,0.287164,0.007463,-0.217422
Pelag_MX_Whirlwind,0.129715,1.516667,-0.525106,0.162378,0.070675,75.207120,-0.004104,0.020146,0.287056,0.287574,0.007247,-0.216791
Pelag_MX_Whirlwind,0.133041,1.516667,-0.524529,0.159731,0.080106,76.442360,-0.000252,0.017978,0.271780,0.288166,0.007103,-0.216160
Pelag_MX_Whirlwind,0.136367,1.516667,-0.523694,0.157637,0.089952,77.731920,0.005204,0.016245,0.256223,0.289300,0.007481,-0.215522
Pelag_MX_Whirlwind,0.139693,1.516667,-0.522942,0.155817,0.099969,79.076080,0.011135,0.014496,0.239305,0.290570,0.008081,-0.215348
Pelag_MX_Whirlwind,0.143019,1.516667,-0.522327,0.154262,0.110141,80.475300,0.017094,0.012902,0.221708,0.291696,0.008671,-0.215563
Pelag_MX_Whirlwind,0.146345,1.516667,-0.521868,0.152995,0.120481,81.930120,0.022894,0.011552,0.204149,0.292442,0.009047,-0.216058
Pelag_MX_Whirlwind,0.149671,1.516667,-0.521579,0.152038,0.131004,83.441300,0.028566,0.010452,0.187297,0.292573,0.009005,-0.216713
Pelag_MX_Whirlwind,0.152997,1.516667,-0.521257,0.152112,0.141784,85.004990,0.034893,0.010637,0.170478,0.292348,0.009202,-0.216805
Pelag_MX_Whirlwind,0.156323,1.516667,-0.520881,0.152431,0.152894,86.614750,0.042055,0.011722,0.152466,0.292075,0.009068,-0.215831
Pelag_MX_Whirlwind,0.159649,1.516667,-0.520434,0.152910,0.164387,88.270570,0.049362,0.013372,0.134100,0.291746,0.008622,-0.214383
Pelag_MX_Whirlwind,0.162975,1.516667,-0.519879,0.153550,0.176321,89.972500,0.056276,0.015090,0.116437,0.291351,0.007957,-0.213069
Pelag_MX_Whirlwind,0.166301,1.516667,-0.519177,0.154354,0.188752,91.720730,0.062506,0.016070,0.100693,0.290863,0.007160,-0.212504
Pelag_MX_Whirlwind,0.169627,1.516667,-0.518076,0.156438,0.201689,93.515460,0.069131,0.016888,0.087450,0.290517,0.007479,-0.212690
Pelag_MX_Whirlwind,0.172953,1.516667,-0.516706,0.158834,0.215224,95.356990,0.076774,0.017142,0.075751,0.290265,0.008025,-0.212938
Pelag_MX_Whirlwind,0.176279,1.516667,-0.515039,0.161410,0.229412,97.245700,0.084445,0.017036,0.064889,0.290108,0.008576,-0.213401
Pelag_MX_Whirlwind,0.179605,1.516667,-0.513012,0.164177,0.244300,99.182140,0.091108,0.016757,0.054358,0.290000,0.008932,-0.214246
Pelag_MX_Whirlwind,0.182931,1.516667,-0.510559,0.167149,0.259935,101.166900,0.095701,0.016326,0.043830,0.289825,0.008772,-0.215610
Pelag_MX_Whirlwind,0.186257,1.516667,-0.506820,0.171704,0.277348,103.222600,0.099116,0.016928,0.034148,0.290154,0.008792,-0.215871
Pelag_MX_Whirlwind,0.189583,1.516667,-0.502159,0.176337,0.295381,105.365700,0.102055,0.017073,0.024229,0.290541,0.007878,-0.215808
Pelag_MX_Whirlwind,0.192909,1.516667,-0.496734,0.180865,0.313665,107.564900,0.103910,0.016847,0.014098,0.290985,0.007374,-0.217076
Pelag_MX_Whirlwind,0.196235,1.516667,-0.490649,0.185319,0.331982,109.787900,0.104198,0.016484,0.004217,0.291510,0.008632,-0.221345
Pelag_MX_Whirlwind,0.199561,1.516667,-0.484040,0.189741,0.350130,112.001800,0.102525,0.016153,-0.004681,0.291846,0.012854,-0.230438
Pelag_MX_Whirlwind,0.202887,1.516667,-0.475127,0.194338,0.369318,114.173400,0.100986,0.015801,-0.009834,0.293549,0.020973,-0.244147
Pelag_MX_Whirlwind,0.206214,1.516667,-0.465757,0.199029,0.388193,116.269400,0.098944,0.014946,-0.011806,0.293682,0.032104,-0.262373
Pelag_MX_Whirlwind,0.209540,1.516667,-0.456445,0.203851,0.406397,118.256500,0.096608,0.013883,-0.011773,0.289638,0.045086,-0.283296
Pelag_MX_Whirlwind,0.212866,1.516667,-0.447433,0.208872,0.423807,120.101400,0.094278,0.012929,-0.010869,0.280692,0.058515,-0.304392
Pelag_MX_Whirlwind,0.216192,1.516667,-0.438980,0.214167,0.440316,121.771000,0.092128,0.012362,-0.010375,0.268106,0.070805,-0.323368
Pelag_MX_Whirlwind,0.219518,1.516667,-0.430756,0.219401,0.457125,123.242200,0.090914,0.011507,-0.009800,0.254154,0.081063,-0.338963
Pelag_MX_Whirlwind,0.222844,1.516667,-0.423401,0.225347,0.473724,124.530700,0.090081,0.010606,-0.009179,0.237981,0.090767,-0.353121
Pelag_MX_Whirlwind,0.226170,1.516667,-0.416821,0.231939,0.489968,125.660000,0.089428,0.010045,-0.008549,0.220015,0.099160,-0.365002
Pelag_MX_Whirlwind,0.229496,1.516667,-0.410807,0.238991,0.505865,126.652900,0.088861,0.010109,-0.007802,0.200955,0.105441,-0.373742
Pelag_MX_Whirlwind,0.232822,1.516667,-0.405145,0.246310,0.521411,127.532100,0.088265,0.011072,-0.006853,0.181488,0.108871,-0.378710
Pelag_MX_Whirlwind,0.236148,1.516667,-0.399671,0.251897,0.536260,128.320400,0.087608,0.011524,-0.006671,0.162289,0.107845,-0.380753
Pelag_MX_Whirlwind,0.239474,1.516667,-0.394121,0.257006,0.550668,129.040400,0.087047,0.012984,-0.007764,0.143387,0.105082,-0.381246
Pelag_MX_Whirlwind,0.242800,1.516667,-0.388263,0.261741,0.564675,129.715100,0.086458,0.015272,-0.009316,0.123901,0.100977,-0.380196
Pelag_MX_Whirlwind,0.246126,1.516667,-0.381870,0.265869,0.578259,130.367300,0.085717,0.017823,-0.010549,0.103011,0.095639,-0.377434
Pelag_MX_Whirlwind,0.249452,1.516667,-0.374712,0.269158,0.591396,131.020600,0.084722,0.020020,-0.010686,0.080065,0.089260,-0.372593
Pelag_MX_Whirlwind,0.252778,1.516667,-0.366242,0.270391,0.602012,131.690600,0.083827,0.020460,-0.011745,0.055176,0.080485,-0.367231
Pelag_MX_Whirlwind,0.256104,1.516667,-0.356859,0.270572,0.611855,132.378100,0.082873,0.020389,-0.012940,0.028149,0.070209,-0.359689
Pelag_MX_Whirlwind,0.259430,1.516667,-0.346677,0.270010,0.621396,133.090700,0.081993,0.020142,-0.013745,-0.000964,0.060082,-0.349924
Pelag_MX_Whirlwind,0.262756,1.516667,-0.335725,0.268799,0.630690,133.836100,0.081435,0.019837,-0.014026,-0.031742,0.051448,-0.338343
Pelag_MX_Whirlwind,0.266082,1.516667,-0.324024,0.267034,0.639788,134.621900,0.081477,0.019596,-0.013665,-0.063501,0.045461,-0.325394
Pelag_MX_Whirlwind,0.269408,1.516667,-0.311834,0.265148,0.646981,135.455900,0.081910,0.019807,-0.014459,-0.096449,0.043472,-0.312828
Pelag_MX_Whirlwind,0.272734,1.516667,-0.298984,0.262970,0.653693,136.345700,0.082508,0.020114,-0.015244,-0.130928,0.045200,-0.298564
Pelag_MX_Whirlwind,0.276060,1.516667,-0.285435,0.260520,0.660338,137.298900,0.083232,0.020430,-0.015641,-0.165955,0.049509,-0.282043
Pelag_MX_Whirlwind,0.279386,1.516667,-0.271202,0.257888,0.666951,138.323000,0.083994,0.020744,-0.015638,-0.200699,0.054998,-0.263014
Pelag_MX_Whirlwind,0.282712,1.516667,-0.256294,0.255161,0.673562,139.425500,0.084703,0.021045,-0.015216,-0.234500,0.059947,-0.241121
Pelag_MX_Whirlwind,0.286038,1.516667,-0.241914,0.252030,0.678891,140.592100,0.084358,0.020984,-0.015543,-0.268682,0.063577,-0.217344
Pelag_MX_Whirlwind,0.289364,1.516667,-0.227416,0.248731,0.683682,141.785100,0.084130,0.020844,-0.015660,-0.302665,0.067878,-0.190521
Pelag_MX_Whirlwind,0.292690,1.516667,-0.212568,0.245374,0.688213,143.006100,0.084260,0.020715,-0.015317,-0.334493,0.072255,-0.159950
Pelag_MX_Whirlwind,0.296016,1.516667,-0.197379,0.241995,0.692490,144.258000,0.084720,0.020607,-0.014539,-0.362644,0.075723,-0.125809
Pelag_MX_Whirlwind,0.299342,1.516667,-0.181862,0.238624,0.696517,145.543600,0.085477,0.020530,-0.013352,-0.385971,0.077143,-0.088734
Pelag_MX_Whirlwind,0.302668,1.516667,-0.167230,0.234829,0.699669,146.866000,0.085282,0.020025,-0.012316,-0.405060,0.074385,-0.049294
Pelag_MX_Whirlwind,0.305994,1.516667,-0.152585,0.230985,0.702422,148.228000,0.085011,0.019452,-0.010957,-0.419502,0.067984,-0.006397
Pelag_MX_Whirlwind,0.309320,1.516667,-0.137640,0.227233,0.704932,149.632700,0.084966,0.018968,-0.009435,-0.429749,0.060935,0.038751
Pelag_MX_Whirlwind,0.312646,1.516667,-0.122405,0.223595,0.707201,151.083300,0.085155,0.018607,-0.008068,-0.436621,0.055624,0.084493
Pelag_MX_Whirlwind,0.315972,1.516667,-0.106885,0.220093,0.709226,152.582900,0.085575,0.018393,-0.007167,-0.441166,0.053806,0.129021
Pelag_MX_Whirlwind,0.319298,1.516667,-0.091816,0.216957,0.711424,154.134600,0.085558,0.018686,-0.006947,-0.444776,0.056150,0.172158
Pelag_MX_Whirlwind,0.322624,1.516667,-0.076669,0.214048,0.713481,155.741900,0.085605,0.019396,-0.008135,-0.446020,0.060751,0.214867
Pelag_MX_Whirlwind,0.325950,1.516667,-0.061255,0.211326,0.715281,157.407900,0.085625,0.020067,-0.010103,-0.444399,0.066510,0.256629
Pelag_MX_Whirlwind,0.329276,1.516667,-0.045580,0.208803,0.716816,159.136200,0.085390,0.020280,-0.012077,-0.439830,0.072453,0.297153
Pelag_MX_Whirlwind,0.332602,1.516667,-0.029647,0.206490,0.718073,160.930300,0.084737,0.019618,-0.013278,-0.432362,0.077649,0.336229
Pelag_MX_Whirlwind,0.335928,1.516667,-0.012240,0.206648,0.719070,162.786600,0.085152,0.020254,-0.013487,-0.420779,0.083868,0.373164
Pelag_MX_Whirlwind,0.339254,1.516667,0.005512,0.207179,0.719297,164.690400,0.086205,0.020735,-0.013935,-0.406356,0.089479,0.406615
Pelag_MX_Whirlwind,0.342580,1.516667,0.023254,0.207436,0.718734,166.640300,0.087456,0.020628,-0.014284,-0.390036,0.093885,0.437051
Pelag_MX_Whirlwind,0.345907,1.516667,0.041013,0.207470,0.717426,168.635700,0.088800,0.020180,-0.014094,-0.372298,0.097336,0.465276
Pelag_MX_Whirlwind,0.349233,1.516667,0.058816,0.207336,0.715421,170.675800,0.090116,0.019632,-0.012932,-0.353345,0.100201,0.492476
Pelag_MX_Whirlwind,0.352559,1.516667,0.075416,0.206882,0.712276,172.760600,0.090009,0.018966,-0.011276,-0.334240,0.102384,0.519219
Pelag_MX_Whirlwind,0.355885,1.516667,0.091747,0.206317,0.708369,174.889900,0.089432,0.018367,-0.009701,-0.314187,0.103724,0.544712
Pelag_MX_Whirlwind,0.359211,1.516667,0.108237,0.205769,0.703879,177.064100,0.088917,0.017958,-0.008402,-0.293321,0.104615,0.568007
Pelag_MX_Whirlwind,0.362537,1.516667,0.124931,0.205303,0.698836,179.283600,0.088577,0.017797,-0.007694,-0.271922,0.105327,0.588809
Pelag_MX_Whirlwind,0.365863,1.516667,0.141881,0.204986,0.693267,181.549500,0.088490,0.017935,-0.007900,-0.249805,0.105857,0.607365
Pelag_MX_Whirlwind,0.369189,1.516667,0.158773,0.204385,0.688680,183.862900,0.088152,0.017979,-0.007879,-0.226649,0.105310,0.625720
Pelag_MX_Whirlwind,0.372515,1.516667,0.175917,0.203915,0.684072,186.225100,0.087435,0.018317,-0.008613,-0.201736,0.103670,0.643283
Pelag_MX_Whirlwind,0.375841,1.516667,0.193492,0.203811,0.678972,188.638200,0.086529,0.018888,-0.010081,-0.175463,0.101284,0.659185
Pelag_MX_Whirlwind,0.379167,1.516667,0.211563,0.204151,0.673374,191.103900,0.085599,0.019456,-0.011756,-0.148586,0.098446,0.673119
Pelag_MX_Whirlwind,0.382493,1.516667,0.230194,0.205018,0.667262,193.624500,0.084886,0.019775,-0.013103,-0.121911,0.095489,0.685004
Pelag_MX_Whirlwind,0.385819,1.516667,0.250116,0.206524,0.661542,196.215100,0.085065,0.019832,-0.012953,-0.095480,0.092839,0.696228
Pelag_MX_Whirlwind,0.389145,1.516667,0.270793,0.208452,0.655304,198.903500,0.085062,0.019828,-0.012563,-0.069964,0.090470,0.706732
Pelag_MX_Whirlwind,0.392471,1.516667,0.291850,0.210641,0.648012,201.681600,0.084685,0.019752,-0.012276,-0.045512,0.088175,0.715979
Pelag_MX_Whirlwind,0.395797,1.516667,0.313129,0.212965,0.639487,204.539700,0.084011,0.019614,-0.012084,-0.022052,0.085760,0.723733
Pelag_MX_Whirlwind,0.399123,1.516667,0.334460,0.215301,0.629569,207.468200,0.083114,0.019433,-0.011997,0.000476,0.083005,0.729759
Pelag_MX_Whirlwind,0.402449,1.516667,0.356744,0.217549,0.618626,210.457500,0.083291,0.019301,-0.011705,0.023034,0.079447,0.734389
Pelag_MX_Whirlwind,0.405775,1.516667,0.379091,0.219587,0.606210,213.498400,0.084087,0.019325,-0.011860,0.044485,0.074757,0.737525
Pelag_MX_Whirlwind,0.409101,1.516667,0.400913,0.221308,0.592040,216.581500,0.084829,0.019448,-0.012367,0.064393,0.069679,0.739335
Pelag_MX_Whirlwind,0.412427,1.516667,0.422005,0.222616,0.576033,219.698300,0.085236,0.019611,-0.012920,0.082856,0.064965,0.740164
Pelag_MX_Whirlwind,0.415753,1.516667,0.442156,0.223432,0.558128,222.840300,0.085066,0.019761,-0.013217,0.100104,0.061331,0.740320
Pelag_MX_Whirlwind,0.419079,1.516667,0.462248,0.223441,0.538146,226.001000,0.085248,0.019627,-0.013378,0.117235,0.059200,0.740075
Pelag_MX_Whirlwind,0.422405,1.516667,0.481541,0.222952,0.516266,229.176500,0.085271,0.019562,-0.013804,0.133365,0.058744,0.739869
Pelag_MX_Whirlwind,0.425731,1.516667,0.499394,0.222113,0.492733,232.361800,0.084766,0.019660,-0.014318,0.148561,0.059162,0.739241
Pelag_MX_Whirlwind,0.429057,1.516667,0.515568,0.220943,0.467765,235.551500,0.083779,0.019896,-0.014775,0.163064,0.059461,0.737610
Pelag_MX_Whirlwind,0.432383,1.516667,0.529849,0.219451,0.441604,238.740400,0.082386,0.020253,-0.015056,0.176863,0.058596,0.734419
Pelag_MX_Whirlwind,0.435709,1.516667,0.542880,0.217196,0.414118,241.922900,0.081922,0.020312,-0.015230,0.190334,0.055582,0.728913
Pelag_MX_Whirlwind,0.439035,1.516667,0.554006,0.214422,0.385823,245.093900,0.082676,0.020413,-0.014714,0.202148,0.051760,0.721949
Pelag_MX_Whirlwind,0.442361,1.516667,0.562768,0.211274,0.357170,248.247800,0.083590,0.020703,-0.013976,0.211939,0.047718,0.714610
Pelag_MX_Whirlwind,0.445687,1.516667,0.569067,0.207711,0.328464,251.379500,0.083829,0.021071,-0.013681,0.219932,0.043708,0.707793
Pelag_MX_Whirlwind,0.449013,1.516667,0.572833,0.203682,0.300013,254.483700,0.082516,0.021331,-0.014451,0.226545,0.039852,0.702337
Pelag_MX_Whirlwind,0.452339,1.516667,0.574026,0.199203,0.270474,257.569500,0.079073,0.021277,-0.018405,0.232430,0.035890,0.697040
Pelag_MX_Whirlwind,0.455665,1.516667,0.572698,0.194273,0.240326,260.675800,0.074098,0.020871,-0.024927,0.237981,0.031167,0.691819
Pelag_MX_Whirlwind,0.458991,1.516667,0.568953,0.189031,0.210243,263.809100,0.067859,0.020638,-0.032607,0.242916,0.026398,0.687444
Pelag_MX_Whirlwind,0.462317,1.516667,0.562899,0.183658,0.180306,266.973500,0.060714,0.021138,-0.040613,0.247009,0.022365,0.684132
Pelag_MX_Whirlwind,0.465643,1.516667,0.554648,0.178337,0.150583,270.173800,0.053175,0.022882,-0.048160,0.250093,0.019818,0.682099
Pelag_MX_Whirlwind,0.468969,1.516667,0.543220,0.172154,0.120306,273.415000,0.044385,0.025007,-0.055495,0.251396,0.018453,0.680830
Pelag_MX_Whirlwind,0.472295,1.516667,0.529337,0.165898,0.089985,276.702100,0.034251,0.027586,-0.062140,0.252736,0.018922,0.680814
Pelag_MX_Whirlwind,0.475621,1.516667,0.513600,0.160232,0.060035,280.040200,0.023454,0.030960,-0.067749,0.254391,0.020861,0.681805
Pelag_MX_Whirlwind,0.478947,1.516667,0.496125,0.155327,0.030489,283.433700,0.012226,0.035031,-0.072374,0.256011,0.023366,0.683344
Pelag_MX_Whirlwind,0.482273,1.516667,0.477025,0.151350,0.001374,286.886700,0.000750,0.039702,-0.076093,0.257281,0.025489,0.685142
Pelag_MX_Whirlwind,0.485600,1.516667,0.455279,0.147651,-0.027893,290.399800,-0.012016,0.044372,-0.079304,0.257033,0.025930,0.686299
Pelag_MX_Whirlwind,0.488926,1.516667,0.431027,0.144244,-0.056459,293.963300,-0.025959,0.049564,-0.080706,0.256074,0.025567,0.687039
Pelag_MX_Whirlwind,0.492252,1.516667,0.404918,0.141490,-0.083690,297.568500,-0.040138,0.055100,-0.080445,0.255240,0.024834,0.687575
Pelag_MX_Whirlwind,0.495578,1.516667,0.377234,0.139443,-0.109330,301.205500,-0.053992,0.060438,-0.079168,0.254853,0.023767,0.687742
Pelag_MX_Whirlwind,0.498904,1.516667,0.348289,0.138121,-0.133152,304.863000,-0.066970,0.065039,-0.077645,0.255161,0.022361,0.687336
Pelag_MX_Whirlwind,0.502230,1.516667,0.317487,0.137556,-0.154813,308.528800,-0.079309,0.068451,-0.076300,0.255363,0.020752,0.686531
Pelag_MX_Whirlwind,0.505556,1.516667,0.285669,0.137672,-0.174252,312.189700,-0.089847,0.070677,-0.074924,0.255833,0.019269,0.685819
Pelag_MX_Whirlwind,0.508882,1.516667,0.253675,0.138365,-0.191452,315.832600,-0.098596,0.072199,-0.073726,0.256854,0.017883,0.685086
Pelag_MX_Whirlwind,0.512208,1.516667,0.221894,0.139522,-0.206369,319.444000,-0.106162,0.073468,-0.072643,0.258233,0.016599,0.684322
Pelag_MX_Whirlwind,0.515534,1.516667,0.190710,0.141011,-0.219009,323.011800,-0.113175,0.074824,-0.071369,0.259762,0.015459,0.683600
Pelag_MX_Whirlwind,0.518860,1.516667,0.159778,0.143230,-0.229085,326.550600,-0.120549,0.076646,-0.068826,0.260659,0.014714,0.683685
Pelag_MX_Whirlwind,0.522186,1.516667,0.129432,0.146539,-0.237778,330.108800,-0.127092,0.078497,-0.065603,0.261526,0.014102,0.684123
Pelag_MX_Whirlwind,0.525512,1.516667,0.100040,0.150080,-0.244813,333.621900,-0.132516,0.080167,-0.062321,0.262757,0.013692,0.684571
Pelag_MX_Whirlwind,0.528838,1.516667,0.071768,0.153071,-0.249552,337.017300,-0.137103,0.081652,-0.059267,0.264249,0.013559,0.684933
Pelag_MX_Whirlwind,0.532164,1.516667,0.044894,0.154763,-0.251466,340.221600,-0.141281,0.082984,-0.056748,0.265766,0.013632,0.685018
Pelag_MX_Whirlwind,0.535490,1.516667,0.019604,0.154768,-0.248879,343.198300,-0.145370,0.084445,-0.053652,0.266905,0.013931,0.685694
Pelag_MX_Whirlwind,0.538816,1.516667,-0.004242,0.153009,-0.242604,346.030100,-0.149068,0.085782,-0.050145,0.267351,0.013950,0.686060
Pelag_MX_Whirlwind,0.542142,1.516667,-0.026268,0.150136,-0.234455,348.708500,-0.152655,0.086977,-0.046933,0.267318,0.013668,0.685765
Pelag_MX_Whirlwind,0.545468,1.516667,-0.046157,0.146969,-0.225650,351.212000,-0.156334,0.088113,-0.044048,0.267165,0.013300,0.685161
Pelag_MX_Whirlwind,0.548794,1.516667,-0.063690,0.144306,-0.217443,353.516000,-0.160174,0.089200,-0.041496,0.267345,0.013087,0.684598
Pelag_MX_Whirlwind,0.552120,1.516667,-0.078896,0.142425,-0.210058,355.598600,-0.164188,0.089975,-0.038510,0.267916,0.013012,0.684861
Pelag_MX_Whirlwind,0.555446,1.516667,-0.091779,0.140621,-0.203011,357.466900,-0.167834,0.090289,-0.034968,0.268220,0.012905,0.685206
Pelag_MX_Whirlwind,0.558772,1.516667,-0.102492,0.138909,-0.196647,359.136900,-0.170892,0.090287,-0.031490,0.268414,0.012853,0.685304
Pelag_MX_Whirlwind,0.562098,1.516667,-0.111276,0.137306,-0.191028,0.624309,-0.173328,0.090081,-0.028407,0.268662,0.012870,0.685241
Pelag_MX_Whirlwind,0.565424,1.516667,-0.118360,0.135836,-0.186181,1.944384,-0.175165,0.089818,-0.026050,0.269139,0.012959,0.685106
Pelag_MX_Whirlwind,0.568750,1.516667,-0.123963,0.134528,-0.182108,3.111980,-0.176449,0.089579,-0.024629,0.269939,0.013088,0.684962
Pelag_MX_Whirlwind,0.572076,1.516667,-0.128291,0.133408,-0.178788,4.141695,-0.177262,0.089143,-0.023789,0.270803,0.013173,0.684790
Pelag_MX_Whirlwind,0.575402,1.516667,-0.131543,0.132506,-0.176180,5.047710,-0.177824,0.088549,-0.023273,0.271610,0.013191,0.684634
Pelag_MX_Whirlwind,0.578728,1.516667,-0.133910,0.131849,-0.174231,5.843942,-0.178361,0.087837,-0.022843,0.272265,0.013128,0.684547
Pelag_MX_Whirlwind,0.582054,1.516667,-0.135575,0.131459,-0.172873,6.544005,-0.179092,0.087029,-0.022250,0.272674,0.012975,0.684584
Pelag_MX_Whirlwind,0.585380,1.516667,-0.136315,0.132029,-0.172214,7.155985,-0.179743,0.086701,-0.021454,0.273195,0.013317,0.684637
Pelag_MX_Whirlwind,0.588706,1.516667,-0.136275,0.133453,-0.172435,7.670547,-0.180129,0.086408,-0.020689,0.273912,0.013764,0.684632
Pelag_MX_Whirlwind,0.592032,1.516667,-0.135789,0.135374,-0.173448,8.093718,-0.180503,0.085875,-0.019933,0.274512,0.013955,0.684728
Pelag_MX_Whirlwind,0.595358,1.516667,-0.134971,0.137821,-0.175198,8.433316,-0.180947,0.085268,-0.019205,0.274864,0.013933,0.685011
Pelag_MX_Whirlwind,0.598684,1.516667,-0.133931,0.140820,-0.177629,8.696930,-0.181551,0.084764,-0.018533,0.274812,0.013720,0.685548
Pelag_MX_Whirlwind,0.602010,1.516667,-0.131964,0.144921,-0.181182,8.891954,-0.181573,0.085008,-0.018435,0.275097,0.013899,0.685915
Pelag_MX_Whirlwind,0.605336,1.516667,-0.129453,0.149964,-0.185622,9.025518,-0.181225,0.085659,-0.018647,0.275744,0.014435,0.686344
Pelag_MX_Whirlwind,0.608662,1.516667,-0.127030,0.155626,-0.190554,9.104460,-0.181013,0.086306,-0.018791,0.276224,0.014912,0.687038
Pelag_MX_Whirlwind,0.611988,1.516667,-0.124791,0.161924,-0.195916,9.135319,-0.180929,0.086903,-0.018821,0.276498,0.015242,0.687862
Pelag_MX_Whirlwind,0.615314,1.516667,-0.122831,0.168875,-0.201640,9.124295,-0.180976,0.087413,-0.018695,0.276537,0.015350,0.688687
Pelag_MX_Whirlwind,0.618640,1.516667,-0.120498,0.176763,-0.208186,9.071706,-0.180504,0.088037,-0.018874,0.276947,0.015400,0.688936
Pelag_MX_Whirlwind,0.621966,1.516667,-0.117700,0.185604,-0.215512,8.965160,-0.179687,0.088672,-0.019337,0.277416,0.015308,0.688768
Pelag_MX_Whirlwind,0.625292,1.516667,-0.114900,0.195130,-0.223126,8.819869,-0.178973,0.089183,-0.019767,0.277534,0.014985,0.688526
Pelag_MX_Whirlwind,0.628619,1.516667,-0.112159,0.205211,-0.230837,8.654108,-0.178366,0.089598,-0.020143,0.277364,0.014512,0.688230
Pelag_MX_Whirlwind,0.631945,1.516667,-0.109549,0.215707,-0.238462,8.486381,-0.177858,0.089939,-0.020447,0.276978,0.013964,0.687898
Pelag_MX_Whirlwind,0.635271,1.516667,-0.107151,0.226470,-0.245827,8.335506,-0.177446,0.090235,-0.020655,0.276460,0.013416,0.687547
Pelag_MX_Whirlwind,0.638597,1.516667,-0.105055,0.237339,-0.252771,8.220712,-0.177131,0.090580,-0.020776,0.275903,0.012937,0.687194
Pelag_MX_Whirlwind,0.641923,1.516667,-0.103362,0.248150,-0.259142,8.161674,-0.176841,0.091007,-0.020845,0.275413,0.012595,0.686857
Pelag_MX_Whirlwind,0.645249,1.516667,-0.102181,0.258725,-0.264798,8.178543,-0.176477,0.091526,-0.020902,0.275103,0.012451,0.686555
Pelag_MX_Whirlwind,0.648575,1.516667,-0.101626,0.268884,-0.269605,8.291924,-0.175927,0.092136,-0.020985,0.275097,0.012570,0.686306
Pelag_MX_Whirlwind,0.651901,1.516667,-0.102441,0.278248,-0.273247,8.515763,-0.175675,0.092578,-0.020927,0.274844,0.012729,0.686356
Pelag_MX_Whirlwind,0.655227,1.516667,-0.104655,0.287082,-0.275954,8.830469,-0.175533,0.092957,-0.020929,0.274239,0.012902,0.686584
Pelag_MX_Whirlwind,0.658553,1.516667,-0.107840,0.295594,-0.277932,9.232914,-0.175074,0.093465,-0.021161,0.273726,0.013258,0.686794
Pelag_MX_Whirlwind,0.661879,1.516667,-0.112003,0.303763,-0.279175,9.723320,-0.174327,0.094092,-0.021600,0.273336,0.013783,0.686979
Pelag_MX_Whirlwind,0.665205,1.516667,-0.117150,0.311572,-0.279674,10.301900,-0.173327,0.094827,-0.022222,0.273095,0.014463,0.687131
Pelag_MX_Whirlwind,0.668531,1.516667,-0.123746,0.318635,-0.279335,10.968890,-0.172552,0.095286,-0.022927,0.272566,0.014916,0.687322
Pelag_MX_Whirlwind,0.671857,1.516667,-0.131689,0.325017,-0.278156,11.724500,-0.171855,0.095522,-0.023710,0.271868,0.015207,0.687525
Pelag_MX_Whirlwind,0.675183,1.516667,-0.140612,0.330995,-0.276170,12.568960,-0.170956,0.095816,-0.024607,0.271384,0.015611,0.687670
Pelag_MX_Whirlwind,0.678509,1.516667,-0.150505,0.336560,-0.273348,13.502410,-0.169949,0.096163,-0.025595,0.271131,0.016113,0.687747
Pelag_MX_Whirlwind,0.681835,1.516667,-0.161355,0.341701,-0.269651,14.525010,-0.168930,0.096548,-0.026645,0.271120,0.016698,0.687746
Pelag_MX_Whirlwind,0.685161,1.516667,-0.173503,0.346124,-0.265047,15.640740,-0.168325,0.096659,-0.027714,0.271064,0.017092,0.687631
Pelag_MX_Whirlwind,0.688487,1.516667,-0.186721,0.349738,-0.259553,16.858530,-0.167996,0.096371,-0.028717,0.271304,0.017350,0.687311
Pelag_MX_Whirlwind,0.691813,1.516667,-0.200459,0.352741,-0.253244,18.155860,-0.167654,0.095917,-0.029669,0.271991,0.017659,0.686833
Pelag_MX_Whirlwind,0.695139,1.516667,-0.214468,0.355136,-0.246212,19.506200,-0.167324,0.095339,-0.030595,0.272915,0.017989,0.686260
Pelag_MX_Whirlwind,0.698465,1.516667,-0.228504,0.356932,-0.238573,20.882680,-0.167026,0.094678,-0.031512,0.273868,0.018304,0.685660
Pelag_MX_Whirlwind,0.701791,1.516667,-0.242330,0.358142,-0.230461,22.258090,-0.166773,0.093972,-0.032432,0.274726,0.018577,0.685088
Pelag_MX_Whirlwind,0.705117,1.516667,-0.255721,0.358784,-0.222030,23.605090,-0.166571,0.093263,-0.033363,0.275724,0.018805,0.684528
Pelag_MX_Whirlwind,0.708443,1.516667,-0.268466,0.358882,-0.213454,24.896320,-0.166421,0.092591,-0.034310,0.276714,0.018975,0.684060
Pelag_MX_Whirlwind,0.711769,1.516667,-0.280364,0.358461,-0.204922,26.104450,-0.166317,0.092007,-0.035277,0.277490,0.019070,0.683789
Pelag_MX_Whirlwind,0.715095,1.516667,-0.291231,0.357552,-0.196635,27.202420,-0.166248,0.091562,-0.036269,0.277849,0.019074,0.683824
Pelag_MX_Whirlwind,0.718421,1.516667,-0.300525,0.356245,-0.189425,28.170250,-0.165783,0.091319,-0.037943,0.278070,0.019070,0.683600
Pelag_MX_Whirlwind,0.721747,1.516667,-0.308395,0.354460,-0.183091,29.031450,-0.164916,0.090926,-0.040074,0.278406,0.019133,0.683206
Pelag_MX_Whirlwind,0.725073,1.516667,-0.315302,0.352145,-0.177007,29.796800,-0.164093,0.090414,-0.041902,0.278578,0.019185,0.683209
Pelag_MX_Whirlwind,0.728399,1.516667,-0.321331,0.349334,-0.171168,30.472910,-0.163421,0.089976,-0.043300,0.278619,0.019205,0.683572
Pelag_MX_Whirlwind,0.731725,1.516667,-0.326560,0.346059,-0.165558,31.066580,-0.163013,0.089832,-0.044173,0.278558,0.019174,0.684263
Pelag_MX_Whirlwind,0.735051,1.516667,-0.330940,0.342475,-0.160892,31.584700,-0.162824,0.090423,-0.045239,0.278544,0.019208,0.684523
Pelag_MX_Whirlwind,0.738377,1.516667,-0.334571,0.338625,-0.157193,32.034300,-0.162717,0.092141,-0.046733,0.278520,0.019352,0.684299
Pelag_MX_Whirlwind,0.741703,1.516667,-0.337652,0.334428,-0.153779,32.422440,-0.162804,0.094465,-0.047782,0.278355,0.019481,0.684224
Pelag_MX_Whirlwind,0.745029,1.516667,-0.340251,0.329917,-0.150615,32.756200,-0.163178,0.096817,-0.048173,0.278050,0.019569,0.684275
Pelag_MX_Whirlwind,0.748355,1.516667,-0.342437,0.325122,-0.147666,33.042710,-0.163973,0.098526,-0.047784,0.277605,0.019589,0.684427
Pelag_MX_Whirlwind,0.751681,1.516667,-0.344275,0.320075,-0.144892,33.289100,-0.165305,0.099157,-0.046740,0.277025,0.019537,0.684685
Pelag_MX_Whirlwind,0.755007,1.516667,-0.345831,0.314804,-0.142254,33.502480,-0.167218,0.099840,-0.045792,0.276364,0.019504,0.685183
Pelag_MX_Whirlwind,0.758333,1.516667,-0.347166,0.309343,-0.139711,33.689900,-0.169667,0.100332,-0.044400,0.275721,0.019484,0.685894
Pelag_MX_Whirlwind,0.761659,1.516667,-0.348344,0.303720,-0.137221,33.858460,-0.172584,0.100100,-0.041893,0.275193,0.019451,0.686766
Pelag_MX_Whirlwind,0.764985,1.516667,-0.349425,0.297967,-0.134744,34.015130,-0.175828,0.098602,-0.037642,0.274880,0.019381,0.687746
Pelag_MX_Whirlwind,0.768311,1.516667,-0.350836,0.292264,-0.132824,34.166900,-0.179524,0.095543,-0.031615,0.274514,0.019394,0.688195
Pelag_MX_Whirlwind,0.771638,1.516667,-0.352627,0.286627,-0.131335,34.320690,-0.183511,0.091377,-0.023663,0.274179,0.019444,0.688136
Pelag_MX_Whirlwind,0.774964,1.516667,-0.354473,0.280933,-0.129607,34.483380,-0.186837,0.086222,-0.013757,0.274312,0.019370,0.688158
Pelag_MX_Whirlwind,0.778290,1.516667,-0.356430,0.275214,-0.127598,34.661800,-0.189003,0.080189,-0.002606,0.274969,0.019166,0.688220
Pelag_MX_Whirlwind,0.781616,1.516667,-0.358555,0.269503,-0.125268,34.862730,-0.189763,0.073264,0.009023,0.276204,0.018832,0.688276
Pelag_MX_Whirlwind,0.784942,1.516667,-0.361581,0.264030,-0.122664,35.093500,-0.189751,0.065196,0.020666,0.277355,0.018605,0.688178
Pelag_MX_Whirlwind,0.788268,1.516667,-0.365446,0.258569,-0.119654,35.361740,-0.188103,0.054678,0.033861,0.278298,0.018525,0.687933
Pelag_MX_Whirlwind,0.791594,1.516667,-0.369380,0.252880,-0.116128,35.667210,-0.183578,0.042976,0.047778,0.279698,0.018370,0.687701
Pelag_MX_Whirlwind,0.794920,1.516667,-0.373391,0.247035,-0.112110,36.008710,-0.176611,0.031854,0.061083,0.281481,0.018177,0.687530
Pelag_MX_Whirlwind,0.798246,1.516667,-0.377488,0.241102,-0.107626,36.384990,-0.168441,0.022721,0.072678,0.283570,0.017986,0.687470
Pelag_MX_Whirlwind,0.801572,1.516667,-0.382299,0.235364,-0.102535,36.794880,-0.161258,0.016566,0.082119,0.285250,0.017998,0.687773
Pelag_MX_Whirlwind,0.804898,1.516667,-0.387906,0.229913,-0.096847,37.237240,-0.155041,0.012206,0.090416,0.286341,0.018021,0.688615
Pelag_MX_Whirlwind,0.808224,1.516667,-0.393633,0.224573,-0.090785,37.710900,-0.149105,0.008762,0.097874,0.287703,0.018068,0.689579
Pelag_MX_Whirlwind,0.811550,1.516667,-0.399495,0.219407,-0.084382,38.214760,-0.143465,0.005966,0.104655,0.289542,0.018432,0.690376
Pelag_MX_Whirlwind,0.814876,1.516667,-0.405509,0.214477,-0.077676,38.747690,-0.138030,0.003666,0.110801,0.292050,0.019350,0.690714
Pelag_MX_Whirlwind,0.818202,1.516667,-0.411894,0.210111,-0.070428,39.308570,-0.132966,0.002201,0.116548,0.295208,0.021233,0.690589
Pelag_MX_Whirlwind,0.821528,1.516667,-0.418702,0.206411,-0.062630,39.896280,-0.128909,0.002355,0.122008,0.299031,0.023848,0.690077
Pelag_MX_Whirlwind,0.824854,1.516667,-0.425724,0.203117,-0.054644,40.509620,-0.125433,0.003370,0.126893,0.303607,0.026860,0.688974
Pelag_MX_Whirlwind,0.828180,1.516667,-0.432983,0.200283,-0.046511,41.147410,-0.122201,0.004573,0.131139,0.308783,0.030333,0.687371
Pelag_MX_Whirlwind,0.831506,1.516667,-0.440505,0.197961,-0.038272,41.808320,-0.118917,0.005253,0.134622,0.314424,0.034337,0.685347
Pelag_MX_Whirlwind,0.834832,1.516667,-0.448128,0.197129,-0.029769,42.487100,-0.115247,0.005710,0.137443,0.320627,0.039875,0.683158
Pelag_MX_Whirlwind,0.838158,1.516667,-0.455688,0.198014,-0.021227,43.154210,-0.111750,0.006558,0.139823,0.327591,0.047114,0.680517
Pelag_MX_Whirlwind,0.841484,1.516667,-0.463339,0.199450,-0.013007,43.804480,-0.108788,0.006888,0.141751,0.334954,0.054710,0.676949
Pelag_MX_Whirlwind,0.844810,1.516667,-0.471051,0.201393,-0.005140,44.438530,-0.106296,0.006803,0.143460,0.342501,0.062420,0.672382
Pelag_MX_Whirlwind,0.848136,1.516667,-0.478790,0.203799,0.002343,45.056910,-0.104128,0.006436,0.145137,0.350036,0.069972,0.666837
Pelag_MX_Whirlwind,0.851462,1.516667,-0.486312,0.206795,0.009457,45.660080,-0.101804,0.006034,0.146868,0.357733,0.077420,0.660541
Pelag_MX_Whirlwind,0.854788,1.516667,-0.493525,0.210381,0.016184,46.248460,-0.098831,0.005362,0.148025,0.366380,0.085736,0.653951
Pelag_MX_Whirlwind,0.858114,1.516667,-0.500663,0.214287,0.022439,46.822510,-0.095586,0.004714,0.148564,0.375373,0.094597,0.646762
Pelag_MX_Whirlwind,0.861440,1.516667,-0.507693,0.218462,0.028192,47.382670,-0.092356,0.004581,0.148741,0.384097,0.103628,0.638777
Pelag_MX_Whirlwind,0.864766,1.516667,-0.514578,0.222855,0.033417,47.929420,-0.089503,0.005224,0.148916,0.391911,0.112450,0.630000
Pelag_MX_Whirlwind,0.868092,1.516667,-0.521125,0.226498,0.038064,48.463350,-0.087174,0.005708,0.149523,0.398414,0.119938,0.620592
Pelag_MX_Whirlwind,0.871418,1.516667,-0.527244,0.229033,0.042100,48.985050,-0.084883,0.005224,0.150681,0.403901,0.126634,0.610801
Pelag_MX_Whirlwind,0.874744,1.516667,-0.533119,0.231629,0.045525,49.495260,-0.082752,0.004992,0.152070,0.408452,0.133410,0.600784
Pelag_MX_Whirlwind,0.878070,1.516667,-0.538717,0.234235,0.048312,49.994770,-0.080871,0.005101,0.153338,0.412265,0.139616,0.590742
Pelag_MX_Whirlwind,0.881396,1.516667,-0.544004,0.236798,0.050432,50.484490,-0.079382,0.005604,0.154160,0.415526,0.144607,0.580958
Pelag_MX_Whirlwind,0.884722,1.516667,-0.549023,0.238924,0.051720,50.969790,-0.078507,0.006160,0.154249,0.418226,0.147504,0.571692
Pelag_MX_Whirlwind,0.888048,1.516667,-0.553621,0.240253,0.052144,51.480210,-0.077933,0.006251,0.154517,0.419812,0.148475,0.563585
Pelag_MX_Whirlwind,0.891374,1.516667,-0.557809,0.241310,0.052100,52.000860,-0.077480,0.006306,0.155142,0.420428,0.148268,0.556480
Pelag_MX_Whirlwind,0.894700,1.516667,-0.561815,0.242259,0.051820,52.506580,-0.077238,0.006420,0.155799,0.420189,0.146994,0.549768
Pelag_MX_Whirlwind,0.898026,1.516667,-0.565860,0.243263,0.051542,52.972050,-0.077305,0.006701,0.156150,0.419226,0.144688,0.542823
Pelag_MX_Whirlwind,0.901352,1.516667,-0.569967,0.244550,0.051511,53.374340,-0.077610,0.007332,0.155945,0.417824,0.141363,0.535101
Pelag_MX_Whirlwind,0.904678,1.516667,-0.573801,0.245950,0.051513,53.721050,-0.077839,0.008220,0.155511,0.415952,0.136536,0.526526
Pelag_MX_Whirlwind,0.908005,1.516667,-0.577492,0.247249,0.051376,54.020240,-0.078123,0.009149,0.154975,0.413453,0.130532,0.517411
Pelag_MX_Whirlwind,0.911331,1.516667,-0.581030,0.248443,0.051075,54.276130,-0.078436,0.010090,0.154441,0.410488,0.124029,0.508187
Pelag_MX_Whirlwind,0.914657,1.516667,-0.584408,0.249525,0.050587,54.493000,-0.078749,0.011019,0.154010,0.407242,0.117682,0.499343
Pelag_MX_Whirlwind,0.917983,1.516667,-0.587366,0.250601,0.049889,54.675120,-0.078805,0.012055,0.153750,0.404182,0.112127,0.491324
Pelag_MX_Whirlwind,0.921309,1.516667,-0.589765,0.251722,0.048962,54.826740,-0.078656,0.013434,0.153414,0.401694,0.107017,0.483328
Pelag_MX_Whirlwind,0.924635,1.516667,-0.591972,0.252710,0.047776,54.952140,-0.078717,0.014880,0.152957,0.399413,0.101958,0.474870
Pelag_MX_Whirlwind,0.927961,1.516667,-0.593977,0.253557,0.046309,55.055530,-0.078971,0.016222,0.152416,0.397293,0.096877,0.465701
Pelag_MX_Whirlwind,0.931287,1.516667,-0.595767,0.254255,0.044538,55.141130,-0.079396,0.017293,0.151836,0.395270,0.091701,0.455572
Pelag_MX_Whirlwind,0.934613,1.516667,-0.597082,0.254822,0.042600,55.213980,-0.079714,0.017964,0.151406,0.393520,0.086398,0.444435
Pelag_MX_Whirlwind,0.937939,1.516667,-0.597953,0.255412,0.040804,55.287190,-0.079796,0.018373,0.151331,0.392052,0.081207,0.432863
Pelag_MX_Whirlwind,0.941265,1.516667,-0.598885,0.256061,0.039044,55.367820,-0.080001,0.018582,0.151390,0.390354,0.076216,0.420873
Pelag_MX_Whirlwind,0.944591,1.516667,-0.599913,0.256792,0.037383,55.460780,-0.080239,0.018623,0.151549,0.388364,0.071465,0.408559
Pelag_MX_Whirlwind,0.947917,1.516667,-0.601074,0.257625,0.035884,55.570970,-0.080416,0.018531,0.151776,0.386029,0.066984,0.396013
Pelag_MX_Whirlwind,0.951243,1.516667,-0.602235,0.258555,0.034800,55.703290,-0.080287,0.018309,0.152230,0.383468,0.062757,0.383493
Pelag_MX_Whirlwind,0.954569,1.516667,-0.603297,0.259576,0.034328,55.862640,-0.079860,0.017928,0.153071,0.380804,0.058664,0.370969
Pelag_MX_Whirlwind,0.957895,1.516667,-0.604561,0.260749,0.034215,56.053970,-0.079481,0.017468,0.153885,0.377853,0.054791,0.358183
Pelag_MX_Whirlwind,0.961221,1.516667,-0.606059,0.262097,0.034525,56.282160,-0.079181,0.016972,0.154546,0.374715,0.051217,0.345265
Pelag_MX_Whirlwind,0.964547,1.516667,-0.607823,0.263643,0.035323,56.552130,-0.078995,0.016485,0.154922,0.371497,0.048012,0.332344
Pelag_MX_Whirlwind,0.967873,1.516667,-0.609858,0.265396,0.036637,56.865540,-0.078946,0.016043,0.154916,0.368289,0.045213,0.319523
Pelag_MX_Whirlwind,0.971199,1.516667,-0.611947,0.267220,0.038078,57.189260,-0.078885,0.015637,0.154811,0.364907,0.042602,0.306659
Pelag_MX_Whirlwind,0.974525,1.516667,-0.614009,0.269064,0.039505,57.511420,-0.078781,0.015281,0.154722,0.361375,0.040137,0.293713
Pelag_MX_Whirlwind,0.977851,1.516667,-0.616029,0.270916,0.040889,57.829600,-0.078652,0.015000,0.154672,0.357805,0.037844,0.280696
Pelag_MX_Whirlwind,0.981177,1.516667,-0.617988,0.272763,0.042199,58.141390,-0.078514,0.014820,0.154684,0.354310,0.035749,0.267611
Pelag_MX_Whirlwind,0.984503,1.516667,-0.619724,0.274554,0.043314,58.444370,-0.078237,0.014720,0.154685,0.351141,0.033834,0.254385
Pelag_MX_Whirlwind,0.987829,1.516667,-0.621096,0.276256,0.044108,58.736130,-0.077709,0.014607,0.154496,0.348322,0.032077,0.241118
Pelag_MX_Whirlwind,0.991155,1.516667,-0.622360,0.277929,0.044711,59.014240,-0.077230,0.014527,0.154258,0.345532,0.030531,0.228047
Pelag_MX_Whirlwind,0.994481,1.516667,-0.623502,0.279558,0.045092,59.276310,-0.076833,0.014475,0.153983,0.342766,0.029174,0.215194
Pelag_MX_Whirlwind,0.997807,1.516667,-0.624508,0.281131,0.045220,59.519920,-0.076550,0.014447,0.153683,0.340023,0.027985,0.202580
Pelag_MX_Whirlwind,1.001133,1.516667,-0.625364,0.282634,0.045064,59.742650,-0.076405,0.014441,0.153370,0.337312,0.026951,0.190218
Pelag_MX_Whirlwind,1.004459,1.516667,-0.626057,0.284053,0.044594,59.942120,-0.076289,0.014457,0.153071,0.334741,0.026120,0.178044
Pelag_MX_Whirlwind,1.007785,1.516667,-0.626571,0.285376,0.043778,60.115900,-0.076172,0.014494,0.152815,0.332290,0.025451,0.166067
Pelag_MX_Whirlwind,1.011111,1.516667,-0.626895,0.286590,0.042586,60.261550,-0.076062,0.014545,0.152631,0.329898,0.024879,0.154331
Pelag_MX_Whirlwind,1.014437,1.516667,-0.627012,0.287681,0.040986,60.376690,-0.075968,0.014606,0.152548,0.327504,0.024334,0.142876
Pelag_MX_Whirlwind,1.017763,1.516667,-0.626845,0.288595,0.038925,60.460050,-0.075827,0.014625,0.152546,0.325120,0.023699,0.131695
Pelag_MX_Whirlwind,1.021089,1.516667,-0.626447,0.289356,0.036570,60.526230,-0.075578,0.014556,0.152493,0.322740,0.022867,0.120689
Pelag_MX_Whirlwind,1.024415,1.516667,-0.626011,0.290085,0.034087,60.580980,-0.075371,0.014497,0.152441,0.320221,0.021944,0.109911
Pelag_MX_Whirlwind,1.027741,1.516667,-0.625539,0.290785,0.031490,60.625350,-0.075204,0.014449,0.152389,0.317589,0.020951,0.099353
Pelag_MX_Whirlwind,1.031067,1.516667,-0.625036,0.291457,0.028794,60.660400,-0.075076,0.014410,0.152337,0.314869,0.019907,0.089009
Pelag_MX_Whirlwind,1.034393,1.516667,-0.624502,0.292101,0.026013,60.687180,-0.074984,0.014381,0.152285,0.312099,0.018838,0.078868
Pelag_MX_Whirlwind,1.037719,1.516667,-0.623942,0.292720,0.023161,60.706740,-0.074925,0.014360,0.152231,0.309507,0.017862,0.068858
Pelag_MX_Whirlwind,1.041045,1.516667,-0.623357,0.293315,0.020253,60.720120,-0.074898,0.014346,0.152175,0.307195,0.017032,0.058960
Pelag_MX_Whirlwind,1.044371,1.516667,-0.622751,0.293885,0.017304,60.728390,-0.074897,0.014340,0.152118,0.305197,0.016373,0.049180
Pelag_MX_Whirlwind,1.047697,1.516667,-0.622125,0.294433,0.014329,60.732590,-0.074921,0.014341,0.152058,0.303551,0.015911,0.039524
Pelag_MX_Whirlwind,1.051023,1.516667,-0.621483,0.294960,0.011341,60.733790,-0.074964,0.014348,0.151994,0.302283,0.015662,0.029994
Pelag_MX_Whirlwind,1.054350,1.516667,-0.620827,0.295466,0.008355,60.733020,-0.075022,0.014361,0.151927,0.301295,0.015553,0.020503
Pelag_MX_Whirlwind,1.057675,1.516667,-0.620160,0.295952,0.005386,60.731350,-0.075091,0.014379,0.151856,0.300531,0.015544,0.011023
Pelag_MX_Whirlwind,1.061002,1.516667,-0.619484,0.296420,0.002449,60.729820,-0.075165,0.014401,0.151781,0.299973,0.015621,0.001564
Pelag_MX_Whirlwind,1.064328,1.516667,-0.618804,0.296870,-0.000443,60.729510,-0.075239,0.014428,0.151702,0.299600,0.015770,-0.007868
Pelag_MX_Whirlwind,1.067654,1.516667,-0.618120,0.297302,-0.003275,60.731450,-0.075307,0.014459,0.151619,0.299389,0.015979,-0.017264
Pelag_MX_Whirlwind,1.070980,1.516667,-0.617437,0.297718,-0.006033,60.736680,-0.075369,0.014495,0.151540,0.299321,0.016233,-0.026618
Pelag_MX_Whirlwind,1.074306,1.516667,-0.616756,0.298119,-0.008701,60.746300,-0.075416,0.014539,0.151466,0.299372,0.016516,-0.035921
Pelag_MX_Whirlwind,1.077632,1.516667,-0.616081,0.298505,-0.011266,60.761340,-0.075438,0.014591,0.151396,0.299520,0.016815,-0.045165
Pelag_MX_Whirlwind,1.080958,1.516667,-0.615414,0.298877,-0.013713,60.782850,-0.075425,0.014652,0.151328,0.299744,0.017111,-0.054342
Pelag_MX_Whirlwind,1.084284,1.516667,-0.614759,0.299236,-0.016028,60.811900,-0.075372,0.014724,0.151265,0.300023,0.017394,-0.063438
Pelag_MX_Whirlwind,1.087610,1.516667,-0.614117,0.299584,-0.018196,60.849560,-0.075390,0.014797,0.151280,0.300410,0.017729,-0.072318
Pelag_MX_Whirlwind,1.090936,1.516667,-0.613491,0.299920,-0.020202,60.896860,-0.075512,0.014870,0.151391,0.300896,0.018114,-0.080926
Pelag_MX_Whirlwind,1.094262,1.516667,-0.612884,0.300247,-0.022033,60.954880,-0.075724,0.014947,0.151596,0.301443,0.018518,-0.089254
Pelag_MX_Whirlwind,1.097588,1.516667,-0.612298,0.300564,-0.023674,61.024660,-0.076015,0.015030,0.151888,0.302011,0.018906,-0.097292
Pelag_MX_Whirlwind,1.100914,1.516667,-0.611735,0.300875,-0.025114,61.107190,-0.076372,0.015120,0.152259,0.302565,0.019246,-0.105035
Pelag_MX_Whirlwind,1.104240,1.516667,-0.611190,0.301186,-0.026416,61.201360,-0.076781,0.015210,0.152616,0.303075,0.019523,-0.112545
Pelag_MX_Whirlwind,1.107566,1.516667,-0.610658,0.301497,-0.027614,61.305890,-0.077226,0.015294,0.152916,0.303520,0.019717,-0.119837
Pelag_MX_Whirlwind,1.110892,1.516667,-0.610133,0.301806,-0.028713,61.420020,-0.077690,0.015374,0.153145,0.303877,0.019802,-0.126895
Pelag_MX_Whirlwind,1.114218,1.516667,-0.609610,0.302109,-0.029723,61.542930,-0.078156,0.015449,0.153290,0.304123,0.019748,-0.133707
Pelag_MX_Whirlwind,1.117544,1.516667,-0.609016,0.302353,-0.030638,61.673850,-0.078543,0.015468,0.153357,0.304311,0.019483,-0.140240
Pelag_MX_Whirlwind,1.120870,1.516667,-0.608224,0.302464,-0.031452,61.811990,-0.078747,0.015362,0.153409,0.304699,0.018980,-0.146405
Pelag_MX_Whirlwind,1.124196,1.516667,-0.607418,0.302585,-0.032221,61.956530,-0.078964,0.015277,0.153427,0.305126,0.018410,-0.152227
Pelag_MX_Whirlwind,1.127522,1.516667,-0.606592,0.302713,-0.032954,62.106710,-0.079189,0.015214,0.153417,0.305549,0.017777,-0.157715
Pelag_MX_Whirlwind,1.130848,1.516667,-0.605742,0.302844,-0.033660,62.261750,-0.079419,0.015174,0.153383,0.305923,0.017083,-0.162880
Pelag_MX_Whirlwind,1.134174,1.516667,-0.604863,0.302976,-0.034347,62.420810,-0.079651,0.015157,0.153330,0.306204,0.016331,-0.167734
Pelag_MX_Whirlwind,1.137500,1.516667,-0.603951,0.303104,-0.035025,62.583140,-0.079879,0.015164,0.153263,0.306349,0.015521,-0.172290
Pelag_MX_Whirlwind,1.140826,1.516667,-0.603002,0.303227,-0.035702,62.747940,-0.080102,0.015195,0.153186,0.306315,0.014654,-0.176563
Pelag_MX_Whirlwind,1.144152,1.516667,-0.602010,0.303340,-0.036388,62.914430,-0.080315,0.015252,0.153103,0.306058,0.013733,-0.180570
Pelag_MX_Whirlwind,1.147478,1.516667,-0.600973,0.303440,-0.037092,63.081790,-0.080516,0.015334,0.153019,0.305535,0.012758,-0.184328
Pelag_MX_Whirlwind,1.150804,1.516667,-0.599779,0.303481,-0.037836,63.249250,-0.080594,0.015401,0.152924,0.304790,0.011664,-0.187884
Pelag_MX_Whirlwind,1.154130,1.516667,-0.598218,0.303371,-0.038652,63.416030,-0.080340,0.015365,0.152798,0.303558,0.009911,-0.191523
Pelag_MX_Whirlwind,1.157456,1.516667,-0.596628,0.303243,-0.039506,63.581300,-0.080096,0.015361,0.152690,0.301592,0.007796,-0.195140
Pelag_MX_Whirlwind,1.160782,1.516667,-0.595007,0.303092,-0.040407,63.744310,-0.079858,0.015391,0.152601,0.299258,0.005756,-0.198519
Pelag_MX_Whirlwind,1.164108,1.516667,-0.593351,0.302915,-0.041364,63.904250,-0.079625,0.015455,0.152535,0.296933,0.004218,-0.201440
Pelag_MX_Whirlwind,1.167434,1.516667,-0.591549,0.302611,-0.042400,64.060340,-0.079288,0.015457,0.152481,0.295078,0.003507,-0.203700
Pelag_MX_Whirlwind,1.170760,1.516667,-0.589345,0.301949,-0.043554,64.211760,-0.078607,0.015156,0.152407,0.293499,0.003522,-0.205290
Pelag_MX_Whirlwind,1.174086,1.516667,-0.587097,0.301251,-0.044793,64.357750,-0.077951,0.014864,0.152355,0.291751,0.004300,-0.206400
Pelag_MX_Whirlwind,1.177412,1.516667,-0.584799,0.300514,-0.046125,64.497510,-0.077326,0.014571,0.152319,0.290082,0.005497,-0.207276
Pelag_MX_Whirlwind,1.180738,1.516667,-0.582448,0.299734,-0.047559,64.630220,-0.076737,0.014264,0.152292,0.288745,0.006703,-0.208128
Pelag_MX_Whirlwind,1.184064,1.516667,-0.580108,0.298968,-0.049055,64.755110,-0.076258,0.013994,0.152320,0.287939,0.007534,-0.209073
Pelag_MX_Whirlwind,1.187390,1.516667,-0.577947,0.298355,-0.050495,64.871380,-0.076068,0.013894,0.152523,0.287710,0.008319,-0.209950
Pelag_MX_Whirlwind,1.190717,1.516667,-0.575734,0.297674,-0.052066,64.978230,-0.075947,0.013734,0.152716,0.288052,0.008990,-0.210805
Pelag_MX_Whirlwind,1.194042,1.516667,-0.573466,0.296921,-0.053776,65.074840,-0.075903,0.013505,0.152892,0.288630,0.009487,-0.211541
Pelag_MX_Whirlwind,1.197369,1.516667,-0.571139,0.296092,-0.055635,65.160430,-0.075945,0.013198,0.153042,0.289113,0.009754,-0.212057
Pelag_MX_Whirlwind,1.200695,1.516667,-0.568754,0.295191,-0.057650,65.234660,-0.076076,0.012803,0.153154,0.289182,0.009739,-0.212259
Pelag_MX_Whirlwind,1.204021,1.516667,-0.566445,0.294351,-0.059784,65.310760,-0.076160,0.012309,0.153198,0.288810,0.009310,-0.212559
Pelag_MX_Whirlwind,1.207347,1.516667,-0.564269,0.293630,-0.062026,65.392750,-0.076168,0.011782,0.153214,0.288226,0.008610,-0.213096
Pelag_MX_Whirlwind,1.210673,1.516667,-0.562221,0.293024,-0.064390,65.477560,-0.076151,0.011310,0.153270,0.287611,0.007883,-0.213760
Pelag_MX_Whirlwind,1.213999,1.516667,-0.560294,0.292525,-0.066887,65.562150,-0.076163,0.010975,0.153437,0.287115,0.007356,-0.214439
Pelag_MX_Whirlwind,1.217325,1.516667,-0.558539,0.292007,-0.069502,65.643440,-0.076314,0.010733,0.153811,0.286778,0.007123,-0.215008
Pelag_MX_Whirlwind,1.220651,1.516667,-0.557122,0.291104,-0.072163,65.718380,-0.076719,0.010252,0.154397,0.285882,0.006713,-0.215556
Pelag_MX_Whirlwind,1.223977,1.516667,-0.555795,0.290308,-0.074995,65.783940,-0.077129,0.009985,0.154957,0.284700,0.006535,-0.216176
Pelag_MX_Whirlwind,1.227303,1.516667,-0.554553,0.289614,-0.078010,65.837040,-0.077583,0.009884,0.155399,0.283656,0.006606,-0.216725
Pelag_MX_Whirlwind,1.230629,1.516667,-0.553387,0.289017,-0.081221,65.874600,-0.078116,0.009909,0.155627,0.283183,0.006916,-0.217089
Pelag_MX_Whirlwind,1.233955,1.516667,-0.552381,0.288422,-0.084556,65.893550,-0.078852,0.009939,0.155628,0.283606,0.007336,-0.217091
Pelag_MX_Whirlwind,1.237281,1.516667,-0.551832,0.287525,-0.087738,65.890820,-0.080036,0.009645,0.155621,0.284305,0.007524,-0.216526
Pelag_MX_Whirlwind,1.240607,1.516667,-0.551337,0.286710,-0.091155,65.863310,-0.081136,0.009388,0.155285,0.285325,0.007846,-0.215883
Pelag_MX_Whirlwind,1.243933,1.516667,-0.550887,0.285972,-0.094819,65.807910,-0.082027,0.009145,0.154697,0.286575,0.008283,-0.215214
Pelag_MX_Whirlwind,1.247259,1.516667,-0.550472,0.285306,-0.098745,65.721470,-0.082598,0.008895,0.153942,0.287970,0.008815,-0.214572
Pelag_MX_Whirlwind,1.250585,1.516667,-0.550164,0.284620,-0.102929,65.600900,-0.082833,0.008539,0.153135,0.289344,0.009333,-0.213990
Pelag_MX_Whirlwind,1.253911,1.516667,-0.550246,0.283594,-0.107324,65.443020,-0.083024,0.007841,0.152777,0.290322,0.009501,-0.213454
Pelag_MX_Whirlwind,1.257237,1.516667,-0.550331,0.282625,-0.112022,65.244660,-0.082868,0.007282,0.152876,0.291200,0.009696,-0.213086
Pelag_MX_Whirlwind,1.260563,1.516667,-0.550408,0.281705,-0.117036,65.002660,-0.082425,0.006894,0.153280,0.291902,0.009894,-0.212932
Pelag_MX_Whirlwind,1.263889,1.516667,-0.550463,0.280831,-0.122380,64.713800,-0.081745,0.006675,0.153833,0.292357,0.010072,-0.213036
Pelag_MX_Whirlwind,1.267215,1.516667,-0.550481,0.279963,-0.127970,64.375050,-0.080890,0.006566,0.154441,0.292497,0.010176,-0.213341
Pelag_MX_Whirlwind,1.270541,1.516667,-0.550448,0.278947,-0.133312,63.992260,-0.080646,0.006347,0.154436,0.292403,0.010051,-0.213324
Pelag_MX_Whirlwind,1.273867,1.516667,-0.550356,0.277931,-0.138793,63.574920,-0.081214,0.006236,0.153471,0.292181,0.009847,-0.213383
Pelag_MX_Whirlwind,1.277193,1.516667,-0.550215,0.276918,-0.144357,63.129910,-0.082276,0.006267,0.152440,0.291868,0.009567,-0.213506
Pelag_MX_Whirlwind,1.280519,1.516667,-0.550039,0.275915,-0.149947,62.664170,-0.083444,0.006358,0.152247,0.291503,0.009213,-0.213679
Pelag_MX_Whirlwind,1.283845,1.516667,-0.549808,0.275044,-0.155455,62.184650,-0.084245,0.006448,0.153832,0.291153,0.008902,-0.213839
Pelag_MX_Whirlwind,1.287171,1.516667,-0.549397,0.274835,-0.160594,61.698270,-0.084482,0.006934,0.156958,0.290997,0.009158,-0.213739
Pelag_MX_Whirlwind,1.290497,1.516667,-0.548998,0.274652,-0.165589,61.212020,-0.084536,0.007155,0.160812,0.290890,0.009337,-0.213646
Pelag_MX_Whirlwind,1.293823,1.516667,-0.548632,0.274503,-0.170385,60.732850,-0.084534,0.007116,0.165433,0.290861,0.009436,-0.213541
Pelag_MX_Whirlwind,1.297149,1.516667,-0.548321,0.274395,-0.174926,60.267740,-0.084621,0.006837,0.170865,0.290940,0.009447,-0.213408
Pelag_MX_Whirlwind,1.300475,1.516667,-0.548071,0.274418,-0.179151,59.823620,-0.084932,0.006435,0.177144,0.291164,0.009452,-0.213223
Pelag_MX_Whirlwind,1.303801,1.516667,-0.547822,0.275005,-0.182978,59.407460,-0.085236,0.006246,0.183917,0.291425,0.009848,-0.213047
Pelag_MX_Whirlwind,1.307127,1.516667,-0.547702,0.275657,-0.186383,59.026240,-0.085474,0.005834,0.191130,0.291489,0.010113,-0.212983
Pelag_MX_Whirlwind,1.310453,1.516667,-0.547736,0.276382,-0.189311,58.686860,-0.085646,0.005391,0.199066,0.291342,0.010248,-0.213048
Pelag_MX_Whirlwind,1.313779,1.516667,-0.547951,0.277191,-0.191706,58.396280,-0.085788,0.005119,0.207998,0.290966,0.010248,-0.213258
Pelag_MX_Whirlwind,1.317105,1.516667,-0.548331,0.278126,-0.193535,58.161030,-0.085915,0.005279,0.218155,0.290388,0.010146,-0.213646
Pelag_MX_Whirlwind,1.320431,1.516667,-0.548509,0.279268,-0.195183,57.956930,-0.085719,0.006142,0.229300,0.290073,0.010221,-0.214220
Pelag_MX_Whirlwind,1.323757,1.516667,-0.548652,0.280328,-0.196712,57.766390,-0.085441,0.007428,0.241136,0.289922,0.010310,-0.214757
Pelag_MX_Whirlwind,1.327083,1.516667,-0.548762,0.281307,-0.198130,57.588900,-0.085137,0.009093,0.253312,0.289944,0.010411,-0.215222
Pelag_MX_Whirlwind,1.330409,1.516667,-0.548839,0.282208,-0.199440,57.423990,-0.084838,0.011055,0.265481,0.290147,0.010524,-0.215582
Pelag_MX_Whirlwind,1.333735,1.516667,-0.548885,0.283031,-0.200651,57.271160,-0.084547,0.013204,0.277325,0.290538,0.010649,-0.215805
Pelag_MX_Whirlwind,1.337062,1.516667,-0.548900,0.283779,-0.201766,57.129910,-0.084331,0.015906,0.289227,0.290987,0.010759,-0.216004
Pelag_MX_Whirlwind,1.340387,1.516667,-0.548885,0.284452,-0.202793,56.999760,-0.084150,0.019261,0.301120,0.291401,0.010838,-0.216270
Pelag_MX_Whirlwind,1.343714,1.516667,-0.548840,0.285053,-0.203736,56.880200,-0.083889,0.022939,0.312466,0.291769,0.010884,-0.216610
Pelag_MX_Whirlwind,1.347040,1.516667,-0.548767,0.285583,-0.204603,56.770720,-0.083456,0.026510,0.322791,0.292081,0.010898,-0.217031
Pelag_MX_Whirlwind,1.350366,1.516667,-0.548683,0.286059,-0.205350,56.670840,-0.082798,0.029491,0.331751,0.292309,0.010895,-0.217488
Pelag_MX_Whirlwind,1.353692,1.516667,-0.548711,0.286601,-0.205635,56.580030,-0.081950,0.031978,0.340081,0.292390,0.010994,-0.217587
Pelag_MX_Whirlwind,1.357018,1.516667,-0.548713,0.287107,-0.205877,56.497780,-0.080902,0.034152,0.347913,0.292505,0.011085,-0.217703
Pelag_MX_Whirlwind,1.360344,1.516667,-0.548691,0.287577,-0.206081,56.423610,-0.079870,0.036143,0.355427,0.292652,0.011169,-0.217840
Pelag_MX_Whirlwind,1.363670,1.516667,-0.548643,0.288014,-0.206253,56.356980,-0.079077,0.038098,0.362786,0.292832,0.011245,-0.218001
Pelag_MX_Whirlwind,1.366996,1.516667,-0.548584,0.288423,-0.206365,56.297370,-0.078758,0.040174,0.370173,0.293030,0.011317,-0.218154
Pelag_MX_Whirlwind,1.370322,1.516667,-0.548628,0.288833,-0.206137,56.244300,-0.079079,0.042313,0.377740,0.293133,0.011415,-0.218016
Pelag_MX_Whirlwind,1.373648,1.516667,-0.548647,0.289214,-0.205897,56.197220,-0.079741,0.044323,0.384984,0.293268,0.011503,-0.217912
Pelag_MX_Whirlwind,1.376974,1.516667,-0.548641,0.289567,-0.205650,56.155630,-0.080585,0.046158,0.391852,0.293435,0.011584,-0.217844
Pelag_MX_Whirlwind,1.380300,1.516667,-0.548610,0.289894,-0.205402,56.119010,-0.081449,0.047769,0.398295,0.293633,0.011658,-0.217815
Pelag_MX_Whirlwind,1.383626,1.516667,-0.548582,0.290192,-0.205142,56.086830,-0.082195,0.049096,0.404285,0.293836,0.011720,-0.217807
Pelag_MX_Whirlwind,1.386952,1.516667,-0.548801,0.290422,-0.204690,56.058580,-0.083127,0.050034,0.409988,0.293798,0.011731,-0.217641
Pelag_MX_Whirlwind,1.390278,1.516667,-0.548995,0.290630,-0.204257,56.033740,-0.084096,0.050596,0.415244,0.293791,0.011735,-0.217522
Pelag_MX_Whirlwind,1.393604,1.516667,-0.549165,0.290817,-0.203850,56.011780,-0.085108,0.050775,0.420096,0.293815,0.011734,-0.217453
Pelag_MX_Whirlwind,1.396930,1.516667,-0.549309,0.290985,-0.203474,55.992180,-0.086172,0.050571,0.424587,0.293870,0.011727,-0.217436
Pelag_MX_Whirlwind,1.400256,1.516667,-0.549447,0.291136,-0.203115,55.974420,-0.087314,0.049987,0.428776,0.293939,0.011716,-0.217454
Pelag_MX_Whirlwind,1.403582,1.516667,-0.549765,0.291276,-0.202548,55.957980,-0.088730,0.049033,0.432933,0.293833,0.011706,-0.217277
Pelag_MX_Whirlwind,1.406908,1.516667,-0.550058,0.291401,-0.202033,55.942330,-0.090222,0.047713,0.436841,0.293759,0.011692,-0.217160
Pelag_MX_Whirlwind,1.410234,1.516667,-0.550326,0.291513,-0.201575,55.926960,-0.091796,0.046040,0.440534,0.293715,0.011677,-0.217106
Pelag_MX_Whirlwind,1.413560,1.516667,-0.550568,0.291613,-0.201182,55.911330,-0.093460,0.044029,0.444045,0.293703,0.011661,-0.217117
Pelag_MX_Whirlwind,1.416886,1.516667,-0.550793,0.291701,-0.200831,55.894940,-0.095222,0.041694,0.447435,0.293716,0.011642,-0.217168
Pelag_MX_Whirlwind,1.420212,1.516667,-0.551100,0.291767,-0.200167,55.877250,-0.097024,0.038725,0.451100,0.293652,0.011610,-0.216899
Pelag_MX_Whirlwind,1.423538,1.516667,-0.551382,0.291825,-0.199587,55.857750,-0.098635,0.035200,0.454489,0.293620,0.011580,-0.216702
Pelag_MX_Whirlwind,1.426864,1.516667,-0.551637,0.291878,-0.199097,55.835900,-0.100080,0.031520,0.457388,0.293622,0.011552,-0.216580
Pelag_MX_Whirlwind,1.430190,1.516667,-0.551866,0.291928,-0.198704,55.811200,-0.101411,0.028036,0.459610,0.293656,0.011530,-0.216535
Pelag_MX_Whirlwind,1.433516,1.516667,-0.552082,0.291976,-0.198409,55.783120,-0.102725,0.025053,0.461003,0.293710,0.011513,-0.216565
Pelag_MX_Whirlwind,1.436842,1.516667,-0.552482,0.292003,-0.198156,55.747810,-0.104160,0.022634,0.461894,0.293598,0.011510,-0.216546
Pelag_MX_Whirlwind,1.440168,1.516667,-0.552816,0.291982,-0.198023,55.702800,-0.105376,0.020626,0.462533,0.293580,0.011520,-0.216514
Pelag_MX_Whirlwind,1.443494,1.516667,-0.553084,0.291913,-0.198002,55.648600,-0.106387,0.018959,0.462982,0.293655,0.011542,-0.216469
Pelag_MX_Whirlwind,1.446820,1.516667,-0.553287,0.291794,-0.198084,55.585730,-0.107203,0.017570,0.463296,0.293823,0.011576,-0.216410
Pelag_MX_Whirlwind,1.450146,1.516667,-0.553436,0.291625,-0.198266,55.514700,-0.107844,0.016401,0.463522,0.294073,0.011625,-0.216344
Pelag_MX_Whirlwind,1.453472,1.516667,-0.553746,0.291418,-0.198661,55.436030,-0.108530,0.015407,0.463590,0.294191,0.011700,-0.216393
Pelag_MX_Whirlwind,1.456798,1.516667,-0.553994,0.291157,-0.199134,55.350230,-0.109042,0.014519,0.463676,0.294401,0.011789,-0.216430
Pelag_MX_Whirlwind,1.460124,1.516667,-0.554179,0.290843,-0.199674,55.257810,-0.109382,0.013680,0.463829,0.294703,0.011893,-0.216452
Pelag_MX_Whirlwind,1.463450,1.516667,-0.554304,0.290473,-0.200274,55.159280,-0.109550,0.012831,0.464097,0.295096,0.012012,-0.216462
Pelag_MX_Whirlwind,1.466776,1.516667,-0.554374,0.290046,-0.200928,55.055150,-0.109549,0.011915,0.464525,0.295572,0.012146,-0.216463
Pelag_MX_Whirlwind,1.470102,1.516667,-0.554565,0.289552,-0.201735,54.945920,-0.109399,0.010929,0.465085,0.295831,0.012242,-0.216556
Pelag_MX_Whirlwind,1.473428,1.516667,-0.554698,0.288999,-0.202575,54.832080,-0.108929,0.009947,0.465813,0.295951,0.012274,-0.216629
Pelag_MX_Whirlwind,1.476754,1.516667,-0.554773,0.288386,-0.203440,54.714180,-0.108354,0.008997,0.466530,0.295950,0.012248,-0.216689
Pelag_MX_Whirlwind,1.480080,1.516667,-0.554791,0.287711,-0.204319,54.592690,-0.107891,0.008100,0.467064,0.295842,0.012172,-0.216743
Pelag_MX_Whirlwind,1.483407,1.516667,-0.554758,0.286973,-0.205205,54.468120,-0.107767,0.007274,0.467241,0.295639,0.012052,-0.216798
Pelag_MX_Whirlwind,1.486733,1.516667,-0.554868,0.286186,-0.206123,54.340970,-0.108168,0.006528,0.467012,0.295178,0.011908,-0.216870
Pelag_MX_Whirlwind,1.490059,1.516667,-0.554924,0.285333,-0.207029,54.211740,-0.108728,0.005860,0.466585,0.294682,0.011725,-0.216908
Pelag_MX_Whirlwind,1.493385,1.516667,-0.554928,0.284413,-0.207915,54.080930,-0.109401,0.005319,0.466082,0.294169,0.011510,-0.216914
Pelag_MX_Whirlwind,1.496711,1.516667,-0.554881,0.283425,-0.208772,53.949060,-0.110140,0.004953,0.465629,0.293655,0.011269,-0.216892
Pelag_MX_Whirlwind,1.500037,1.516667,-0.554785,0.282366,-0.209591,53.816620,-0.110899,0.004807,0.465349,0.293155,0.011009,-0.216846
Pelag_MX_Whirlwind,1.503363,1.516667,-0.554734,0.281274,-0.210368,53.684100,-0.111762,0.004766,0.465074,0.292593,0.010776,-0.216782
Pelag_MX_Whirlwind,1.506689,1.516667,-0.554637,0.280109,-0.211088,53.552020,-0.112613,0.004643,0.464658,0.292080,0.010537,-0.216700
Pelag_MX_Whirlwind,1.510015,1.516667,-0.554494,0.278869,-0.211744,53.420870,-0.113388,0.004480,0.464229,0.291632,0.010300,-0.216602
Pelag_MX_Whirlwind,1.513341,1.516667,-0.554307,0.277553,-0.212327,53.291150,-0.114025,0.004312,0.463915,0.291265,0.010069,-0.216491
Pelag_MX_Whirlwind,1.516667,1.516667,-0.554077,0.276159,-0.212827,53.163380,-0.114463,0.004175,0.463841,0.290996,0.009854,-0.216369
Pelag_Saber_A_Timed,0.000000,0.640000,-0.549207,0.264004,-0.200509,50.496680,-0.112450,0.007673,0.466202,0.291052,0.011150,-0.214914
Pelag_Saber_A_Timed,0.003333,0.640000,-0.549325,0.263975,-0.199751,50.576060,-0.112503,0.007693,0.466376,0.290988,0.011171,-0.214727
Pelag_Saber_A_Timed,0.006667,0.640000,-0.549442,0.263947,-0.198993,50.655440,-0.112555,0.007714,0.466551,0.290925,0.011193,-0.214540
Pelag_Saber_A_Timed,0.010000,0.640000,-0.549522,0.263718,-0.197869,50.770590,-0.112649,0.007659,0.466876,0.290833,0.011136,-0.214233
Pelag_Saber_A_Timed,0.013333,0.640000,-0.549523,0.263468,-0.196256,50.932760,-0.112801,0.007778,0.467421,0.290707,0.011250,-0.213758
Pelag_Saber_A_Timed,0.016667,0.640000,-0.549479,0.263018,-0.194276,51.130620,-0.112992,0.007827,0.468119,0.290559,0.011289,-0.213160
Pelag_Saber_A_Timed,0.020000,0.640000,-0.549465,0.262463,-0.191933,51.366030,-0.113209,0.007818,0.468918,0.290393,0.011264,-0.212461
Pelag_Saber_A_Timed,0.023333,0.640000,-0.549268,0.261889,-0.189522,51.603290,-0.113467,0.008000,0.469856,0.290254,0.011421,-0.211666
Pelag_Saber_A_Timed,0.026667,0.640000,-0.549092,0.261210,-0.186748,51.877980,-0.113749,0.008131,0.470898,0.290103,0.011519,-0.210767
Pelag_Saber_A_Timed,0.030000,0.640000,-0.549618,0.260877,-0.182715,52.299170,-0.113993,0.008116,0.471883,0.289837,0.011477,-0.209776
Pelag_Saber_A_Timed,0.033333,0.640000,-0.550887,0.261078,-0.177336,52.876300,-0.114296,0.008143,0.472741,0.289466,0.011441,-0.208685
Pelag_Saber_A_Timed,0.036667,0.640000,-0.552790,0.261620,-0.170672,53.600360,-0.114570,0.008061,0.473587,0.289029,0.011302,-0.207521
Pelag_Saber_A_Timed,0.040000,0.640000,-0.555730,0.262798,-0.162019,54.553120,-0.114486,0.007712,0.474557,0.288495,0.011043,-0.206368
Pelag_Saber_A_Timed,0.043333,0.640000,-0.560014,0.264901,-0.150513,55.829600,-0.113562,0.006940,0.475954,0.287870,0.010724,-0.205361
Pelag_Saber_A_Timed,0.046667,0.640000,-0.565057,0.267636,-0.136899,57.335640,-0.112301,0.005997,0.477537,0.287274,0.010410,-0.204492
Pelag_Saber_A_Timed,0.050000,0.640000,-0.570003,0.270631,-0.122921,58.869300,-0.111865,0.005520,0.478671,0.286827,0.010263,-0.203608
Pelag_Saber_A_Timed,0.053333,0.640000,-0.574706,0.273839,-0.109006,60.384080,-0.112431,0.005522,0.479242,0.286554,0.010290,-0.202665
Pelag_Saber_A_Timed,0.056667,0.640000,-0.579282,0.277309,-0.094726,61.926570,-0.113868,0.006053,0.479506,0.286434,0.010510,-0.201763
Pelag_Saber_A_Timed,0.060000,0.640000,-0.583454,0.280814,-0.080612,63.434930,-0.116841,0.007795,0.479425,0.286441,0.011030,-0.200883
Pelag_Saber_A_Timed,0.063333,0.640000,-0.587243,0.282501,-0.066529,64.921540,-0.121954,0.009602,0.478919,0.286506,0.010052,-0.199951
Pelag_Saber_A_Timed,0.066667,0.640000,-0.590666,0.284229,-0.052624,66.375500,-0.128449,0.012966,0.478123,0.286668,0.009372,-0.199049
Pelag_Saber_A_Timed,0.070000,0.640000,-0.593562,0.285842,-0.039889,67.699450,-0.134968,0.016827,0.477249,0.287022,0.008925,-0.198313
Pelag_Saber_A_Timed,0.073333,0.640000,-0.595998,0.287553,-0.028486,68.879370,-0.141272,0.021173,0.476298,0.287549,0.008914,-0.197750
Pelag_Saber_A_Timed,0.076667,0.640000,-0.598078,0.289152,-0.018297,69.928860,-0.147582,0.025905,0.475150,0.288191,0.009058,-0.197265
Pelag_Saber_A_Timed,0.080000,0.640000,-0.599800,0.290546,-0.009910,70.790820,-0.153415,0.030139,0.473825,0.288956,0.009216,-0.196782
Pelag_Saber_A_Timed,0.083333,0.640000,-0.601206,0.291886,-0.003777,71.420940,-0.158608,0.033590,0.472322,0.289811,0.009500,-0.196249
Pelag_Saber_A_Timed,0.086667,0.640000,-0.602412,0.293026,0.000525,71.863120,-0.163463,0.036258,0.470544,0.290739,0.009725,-0.195614
Pelag_Saber_A_Timed,0.090000,0.640000,-0.603506,0.294042,0.003721,72.192200,-0.168250,0.038245,0.468403,0.291779,0.009930,-0.194803
Pelag_Saber_A_Timed,0.093333,0.640000,-0.604522,0.295046,0.005768,72.404390,-0.173014,0.039548,0.465845,0.292939,0.010193,-0.193786
Pelag_Saber_A_Timed,0.096667,0.640000,-0.605459,0.295925,0.006700,72.503340,-0.177743,0.040098,0.462835,0.294195,0.010416,-0.192557
Pelag_Saber_A_Timed,0.100000,0.640000,-0.606320,0.296697,0.007365,72.575010,-0.182591,0.040253,0.459349,0.295547,0.010673,-0.191109
Pelag_Saber_A_Timed,0.103333,0.640000,-0.607086,0.297420,0.008089,72.652670,-0.187658,0.040142,0.455240,0.297019,0.011080,-0.189384
Pelag_Saber_A_Timed,0.106667,0.640000,-0.607777,0.298034,0.008543,72.703040,-0.192811,0.039659,0.450567,0.298578,0.011523,-0.187433
Pelag_Saber_A_Timed,0.110000,0.640000,-0.608445,0.298606,0.008593,72.712210,-0.197860,0.039049,0.445666,0.300132,0.011952,-0.185432
Pelag_Saber_A_Timed,0.113333,0.640000,-0.609096,0.299201,0.008236,72.680020,-0.202766,0.038404,0.440577,0.301664,0.012416,-0.183404
Pelag_Saber_A_Timed,0.116667,0.640000,-0.609723,0.299755,0.007475,72.606740,-0.207548,0.037624,0.435214,0.303186,0.012862,-0.181318
Pelag_Saber_A_Timed,0.120000,0.640000,-0.610361,0.300313,0.006178,72.479150,-0.212120,0.036817,0.429779,0.304654,0.013256,-0.179268
Pelag_Saber_A_Timed,0.123333,0.640000,-0.611008,0.300921,0.004352,72.297920,-0.216469,0.036030,0.424301,0.306061,0.013635,-0.177263
Pelag_Saber_A_Timed,0.126667,0.640000,-0.611656,0.301533,0.001990,72.062390,-0.220604,0.035195,0.418742,0.307413,0.013956,-0.175288
Pelag_Saber_A_Timed,0.130000,0.640000,-0.612327,0.302187,-0.001061,71.757180,-0.224496,0.034355,0.413232,0.308690,0.014195,-0.173397
Pelag_Saber_A_Timed,0.133333,0.640000,-0.613009,0.302924,-0.004769,71.385630,-0.228150,0.033544,0.407776,0.309894,0.014392,-0.171587
Pelag_Saber_A_Timed,0.136667,0.640000,-0.613691,0.303703,-0.009171,70.944050,-0.231566,0.032704,0.402378,0.311028,0.014504,-0.169856
Pelag_Saber_A_Timed,0.140000,0.640000,-0.614381,0.304568,-0.014526,70.406340,-0.234712,0.031847,0.397178,0.312071,0.014494,-0.168263
Pelag_Saber_A_Timed,0.143333,0.640000,-0.615042,0.305499,-0.020767,69.778300,-0.237608,0.030960,0.392157,0.313009,0.014354,-0.166756
Pelag_Saber_A_Timed,0.146667,0.640000,-0.615657,0.306515,-0.027974,69.052960,-0.240245,0.030031,0.387356,0.313870,0.014097,-0.165386
Pelag_Saber_A_Timed,0.150000,0.640000,-0.616231,0.307717,-0.036636,68.184490,-0.242551,0.029060,0.383014,0.314709,0.013728,-0.164362
Pelag_Saber_A_Timed,0.153333,0.640000,-0.616662,0.309079,-0.046691,67.173500,-0.244529,0.028082,0.379178,0.315407,0.013200,-0.163524
Pelag_Saber_A_Timed,0.156667,0.640000,-0.616912,0.310625,-0.058224,66.016730,-0.246192,0.027045,0.375836,0.316121,0.012583,-0.163038
Pelag_Saber_A_Timed,0.160000,0.640000,-0.617012,0.312646,-0.071934,64.662800,-0.247480,0.025942,0.373144,0.317354,0.012187,-0.163593
Pelag_Saber_A_Timed,0.163333,0.640000,-0.616879,0.315280,-0.087953,63.107140,-0.248349,0.024812,0.371231,0.319390,0.012213,-0.165518
Pelag_Saber_A_Timed,0.166667,0.640000,-0.616265,0.318400,-0.106114,61.354690,-0.248797,0.023640,0.370000,0.322055,0.012558,-0.168451
Pelag_Saber_A_Timed,0.170000,0.640000,-0.614854,0.321908,-0.126645,59.368700,-0.248804,0.022358,0.369269,0.325198,0.013108,-0.172032
Pelag_Saber_A_Timed,0.173333,0.640000,-0.612443,0.325946,-0.149576,57.148050,-0.248303,0.021077,0.369152,0.329073,0.014113,-0.176493
Pelag_Saber_A_Timed,0.176667,0.640000,-0.608711,0.330358,-0.174724,54.695630,-0.247280,0.019770,0.369563,0.333586,0.015492,-0.181546
Pelag_Saber_A_Timed,0.180000,0.640000,-0.603085,0.334701,-0.202000,51.976660,-0.245837,0.018326,0.370039,0.338089,0.016753,-0.186092
Pelag_Saber_A_Timed,0.183333,0.640000,-0.595280,0.339174,-0.231448,48.982990,-0.243901,0.016933,0.370820,0.342978,0.018257,-0.190544
Pelag_Saber_A_Timed,0.186667,0.640000,-0.584895,0.343481,-0.262673,45.723230,-0.241559,0.015561,0.371736,0.348075,0.019819,-0.194471
Pelag_Saber_A_Timed,0.190000,0.640000,-0.571153,0.346552,-0.294977,42.175460,-0.239269,0.013977,0.371787,0.351867,0.020211,-0.195714
Pelag_Saber_A_Timed,0.193333,0.640000,-0.554061,0.348670,-0.327825,38.389050,-0.237060,0.012500,0.371313,0.354873,0.020004,-0.195016
Pelag_Saber_A_Timed,0.196667,0.640000,-0.532933,0.349309,-0.361175,34.305780,-0.235045,0.010992,0.370221,0.356746,0.018827,-0.192027
Pelag_Saber_A_Timed,0.200000,0.640000,-0.505588,0.346314,-0.394976,29.713210,-0.233842,0.008950,0.367137,0.354597,0.014560,-0.183684
Pelag_Saber_A_Timed,0.203333,0.640000,-0.470709,0.338359,-0.428306,24.537570,-0.233532,0.006081,0.361823,0.347353,0.006837,-0.169921
Pelag_Saber_A_Timed,0.206667,0.640000,-0.427907,0.326016,-0.459922,18.799940,-0.233498,0.003064,0.355478,0.336355,-0.002196,-0.153540
Pelag_Saber_A_Timed,0.210000,0.640000,-0.375983,0.309070,-0.488441,12.412270,-0.233188,0.000278,0.349291,0.322849,-0.010994,-0.136701
Pelag_Saber_A_Timed,0.213333,0.640000,-0.311377,0.285757,-0.511877,5.019041,-0.232122,-0.002185,0.344087,0.307876,-0.018499,-0.120616
Pelag_Saber_A_Timed,0.216667,0.640000,-0.237268,0.257699,-0.525330,356.939500,-0.229975,-0.003393,0.341572,0.296276,-0.021874,-0.108016
Pelag_Saber_A_Timed,0.220000,0.640000,-0.164607,0.229971,-0.526483,349.147000,-0.227304,-0.002732,0.342934,0.293176,-0.019763,-0.099791
Pelag_Saber_A_Timed,0.223333,0.640000,-0.095301,0.203200,-0.516547,341.630600,-0.224571,-0.000399,0.347804,0.298814,-0.012938,-0.093261
Pelag_Saber_A_Timed,0.226667,0.640000,-0.031434,0.178203,-0.497136,334.449800,-0.222170,0.003578,0.355612,0.312074,-0.002005,-0.086021
Pelag_Saber_A_Timed,0.230000,0.640000,0.016958,0.159243,-0.475451,328.700000,-0.220967,0.008047,0.363860,0.327352,0.009602,-0.078057
Pelag_Saber_A_Timed,0.233333,0.640000,0.047375,0.147263,-0.458597,324.862200,-0.221096,0.011457,0.370006,0.338527,0.018133,-0.071199
Pelag_Saber_A_Timed,0.236667,0.640000,0.065811,0.139755,-0.446923,322.393200,-0.221997,0.013708,0.373931,0.344805,0.023417,-0.066087
Pelag_Saber_A_Timed,0.240000,0.640000,0.076642,0.134706,-0.439017,320.831100,-0.223268,0.014984,0.376155,0.346909,0.026042,-0.062608
Pelag_Saber_A_Timed,0.243333,0.640000,0.078915,0.132072,-0.436069,320.341300,-0.224863,0.014792,0.376184,0.343213,0.024868,-0.061538
Pelag_Saber_A_Timed,0.246667,0.640000,0.074262,0.131667,-0.437585,320.742700,-0.226794,0.013515,0.374360,0.334536,0.020631,-0.062547
Pelag_Saber_A_Timed,0.250000,0.640000,0.070265,0.131134,-0.438743,321.062100,-0.228788,0.012435,0.372731,0.326279,0.016869,-0.063356
Pelag_Saber_A_Timed,0.253333,0.640000,0.069422,0.129544,-0.438025,320.982500,-0.230734,0.011790,0.371920,0.320273,0.014519,-0.063341
Pelag_Saber_A_Timed,0.256667,0.640000,0.069272,0.127805,-0.436967,320.817400,-0.232711,0.011317,0.371285,0.314805,0.012617,-0.063190
Pelag_Saber_A_Timed,0.260000,0.640000,0.070087,0.125838,-0.435406,320.528300,-0.234651,0.011062,0.370913,0.310255,0.011351,-0.062816
Pelag_Saber_A_Timed,0.263333,0.640000,0.072367,0.123356,-0.433012,320.049100,-0.236507,0.010970,0.370941,0.307084,0.010828,-0.062063
Pelag_Saber_A_Timed,0.266667,0.640000,0.075583,0.120651,-0.430081,319.445900,-0.238319,0.011088,0.371228,0.304909,0.010933,-0.061061
Pelag_Saber_A_Timed,0.270000,0.640000,0.078485,0.118124,-0.427414,318.878800,-0.240139,0.011226,0.371447,0.302799,0.011118,-0.060143
Pelag_Saber_A_Timed,0.273333,0.640000,0.080669,0.115782,-0.425298,318.401900,-0.241979,0.011200,0.371495,0.300403,0.011067,-0.059420
Pelag_Saber_A_Timed,0.276667,0.640000,0.082558,0.113613,-0.423466,317.961000,-0.243825,0.011193,0.371474,0.298026,0.011074,-0.058778
Pelag_Saber_A_Timed,0.280000,0.640000,0.084168,0.111614,-0.421920,317.553600,-0.245686,0.011202,0.371369,0.295688,0.011135,-0.058243
Pelag_Saber_A_Timed,0.283333,0.640000,0.085502,0.109677,-0.420668,317.180400,-0.247560,0.011121,0.371178,0.293373,0.011136,-0.057811
Pelag_Saber_A_Timed,0.286667,0.640000,0.086568,0.107909,-0.419710,316.840700,-0.249445,0.011057,0.370904,0.291068,0.011177,-0.057484
Pelag_Saber_A_Timed,0.290000,0.640000,0.087393,0.106300,-0.419034,316.529800,-0.251358,0.011008,0.370530,0.288805,0.011258,-0.057288
Pelag_Saber_A_Timed,0.293333,0.640000,0.087978,0.104761,-0.418640,316.248900,-0.253290,0.010882,0.370062,0.286577,0.011278,-0.057219
Pelag_Saber_A_Timed,0.296667,0.640000,0.088331,0.103382,-0.418532,315.996900,-0.255246,0.010772,0.369496,0.284372,0.011328,-0.057282
Pelag_Saber_A_Timed,0.300000,0.640000,0.088481,0.102157,-0.418691,315.765700,-0.257263,0.010690,0.368807,0.282212,0.011424,-0.057512
Pelag_Saber_A_Timed,0.303333,0.640000,0.088433,0.100972,-0.419116,315.555300,-0.259337,0.010527,0.367999,0.280082,0.011451,-0.057905
Pelag_Saber_A_Timed,0.306667,0.640000,0.088187,0.099943,-0.419810,315.365700,-0.261467,0.010393,0.367070,0.277986,0.011519,-0.058468
Pelag_Saber_A_Timed,0.310000,0.640000,0.087773,0.099070,-0.420764,315.189000,-0.263696,0.010299,0.365980,0.275974,0.011645,-0.059258
Pelag_Saber_A_Timed,0.313333,0.640000,0.087134,0.098244,-0.422007,315.029100,-0.266038,0.010130,0.364725,0.274039,0.011715,-0.060306
Pelag_Saber_A_Timed,0.316667,0.640000,0.086330,0.097579,-0.423509,314.882100,-0.268471,0.010004,0.363312,0.272179,0.011841,-0.061586
Pelag_Saber_A_Timed,0.320000,0.640000,0.085562,0.097040,-0.425166,314.727600,-0.270983,0.009910,0.361724,0.270459,0.012004,-0.063066
Pelag_Saber_A_Timed,0.323333,0.640000,0.084799,0.096552,-0.427004,314.567400,-0.273595,0.009762,0.359942,0.268923,0.012131,-0.064763
Pelag_Saber_A_Timed,0.326667,0.640000,0.084077,0.096193,-0.428995,314.399700,-0.276281,0.009650,0.357987,0.267519,0.012294,-0.066667
Pelag_Saber_A_Timed,0.330000,0.640000,0.083696,0.095881,-0.430955,314.197900,-0.278953,0.009561,0.355892,0.266171,0.012418,-0.068704
Pelag_Saber_A_Timed,0.333333,0.640000,0.083671,0.095619,-0.432881,313.960900,-0.281616,0.009494,0.353650,0.264889,0.012491,-0.070846
Pelag_Saber_A_Timed,0.336667,0.640000,0.083992,0.095399,-0.434771,313.689800,-0.284265,0.009450,0.351267,0.263666,0.012524,-0.073115
Pelag_Saber_A_Timed,0.340000,0.640000,0.084912,0.095122,-0.436429,313.361800,-0.286798,0.009415,0.348796,0.262411,0.012481,-0.075496
Pelag_Saber_A_Timed,0.343333,0.640000,0.086469,0.094769,-0.437821,312.972900,-0.289215,0.009394,0.346243,0.261118,0.012348,-0.077967
Pelag_Saber_A_Timed,0.346667,0.640000,0.088623,0.094350,-0.438967,312.527200,-0.291518,0.009377,0.343596,0.259810,0.012141,-0.080532
Pelag_Saber_A_Timed,0.350000,0.640000,0.091515,0.093808,-0.439751,312.013900,-0.293619,0.009327,0.340883,0.258442,0.011872,-0.083211
Pelag_Saber_A_Timed,0.353333,0.640000,0.095287,0.093174,-0.440043,311.417500,-0.295483,0.009347,0.338132,0.257040,0.011671,-0.086010
Pelag_Saber_A_Timed,0.356667,0.640000,0.099783,0.092413,-0.439939,310.753700,-0.297147,0.009329,0.335312,0.255616,0.011425,-0.088920
Pelag_Saber_A_Timed,0.360000,0.640000,0.104697,0.091651,-0.439670,310.058400,-0.298625,0.009200,0.332364,0.254120,0.011078,-0.091951
Pelag_Saber_A_Timed,0.363333,0.640000,0.109979,0.091067,-0.439286,309.337800,-0.299898,0.009064,0.329231,0.252506,0.010750,-0.095155
Pelag_Saber_A_Timed,0.366667,0.640000,0.115673,0.090487,-0.438714,308.585800,-0.300981,0.008816,0.325971,0.250858,0.010347,-0.098500
Pelag_Saber_A_Timed,0.370000,0.640000,0.121621,0.089927,-0.438010,307.819800,-0.301939,0.008488,0.322699,0.249307,0.009903,-0.101869
Pelag_Saber_A_Timed,0.373333,0.640000,0.127815,0.089581,-0.437175,307.041000,-0.302767,0.008265,0.319421,0.247866,0.009609,-0.105272
Pelag_Saber_A_Timed,0.376667,0.640000,0.134258,0.089261,-0.436193,306.248200,-0.303471,0.007961,0.316132,0.246546,0.009291,-0.108718
Pelag_Saber_A_Timed,0.380000,0.640000,0.140814,0.088969,-0.435106,305.456300,-0.304124,0.007607,0.312928,0.245456,0.008978,-0.112090
Pelag_Saber_A_Timed,0.383333,0.640000,0.147478,0.089017,-0.433913,304.665700,-0.304758,0.007524,0.309839,0.244654,0.008996,-0.115364
Pelag_Saber_A_Timed,0.386667,0.640000,0.154250,0.089099,-0.432610,303.876100,-0.305348,0.007390,0.306837,0.244087,0.009023,-0.118573
Pelag_Saber_A_Timed,0.390000,0.640000,0.161002,0.089212,-0.431242,303.100700,-0.305883,0.007196,0.303928,0.243681,0.009032,-0.121675
Pelag_Saber_A_Timed,0.393333,0.640000,0.167700,0.089763,-0.429822,302.343300,-0.306363,0.007341,0.301122,0.243432,0.009425,-0.124658
Pelag_Saber_A_Timed,0.396667,0.640000,0.174377,0.090349,-0.428344,301.600200,-0.306794,0.007426,0.298412,0.243333,0.009795,-0.127539
Pelag_Saber_A_Timed,0.400000,0.640000,0.181007,0.090983,-0.426836,300.873500,-0.307179,0.007471,0.295787,0.243300,0.010120,-0.130320
Pelag_Saber_A_Timed,0.403333,0.640000,0.187586,0.091772,-0.425301,300.163500,-0.307512,0.007584,0.293244,0.243314,0.010503,-0.133010
Pelag_Saber_A_Timed,0.406667,0.640000,0.194118,0.092611,-0.423743,299.469900,-0.307804,0.007657,0.290786,0.243379,0.010836,-0.135606
Pelag_Saber_A_Timed,0.410000,0.640000,0.200599,0.093518,-0.422189,298.794300,-0.308084,0.007715,0.288406,0.243449,0.011093,-0.138088
Pelag_Saber_A_Timed,0.413333,0.640000,0.207056,0.094592,-0.420635,298.133600,-0.308357,0.007859,0.286100,0.243501,0.011361,-0.140470
Pelag_Saber_A_Timed,0.416667,0.640000,0.213463,0.095737,-0.419090,297.490900,-0.308624,0.007988,0.283871,0.243542,0.011547,-0.142745
Pelag_Saber_A_Timed,0.420000,0.640000,0.219735,0.096956,-0.417611,296.876700,-0.308908,0.008104,0.281712,0.243561,0.011633,-0.144864
Pelag_Saber_A_Timed,0.423333,0.640000,0.225874,0.098346,-0.416202,296.291300,-0.309219,0.008323,0.279654,0.243503,0.011673,-0.146797
Pelag_Saber_A_Timed,0.426667,0.640000,0.231881,0.099812,-0.414871,295.734300,-0.309552,0.008528,0.277665,0.243403,0.011600,-0.148574
Pelag_Saber_A_Timed,0.430000,0.640000,0.237674,0.101354,-0.413674,295.215900,-0.309913,0.008655,0.275645,0.243380,0.011498,-0.150235
Pelag_Saber_A_Timed,0.433333,0.640000,0.243268,0.103083,-0.412630,294.735600,-0.310320,0.008776,0.273533,0.243496,0.011481,-0.151763
Pelag_Saber_A_Timed,0.436667,0.640000,0.248654,0.104890,-0.411737,294.293800,-0.310750,0.008816,0.271390,0.243675,0.011421,-0.153166
Pelag_Saber_A_Timed,0.440000,0.640000,0.253713,0.106729,-0.411022,293.902400,-0.311140,0.008789,0.269301,0.243829,0.011320,-0.154521
Pelag_Saber_A_Timed,0.443333,0.640000,0.258444,0.108710,-0.410519,293.563000,-0.311475,0.008774,0.267255,0.243921,0.011268,-0.155869
Pelag_Saber_A_Timed,0.446667,0.640000,0.262853,0.110723,-0.410213,293.273900,-0.311768,0.008690,0.265266,0.243977,0.011164,-0.157162
Pelag_Saber_A_Timed,0.450000,0.640000,0.266830,0.112672,-0.410069,293.041600,-0.312004,0.008595,0.263471,0.244004,0.011016,-0.158346
Pelag_Saber_A_Timed,0.453333,0.640000,0.270331,0.114615,-0.410089,292.870400,-0.312179,0.008600,0.261929,0.243931,0.010879,-0.159419
Pelag_Saber_A_Timed,0.456667,0.640000,0.273404,0.116489,-0.410290,292.756100,-0.312300,0.008594,0.260587,0.243823,0.010688,-0.160375
Pelag_Saber_A_Timed,0.460000,0.640000,0.276074,0.118291,-0.410657,292.692600,-0.312364,0.008568,0.259410,0.243890,0.010541,-0.161153
Pelag_Saber_A_Timed,0.463333,0.640000,0.278338,0.120102,-0.411197,292.680400,-0.312374,0.008610,0.258405,0.244140,0.010521,-0.161747
Pelag_Saber_A_Timed,0.466667,0.640000,0.280200,0.121834,-0.411912,292.719000,-0.312329,0.008635,0.257571,0.244566,0.010543,-0.162161
Pelag_Saber_A_Timed,0.470000,0.640000,0.281695,0.123490,-0.412784,292.801500,-0.312224,0.008631,0.256867,0.245360,0.010698,-0.162352
Pelag_Saber_A_Timed,0.473333,0.640000,0.282821,0.125144,-0.413814,292.927900,-0.312062,0.008677,0.256294,0.246557,0.011088,-0.162317
Pelag_Saber_A_Timed,0.476667,0.640000,0.283578,0.126716,-0.415002,293.098300,-0.311842,0.008696,0.255856,0.248121,0.011626,-0.162073
Pelag_Saber_A_Timed,0.480000,0.640000,0.284009,0.128210,-0.416323,293.304900,-0.311561,0.008685,0.255513,0.250138,0.012361,-0.161625
Pelag_Saber_A_Timed,0.483333,0.640000,0.284109,0.129691,-0.417777,293.547900,-0.311225,0.008708,0.255258,0.252681,0.013425,-0.160978
Pelag_Saber_A_Timed,0.486667,0.640000,0.283879,0.131089,-0.419361,293.827300,-0.310829,0.008704,0.255100,0.255668,0.014726,-0.160163
Pelag_Saber_A_Timed,0.490000,0.640000,0.283363,0.132410,-0.421047,294.135200,-0.310355,0.008672,0.255028,0.258956,0.016177,-0.159219
Pelag_Saber_A_Timed,0.493333,0.640000,0.282561,0.133708,-0.422833,294.471700,-0.309792,0.008669,0.255040,0.262557,0.017857,-0.158157
Pelag_Saber_A_Timed,0.496667,0.640000,0.281469,0.134925,-0.424716,294.836900,-0.309153,0.008641,0.255139,0.266448,0.019726,-0.157003
Pelag_Saber_A_Timed,0.500000,0.640000,0.280139,0.136069,-0.426666,295.222800,-0.308456,0.008598,0.255310,0.270436,0.021664,-0.155797
Pelag_Saber_A_Timed,0.503333,0.640000,0.278567,0.137182,-0.428680,295.629600,-0.307692,0.008582,0.255556,0.274512,0.023711,-0.154534
Pelag_Saber_A_Timed,0.506667,0.640000,0.276752,0.138219,-0.430755,296.057300,-0.306872,0.008551,0.255873,0.278683,0.025845,-0.153240
Pelag_Saber_A_Timed,0.510000,0.640000,0.274747,0.139188,-0.432862,296.498300,-0.306038,0.008514,0.256238,0.282788,0.027976,-0.151990
Pelag_Saber_A_Timed,0.513333,0.640000,0.272551,0.140130,-0.434998,296.952500,-0.305193,0.008513,0.256650,0.286802,0.030118,-0.150781
Pelag_Saber_A_Timed,0.516667,0.640000,0.270162,0.141004,-0.437159,297.420000,-0.304335,0.008506,0.257106,0.290757,0.032253,-0.149617
Pelag_Saber_A_Timed,0.520000,0.640000,0.267634,0.141818,-0.439320,297.893800,-0.303497,0.008498,0.257579,0.294581,0.034348,-0.148561
Pelag_Saber_A_Timed,0.523333,0.640000,0.264979,0.142573,-0.441468,298.371800,-0.302686,0.008489,0.258063,0.298253,0.036366,-0.147614
Pelag_Saber_A_Timed,0.526667,0.640000,0.262185,0.143269,-0.443610,298.855900,-0.301895,0.008477,0.258562,0.301804,0.038330,-0.146766
Pelag_Saber_A_Timed,0.530000,0.640000,0.259269,0.143917,-0.445747,299.345400,-0.301135,0.008463,0.259061,0.305245,0.040290,-0.146063
Pelag_Saber_A_Timed,0.533333,0.640000,0.256237,0.144548,-0.447874,299.839700,-0.300408,0.008476,0.259561,0.308589,0.042288,-0.145527
Pelag_Saber_A_Timed,0.536667,0.640000,0.253082,0.145131,-0.449992,300.339200,-0.299711,0.008487,0.260060,0.311825,0.044273,-0.145133
Pelag_Saber_A_Timed,0.540000,0.640000,0.249807,0.145675,-0.452105,300.844600,-0.299056,0.008494,0.260550,0.314925,0.046237,-0.144865
Pelag_Saber_A_Timed,0.543333,0.640000,0.246401,0.146205,-0.454215,301.356500,-0.298457,0.008525,0.261026,0.317894,0.048204,-0.144715
Pelag_Saber_A_Timed,0.546667,0.640000,0.242876,0.146696,-0.456315,301.874300,-0.297899,0.008553,0.261492,0.320734,0.050142,-0.144683
Pelag_Saber_A_Timed,0.550000,0.640000,0.239263,0.147160,-0.458398,302.396200,-0.297353,0.008571,0.261962,0.323411,0.052038,-0.144768
Pelag_Saber_A_Timed,0.553333,0.640000,0.235554,0.147602,-0.460473,302.924000,-0.296810,0.008575,0.262435,0.325924,0.053885,-0.144974
Pelag_Saber_A_Timed,0.556667,0.640000,0.231757,0.148017,-0.462526,303.455900,-0.296278,0.008569,0.262911,0.328285,0.055680,-0.145284
Pelag_Saber_A_Timed,0.560000,0.640000,0.227936,0.148404,-0.464520,303.985900,-0.295756,0.008557,0.263394,0.330480,0.057408,-0.145652
Pelag_Saber_A_Timed,0.563333,0.640000,0.224085,0.148763,-0.466462,304.515600,-0.295233,0.008537,0.263891,0.332513,0.059060,-0.146071
Pelag_Saber_A_Timed,0.566667,0.640000,0.220211,0.149095,-0.468343,305.043400,-0.294718,0.008510,0.264395,0.334391,0.060635,-0.146532
Pelag_Saber_A_Timed,0.570000,0.640000,0.216408,0.149391,-0.470112,305.557700,-0.294237,0.008494,0.264895,0.336114,0.062134,-0.146986
Pelag_Saber_A_Timed,0.573333,0.640000,0.212427,0.149675,-0.471918,306.094300,-0.293745,0.008445,0.265439,0.337648,0.063426,-0.147396
Pelag_Saber_A_Timed,0.576667,0.640000,0.208518,0.149925,-0.473610,306.617400,-0.293285,0.008404,0.265980,0.339038,0.064635,-0.147783
Pelag_Saber_A_Timed,0.580000,0.640000,0.205531,0.150066,-0.474712,307.008400,-0.293009,0.008513,0.266357,0.340392,0.066130,-0.148174
Pelag_Saber_A_Timed,0.583333,0.640000,0.204022,0.150010,-0.474927,307.190300,-0.293018,0.008822,0.266469,0.341750,0.068098,-0.148565
Pelag_Saber_A_Timed,0.586667,0.640000,0.203451,0.149851,-0.474586,307.239900,-0.293206,0.009277,0.266417,0.343051,0.070339,-0.148933
Pelag_Saber_A_Timed,0.590000,0.640000,0.203036,0.149683,-0.474160,307.267600,-0.293415,0.009747,0.266350,0.344238,0.072537,-0.149280
Pelag_Saber_A_Timed,0.593333,0.640000,0.202775,0.149459,-0.473646,307.273500,-0.293644,0.010193,0.266270,0.345314,0.074647,-0.149605
Pelag_Saber_A_Timed,0.596667,0.640000,0.202669,0.149225,-0.473047,307.257600,-0.293893,0.010653,0.266176,0.346282,0.076709,-0.149902
Pelag_Saber_A_Timed,0.600000,0.640000,0.201940,0.149079,-0.472836,307.330800,-0.294009,0.010998,0.266207,0.347087,0.078387,-0.150177
Pelag_Saber_A_Timed,0.603333,0.640000,0.200302,0.148995,-0.473176,307.533800,-0.293939,0.011120,0.266417,0.347709,0.079499,-0.150437
Pelag_Saber_A_Timed,0.606667,0.640000,0.198037,0.148997,-0.473892,307.825900,-0.293738,0.011127,0.266752,0.348183,0.080223,-0.150679
Pelag_Saber_A_Timed,0.610000,0.640000,0.195224,0.149087,-0.474940,308.196000,-0.293424,0.011038,0.267197,0.348534,0.080598,-0.150906
Pelag_Saber_A_Timed,0.613333,0.640000,0.191680,0.149209,-0.476404,308.668300,-0.292969,0.010754,0.267781,0.348758,0.080479,-0.151117
Pelag_Saber_A_Timed,0.616667,0.640000,0.187569,0.149415,-0.478176,309.219500,-0.292398,0.010374,0.268475,0.348882,0.080020,-0.151309
Pelag_Saber_A_Timed,0.620000,0.640000,0.183487,0.149661,-0.479934,309.766900,-0.291807,0.009996,0.269168,0.348976,0.079474,-0.151477
Pelag_Saber_A_Timed,0.623333,0.640000,0.179413,0.149863,-0.481693,310.314400,-0.291186,0.009528,0.269868,0.349043,0.078744,-0.151619
Pelag_Saber_A_Timed,0.626667,0.640000,0.175369,0.150105,-0.483442,310.858200,-0.290544,0.009060,0.270569,0.349082,0.077926,-0.151732
Pelag_Saber_A_Timed,0.630000,0.640000,0.172045,0.150336,-0.484853,311.303700,-0.290015,0.008704,0.271141,0.349121,0.077276,-0.151820
Pelag_Saber_A_Timed,0.633333,0.640000,0.169933,0.150440,-0.485736,311.585900,-0.289683,0.008438,0.271502,0.349150,0.076823,-0.151877
Pelag_Saber_A_Timed,0.636667,0.640000,0.168562,0.150536,-0.486315,311.769100,-0.289466,0.008284,0.271735,0.349157,0.076521,-0.151908
Pelag_Saber_A_Timed,0.640000,0.640000,0.167188,0.150631,-0.486889,311.952400,-0.289248,0.008129,0.271969,0.349167,0.076222,-0.151939
Pelag_Saber_B_Timed,0.000000,0.640000,0.167188,0.150631,-0.486889,311.952400,-0.289248,0.008129,0.271969,0.349167,0.076222,-0.151939
Pelag_Saber_B_Timed,0.003333,0.640000,0.158980,0.153003,-0.490118,313.040100,-0.287932,0.009112,0.273426,0.349757,0.076912,-0.151844
Pelag_Saber_B_Timed,0.006667,0.640000,0.150696,0.155357,-0.493194,314.129900,-0.286615,0.010103,0.274875,0.350454,0.077688,-0.151774
Pelag_Saber_B_Timed,0.010000,0.640000,0.129963,0.158047,-0.500340,316.834600,-0.283217,0.009272,0.278502,0.352504,0.076208,-0.151299
Pelag_Saber_B_Timed,0.013333,0.640000,0.091301,0.163933,-0.510407,321.761600,-0.277048,0.009633,0.285475,0.361414,0.080366,-0.149326
Pelag_Saber_B_Timed,0.016667,0.640000,0.039126,0.169532,-0.518762,328.284200,-0.269233,0.008696,0.294192,0.375292,0.085959,-0.149457
Pelag_Saber_B_Timed,0.020000,0.640000,-0.025703,0.175978,-0.522530,336.332300,-0.259707,0.006723,0.302875,0.385880,0.082788,-0.155580
Pelag_Saber_B_Timed,0.023333,0.640000,-0.108019,0.184289,-0.515246,346.683700,-0.246862,0.004942,0.311569,0.392838,0.069418,-0.166278
Pelag_Saber_B_Timed,0.026667,0.640000,-0.201427,0.191635,-0.489147,358.877300,-0.231822,0.002965,0.320123,0.404011,0.053854,-0.179204
Pelag_Saber_B_Timed,0.030000,0.640000,-0.289460,0.200417,-0.447041,11.088300,-0.217342,0.003110,0.326497,0.419238,0.041557,-0.193618
Pelag_Saber_B_Timed,0.033333,0.640000,-0.372899,0.209051,-0.386734,24.021600,-0.201179,0.002501,0.329867,0.436213,0.027175,-0.206838
Pelag_Saber_B_Timed,0.036667,0.640000,-0.443755,0.218701,-0.311600,37.006050,-0.185731,0.003310,0.329655,0.458379,0.022779,-0.221120
Pelag_Saber_B_Timed,0.040000,0.640000,-0.490689,0.234992,-0.253845,46.126120,-0.178726,0.007177,0.325224,0.474670,0.030360,-0.239578
Pelag_Saber_B_Timed,0.043333,0.640000,-0.521175,0.262712,-0.247124,48.407680,-0.181755,0.007784,0.316527,0.470790,0.027762,-0.256212
Pelag_Saber_B_Timed,0.046667,0.640000,-0.544752,0.302739,-0.268964,47.029800,-0.190408,0.011226,0.307579,0.453291,0.019984,-0.268054
Pelag_Saber_B_Timed,0.050000,0.640000,-0.568512,0.334420,-0.269186,47.627120,-0.200615,0.014484,0.300388,0.432872,0.013080,-0.277014
Pelag_Saber_B_Timed,0.053333,0.640000,-0.599102,0.349246,-0.218134,53.394920,-0.213388,0.017785,0.296852,0.410851,0.008118,-0.281312
Pelag_Saber_B_Timed,0.056667,0.640000,-0.622864,0.352523,-0.141749,61.313880,-0.227405,0.022329,0.297146,0.391635,0.007398,-0.282694
Pelag_Saber_B_Timed,0.060000,0.640000,-0.630089,0.347041,-0.074356,67.969040,-0.234547,0.025059,0.290473,0.379377,0.012088,-0.287320
Pelag_Saber_B_Timed,0.063333,0.640000,-0.622664,0.326904,-0.028850,72.196180,-0.228978,0.017564,0.261762,0.369670,0.014010,-0.297322
Pelag_Saber_B_Timed,0.066667,0.640000,-0.606515,0.299719,0.005141,75.157420,-0.216482,0.011424,0.219125,0.360383,0.015665,-0.308407
Pelag_Saber_B_Timed,0.070000,0.640000,-0.590308,0.275970,0.027242,77.015500,-0.206598,0.009236,0.184207,0.351335,0.014719,-0.316641
Pelag_Saber_B_Timed,0.073333,0.640000,-0.578477,0.262821,0.035276,77.604680,-0.203740,0.010160,0.166696,0.342891,0.014425,-0.321611
Pelag_Saber_B_Timed,0.076667,0.640000,-0.568990,0.252296,0.032224,77.119540,-0.205660,0.010402,0.156800,0.334945,0.012349,-0.325487
Pelag_Saber_B_Timed,0.080000,0.640000,-0.561034,0.243746,0.025272,76.251560,-0.211451,0.012640,0.148985,0.327531,0.010308,-0.328909
Pelag_Saber_B_Timed,0.083333,0.640000,-0.554751,0.238129,0.014944,75.065200,-0.221457,0.018875,0.142086,0.320804,0.009345,-0.332243
Pelag_Saber_B_Timed,0.086667,0.640000,-0.549816,0.234329,0.000720,73.495930,-0.234957,0.029347,0.134189,0.314929,0.008936,-0.335729
Pelag_Saber_B_Timed,0.090000,0.640000,-0.544997,0.231154,-0.011963,72.040090,-0.245942,0.040756,0.124303,0.309861,0.009798,-0.338707
Pelag_Saber_B_Timed,0.093333,0.640000,-0.540173,0.227786,-0.021011,70.891370,-0.252175,0.048476,0.115685,0.305536,0.011280,-0.340545
Pelag_Saber_B_Timed,0.096667,0.640000,-0.535745,0.225009,-0.028574,69.856640,-0.256013,0.053424,0.109646,0.301933,0.013374,-0.341518
Pelag_Saber_B_Timed,0.100000,0.640000,-0.531553,0.222623,-0.035573,68.852100,-0.258720,0.056729,0.105514,0.298904,0.015872,-0.341975
Pelag_Saber_B_Timed,0.103333,0.640000,-0.527588,0.220271,-0.042232,67.852560,-0.260472,0.057952,0.103721,0.296528,0.018520,-0.341754
Pelag_Saber_B_Timed,0.106667,0.640000,-0.523906,0.218294,-0.048348,66.883350,-0.261416,0.057349,0.104152,0.294657,0.021461,-0.340904
Pelag_Saber_B_Timed,0.110000,0.640000,-0.520396,0.216574,-0.054187,65.936300,-0.262430,0.056501,0.104735,0.292874,0.024236,-0.340198
Pelag_Saber_B_Timed,0.113333,0.640000,-0.517056,0.214880,-0.059811,65.009110,-0.263689,0.055543,0.105051,0.291140,0.026498,-0.339755
Pelag_Saber_B_Timed,0.116667,0.640000,-0.513913,0.213438,-0.065175,64.103900,-0.265005,0.054350,0.105500,0.289481,0.028553,-0.339430
Pelag_Saber_B_Timed,0.120000,0.640000,-0.510891,0.212174,-0.070379,63.219230,-0.266615,0.053393,0.105252,0.287626,0.030293,-0.339676
Pelag_Saber_B_Timed,0.123333,0.640000,-0.507987,0.210935,-0.075433,62.356050,-0.268638,0.052789,0.103913,0.285488,0.031457,-0.340661
Pelag_Saber_B_Timed,0.126667,0.640000,-0.505220,0.209873,-0.080340,61.513150,-0.270903,0.052409,0.101871,0.283160,0.032321,-0.342243
Pelag_Saber_B_Timed,0.130000,0.640000,-0.502535,0.208944,-0.085192,60.685640,-0.273190,0.051904,0.099483,0.280662,0.033174,-0.344438
Pelag_Saber_B_Timed,0.133333,0.640000,-0.499928,0.208054,-0.089990,59.873280,-0.275430,0.051076,0.096816,0.277904,0.034028,-0.347312
Pelag_Saber_B_Timed,0.136667,0.640000,-0.497411,0.207297,-0.094742,59.076090,-0.277665,0.050137,0.093795,0.274975,0.034918,-0.350811
Pelag_Saber_B_Timed,0.140000,0.640000,-0.494941,0.206649,-0.099541,58.289630,-0.279856,0.049083,0.090571,0.272149,0.035880,-0.354754
Pelag_Saber_B_Timed,0.143333,0.640000,-0.492499,0.206044,-0.104390,57.511230,-0.281983,0.047882,0.087169,0.269393,0.036854,-0.359049
Pelag_Saber_B_Timed,0.146667,0.640000,-0.490106,0.205550,-0.109293,56.743320,-0.284047,0.046579,0.083566,0.266698,0.037891,-0.363751
Pelag_Saber_B_Timed,0.150000,0.640000,-0.487780,0.205204,-0.114345,55.989110,-0.286044,0.045135,0.079852,0.264314,0.038998,-0.368865
Pelag_Saber_B_Timed,0.153333,0.640000,-0.485483,0.204973,-0.119542,55.245910,-0.287946,0.043599,0.076159,0.262271,0.040126,-0.374087
Pelag_Saber_B_Timed,0.156667,0.640000,-0.483252,0.204894,-0.124895,54.516180,-0.289760,0.041936,0.072372,0.260417,0.041371,-0.379641
Pelag_Saber_B_Timed,0.160000,0.640000,-0.481216,0.205108,-0.130518,53.810740,-0.291512,0.039995,0.068217,0.258654,0.043042,-0.386288
Pelag_Saber_B_Timed,0.163333,0.640000,-0.479508,0.205728,-0.136384,53.152230,-0.293117,0.037653,0.063539,0.256957,0.045719,-0.394772
Pelag_Saber_B_Timed,0.166667,0.640000,-0.477995,0.206655,-0.142535,52.518080,-0.294565,0.035096,0.058501,0.255023,0.049259,-0.404090
Pelag_Saber_B_Timed,0.170000,0.640000,-0.476393,0.207715,-0.149186,51.851270,-0.295996,0.032637,0.053294,0.252454,0.052816,-0.412457
Pelag_Saber_B_Timed,0.173333,0.640000,-0.474711,0.208987,-0.156369,51.152960,-0.297301,0.030262,0.047893,0.249288,0.056803,-0.420215
Pelag_Saber_B_Timed,0.176667,0.640000,-0.472909,0.210407,-0.164049,50.422070,-0.298537,0.028012,0.042305,0.245482,0.061023,-0.426938
Pelag_Saber_B_Timed,0.180000,0.640000,-0.470600,0.211700,-0.172324,49.597910,-0.300173,0.026357,0.036755,0.240940,0.063629,-0.430214
Pelag_Saber_B_Timed,0.183333,0.640000,-0.467660,0.210709,-0.181018,48.675540,-0.302483,0.023432,0.031211,0.235716,0.062223,-0.429717
Pelag_Saber_B_Timed,0.186667,0.640000,-0.464145,0.209592,-0.190272,47.659820,-0.305270,0.021064,0.025643,0.229714,0.060003,-0.426694
Pelag_Saber_B_Timed,0.190000,0.640000,-0.459895,0.208457,-0.200645,46.504260,-0.308363,0.019145,0.020249,0.222595,0.057551,-0.421425
Pelag_Saber_B_Timed,0.193333,0.640000,-0.455078,0.206551,-0.211717,45.263920,-0.312070,0.016905,0.014550,0.214335,0.055492,-0.414550
Pelag_Saber_B_Timed,0.196667,0.640000,-0.449394,0.204647,-0.223841,43.883620,-0.316159,0.015136,0.008885,0.204670,0.055346,-0.406547
Pelag_Saber_B_Timed,0.200000,0.640000,-0.441803,0.202740,-0.238669,42.150070,-0.319835,0.013642,0.004589,0.192395,0.055171,-0.396577
Pelag_Saber_B_Timed,0.203333,0.640000,-0.431528,0.203839,-0.256725,39.957280,-0.323328,0.015777,0.002039,0.175102,0.055883,-0.383673
Pelag_Saber_B_Timed,0.206667,0.640000,-0.418711,0.205007,-0.277095,37.409410,-0.327097,0.018515,0.000451,0.153973,0.056454,-0.368118
Pelag_Saber_B_Timed,0.210000,0.640000,-0.403553,0.206528,-0.299222,34.605400,-0.330865,0.021301,-0.000508,0.132917,0.059004,-0.350056
Pelag_Saber_B_Timed,0.213333,0.640000,-0.385751,0.207822,-0.322766,31.540160,-0.335100,0.023868,-0.000929,0.111431,0.062512,-0.329112
Pelag_Saber_B_Timed,0.216667,0.640000,-0.365021,0.209607,-0.347510,28.217670,-0.340021,0.026961,-0.001044,0.089545,0.067471,-0.305196
Pelag_Saber_B_Timed,0.220000,0.640000,-0.341694,0.212445,-0.373233,24.744750,-0.344860,0.029607,-0.000972,0.072065,0.074357,-0.278635
Pelag_Saber_B_Timed,0.223333,0.640000,-0.315744,0.212567,-0.399928,21.143440,-0.349537,0.027323,-0.000391,0.059196,0.079163,-0.248494
Pelag_Saber_B_Timed,0.226667,0.640000,-0.286704,0.214072,-0.426994,17.387480,-0.354632,0.024905,0.000429,0.049663,0.084586,-0.214589
Pelag_Saber_B_Timed,0.230000,0.640000,-0.254355,0.216619,-0.453438,13.504100,-0.360212,0.022300,0.000900,0.045196,0.087339,-0.178716
Pelag_Saber_B_Timed,0.233333,0.640000,-0.218577,0.221232,-0.479068,9.480419,-0.366349,0.020201,0.001403,0.044089,0.086351,-0.139812
Pelag_Saber_B_Timed,0.236667,0.640000,-0.179312,0.227185,-0.503176,5.324712,-0.373254,0.018105,0.001749,0.045062,0.083186,-0.098497
Pelag_Saber_B_Timed,0.240000,0.640000,-0.136650,0.233457,-0.524134,1.085768,-0.381032,0.016010,0.000608,0.050757,0.079330,-0.058717
Pelag_Saber_B_Timed,0.243333,0.640000,-0.089970,0.240577,-0.541211,356.727800,-0.389620,0.014719,-0.002313,0.063057,0.075478,-0.019878
Pelag_Saber_B_Timed,0.246667,0.640000,-0.040229,0.248262,-0.554262,352.269400,-0.398941,0.013603,-0.007073,0.079539,0.071289,0.020226
Pelag_Saber_B_Timed,0.250000,0.640000,0.009926,0.256823,-0.563116,347.830900,-0.408662,0.013033,-0.014637,0.098177,0.068417,0.060109
Pelag_Saber_B_Timed,0.253333,0.640000,0.061002,0.266140,-0.567439,343.334400,-0.418191,0.013003,-0.025792,0.121290,0.067928,0.100000
Pelag_Saber_B_Timed,0.256667,0.640000,0.111939,0.276185,-0.567476,338.835000,-0.426900,0.013370,-0.039880,0.146551,0.070649,0.141423
Pelag_Saber_B_Timed,0.260000,0.640000,0.157895,0.287732,-0.565344,334.648900,-0.434670,0.014747,-0.054857,0.165990,0.076306,0.182851
Pelag_Saber_B_Timed,0.263333,0.640000,0.198076,0.297991,-0.562498,330.751800,-0.441542,0.014176,-0.069942,0.178426,0.081111,0.223417
Pelag_Saber_B_Timed,0.266667,0.640000,0.233560,0.309255,-0.559170,327.129100,-0.447672,0.014282,-0.084700,0.185771,0.087362,0.262730
Pelag_Saber_B_Timed,0.270000,0.640000,0.262564,0.321322,-0.556941,324.127200,-0.454285,0.015369,-0.097316,0.186482,0.092608,0.298466
Pelag_Saber_B_Timed,0.273333,0.640000,0.282476,0.330544,-0.557205,322.006600,-0.462625,0.015765,-0.105949,0.180178,0.093596,0.330312
Pelag_Saber_B_Timed,0.276667,0.640000,0.296282,0.340736,-0.560368,320.511900,-0.471845,0.017008,-0.112223,0.169758,0.092046,0.357921
Pelag_Saber_B_Timed,0.280000,0.640000,0.310292,0.356922,-0.565949,319.218500,-0.480546,0.018141,-0.119713,0.159187,0.085556,0.379793
Pelag_Saber_B_Timed,0.283333,0.640000,0.327071,0.383344,-0.574271,318.011300,-0.488557,0.018128,-0.129472,0.150331,0.067896,0.396312
Pelag_Saber_B_Timed,0.286667,0.640000,0.342892,0.416717,-0.583457,316.967400,-0.496699,0.018853,-0.140111,0.141322,0.044310,0.407085
Pelag_Saber_B_Timed,0.290000,0.640000,0.355285,0.446793,-0.590197,315.949500,-0.504821,0.019556,-0.151472,0.131724,0.025417,0.410432
Pelag_Saber_B_Timed,0.293333,0.640000,0.365041,0.469143,-0.593369,314.681100,-0.513094,0.020513,-0.163429,0.122966,0.017017,0.404695
Pelag_Saber_B_Timed,0.296667,0.640000,0.372388,0.487521,-0.595504,313.450500,-0.520717,0.020422,-0.175934,0.116246,0.013623,0.392685
Pelag_Saber_B_Timed,0.300000,0.640000,0.374588,0.506373,-0.599959,313.023000,-0.525837,0.018170,-0.188941,0.111501,0.010447,0.380211
Pelag_Saber_B_Timed,0.303333,0.640000,0.367990,0.536610,-0.609588,314.150100,-0.527628,0.020232,-0.203476,0.108759,0.012687,0.367765
Pelag_Saber_B_Timed,0.306667,0.640000,0.354935,0.567006,-0.621474,316.297700,-0.527819,0.020733,-0.218091,0.107900,0.013917,0.353223
Pelag_Saber_B_Timed,0.310000,0.640000,0.342543,0.590927,-0.630666,318.172500,-0.527856,0.021011,-0.229671,0.108373,0.013406,0.339531
Pelag_Saber_B_Timed,0.313333,0.640000,0.334503,0.607732,-0.635932,319.177700,-0.527476,0.022261,-0.237498,0.110536,0.012838,0.329548
Pelag_Saber_B_Timed,0.316667,0.640000,0.328553,0.618358,-0.639462,319.759400,-0.526149,0.022461,-0.243380,0.114165,0.011252,0.322236
Pelag_Saber_B_Timed,0.320000,0.640000,0.324011,0.624046,-0.641987,320.005300,-0.524175,0.022338,-0.248586,0.117661,0.009605,0.316399
Pelag_Saber_B_Timed,0.323333,0.640000,0.320970,0.625248,-0.643588,319.873000,-0.521512,0.022828,-0.253329,0.120282,0.008780,0.312016
Pelag_Saber_B_Timed,0.326667,0.640000,0.319349,0.621553,-0.644311,319.414700,-0.518097,0.022914,-0.257390,0.122677,0.007841,0.309120
Pelag_Saber_B_Timed,0.330000,0.640000,0.318076,0.615485,-0.644695,318.871200,-0.514359,0.023106,-0.261280,0.125297,0.007556,0.306436
Pelag_Saber_B_Timed,0.333333,0.640000,0.316824,0.608117,-0.644894,318.313100,-0.510012,0.023297,-0.265414,0.128225,0.007925,0.303131
Pelag_Saber_B_Timed,0.336667,0.640000,0.315746,0.598375,-0.644682,317.691200,-0.505340,0.023596,-0.269255,0.131201,0.008852,0.299845
Pelag_Saber_B_Timed,0.340000,0.640000,0.314461,0.584727,-0.643976,317.053200,-0.501683,0.024018,-0.272014,0.134198,0.010097,0.297503
Pelag_Saber_B_Timed,0.343333,0.640000,0.312785,0.564184,-0.642296,316.336700,-0.501224,0.025383,-0.277354,0.137059,0.010918,0.296288
Pelag_Saber_B_Timed,0.346667,0.640000,0.310179,0.539818,-0.639673,315.645200,-0.501077,0.027577,-0.281791,0.139587,0.011817,0.295485
Pelag_Saber_B_Timed,0.350000,0.640000,0.306159,0.516565,-0.636940,315.224000,-0.496139,0.025878,-0.273615,0.142073,0.012062,0.295280
Pelag_Saber_B_Timed,0.353333,0.640000,0.301794,0.496618,-0.633801,315.009200,-0.485026,0.020625,-0.244663,0.144811,0.013586,0.296225
Pelag_Saber_B_Timed,0.356667,0.640000,0.296436,0.477788,-0.630593,315.003400,-0.468776,0.014547,-0.202502,0.148023,0.014879,0.298547
Pelag_Saber_B_Timed,0.360000,0.640000,0.287847,0.463235,-0.629518,315.498000,-0.449140,0.009146,-0.156888,0.152036,0.015012,0.302418
Pelag_Saber_B_Timed,0.363333,0.640000,0.275238,0.456868,-0.631824,316.672900,-0.424146,0.006499,-0.104942,0.156804,0.015377,0.308866
Pelag_Saber_B_Timed,0.366667,0.640000,0.259834,0.454494,-0.636284,318.328000,-0.395222,0.008798,-0.048353,0.162100,0.015143,0.318037
Pelag_Saber_B_Timed,0.370000,0.640000,0.242473,0.453191,-0.641434,320.184800,-0.370525,0.013447,-0.003746,0.168285,0.015670,0.327802
Pelag_Saber_B_Timed,0.373333,0.640000,0.222976,0.454267,-0.647012,322.198500,-0.353536,0.013758,0.020470,0.176179,0.019378,0.338124
Pelag_Saber_B_Timed,0.376667,0.640000,0.201412,0.456334,-0.652964,324.419600,-0.340748,0.009905,0.032533,0.185846,0.024189,0.348127
Pelag_Saber_B_Timed,0.380000,0.640000,0.179035,0.458086,-0.658246,326.703200,-0.330338,0.007754,0.042088,0.196476,0.028786,0.353263
Pelag_Saber_B_Timed,0.383333,0.640000,0.156107,0.459145,-0.662591,329.015900,-0.322836,0.007956,0.051397,0.207147,0.031724,0.351938
Pelag_Saber_B_Timed,0.386667,0.640000,0.132400,0.459880,-0.666116,331.389200,-0.318446,0.008122,0.058552,0.218001,0.033372,0.345268
Pelag_Saber_B_Timed,0.390000,0.640000,0.108510,0.460019,-0.668524,333.771600,-0.313256,0.008310,0.066133,0.229350,0.034342,0.332762
Pelag_Saber_B_Timed,0.393333,0.640000,0.085009,0.458250,-0.669593,336.098400,-0.305261,0.007443,0.075399,0.240378,0.033931,0.313431
Pelag_Saber_B_Timed,0.396667,0.640000,0.061414,0.455910,-0.669521,338.431200,-0.296371,0.006710,0.084893,0.250725,0.033176,0.287999
Pelag_Saber_B_Timed,0.400000,0.640000,0.036736,0.453532,-0.668584,340.909900,-0.288210,0.006586,0.092886,0.261492,0.032263,0.258349
Pelag_Saber_B_Timed,0.403333,0.640000,0.010777,0.449895,-0.666705,343.572100,-0.282133,0.005818,0.098640,0.272183,0.030036,0.224057
Pelag_Saber_B_Timed,0.406667,0.640000,-0.016166,0.446105,-0.663633,346.379900,-0.277161,0.005729,0.103266,0.281974,0.028341,0.185223
Pelag_Saber_B_Timed,0.410000,0.640000,-0.044363,0.442166,-0.659213,349.365100,-0.271431,0.006601,0.107827,0.291757,0.027464,0.144109
Pelag_Saber_B_Timed,0.413333,0.640000,-0.074161,0.436245,-0.653158,352.593800,-0.264341,0.006819,0.112294,0.300736,0.025536,0.099851
Pelag_Saber_B_Timed,0.416667,0.640000,-0.105003,0.430025,-0.645250,356.000200,-0.256551,0.007981,0.116718,0.308179,0.024761,0.052784
Pelag_Saber_B_Timed,0.420000,0.640000,-0.135853,0.423732,-0.635569,359.423100,-0.247825,0.009950,0.122034,0.316206,0.025718,0.006367
Pelag_Saber_B_Timed,0.423333,0.640000,-0.166615,0.413314,-0.624000,2.837758,-0.237243,0.008755,0.128665,0.327162,0.024694,-0.039928
Pelag_Saber_B_Timed,0.426667,0.640000,-0.197209,0.402883,-0.610553,6.274891,-0.225485,0.008350,0.135902,0.338841,0.025602,-0.086979
Pelag_Saber_B_Timed,0.430000,0.640000,-0.226783,0.393096,-0.595827,9.664112,-0.214609,0.008486,0.143203,0.348125,0.027666,-0.131474
Pelag_Saber_B_Timed,0.433333,0.640000,-0.255350,0.383345,-0.580029,13.031330,-0.204943,0.008265,0.150437,0.355929,0.029501,-0.172590
Pelag_Saber_B_Timed,0.436667,0.640000,-0.282886,0.374221,-0.563126,16.363690,-0.195900,0.008470,0.158090,0.362782,0.031961,-0.211092
Pelag_Saber_B_Timed,0.440000,0.640000,-0.308667,0.365812,-0.545652,19.536400,-0.188088,0.008880,0.166895,0.366045,0.034222,-0.244890
Pelag_Saber_B_Timed,0.443333,0.640000,-0.332601,0.357423,-0.527977,22.531230,-0.181805,0.008593,0.176751,0.366223,0.034624,-0.272380
Pelag_Saber_B_Timed,0.446667,0.640000,-0.355008,0.349826,-0.510125,25.379550,-0.176280,0.008475,0.187882,0.364917,0.034295,-0.294823
Pelag_Saber_B_Timed,0.450000,0.640000,-0.375888,0.342956,-0.492256,28.029150,-0.170355,0.008540,0.201244,0.361072,0.033737,-0.313747
Pelag_Saber_B_Timed,0.453333,0.640000,-0.395324,0.336057,-0.474570,30.471360,-0.163390,0.008127,0.217165,0.354322,0.032240,-0.328810
Pelag_Saber_B_Timed,0.456667,0.640000,-0.413505,0.330006,-0.457187,32.723500,-0.155366,0.008147,0.234125,0.346107,0.030363,-0.339985
Pelag_Saber_B_Timed,0.460000,0.640000,-0.430595,0.324825,-0.440180,34.768610,-0.146306,0.008466,0.250447,0.337485,0.028038,-0.349135
Pelag_Saber_B_Timed,0.463333,0.640000,-0.446715,0.319853,-0.423727,36.593660,-0.135677,0.008400,0.266209,0.328257,0.024565,-0.357653
Pelag_Saber_B_Timed,0.466667,0.640000,-0.461986,0.315872,-0.407886,38.215220,-0.124307,0.008678,0.281033,0.319005,0.020852,-0.364300
Pelag_Saber_B_Timed,0.470000,0.640000,-0.476529,0.312750,-0.392552,39.657340,-0.114632,0.008650,0.293980,0.311690,0.017003,-0.367200
Pelag_Saber_B_Timed,0.473333,0.640000,-0.490580,0.312644,-0.377918,40.877440,-0.107361,0.009792,0.305496,0.307480,0.015096,-0.365437
Pelag_Saber_B_Timed,0.476667,0.640000,-0.504052,0.313499,-0.363968,41.916510,-0.101963,0.010453,0.316472,0.304918,0.013732,-0.360163
Pelag_Saber_B_Timed,0.480000,0.640000,-0.516523,0.314257,-0.350232,42.924190,-0.098973,0.010615,0.327254,0.302481,0.012516,-0.352637
Pelag_Saber_B_Timed,0.483333,0.640000,-0.528142,0.316304,-0.336505,43.947140,-0.099415,0.011745,0.338374,0.300285,0.012318,-0.342288
Pelag_Saber_B_Timed,0.486667,0.640000,-0.538820,0.318166,-0.323051,44.939980,-0.102189,0.012488,0.349809,0.298920,0.011982,-0.329519
Pelag_Saber_B_Timed,0.490000,0.640000,-0.547787,0.318839,-0.310079,45.916920,-0.104696,0.012957,0.360835,0.298103,0.011714,-0.317048
Pelag_Saber_B_Timed,0.493333,0.640000,-0.554809,0.318096,-0.297496,46.923700,-0.106341,0.013382,0.371313,0.297915,0.011659,-0.305260
Pelag_Saber_B_Timed,0.496667,0.640000,-0.560212,0.316022,-0.285480,47.915810,-0.107818,0.013531,0.381427,0.298360,0.011735,-0.293658
Pelag_Saber_B_Timed,0.500000,0.640000,-0.564116,0.313129,-0.274672,48.772500,-0.108595,0.013677,0.390778,0.298859,0.012116,-0.283722
Pelag_Saber_B_Timed,0.503333,0.640000,-0.566371,0.309553,-0.265342,49.450350,-0.108382,0.014141,0.399213,0.299199,0.012756,-0.276065
Pelag_Saber_B_Timed,0.506667,0.640000,-0.567252,0.305138,-0.257287,49.992900,-0.107662,0.014471,0.406801,0.299419,0.013135,-0.269967
Pelag_Saber_B_Timed,0.510000,0.640000,-0.567562,0.300884,-0.250444,50.410700,-0.107104,0.014613,0.413416,0.299273,0.013304,-0.264910
Pelag_Saber_B_Timed,0.513333,0.640000,-0.567449,0.297315,-0.245047,50.677020,-0.107041,0.014697,0.418819,0.298399,0.013377,-0.261034
Pelag_Saber_B_Timed,0.516667,0.640000,-0.566839,0.293885,-0.240877,50.819400,-0.107223,0.014507,0.423206,0.297094,0.013065,-0.258163
Pelag_Saber_B_Timed,0.520000,0.640000,-0.566182,0.290735,-0.237193,50.929780,-0.107395,0.014241,0.427130,0.296145,0.012667,-0.255369
Pelag_Saber_B_Timed,0.523333,0.640000,-0.565620,0.288138,-0.233817,51.033530,-0.107472,0.014148,0.430714,0.295928,0.012464,-0.252331
Pelag_Saber_B_Timed,0.526667,0.640000,-0.565023,0.285807,-0.230934,51.105030,-0.107544,0.013956,0.433828,0.296066,0.012166,-0.249396
Pelag_Saber_B_Timed,0.530000,0.640000,-0.564415,0.283656,-0.228349,51.159450,-0.107605,0.013698,0.436649,0.296228,0.011844,-0.246642
Pelag_Saber_B_Timed,0.533333,0.640000,-0.563803,0.281826,-0.226032,51.199950,-0.107647,0.013537,0.439205,0.296341,0.011679,-0.244093
Pelag_Saber_B_Timed,0.536667,0.640000,-0.563185,0.280168,-0.224015,51.223230,-0.107680,0.013300,0.441466,0.296477,0.011485,-0.241727
Pelag_Saber_B_Timed,0.540000,0.640000,-0.562563,0.278628,-0.222202,51.234790,-0.107724,0.012997,0.443525,0.296523,0.011263,-0.239555
Pelag_Saber_B_Timed,0.543333,0.640000,-0.561936,0.277330,-0.220579,51.234970,-0.107781,0.012756,0.445392,0.296417,0.011143,-0.237602
Pelag_Saber_B_Timed,0.546667,0.640000,-0.561309,0.276146,-0.219161,51.223350,-0.107849,0.012444,0.447054,0.296220,0.010990,-0.235843
Pelag_Saber_B_Timed,0.550000,0.640000,-0.560687,0.275051,-0.217887,51.204280,-0.107943,0.012087,0.448574,0.296003,0.010819,-0.234212
Pelag_Saber_B_Timed,0.553333,0.640000,-0.560069,0.274148,-0.216755,51.177850,-0.108069,0.011786,0.449952,0.295783,0.010733,-0.232698
Pelag_Saber_B_Timed,0.556667,0.640000,-0.559458,0.273333,-0.215768,51.143890,-0.108221,0.011437,0.451187,0.295543,0.010626,-0.231313
Pelag_Saber_B_Timed,0.560000,0.640000,-0.558858,0.272582,-0.214871,51.106390,-0.108406,0.011079,0.452337,0.295292,0.010515,-0.230027
Pelag_Saber_B_Timed,0.563333,0.640000,-0.558270,0.271971,-0.214060,51.065670,-0.108635,0.010796,0.453420,0.295031,0.010477,-0.228840
Pelag_Saber_B_Timed,0.566667,0.640000,-0.557694,0.271424,-0.213339,51.021350,-0.108898,0.010501,0.454418,0.294761,0.010433,-0.227753
Pelag_Saber_B_Timed,0.570000,0.640000,-0.557134,0.270924,-0.212668,50.976470,-0.109160,0.010216,0.455340,0.294492,0.010398,-0.226741
Pelag_Saber_B_Timed,0.573333,0.640000,-0.556588,0.270468,-0.212042,50.931210,-0.109413,0.009940,0.456180,0.294226,0.010370,-0.225800
Pelag_Saber_B_Timed,0.576667,0.640000,-0.556058,0.270059,-0.211466,50.885340,-0.109666,0.009672,0.456943,0.293962,0.010350,-0.224934
Pelag_Saber_B_Timed,0.580000,0.640000,-0.555549,0.269687,-0.210910,50.841270,-0.109907,0.009429,0.457654,0.293707,0.010350,-0.224122
Pelag_Saber_B_Timed,0.583333,0.640000,-0.555059,0.269300,-0.210368,50.799390,-0.110133,0.009163,0.458314,0.293464,0.010323,-0.223364
Pelag_Saber_B_Timed,0.586667,0.640000,-0.554590,0.268950,-0.209847,50.759290,-0.110348,0.008922,0.458922,0.293230,0.010316,-0.222660
Pelag_Saber_B_Timed,0.590000,0.640000,-0.554144,0.268634,-0.209334,50.722140,-0.110549,0.008722,0.459495,0.293010,0.010335,-0.221999
Pelag_Saber_B_Timed,0.593333,0.640000,-0.553721,0.268293,-0.208825,50.688210,-0.110737,0.008505,0.460037,0.292805,0.010320,-0.221378
Pelag_Saber_B_Timed,0.596667,0.640000,-0.553322,0.267986,-0.208324,50.657200,-0.110912,0.008326,0.460545,0.292614,0.010329,-0.220799
Pelag_Saber_B_Timed,0.600000,0.640000,-0.552948,0.267717,-0.207834,50.629450,-0.111076,0.008194,0.461025,0.292438,0.010366,-0.220259
Pelag_Saber_B_Timed,0.603333,0.640000,-0.552601,0.267414,-0.207350,50.605150,-0.111232,0.008038,0.461480,0.292276,0.010361,-0.219757
Pelag_Saber_B_Timed,0.606667,0.640000,-0.552280,0.267149,-0.206876,50.584080,-0.111376,0.007926,0.461908,0.292128,0.010383,-0.219292
Pelag_Saber_B_Timed,0.610000,0.640000,-0.551985,0.266928,-0.206426,50.565890,-0.111502,0.007858,0.462303,0.291998,0.010437,-0.218866
Pelag_Saber_B_Timed,0.613333,0.640000,-0.551715,0.266665,-0.205999,50.550700,-0.111602,0.007752,0.462666,0.291889,0.010442,-0.218479
Pelag_Saber_B_Timed,0.616667,0.640000,-0.551471,0.266446,-0.205597,50.538380,-0.111683,0.007688,0.462996,0.291799,0.010478,-0.218130
Pelag_Saber_B_Timed,0.620000,0.640000,-0.551258,0.266283,-0.205235,50.528180,-0.111756,0.007670,0.463289,0.291720,0.010543,-0.217822
Pelag_Saber_B_Timed,0.623333,0.640000,-0.551077,0.266083,-0.204913,50.520090,-0.111825,0.007601,0.463548,0.291653,0.010542,-0.217556
Pelag_Saber_B_Timed,0.626667,0.640000,-0.550927,0.265939,-0.204632,50.514110,-0.111886,0.007576,0.463769,0.291598,0.010569,-0.217331
Pelag_Saber_B_Timed,0.630000,0.640000,-0.550811,0.265862,-0.204409,50.509580,-0.111935,0.007594,0.463945,0.291553,0.010624,-0.217154
Pelag_Saber_B_Timed,0.633333,0.640000,-0.550741,0.265771,-0.204268,50.506770,-0.111967,0.007562,0.464056,0.291521,0.010613,-0.217042
Pelag_Saber_B_Timed,0.636667,0.640000,-0.550705,0.265747,-0.204184,50.505400,-0.111988,0.007573,0.464121,0.291500,0.010629,-0.216977
Pelag_Saber_B_Timed,0.640000,0.640000,-0.550669,0.265723,-0.204101,50.504040,-0.112008,0.007583,0.464186,0.291479,0.010646,-0.216912
Pelag_Whirlwind_Timed,0.000000,0.800000,-0.549207,0.261882,-0.200509,50.496650,-0.112450,0.005551,0.466202,0.291052,0.009028,-0.214914
Pelag_Whirlwind_Timed,0.003333,0.800000,-0.549277,0.261622,-0.199799,50.557200,-0.112457,0.005553,0.466128,0.291040,0.009008,-0.214883
Pelag_Whirlwind_Timed,0.006667,0.800000,-0.549354,0.261319,-0.198968,50.629160,-0.112462,0.005564,0.466031,0.291031,0.008991,-0.214862
Pelag_Whirlwind_Timed,0.010000,0.800000,-0.549502,0.260740,-0.197300,50.773320,-0.112481,0.005616,0.465859,0.291005,0.008990,-0.214830
Pelag_Whirlwind_Timed,0.013333,0.800000,-0.549712,0.259915,-0.194873,50.982350,-0.112511,0.005708,0.465633,0.290960,0.009001,-0.214780
Pelag_Whirlwind_Timed,0.016667,0.800000,-0.549937,0.258892,-0.191899,51.241540,-0.112578,0.005860,0.465321,0.290924,0.009032,-0.214776
Pelag_Whirlwind_Timed,0.020000,0.800000,-0.550239,0.257611,-0.188254,51.549100,-0.112801,0.005995,0.465123,0.290823,0.009018,-0.214677
Pelag_Whirlwind_Timed,0.023333,0.800000,-0.550537,0.256146,-0.184088,51.903330,-0.113066,0.006227,0.464835,0.290728,0.009026,-0.214623
Pelag_Whirlwind_Timed,0.026667,0.800000,-0.550818,0.254521,-0.179395,52.296080,-0.113283,0.006639,0.464407,0.290639,0.009060,-0.214529
Pelag_Whirlwind_Timed,0.030000,0.800000,-0.551072,0.252731,-0.174152,52.729500,-0.113435,0.007210,0.463872,0.290556,0.009118,-0.214395
Pelag_Whirlwind_Timed,0.033333,0.800000,-0.551286,0.250800,-0.168496,53.197610,-0.113836,0.008145,0.463190,0.290471,0.009208,-0.214308
Pelag_Whirlwind_Timed,0.036667,0.800000,-0.551392,0.248529,-0.162149,53.698120,-0.114872,0.009429,0.462757,0.290435,0.009126,-0.213975
Pelag_Whirlwind_Timed,0.040000,0.800000,-0.551435,0.246129,-0.155410,54.231310,-0.116065,0.011180,0.462163,0.290395,0.009079,-0.213693
Pelag_Whirlwind_Timed,0.043333,0.800000,-0.551393,0.243577,-0.148234,54.793760,-0.116478,0.013206,0.461262,0.290366,0.009033,-0.213386
Pelag_Whirlwind_Timed,0.046667,0.800000,-0.551257,0.240873,-0.140608,55.385800,-0.116347,0.015602,0.460149,0.290346,0.008985,-0.213043
Pelag_Whirlwind_Timed,0.050000,0.800000,-0.551022,0.238068,-0.132658,56.008610,-0.115314,0.018258,0.458521,0.290330,0.008986,-0.212797
Pelag_Whirlwind_Timed,0.053333,0.800000,-0.550631,0.235065,-0.124177,56.661130,-0.112824,0.020980,0.456399,0.290363,0.008934,-0.212431
Pelag_Whirlwind_Timed,0.056667,0.800000,-0.550116,0.231968,-0.115384,57.345540,-0.109569,0.024049,0.453775,0.290403,0.008932,-0.212179
Pelag_Whirlwind_Timed,0.060000,0.800000,-0.549461,0.228678,-0.106145,58.066110,-0.106679,0.027543,0.451099,0.290464,0.008880,-0.211933
Pelag_Whirlwind_Timed,0.063333,0.800000,-0.548652,0.225195,-0.096462,58.820860,-0.104129,0.031549,0.448341,0.290545,0.008773,-0.211664
Pelag_Whirlwind_Timed,0.066667,0.800000,-0.547669,0.221619,-0.086489,59.617900,-0.100876,0.035681,0.445327,0.290611,0.008744,-0.211674
Pelag_Whirlwind_Timed,0.070000,0.800000,-0.546552,0.217813,-0.076003,60.458230,-0.096645,0.039803,0.442474,0.290581,0.008653,-0.211773
Pelag_Whirlwind_Timed,0.073333,0.800000,-0.545223,0.213911,-0.065236,61.344410,-0.091573,0.043766,0.439155,0.290505,0.008660,-0.212207
Pelag_Whirlwind_Timed,0.076667,0.800000,-0.543710,0.209785,-0.054048,62.285770,-0.085716,0.046637,0.434835,0.290264,0.008727,-0.213003
Pelag_Whirlwind_Timed,0.080000,0.800000,-0.541993,0.205435,-0.042449,63.278820,-0.079435,0.048718,0.429780,0.289812,0.008856,-0.214228
Pelag_Whirlwind_Timed,0.083333,0.800000,-0.539981,0.200965,-0.030580,64.335620,-0.071351,0.049400,0.422642,0.289386,0.009061,-0.215454
Pelag_Whirlwind_Timed,0.086667,0.800000,-0.537848,0.195917,-0.018126,65.441700,-0.062018,0.048442,0.413399,0.288735,0.008888,-0.215995
Pelag_Whirlwind_Timed,0.090000,0.800000,-0.535395,0.190767,-0.005392,66.627300,-0.051455,0.046337,0.401456,0.288185,0.008796,-0.216510
Pelag_Whirlwind_Timed,0.093333,0.800000,-0.532951,0.185315,0.008018,67.962640,-0.039356,0.042137,0.385472,0.287737,0.008595,-0.217090
Pelag_Whirlwind_Timed,0.096667,0.800000,-0.530377,0.179457,0.022050,69.434920,-0.027629,0.036770,0.365109,0.287317,0.008365,-0.217840
Pelag_Whirlwind_Timed,0.100000,0.800000,-0.527779,0.173869,0.036422,71.051030,-0.017242,0.031472,0.342501,0.287451,0.008103,-0.218287
Pelag_Whirlwind_Timed,0.103333,0.800000,-0.526533,0.168482,0.051587,72.826640,-0.010595,0.025919,0.318462,0.287149,0.007639,-0.217608
Pelag_Whirlwind_Timed,0.106667,0.800000,-0.525310,0.163441,0.067042,74.744820,-0.005628,0.021098,0.292973,0.287526,0.007290,-0.216776
Pelag_Whirlwind_Timed,0.110000,0.800000,-0.524156,0.159365,0.082843,76.781890,0.001612,0.017521,0.267299,0.288592,0.007472,-0.216197
Pelag_Whirlwind_Timed,0.113333,0.800000,-0.522935,0.156126,0.099028,78.947710,0.010913,0.014410,0.239743,0.290697,0.008445,-0.215943
Pelag_Whirlwind_Timed,0.116667,0.800000,-0.522068,0.153567,0.115492,81.222890,0.020125,0.012170,0.212562,0.292146,0.008906,-0.215783
Pelag_Whirlwind_Timed,0.120000,0.800000,-0.521406,0.152756,0.132075,83.592550,0.029996,0.011931,0.185141,0.292568,0.009451,-0.215613
Pelag_Whirlwind_Timed,0.123333,0.800000,-0.520970,0.152566,0.149182,86.077800,0.040328,0.012314,0.157115,0.292255,0.009317,-0.215380
Pelag_Whirlwind_Timed,0.126667,0.800000,-0.520226,0.153396,0.167535,88.704150,0.050897,0.013226,0.131276,0.291664,0.008905,-0.214654
Pelag_Whirlwind_Timed,0.130000,0.800000,-0.519099,0.155237,0.186929,91.469370,0.062314,0.015502,0.105274,0.291068,0.008595,-0.213418
Pelag_Whirlwind_Timed,0.133333,0.800000,-0.517462,0.157549,0.208009,94.380170,0.072677,0.017071,0.081776,0.290386,0.007728,-0.212791
Pelag_Whirlwind_Timed,0.136667,0.800000,-0.514803,0.162159,0.231409,97.435290,0.083716,0.017759,0.063527,0.290056,0.008394,-0.212885
Pelag_Whirlwind_Timed,0.140000,0.800000,-0.511071,0.167171,0.256561,100.648600,0.094169,0.017162,0.047005,0.289983,0.009013,-0.214335
Pelag_Whirlwind_Timed,0.143333,0.800000,-0.504954,0.173445,0.284398,104.080200,0.100559,0.017142,0.030005,0.290311,0.008941,-0.216365
Pelag_Whirlwind_Timed,0.146667,0.800000,-0.496064,0.181021,0.315099,107.771600,0.104114,0.016894,0.012753,0.290564,0.007304,-0.217471
Pelag_Whirlwind_Timed,0.150000,0.800000,-0.485762,0.188617,0.345541,111.441400,0.103154,0.016227,-0.002560,0.291818,0.011435,-0.227562
Pelag_Whirlwind_Timed,0.153333,0.800000,-0.470608,0.196382,0.377776,115.066200,0.100710,0.015162,-0.008739,0.295458,0.026818,-0.252549
Pelag_Whirlwind_Timed,0.156667,0.800000,-0.454802,0.204388,0.408976,118.543100,0.096287,0.013481,-0.010152,0.288630,0.048126,-0.287540
Pelag_Whirlwind_Timed,0.160000,0.800000,-0.440168,0.213279,0.438690,121.478500,0.093199,0.012030,-0.010788,0.271506,0.068018,-0.319157
Pelag_Whirlwind_Timed,0.163333,0.800000,-0.426883,0.223120,0.467371,123.920500,0.091108,0.010118,-0.009520,0.245958,0.087244,-0.347619
Pelag_Whirlwind_Timed,0.166667,0.800000,-0.414952,0.234031,0.494812,125.973500,0.089252,0.009986,-0.008340,0.214334,0.101317,-0.368009
Pelag_Whirlwind_Timed,0.170000,0.800000,-0.404808,0.244391,0.521709,127.580800,0.088173,0.010387,-0.008292,0.182167,0.105830,-0.378215
Pelag_Whirlwind_Timed,0.173333,0.800000,-0.395621,0.255457,0.547599,128.865700,0.087295,0.012798,-0.008757,0.148658,0.104907,-0.381472
Pelag_Whirlwind_Timed,0.176667,0.800000,-0.384170,0.263131,0.571150,130.112100,0.085996,0.015214,-0.009886,0.111763,0.097302,-0.379332
Pelag_Whirlwind_Timed,0.180000,0.800000,-0.371242,0.267903,0.592351,131.248900,0.084318,0.017851,-0.012197,0.071988,0.083540,-0.371933
Pelag_Whirlwind_Timed,0.183333,0.800000,-0.356041,0.270553,0.612660,132.436400,0.082794,0.020373,-0.013024,0.025801,0.069341,-0.358956
Pelag_Whirlwind_Timed,0.186667,0.800000,-0.337431,0.269262,0.628310,133.735200,0.082190,0.020500,-0.015047,-0.027010,0.055828,-0.342531
Pelag_Whirlwind_Timed,0.190000,0.800000,-0.316352,0.265965,0.643164,135.143900,0.082051,0.020086,-0.015331,-0.084847,0.046186,-0.319182
Pelag_Whirlwind_Timed,0.193333,0.800000,-0.293392,0.262023,0.656511,136.775300,0.082211,0.020144,-0.015768,-0.146149,0.044788,-0.291781
Pelag_Whirlwind_Timed,0.196667,0.800000,-0.268292,0.257173,0.667986,138.621400,0.082922,0.020559,-0.016415,-0.209606,0.053591,-0.258917
Pelag_Whirlwind_Timed,0.200000,0.800000,-0.241506,0.251937,0.679031,140.625800,0.084346,0.020980,-0.015553,-0.269665,0.063691,-0.216629
Pelag_Whirlwind_Timed,0.203333,0.800000,-0.215446,0.245852,0.687272,142.772900,0.084184,0.020649,-0.015394,-0.327980,0.070646,-0.165649
Pelag_Whirlwind_Timed,0.206667,0.800000,-0.187927,0.239623,0.694816,145.065300,0.084824,0.020381,-0.013919,-0.377768,0.076049,-0.102803
Pelag_Whirlwind_Timed,0.210000,0.800000,-0.160695,0.233133,0.700973,147.477600,0.085111,0.019771,-0.011792,-0.412567,0.072583,-0.030644
Pelag_Whirlwind_Timed,0.213333,0.800000,-0.133654,0.226239,0.705531,150.007400,0.085010,0.018870,-0.008662,-0.432002,0.059620,0.050482
Pelag_Whirlwind_Timed,0.216667,0.800000,-0.105656,0.219825,0.709374,152.702700,0.085617,0.018383,-0.007125,-0.441461,0.053850,0.132411
Pelag_Whirlwind_Timed,0.220000,0.800000,-0.078264,0.214580,0.713543,155.584100,0.085445,0.019527,-0.008611,-0.446249,0.060650,0.211354
Pelag_Whirlwind_Timed,0.223333,0.800000,-0.049991,0.209731,0.716651,158.645300,0.085379,0.020521,-0.011793,-0.441524,0.071272,0.286462
Pelag_Whirlwind_Timed,0.226667,0.800000,-0.019935,0.207421,0.718442,161.903900,0.085846,0.020962,-0.013589,-0.425808,0.081806,0.354964
Pelag_Whirlwind_Timed,0.230000,0.800000,0.011904,0.207617,0.718827,165.367000,0.087449,0.020983,-0.014487,-0.400434,0.091248,0.414955
Pelag_Whirlwind_Timed,0.233333,0.800000,0.044094,0.207457,0.717128,168.986100,0.089033,0.020085,-0.013974,-0.369101,0.097863,0.470024
Pelag_Whirlwind_Timed,0.236667,0.800000,0.074278,0.206756,0.711950,172.744000,0.088537,0.019078,-0.011528,-0.334754,0.102178,0.521417
Pelag_Whirlwind_Timed,0.240000,0.800000,0.104651,0.205701,0.704544,176.649400,0.088447,0.017934,-0.008361,-0.297545,0.104348,0.564538
Pelag_Whirlwind_Timed,0.243333,0.800000,0.135340,0.204804,0.696697,180.696400,0.088240,0.017678,-0.007275,-0.257947,0.105096,0.601735
Pelag_Whirlwind_Timed,0.246667,0.800000,0.165981,0.203748,0.687923,184.890900,0.087256,0.018237,-0.008267,-0.214548,0.103487,0.635228
Pelag_Whirlwind_Timed,0.250000,0.800000,0.198023,0.203852,0.677601,189.258000,0.086288,0.019042,-0.010507,-0.168676,0.100595,0.662910
Pelag_Whirlwind_Timed,0.253333,0.800000,0.232629,0.205564,0.668460,193.811200,0.086037,0.019384,-0.010741,-0.120906,0.096601,0.687762
Pelag_Whirlwind_Timed,0.256667,0.800000,0.268626,0.208505,0.656918,198.566800,0.085357,0.019706,-0.011730,-0.073465,0.091557,0.706850
Pelag_Whirlwind_Timed,0.260000,0.800000,0.306542,0.212007,0.642578,203.577100,0.085010,0.019779,-0.012129,-0.028823,0.085741,0.720757
Pelag_Whirlwind_Timed,0.263333,0.800000,0.346200,0.216441,0.625272,208.869200,0.084896,0.019537,-0.011789,0.012637,0.079608,0.731758
Pelag_Whirlwind_Timed,0.266667,0.800000,0.384805,0.220068,0.602710,214.293700,0.084296,0.019350,-0.011970,0.049791,0.073447,0.738107
Pelag_Whirlwind_Timed,0.270000,0.800000,0.423711,0.222141,0.574783,219.829000,0.085589,0.019262,-0.012496,0.084588,0.066801,0.740680
Pelag_Whirlwind_Timed,0.273333,0.800000,0.459792,0.223185,0.541333,225.463000,0.085851,0.019402,-0.013354,0.115016,0.060906,0.740778
Pelag_Whirlwind_Timed,0.276667,0.800000,0.492547,0.222372,0.502347,231.081500,0.085286,0.019502,-0.014187,0.143060,0.057287,0.738502
Pelag_Whirlwind_Timed,0.280000,0.800000,0.521780,0.220164,0.457762,236.736400,0.083973,0.019798,-0.015124,0.169359,0.056789,0.734610
Pelag_Whirlwind_Timed,0.283333,0.800000,0.544464,0.216853,0.410453,242.337900,0.081982,0.020313,-0.015199,0.191995,0.055107,0.728057
Pelag_Whirlwind_Timed,0.286667,0.800000,0.561551,0.211535,0.360986,247.843100,0.082628,0.020454,-0.014497,0.210603,0.048828,0.716560
Pelag_Whirlwind_Timed,0.290000,0.800000,0.571573,0.205176,0.310654,253.301000,0.082613,0.021150,-0.014345,0.223976,0.041531,0.704464
Pelag_Whirlwind_Timed,0.293333,0.800000,0.573822,0.197462,0.259198,258.721700,0.077820,0.021255,-0.020776,0.234583,0.034092,0.694725
Pelag_Whirlwind_Timed,0.296667,0.800000,0.568218,0.188341,0.207351,264.113900,0.067598,0.020686,-0.034095,0.243073,0.025394,0.686616
Pelag_Whirlwind_Timed,0.300000,0.800000,0.556396,0.179345,0.156264,269.557000,0.054623,0.022429,-0.046782,0.249587,0.020156,0.682379
Pelag_Whirlwind_Timed,0.303333,0.800000,0.536083,0.168654,0.104128,275.107400,0.038537,0.025653,-0.058824,0.252600,0.019456,0.681151
Pelag_Whirlwind_Timed,0.306667,0.800000,0.509901,0.159028,0.053536,280.759900,0.020953,0.031639,-0.068984,0.255097,0.022340,0.682620
Pelag_Whirlwind_Timed,0.310000,0.800000,0.478154,0.151114,0.003738,286.527200,0.000791,0.038836,-0.075807,0.255758,0.023651,0.683801
Pelag_Whirlwind_Timed,0.313333,0.800000,0.440470,0.144985,-0.045043,292.445400,-0.021660,0.047764,-0.079483,0.254808,0.024395,0.685886
Pelag_Whirlwind_Timed,0.316667,0.800000,0.398620,0.140951,-0.089794,298.410500,-0.043404,0.056377,-0.080213,0.255100,0.024616,0.687654
Pelag_Whirlwind_Timed,0.320000,0.800000,0.350782,0.138277,-0.130065,304.415800,-0.065323,0.063173,-0.078823,0.254615,0.022698,0.687345
Pelag_Whirlwind_Timed,0.323333,0.800000,0.300224,0.137534,-0.165080,310.434300,-0.084740,0.068989,-0.075948,0.255167,0.019985,0.686174
Pelag_Whirlwind_Timed,0.326667,0.800000,0.249366,0.138640,-0.193399,316.332000,-0.100634,0.072991,-0.072872,0.256641,0.017893,0.685370
Pelag_Whirlwind_Timed,0.330000,0.800000,0.198114,0.141040,-0.215545,322.152600,-0.113021,0.075229,-0.070102,0.258322,0.016070,0.684728
Pelag_Whirlwind_Timed,0.333333,0.800000,0.149271,0.144288,-0.232208,327.771100,-0.122930,0.077299,-0.067744,0.260914,0.014493,0.683833
Pelag_Whirlwind_Timed,0.336667,0.800000,0.103030,0.149479,-0.243847,333.219900,-0.132084,0.080108,-0.063150,0.262785,0.013820,0.684461
Pelag_Whirlwind_Timed,0.340000,0.800000,0.060135,0.154029,-0.250751,338.403900,-0.138999,0.082303,-0.058258,0.264928,0.013645,0.685102
Pelag_Whirlwind_Timed,0.343333,0.800000,0.021242,0.154699,-0.248723,343.007300,-0.144893,0.084365,-0.053584,0.266827,0.013883,0.685642
Pelag_Whirlwind_Timed,0.346667,0.800000,-0.013071,0.151444,-0.238803,347.089300,-0.150192,0.086178,-0.048703,0.267132,0.013673,0.685731
Pelag_Whirlwind_Timed,0.350000,0.800000,-0.042340,0.147582,-0.227438,350.716700,-0.155625,0.087867,-0.044610,0.267131,0.013353,0.685292
Pelag_Whirlwind_Timed,0.353333,0.800000,-0.066471,0.144566,-0.216416,353.885100,-0.161150,0.089252,-0.040161,0.267642,0.013212,0.685568
Pelag_Whirlwind_Timed,0.356667,0.800000,-0.085963,0.141590,-0.206174,356.617200,-0.166250,0.090043,-0.036053,0.268075,0.012961,0.685416
Pelag_Whirlwind_Timed,0.360000,0.800000,-0.101358,0.139077,-0.197208,358.955500,-0.170472,0.090481,-0.032127,0.268529,0.012902,0.685329
Pelag_Whirlwind_Timed,0.363333,0.800000,-0.112594,0.137027,-0.189993,0.877884,-0.173558,0.090269,-0.028218,0.268957,0.012975,0.685248
Pelag_Whirlwind_Timed,0.366667,0.800000,-0.121164,0.135200,-0.184172,2.511131,-0.175838,0.089722,-0.025285,0.269491,0.013021,0.685042
Pelag_Whirlwind_Timed,0.370000,0.800000,-0.127304,0.133734,-0.179524,3.890742,-0.177032,0.089250,-0.023881,0.270544,0.013201,0.684853
Pelag_Whirlwind_Timed,0.373333,0.800000,-0.131394,0.132548,-0.176249,5.027186,-0.177666,0.088549,-0.023364,0.271640,0.013245,0.684631
Pelag_Whirlwind_Timed,0.376667,0.800000,-0.134253,0.132026,-0.173885,6.011199,-0.178468,0.087981,-0.022642,0.272506,0.013392,0.684507
Pelag_Whirlwind_Timed,0.380000,0.800000,-0.135686,0.132171,-0.172537,6.824812,-0.179169,0.087413,-0.021839,0.273221,0.013671,0.684488
Pelag_Whirlwind_Timed,0.383333,0.800000,-0.136347,0.132882,-0.172261,7.495317,-0.179994,0.086551,-0.020966,0.273659,0.013634,0.684628
Pelag_Whirlwind_Timed,0.386667,0.800000,-0.135904,0.135043,-0.173257,8.030554,-0.180422,0.086025,-0.020126,0.274384,0.013914,0.684684
Pelag_Whirlwind_Timed,0.390000,0.800000,-0.134898,0.137891,-0.175282,8.437414,-0.180923,0.085236,-0.019216,0.274846,0.013883,0.684974
Pelag_Whirlwind_Timed,0.393333,0.800000,-0.133155,0.141903,-0.178564,8.747233,-0.181140,0.085101,-0.018760,0.275356,0.014117,0.685419
Pelag_Whirlwind_Timed,0.396667,0.800000,-0.130536,0.147091,-0.183124,8.950548,-0.181018,0.085579,-0.018806,0.275850,0.014504,0.685929
Pelag_Whirlwind_Timed,0.400000,0.800000,-0.128044,0.153139,-0.188399,9.077114,-0.181087,0.086034,-0.018741,0.276043,0.014722,0.686720
Pelag_Whirlwind_Timed,0.403333,0.800000,-0.125399,0.160359,-0.194548,9.138601,-0.180900,0.086776,-0.018777,0.276539,0.015175,0.687563
Pelag_Whirlwind_Timed,0.406667,0.800000,-0.122932,0.168507,-0.201330,9.129760,-0.180889,0.087465,-0.018717,0.276685,0.015404,0.688571
Pelag_Whirlwind_Timed,0.410000,0.800000,-0.120027,0.178000,-0.209198,9.055675,-0.180365,0.088121,-0.018943,0.276997,0.015403,0.688940
Pelag_Whirlwind_Timed,0.413333,0.800000,-0.116643,0.188911,-0.218145,8.905418,-0.179451,0.088873,-0.019460,0.277412,0.015201,0.688740
Pelag_Whirlwind_Timed,0.416667,0.800000,-0.113374,0.200639,-0.227386,8.729650,-0.178625,0.089423,-0.019983,0.277471,0.014737,0.688368
Pelag_Whirlwind_Timed,0.420000,0.800000,-0.110156,0.213370,-0.236677,8.525125,-0.177993,0.089879,-0.020267,0.277057,0.014142,0.688060
Pelag_Whirlwind_Timed,0.423333,0.800000,-0.107106,0.226761,-0.245975,8.322104,-0.177531,0.090251,-0.020570,0.276355,0.013400,0.687588
Pelag_Whirlwind_Timed,0.426667,0.800000,-0.104629,0.240239,-0.254416,8.210824,-0.177055,0.090728,-0.020743,0.275791,0.012905,0.687172
Pelag_Whirlwind_Timed,0.430000,0.800000,-0.102587,0.253968,-0.262215,8.165212,-0.176699,0.091311,-0.020734,0.275287,0.012563,0.686793
Pelag_Whirlwind_Timed,0.433333,0.800000,-0.101666,0.267352,-0.268925,8.267312,-0.176029,0.092036,-0.020969,0.275073,0.012532,0.686340
Pelag_Whirlwind_Timed,0.436667,0.800000,-0.103240,0.279669,-0.273559,8.558937,-0.175970,0.092527,-0.020809,0.274243,0.012609,0.686596
Pelag_Whirlwind_Timed,0.440000,0.800000,-0.106275,0.291470,-0.277002,9.022008,-0.175429,0.093166,-0.020975,0.273807,0.013033,0.686787
Pelag_Whirlwind_Timed,0.443333,0.800000,-0.111725,0.302696,-0.278990,9.665665,-0.174642,0.093857,-0.021467,0.273165,0.013544,0.687014
Pelag_Whirlwind_Timed,0.446667,0.800000,-0.119434,0.313298,-0.279544,10.484080,-0.173593,0.094568,-0.022296,0.272411,0.014195,0.687321
Pelag_Whirlwind_Timed,0.450000,0.800000,-0.129434,0.323322,-0.278555,11.510410,-0.172069,0.095451,-0.023485,0.272034,0.015102,0.687453
Pelag_Whirlwind_Timed,0.453333,0.800000,-0.142671,0.332176,-0.275598,12.750830,-0.170842,0.095921,-0.024798,0.271199,0.015658,0.687707
Pelag_Whirlwind_Timed,0.456667,0.800000,-0.158218,0.340311,-0.270814,14.214120,-0.169275,0.096491,-0.026408,0.270937,0.016491,0.687768
Pelag_Whirlwind_Timed,0.460000,0.800000,-0.176824,0.346956,-0.263770,15.955070,-0.168244,0.096446,-0.027957,0.271205,0.017102,0.687454
Pelag_Whirlwind_Timed,0.463333,0.800000,-0.198624,0.352164,-0.254195,17.993920,-0.167695,0.095752,-0.029491,0.272038,0.017544,0.686724
Pelag_Whirlwind_Timed,0.466667,0.800000,-0.221135,0.356065,-0.242660,20.156070,-0.167194,0.095039,-0.031026,0.273363,0.018139,0.685977
Pelag_Whirlwind_Timed,0.470000,0.800000,-0.244355,0.358182,-0.229364,22.450100,-0.166801,0.093848,-0.032695,0.275018,0.018458,0.684817
Pelag_Whirlwind_Timed,0.473333,0.800000,-0.267211,0.358865,-0.214448,24.767600,-0.166438,0.092635,-0.034248,0.276789,0.018864,0.683878
Pelag_Whirlwind_Timed,0.476667,0.800000,-0.286735,0.357899,-0.200513,26.784090,-0.165818,0.091607,-0.036775,0.277927,0.019119,0.683221
Pelag_Whirlwind_Timed,0.480000,0.800000,-0.303496,0.355425,-0.187533,28.549630,-0.164570,0.090668,-0.040170,0.278550,0.019194,0.682652
Pelag_Whirlwind_Timed,0.483333,0.800000,-0.317499,0.351220,-0.174945,30.042230,-0.163836,0.090242,-0.042443,0.278606,0.019196,0.683296
Pelag_Whirlwind_Timed,0.486667,0.800000,-0.327588,0.345356,-0.165809,31.210180,-0.163048,0.091673,-0.046143,0.278823,0.019428,0.682755
Pelag_Whirlwind_Timed,0.490000,0.800000,-0.335140,0.337815,-0.157300,32.112170,-0.162664,0.094057,-0.048072,0.278531,0.019537,0.683453
Pelag_Whirlwind_Timed,0.493333,0.800000,-0.340919,0.328997,-0.150225,32.828830,-0.163541,0.096316,-0.048775,0.277793,0.019600,0.684032
Pelag_Whirlwind_Timed,0.496667,0.800000,-0.344671,0.318843,-0.144771,33.331450,-0.165978,0.099940,-0.049239,0.276400,0.019679,0.684519
Pelag_Whirlwind_Timed,0.500000,0.800000,-0.347540,0.307640,-0.138946,33.743080,-0.170512,0.100362,-0.043782,0.275555,0.019475,0.686141
Pelag_Whirlwind_Timed,0.503333,0.800000,-0.350926,0.296126,-0.135502,34.080630,-0.178124,0.096716,-0.033750,0.274136,0.019661,0.686334
Pelag_Whirlwind_Timed,0.506667,0.800000,-0.353893,0.283783,-0.131238,34.388920,-0.185606,0.089029,-0.017494,0.273819,0.019568,0.687541
Pelag_Whirlwind_Timed,0.510000,0.800000,-0.359078,0.271427,-0.125984,34.825930,-0.191156,0.073607,0.005308,0.274937,0.019258,0.687889
Pelag_Whirlwind_Timed,0.513333,0.800000,-0.366171,0.259128,-0.119903,35.358310,-0.188490,0.050094,0.035706,0.277354,0.018892,0.687427
Pelag_Whirlwind_Timed,0.516667,0.800000,-0.373900,0.246295,-0.111573,36.053950,-0.175624,0.030557,0.062662,0.281727,0.018152,0.687516
Pelag_Whirlwind_Timed,0.520000,0.800000,-0.385588,0.233684,-0.100185,36.959940,-0.162010,0.017854,0.083727,0.283729,0.017716,0.689032
Pelag_Whirlwind_Timed,0.523333,0.800000,-0.397796,0.221083,-0.086423,38.043290,-0.146221,0.007627,0.102170,0.287945,0.017938,0.690634
Pelag_Whirlwind_Timed,0.526667,0.800000,-0.412144,0.210855,-0.070401,39.295460,-0.133742,0.003084,0.116488,0.295286,0.021795,0.690574
Pelag_Whirlwind_Timed,0.530000,0.800000,-0.428385,0.202616,-0.051652,40.742930,-0.124745,0.004840,0.127771,0.305488,0.028529,0.688348
Pelag_Whirlwind_Timed,0.533333,0.800000,-0.445491,0.196955,-0.032851,42.247810,-0.116605,0.005270,0.136449,0.318309,0.037451,0.683893
Pelag_Whirlwind_Timed,0.536667,0.800000,-0.463314,0.199894,-0.013258,43.768290,-0.108748,0.006338,0.142555,0.335337,0.054223,0.676793
Pelag_Whirlwind_Timed,0.540000,0.800000,-0.481827,0.205464,0.005472,45.297650,-0.102783,0.005908,0.146062,0.354183,0.072867,0.664200
Pelag_Whirlwind_Timed,0.543333,0.800000,-0.499196,0.212631,0.021319,46.728450,-0.096526,0.004642,0.149312,0.372572,0.092390,0.648183
Pelag_Whirlwind_Timed,0.546667,0.800000,-0.516056,0.221491,0.034621,48.060360,-0.089398,0.002966,0.151055,0.392169,0.113570,0.627559
Pelag_Whirlwind_Timed,0.550000,0.800000,-0.531455,0.230879,0.044604,49.349550,-0.083345,0.005027,0.151668,0.407227,0.131490,0.603681
Pelag_Whirlwind_Timed,0.553333,0.800000,-0.544404,0.235603,0.049491,50.657450,-0.079731,0.004965,0.153131,0.415587,0.141094,0.581276
Pelag_Whirlwind_Timed,0.556667,0.800000,-0.555952,0.240103,0.051262,51.904720,-0.077790,0.005544,0.155267,0.419685,0.147116,0.560760
Pelag_Whirlwind_Timed,0.560000,0.800000,-0.566555,0.243910,0.052229,52.957930,-0.076935,0.007337,0.155603,0.419530,0.144109,0.540021
Pelag_Whirlwind_Timed,0.563333,0.800000,-0.576238,0.247120,0.051985,53.843590,-0.077455,0.009195,0.154918,0.414025,0.131534,0.519508
Pelag_Whirlwind_Timed,0.566667,0.800000,-0.584929,0.249687,0.050490,54.524180,-0.078797,0.011164,0.153958,0.406713,0.116728,0.498007
Pelag_Whirlwind_Timed,0.570000,0.800000,-0.590416,0.252156,0.047644,54.908330,-0.078688,0.014427,0.152883,0.401527,0.103553,0.476210
Pelag_Whirlwind_Timed,0.573333,0.800000,-0.595118,0.254089,0.043734,55.121880,-0.079229,0.017294,0.151774,0.395865,0.090232,0.452498
Pelag_Whirlwind_Timed,0.576667,0.800000,-0.598768,0.256097,0.040161,55.381790,-0.079399,0.018585,0.151736,0.390583,0.077726,0.424740
Pelag_Whirlwind_Timed,0.580000,0.800000,-0.601023,0.257934,0.036439,55.629090,-0.079247,0.018267,0.152923,0.385128,0.065731,0.393399
Pelag_Whirlwind_Timed,0.583333,0.800000,-0.604327,0.260535,0.034206,56.018580,-0.079541,0.017551,0.153753,0.378377,0.055438,0.360394
Pelag_Whirlwind_Timed,0.586667,0.800000,-0.608618,0.264354,0.036168,56.693780,-0.078941,0.016457,0.154461,0.370816,0.047021,0.327678
Pelag_Whirlwind_Timed,0.590000,0.800000,-0.613889,0.268976,0.039664,57.506520,-0.078645,0.015299,0.154607,0.361662,0.040260,0.294551
Pelag_Whirlwind_Timed,0.593333,0.800000,-0.618225,0.273411,0.042231,58.264030,-0.077999,0.014649,0.154466,0.353440,0.034761,0.261406
Pelag_Whirlwind_Timed,0.596667,0.800000,-0.621948,0.277874,0.044426,59.014010,-0.076977,0.014431,0.153932,0.346095,0.030531,0.227825
Pelag_Whirlwind_Timed,0.600000,0.800000,-0.625006,0.281981,0.045170,59.647150,-0.076449,0.014441,0.153506,0.338500,0.027387,0.195641
Pelag_Whirlwind_Timed,0.603333,0.800000,-0.626065,0.285206,0.042987,60.092010,-0.075753,0.014366,0.152871,0.332262,0.025208,0.164907
Pelag_Whirlwind_Timed,0.606667,0.800000,-0.626443,0.287980,0.039141,60.402450,-0.075594,0.014450,0.152541,0.326295,0.023751,0.135720
Pelag_Whirlwind_Timed,0.610000,0.800000,-0.626014,0.290215,0.033885,60.606490,-0.075275,0.014429,0.152291,0.319704,0.021670,0.108156
Pelag_Whirlwind_Timed,0.613333,0.800000,-0.624680,0.291843,0.026971,60.687500,-0.074940,0.014287,0.152152,0.312739,0.018894,0.082169
Pelag_Whirlwind_Timed,0.616667,0.800000,-0.623243,0.293426,0.019691,60.722070,-0.074896,0.014345,0.152165,0.306786,0.016892,0.057076
Pelag_Whirlwind_Timed,0.620000,0.800000,-0.621573,0.294708,0.012103,60.734680,-0.074830,0.014243,0.151879,0.303010,0.015850,0.032526
Pelag_Whirlwind_Timed,0.623333,0.800000,-0.619903,0.296005,0.004472,60.725270,-0.075047,0.014326,0.151716,0.300584,0.015622,0.008544
Pelag_Whirlwind_Timed,0.626667,0.800000,-0.618116,0.297188,-0.003004,60.735610,-0.075113,0.014406,0.151493,0.299394,0.015768,-0.016383
Pelag_Whirlwind_Timed,0.630000,0.800000,-0.616163,0.298239,-0.010529,60.749640,-0.074988,0.014484,0.151135,0.299541,0.016469,-0.042281
Pelag_Whirlwind_Timed,0.633333,0.800000,-0.614472,0.299392,-0.017010,60.827500,-0.075376,0.014755,0.151269,0.300181,0.017534,-0.067416
Pelag_Whirlwind_Timed,0.636667,0.800000,-0.612549,0.300231,-0.022447,60.996490,-0.075859,0.014823,0.151811,0.301764,0.018506,-0.091911
Pelag_Whirlwind_Timed,0.640000,0.800000,-0.610919,0.301203,-0.026736,61.244300,-0.076890,0.015130,0.152770,0.303356,0.019560,-0.115125
Pelag_Whirlwind_Timed,0.643333,0.800000,-0.608920,0.301949,-0.030196,61.589070,-0.077823,0.015205,0.153210,0.304902,0.019352,-0.136041
Pelag_Whirlwind_Timed,0.646667,0.800000,-0.606579,0.302495,-0.032670,62.036960,-0.078634,0.015050,0.153236,0.306710,0.017976,-0.154710
Pelag_Whirlwind_Timed,0.650000,0.800000,-0.604247,0.303064,-0.034808,62.530830,-0.079807,0.015159,0.153286,0.306320,0.015786,-0.170862
Pelag_Whirlwind_Timed,0.653333,0.800000,-0.600151,0.303121,-0.037260,63.065270,-0.079549,0.015088,0.152855,0.304186,0.010838,-0.185185
Pelag_Whirlwind_Timed,0.656667,0.800000,-0.595916,0.303098,-0.039690,63.620780,-0.079574,0.015288,0.152552,0.299741,0.005645,-0.196681
Pelag_Whirlwind_Timed,0.660000,0.800000,-0.590103,0.301991,-0.043062,64.125850,-0.078769,0.015031,0.152471,0.295665,0.004020,-0.204295
Pelag_Whirlwind_Timed,0.663333,0.800000,-0.582753,0.299800,-0.047140,64.595780,-0.077206,0.014461,0.152510,0.291617,0.006462,-0.208062
Pelag_Whirlwind_Timed,0.666667,0.800000,-0.575147,0.297484,-0.052499,65.004470,-0.075928,0.013681,0.152764,0.288194,0.009139,-0.211012
Pelag_Whirlwind_Timed,0.670000,0.800000,-0.567819,0.294672,-0.058916,65.352100,-0.075945,0.012078,0.153590,0.285856,0.008226,-0.213342
Pelag_Whirlwind_Timed,0.673333,0.800000,-0.560534,0.292033,-0.066905,65.621360,-0.076407,0.010598,0.154222,0.285509,0.006685,-0.214813
Pelag_Whirlwind_Timed,0.676667,0.800000,-0.555507,0.289440,-0.076404,65.786530,-0.078179,0.009311,0.154725,0.286016,0.006210,-0.215369
Pelag_Whirlwind_Timed,0.680000,0.800000,-0.552660,0.286816,-0.087130,65.901320,-0.081721,0.009135,0.154630,0.286829,0.006983,-0.214640
Pelag_Whirlwind_Timed,0.683333,0.800000,-0.550278,0.285001,-0.100785,65.666350,-0.082732,0.008765,0.153534,0.288686,0.009106,-0.214280
Pelag_Whirlwind_Timed,0.686667,0.800000,-0.550258,0.281270,-0.117022,64.873890,-0.082403,0.005636,0.151967,0.289830,0.009161,-0.213293
Pelag_Whirlwind_Timed,0.690000,0.800000,-0.550248,0.278222,-0.135853,63.711610,-0.082002,0.005866,0.150723,0.291494,0.009640,-0.213239
Pelag_Whirlwind_Timed,0.693333,0.800000,-0.549729,0.276395,-0.153463,62.334740,-0.082936,0.006983,0.156692,0.292024,0.010097,-0.212956
Pelag_Whirlwind_Timed,0.696667,0.800000,-0.548450,0.275747,-0.170961,60.628770,-0.084336,0.006836,0.169028,0.291985,0.010510,-0.212633
Pelag_Whirlwind_Timed,0.700000,0.800000,-0.547724,0.275443,-0.185355,59.142580,-0.085406,0.005977,0.188785,0.291491,0.010043,-0.212991
Pelag_Whirlwind_Timed,0.703333,0.800000,-0.547727,0.278423,-0.193616,58.195790,-0.084952,0.007467,0.220844,0.291218,0.010777,-0.213780
Pelag_Whirlwind_Timed,0.706667,0.800000,-0.548618,0.281674,-0.198518,57.542240,-0.084708,0.010610,0.259740,0.290614,0.010620,-0.215105
Pelag_Whirlwind_Timed,0.710000,0.800000,-0.548933,0.284196,-0.202327,57.020390,-0.083907,0.016821,0.295251,0.290800,0.010773,-0.216092
Pelag_Whirlwind_Timed,0.713333,0.800000,-0.548949,0.286120,-0.204466,56.669070,-0.081617,0.026477,0.328514,0.291615,0.011009,-0.216794
Pelag_Whirlwind_Timed,0.716667,0.800000,-0.548686,0.287639,-0.206106,56.414160,-0.079744,0.036407,0.356429,0.292674,0.011180,-0.217860
Pelag_Whirlwind_Timed,0.720000,0.800000,-0.548939,0.289017,-0.205660,56.226970,-0.080438,0.043731,0.380612,0.292943,0.011504,-0.217472
Pelag_Whirlwind_Timed,0.723333,0.800000,-0.548898,0.290015,-0.204987,56.110900,-0.081999,0.048524,0.400673,0.293425,0.011697,-0.217499
Pelag_Whirlwind_Timed,0.726667,0.800000,-0.549226,0.290772,-0.203991,56.020790,-0.084707,0.050667,0.417325,0.293628,0.011802,-0.217338
Pelag_Whirlwind_Timed,0.730000,0.800000,-0.549924,0.291242,-0.202540,55.969390,-0.088232,0.049635,0.430467,0.293522,0.011775,-0.216987
Pelag_Whirlwind_Timed,0.733333,0.800000,-0.550365,0.291529,-0.201511,55.924590,-0.092046,0.045753,0.441084,0.293707,0.011673,-0.217093
Pelag_Whirlwind_Timed,0.736667,0.800000,-0.551251,0.291850,-0.199881,55.879400,-0.096851,0.038025,0.451137,0.293462,0.011647,-0.216630
Pelag_Whirlwind_Timed,0.740000,0.800000,-0.551872,0.291994,-0.198759,55.827400,-0.101005,0.028818,0.458427,0.293522,0.011560,-0.216568
Pelag_Whirlwind_Timed,0.743333,0.800000,-0.552561,0.291985,-0.198215,55.731820,-0.104299,0.022731,0.462492,0.293607,0.011561,-0.216494
Pelag_Whirlwind_Timed,0.746667,0.800000,-0.553329,0.291853,-0.198279,55.597430,-0.106957,0.018625,0.463260,0.293699,0.011644,-0.216502
Pelag_Whirlwind_Timed,0.750000,0.800000,-0.553759,0.291407,-0.198681,55.432390,-0.108556,0.015366,0.463593,0.294197,0.011702,-0.216391
Pelag_Whirlwind_Timed,0.753333,0.800000,-0.554324,0.290792,-0.199964,55.231070,-0.109369,0.013072,0.464222,0.294788,0.012010,-0.216610
Pelag_Whirlwind_Timed,0.756667,0.800000,-0.554574,0.289856,-0.201446,55.005070,-0.109285,0.011329,0.464969,0.295643,0.012249,-0.216644
Pelag_Whirlwind_Timed,0.760000,0.800000,-0.554785,0.288778,-0.203009,54.779790,-0.109078,0.009602,0.465700,0.295871,0.012303,-0.216733
Pelag_Whirlwind_Timed,0.763333,0.800000,-0.554916,0.287528,-0.204731,54.548920,-0.108504,0.007910,0.466472,0.295557,0.012192,-0.216894
Pelag_Whirlwind_Timed,0.766667,0.800000,-0.554946,0.286094,-0.206225,54.326590,-0.108293,0.006448,0.466972,0.295054,0.011889,-0.216876
Pelag_Whirlwind_Timed,0.770000,0.800000,-0.554911,0.284753,-0.207746,54.118280,-0.109047,0.005640,0.466436,0.294372,0.011657,-0.217000
Pelag_Whirlwind_Timed,0.773333,0.800000,-0.554824,0.283266,-0.208990,53.923270,-0.110236,0.005071,0.465641,0.293564,0.011259,-0.216952
Pelag_Whirlwind_Timed,0.776667,0.800000,-0.554725,0.281886,-0.210054,53.749840,-0.111268,0.004730,0.465061,0.292893,0.010947,-0.216900
Pelag_Whirlwind_Timed,0.780000,0.800000,-0.554589,0.280582,-0.210945,53.596280,-0.112233,0.004665,0.464609,0.292331,0.010699,-0.216836
Pelag_Whirlwind_Timed,0.783333,0.800000,-0.554547,0.279296,-0.211530,53.465030,-0.113139,0.004537,0.464368,0.291775,0.010379,-0.216637
Pelag_Whirlwind_Timed,0.786667,0.800000,-0.554317,0.278328,-0.212147,53.357400,-0.113609,0.004501,0.463996,0.291540,0.010273,-0.216655
Pelag_Whirlwind_Timed,0.790000,0.800000,-0.554208,0.277412,-0.212471,53.272880,-0.114018,0.004353,0.463841,0.291293,0.010097,-0.216546
Pelag_Whirlwind_Timed,0.793333,0.800000,-0.554125,0.276788,-0.212700,53.214840,-0.114275,0.004271,0.463756,0.291138,0.009985,-0.216479
Pelag_Whirlwind_Timed,0.796667,0.800000,-0.554084,0.276462,-0.212789,53.186720,-0.114369,0.004232,0.463776,0.291073,0.009927,-0.216437
Pelag_Whirlwind_Timed,0.800000,0.800000,-0.554077,0.276159,-0.212827,53.163380,-0.114463,0.004175,0.463841,0.290996,0.009854,-0.216369
