Mono path[0] = 'C:/Users/d.grab/Desktop/the-game/artifacts/mobsv2-build/Razlom_Data/Managed'
Mono config path = 'C:/Users/d.grab/Desktop/the-game/artifacts/mobsv2-build/MonoBleedingEdge/etc'
Starting managed debugger on port 56562
Using monoOptions --debugger-agent=transport=dt_socket,embedding=1,server=y,suspend=n,address=0.0.0.0:56562
CodeReloadManager initialized
Found 2 interfaces on host : 0) 172.19.0.1 1) 192.168.0.103
Player connection [117672]  Target information:

Player connection [117672]  * "[IP] 172.19.0.1 [Port] 55000 [Flags] 2 [Guid] 1067859562 [EditorId] 3105480006 [Version] 1048832 [Id] WindowsPlayer(2,mitpc08) [Debug] 1 [PackageName] WindowsPlayer [ProjectName] razlom" 

Player connection [117672]  * "[IP] 192.168.0.103 [Port] 55000 [Flags] 2 [Guid] 1067859562 [EditorId] 3105480006 [Version] 1048832 [Id] WindowsPlayer(2,mitpc08) [Debug] 1 [PackageName] WindowsPlayer [ProjectName] razlom" 

Player connection [117672] Started UDP target info broadcast (1) on [225.0.0.222:54997].

Input System module state changed to: Initialized.
[Physics::Module] Initialized fallback backend.
[Physics::Module] Id: 0xdecafbad
Initialize engine version: 6000.5.10f1 (3bd4f66ad299)
[Subsystems] Discovering subsystems at path C:/Users/d.grab/Desktop/the-game/artifacts/mobsv2-build/Razlom_Data/UnitySubsystems
[D3D12 Device Filter] Vendor Name: NVIDIA
[D3D12 Device Filter] Device Name: NVIDIA GeForce RTX 3060
[D3D12 Device Filter] Driver Version: 32.0.15.6094
[D3D12 Device Filter] Feature Level: 12.2
[D3D12 Device Filter] Graphics Memory: 12115 MB
[D3D12 Device Filter] Processor Count: 20
[D3D12 Device Filter] Device Type: Discrete
GfxDevice: creating device client; kGfxThreadingModeSplitJobs
d3d12: failed to query info queue interface (0x80004002).
Direct3D:
    Version:         Direct3D 12 [level 12.2]
    Renderer:        NVIDIA GeForce RTX 3060 (ID=0x2504)
    Vendor:          NVIDIA
    VRAM:            12115 MB
    App VRAM Budget: 11347 MB
    Driver:          32.0.15.6094
Begin MonoManager ReloadAssembly
- Finished resetting the current domain, in  0.052 seconds
[Physics::Module] Selected backend.
[Physics::Module] Name: PhysX
[Physics::Module] Id: 0xf2b8ea05
[Physics::Module] SDK Version: 4.1.2
[Physics::Module] Integration Version: 1.0.0
[Physics::Module] Threading Mode: Multi-Threaded
<RI> Initializing input.
Using Windows.Gaming.Input
<RI> Input initialized.
UnloadTime: 3.004300 ms
[Разлом] Потолок кадров: Синхронизация → vSyncCount=1, targetFrameRate=-1
UnityEngine.Debug:ExtractStackTraceNoAlloc (byte*,int,string)
UnityEngine.StackTraceUtility:ExtractStackTrace () (at C:/build/output/unity/unity/Runtime/Export/Scripting/StackTrace.cs:35)
UnityEngine.DebugLogHandler:Internal_Log (UnityEngine.LogType,UnityEngine.LogOption,string,UnityEngine.Object)
UnityEngine.DebugLogHandler:LogFormat (UnityEngine.LogType,UnityEngine.Object,string,object[]) (at C:/build/output/unity/unity/Runtime/Export/Logging/DebugLogHandler.cs:9)
UnityEngine.Logger:Log (UnityEngine.LogType,object) (at C:/build/output/unity/unity/Runtime/Export/Logging/Logger.cs:60)
UnityEngine.Debug:Log (object) (at C:/build/output/unity/unity/Runtime/Export/Debug/Debug.bindings.cs:123)
Game.View.GameUserSettings:ApplyFrameCap () (at C:/Users/d.grab/Desktop/the-game/artifacts/mobsv2-project/Assets/Game.View/GameUserSettings.cs:313)
Game.View.GameUserSettings:Load () (at C:/Users/d.grab/Desktop/the-game/artifacts/mobsv2-project/Assets/Game.View/GameUserSettings.cs:254)
Game.View.GameUserSettings:RuntimeLoad () (at C:/Users/d.grab/Desktop/the-game/artifacts/mobsv2-project/Assets/Game.View/GameUserSettings.cs:234)

(Filename: C:/build/output/unity/unity/Runtime/Export/Debug/Debug.bindings.cs Line: 123)

[Разлом] Лагерь. Сид сессии 20260829. E — войти в Разлом, T — Полигон.
UnityEngine.Debug:ExtractStackTraceNoAlloc (byte*,int,string)
UnityEngine.StackTraceUtility:ExtractStackTrace () (at C:/build/output/unity/unity/Runtime/Export/Scripting/StackTrace.cs:35)
UnityEngine.DebugLogHandler:Internal_Log (UnityEngine.LogType,UnityEngine.LogOption,string,UnityEngine.Object)
UnityEngine.DebugLogHandler:LogFormat (UnityEngine.LogType,UnityEngine.Object,string,object[]) (at C:/build/output/unity/unity/Runtime/Export/Logging/DebugLogHandler.cs:9)
UnityEngine.Logger:Log (UnityEngine.LogType,object) (at C:/build/output/unity/unity/Runtime/Export/Logging/Logger.cs:60)
UnityEngine.Debug:Log (object) (at C:/build/output/unity/unity/Runtime/Export/Debug/Debug.bindings.cs:123)
Game.View.TickDriver:Awake () (at C:/Users/d.grab/Desktop/the-game/artifacts/mobsv2-project/Assets/Game.View/TickDriver.cs:300)
UnityEngine.GameObject:SetActive (bool)
Game.View.Bootstrap:Awake () (at C:/Users/d.grab/Desktop/the-game/artifacts/mobsv2-project/Assets/Game.View/Bootstrap.cs:112)

(Filename: C:/build/output/unity/unity/Runtime/Export/Debug/Debug.bindings.cs Line: 123)

[pso] прогрев: вариантов 115, состояний 349, Direct3D12/PC
UnityEngine.Debug:ExtractStackTraceNoAlloc (byte*,int,string)
UnityEngine.StackTraceUtility:ExtractStackTrace () (at C:/build/output/unity/unity/Runtime/Export/Scripting/StackTrace.cs:35)
UnityEngine.DebugLogHandler:Internal_Log (UnityEngine.LogType,UnityEngine.LogOption,string,UnityEngine.Object)
UnityEngine.DebugLogHandler:LogFormat (UnityEngine.LogType,UnityEngine.Object,string,object[]) (at C:/build/output/unity/unity/Runtime/Export/Logging/DebugLogHandler.cs:9)
UnityEngine.Logger:Log (UnityEngine.LogType,object) (at C:/build/output/unity/unity/Runtime/Export/Logging/Logger.cs:60)
UnityEngine.Debug:Log (object) (at C:/build/output/unity/unity/Runtime/Export/Debug/Debug.bindings.cs:123)
Game.View.ShaderWarmup:StartWarmup (bool) (at C:/Users/d.grab/Desktop/the-game/artifacts/mobsv2-project/Assets/Game.View/ShaderWarmup.cs:72)
Game.View.ShaderWarmup:Install () (at C:/Users/d.grab/Desktop/the-game/artifacts/mobsv2-project/Assets/Game.View/ShaderWarmup.cs:53)

(Filename: C:/build/output/unity/unity/Runtime/Export/Debug/Debug.bindings.cs Line: 123)

[camp] spawn=(0.00, 0.05, -2.88) sharedCombat=True tent=camping+tent+3d+model (UnityEngine.Transform) cells=395724
UnityEngine.Debug:ExtractStackTraceNoAlloc (byte*,int,string)
UnityEngine.StackTraceUtility:ExtractStackTrace () (at C:/build/output/unity/unity/Runtime/Export/Scripting/StackTrace.cs:35)
UnityEngine.DebugLogHandler:Internal_Log (UnityEngine.LogType,UnityEngine.LogOption,string,UnityEngine.Object)
UnityEngine.DebugLogHandler:LogFormat (UnityEngine.LogType,UnityEngine.Object,string,object[]) (at C:/build/output/unity/unity/Runtime/Export/Logging/DebugLogHandler.cs:9)
UnityEngine.Logger:Log (UnityEngine.LogType,object) (at C:/build/output/unity/unity/Runtime/Export/Logging/Logger.cs:60)
UnityEngine.Debug:Log (object) (at C:/build/output/unity/unity/Runtime/Export/Debug/Debug.bindings.cs:123)
Game.View.CampPlayerView:Start () (at C:/Users/d.grab/Desktop/the-game/artifacts/mobsv2-project/Assets/Game.View/CampPlayerView.cs:125)

(Filename: C:/build/output/unity/unity/Runtime/Export/Debug/Debug.bindings.cs Line: 123)

[camp-route] откуда 0,00,-2,88 → -0,86,-0,25 | герой в карте=True цель в карте=True прямая=False углов=0 маршрут=False
UnityEngine.Debug:ExtractStackTraceNoAlloc (byte*,int,string)
UnityEngine.StackTraceUtility:ExtractStackTrace () (at C:/build/output/unity/unity/Runtime/Export/Scripting/StackTrace.cs:35)
UnityEngine.DebugLogHandler:Internal_Log (UnityEngine.LogType,UnityEngine.LogOption,string,UnityEngine.Object)
UnityEngine.DebugLogHandler:LogFormat (UnityEngine.LogType,UnityEngine.Object,string,object[]) (at C:/build/output/unity/unity/Runtime/Export/Logging/DebugLogHandler.cs:9)
UnityEngine.Logger:Log (UnityEngine.LogType,object) (at C:/build/output/unity/unity/Runtime/Export/Logging/Logger.cs:60)
UnityEngine.Debug:Log (object) (at C:/build/output/unity/unity/Runtime/Export/Debug/Debug.bindings.cs:123)
Game.View.CampPlayerView:RouteTo (UnityEngine.Vector3) (at C:/Users/d.grab/Desktop/the-game/artifacts/mobsv2-project/Assets/Game.View/CampPlayerView.cs:433)
Game.View.CampPlayerView:HandleWorldPress (UnityEngine.Vector2) (at C:/Users/d.grab/Desktop/the-game/artifacts/mobsv2-project/Assets/Game.View/CampPlayerView.cs:402)
Game.View.CampPlayerView:Update () (at C:/Users/d.grab/Desktop/the-game/artifacts/mobsv2-project/Assets/Game.View/CampPlayerView.cs:365)

(Filename: C:/build/output/unity/unity/Runtime/Export/Debug/Debug.bindings.cs Line: 123)

[camp-route] откуда 0,00,-2,88 → -0,86,-0,25 | герой в карте=True цель в карте=True прямая=False углов=0 маршрут=False
UnityEngine.Debug:ExtractStackTraceNoAlloc (byte*,int,string)
UnityEngine.StackTraceUtility:ExtractStackTrace () (at C:/build/output/unity/unity/Runtime/Export/Scripting/StackTrace.cs:35)
UnityEngine.DebugLogHandler:Internal_Log (UnityEngine.LogType,UnityEngine.LogOption,string,UnityEngine.Object)
UnityEngine.DebugLogHandler:LogFormat (UnityEngine.LogType,UnityEngine.Object,string,object[]) (at C:/build/output/unity/unity/Runtime/Export/Logging/DebugLogHandler.cs:9)
UnityEngine.Logger:Log (UnityEngine.LogType,object) (at C:/build/output/unity/unity/Runtime/Export/Logging/Logger.cs:60)
UnityEngine.Debug:Log (object) (at C:/build/output/unity/unity/Runtime/Export/Debug/Debug.bindings.cs:123)
Game.View.CampPlayerView:RouteTo (UnityEngine.Vector3) (at C:/Users/d.grab/Desktop/the-game/artifacts/mobsv2-project/Assets/Game.View/CampPlayerView.cs:433)
Game.View.CampPlayerView:HandleWorldPress (UnityEngine.Vector2) (at C:/Users/d.grab/Desktop/the-game/artifacts/mobsv2-project/Assets/Game.View/CampPlayerView.cs:402)
Game.View.TickDriver:CaptureAim (UnityEngine.Vector2,bool,bool,bool,bool) (at C:/Users/d.grab/Desktop/the-game/artifacts/mobsv2-project/Assets/Game.View/TickDriver.cs:1305)
Game.View.TickDriver:CaptureInput () (at C:/Users/d.grab/Desktop/the-game/artifacts/mobsv2-project/Assets/Game.View/TickDriver.cs:610)
Game.View.TickDriver:Update () (at C:/Users/d.grab/Desktop/the-game/artifacts/mobsv2-project/Assets/Game.View/TickDriver.cs:357)

(Filename: C:/build/output/unity/unity/Runtime/Export/Debug/Debug.bindings.cs Line: 123)

[pso] прогрев готов за 2,07 с: 349 состояний
UnityEngine.Debug:ExtractStackTraceNoAlloc (byte*,int,string)
UnityEngine.StackTraceUtility:ExtractStackTrace () (at C:/build/output/unity/unity/Runtime/Export/Scripting/StackTrace.cs:35)
UnityEngine.DebugLogHandler:Internal_Log (UnityEngine.LogType,UnityEngine.LogOption,string,UnityEngine.Object)
UnityEngine.DebugLogHandler:LogFormat (UnityEngine.LogType,UnityEngine.Object,string,object[]) (at C:/build/output/unity/unity/Runtime/Export/Logging/DebugLogHandler.cs:9)
UnityEngine.Logger:Log (UnityEngine.LogType,object) (at C:/build/output/unity/unity/Runtime/Export/Logging/Logger.cs:60)
UnityEngine.Debug:Log (object) (at C:/build/output/unity/unity/Runtime/Export/Debug/Debug.bindings.cs:123)
Game.View.ShaderWarmup:Update () (at C:/Users/d.grab/Desktop/the-game/artifacts/mobsv2-project/Assets/Game.View/ShaderWarmup.cs:102)

(Filename: C:/build/output/unity/unity/Runtime/Export/Debug/Debug.bindings.cs Line: 123)

[Разлом] Wole: модель Characters/Pelag_v6/Runtime/Pelag_v6_MixamoRig, контроллер найден
UnityEngine.Debug:ExtractStackTraceNoAlloc (byte*,int,string)
UnityEngine.StackTraceUtility:ExtractStackTrace () (at C:/build/output/unity/unity/Runtime/Export/Scripting/StackTrace.cs:35)
UnityEngine.DebugLogHandler:Internal_Log (UnityEngine.LogType,UnityEngine.LogOption,string,UnityEngine.Object)
UnityEngine.DebugLogHandler:LogFormat (UnityEngine.LogType,UnityEngine.Object,string,object[]) (at C:/build/output/unity/unity/Runtime/Export/Logging/DebugLogHandler.cs:9)
UnityEngine.Logger:Log (UnityEngine.LogType,object) (at C:/build/output/unity/unity/Runtime/Export/Logging/Logger.cs:60)
UnityEngine.Debug:Log (object) (at C:/build/output/unity/unity/Runtime/Export/Debug/Debug.bindings.cs:123)
Game.View.ArenaView:BodyFactory (string,string,string,string,Game.Sim.Faction,single) (at C:/Users/d.grab/Desktop/the-game/artifacts/mobsv2-project/Assets/Game.View/ArenaView.cs:2349)
Game.View.ArenaView:Initialize () (at C:/Users/d.grab/Desktop/the-game/artifacts/mobsv2-project/Assets/Game.View/ArenaView.cs:506)
Game.View.ArenaView:LateUpdate () (at C:/Users/d.grab/Desktop/the-game/artifacts/mobsv2-project/Assets/Game.View/ArenaView.cs:753)

(Filename: C:/build/output/unity/unity/Runtime/Export/Debug/Debug.bindings.cs Line: 123)

[Разлом] Wole: материал собран в игре из «Characters/Pelag_v6/Pelag_v6_BaseColor», шейдер Razlom/Texture Toon.
UnityEngine.Debug:ExtractStackTraceNoAlloc (byte*,int,string)
UnityEngine.StackTraceUtility:ExtractStackTrace () (at C:/build/output/unity/unity/Runtime/Export/Scripting/StackTrace.cs:35)
UnityEngine.DebugLogHandler:Internal_Log (UnityEngine.LogType,UnityEngine.LogOption,string,UnityEngine.Object)
UnityEngine.DebugLogHandler:LogFormat (UnityEngine.LogType,UnityEngine.Object,string,object[]) (at C:/build/output/unity/unity/Runtime/Export/Logging/DebugLogHandler.cs:9)
UnityEngine.Logger:Log (UnityEngine.LogType,object) (at C:/build/output/unity/unity/Runtime/Export/Logging/Logger.cs:60)
UnityEngine.Debug:Log (object) (at C:/build/output/unity/unity/Runtime/Export/Debug/Debug.bindings.cs:123)
Game.View.ArenaView:BuildRuntimeMaterial (string,Game.Sim.Faction) (at C:/Users/d.grab/Desktop/the-game/artifacts/mobsv2-project/Assets/Game.View/ArenaView.cs:2488)
Game.View.ArenaView:BodyFactory (string,string,string,string,Game.Sim.Faction,single) (at C:/Users/d.grab/Desktop/the-game/artifacts/mobsv2-project/Assets/Game.View/ArenaView.cs:2379)
Game.View.ArenaView:Initialize () (at C:/Users/d.grab/Desktop/the-game/artifacts/mobsv2-project/Assets/Game.View/ArenaView.cs:506)
Game.View.ArenaView:LateUpdate () (at C:/Users/d.grab/Desktop/the-game/artifacts/mobsv2-project/Assets/Game.View/ArenaView.cs:753)

(Filename: C:/build/output/unity/unity/Runtime/Export/Debug/Debug.bindings.cs Line: 123)

[Разлом] Wole: материал собран в игре из «Weapons/Pelag/AnchorChain/Pelag_AnchorChain_BaseColor», шейдер Razlom/Texture Toon.
UnityEngine.Debug:ExtractStackTraceNoAlloc (byte*,int,string)
UnityEngine.StackTraceUtility:ExtractStackTrace () (at C:/build/output/unity/unity/Runtime/Export/Scripting/StackTrace.cs:35)
UnityEngine.DebugLogHandler:Internal_Log (UnityEngine.LogType,UnityEngine.LogOption,string,UnityEngine.Object)
UnityEngine.DebugLogHandler:LogFormat (UnityEngine.LogType,UnityEngine.Object,string,object[]) (at C:/build/output/unity/unity/Runtime/Export/Logging/DebugLogHandler.cs:9)
UnityEngine.Logger:Log (UnityEngine.LogType,object) (at C:/build/output/unity/unity/Runtime/Export/Logging/Logger.cs:60)
UnityEngine.Debug:Log (object) (at C:/build/output/unity/unity/Runtime/Export/Debug/Debug.bindings.cs:123)
Game.View.ArenaView:BuildRuntimeMaterial (string,Game.Sim.Faction) (at C:/Users/d.grab/Desktop/the-game/artifacts/mobsv2-project/Assets/Game.View/ArenaView.cs:2488)
Game.View.ArenaView:BodyFactory (string,string,string,string,Game.Sim.Faction,single) (at C:/Users/d.grab/Desktop/the-game/artifacts/mobsv2-project/Assets/Game.View/ArenaView.cs:2397)
Game.View.ArenaView:Initialize () (at C:/Users/d.grab/Desktop/the-game/artifacts/mobsv2-project/Assets/Game.View/ArenaView.cs:506)
Game.View.ArenaView:LateUpdate () (at C:/Users/d.grab/Desktop/the-game/artifacts/mobsv2-project/Assets/Game.View/ArenaView.cs:753)

(Filename: C:/build/output/unity/unity/Runtime/Export/Debug/Debug.bindings.cs Line: 123)

[Разлом] Orvill: модель Characters/Forest_Guardian/Forest_Guardian, контроллер найден
UnityEngine.Debug:ExtractStackTraceNoAlloc (byte*,int,string)
UnityEngine.StackTraceUtility:ExtractStackTrace () (at C:/build/output/unity/unity/Runtime/Export/Scripting/StackTrace.cs:35)
UnityEngine.DebugLogHandler:Internal_Log (UnityEngine.LogType,UnityEngine.LogOption,string,UnityEngine.Object)
UnityEngine.DebugLogHandler:LogFormat (UnityEngine.LogType,UnityEngine.Object,string,object[]) (at C:/build/output/unity/unity/Runtime/Export/Logging/DebugLogHandler.cs:9)
UnityEngine.Logger:Log (UnityEngine.LogType,object) (at C:/build/output/unity/unity/Runtime/Export/Logging/Logger.cs:60)
UnityEngine.Debug:Log (object) (at C:/build/output/unity/unity/Runtime/Export/Debug/Debug.bindings.cs:123)
Game.View.ArenaView:BodyFactory (string,string,string,string,Game.Sim.Faction,single) (at C:/Users/d.grab/Desktop/the-game/artifacts/mobsv2-project/Assets/Game.View/ArenaView.cs:2349)
Game.View.ArenaView:Initialize () (at C:/Users/d.grab/Desktop/the-game/artifacts/mobsv2-project/Assets/Game.View/ArenaView.cs:510)
Game.View.ArenaView:LateUpdate () (at C:/Users/d.grab/Desktop/the-game/artifacts/mobsv2-project/Assets/Game.View/ArenaView.cs:753)

(Filename: C:/build/output/unity/unity/Runtime/Export/Debug/Debug.bindings.cs Line: 123)

[Разлом] Orvill: материал собран в игре из «Characters/Forest_Guardian/Forest_Guardian_BaseColor», шейдер Razlom/Texture Toon.
UnityEngine.Debug:ExtractStackTraceNoAlloc (byte*,int,string)
UnityEngine.StackTraceUtility:ExtractStackTrace () (at C:/build/output/unity/unity/Runtime/Export/Scripting/StackTrace.cs:35)
UnityEngine.DebugLogHandler:Internal_Log (UnityEngine.LogType,UnityEngine.LogOption,string,UnityEngine.Object)
UnityEngine.DebugLogHandler:LogFormat (UnityEngine.LogType,UnityEngine.Object,string,object[]) (at C:/build/output/unity/unity/Runtime/Export/Logging/DebugLogHandler.cs:9)
UnityEngine.Logger:Log (UnityEngine.LogType,object) (at C:/build/output/unity/unity/Runtime/Export/Logging/Logger.cs:60)
UnityEngine.Debug:Log (object) (at C:/build/output/unity/unity/Runtime/Export/Debug/Debug.bindings.cs:123)
Game.View.ArenaView:BuildRuntimeMaterial (string,Game.Sim.Faction) (at C:/Users/d.grab/Desktop/the-game/artifacts/mobsv2-project/Assets/Game.View/ArenaView.cs:2488)
Game.View.ArenaView:BodyFactory (string,string,string,string,Game.Sim.Faction,single) (at C:/Users/d.grab/Desktop/the-game/artifacts/mobsv2-project/Assets/Game.View/ArenaView.cs:2379)
Game.View.ArenaView:Initialize () (at C:/Users/d.grab/Desktop/the-game/artifacts/mobsv2-project/Assets/Game.View/ArenaView.cs:510)
Game.View.ArenaView:LateUpdate () (at C:/Users/d.grab/Desktop/the-game/artifacts/mobsv2-project/Assets/Game.View/ArenaView.cs:753)

(Filename: C:/build/output/unity/unity/Runtime/Export/Debug/Debug.bindings.cs Line: 123)

[Разлом] Orvill: модель Characters/Forest_RootSwarm/Forest_RootSwarm@Idle, контроллер найден
UnityEngine.Debug:ExtractStackTraceNoAlloc (byte*,int,string)
UnityEngine.StackTraceUtility:ExtractStackTrace () (at C:/build/output/unity/unity/Runtime/Export/Scripting/StackTrace.cs:35)
UnityEngine.DebugLogHandler:Internal_Log (UnityEngine.LogType,UnityEngine.LogOption,string,UnityEngine.Object)
UnityEngine.DebugLogHandler:LogFormat (UnityEngine.LogType,UnityEngine.Object,string,object[]) (at C:/build/output/unity/unity/Runtime/Export/Logging/DebugLogHandler.cs:9)
UnityEngine.Logger:Log (UnityEngine.LogType,object) (at C:/build/output/unity/unity/Runtime/Export/Logging/Logger.cs:60)
UnityEngine.Debug:Log (object) (at C:/build/output/unity/unity/Runtime/Export/Debug/Debug.bindings.cs:123)
Game.View.ArenaView:BodyFactory (string,string,string,string,Game.Sim.Faction,single) (at C:/Users/d.grab/Desktop/the-game/artifacts/mobsv2-project/Assets/Game.View/ArenaView.cs:2349)
Game.View.ArenaView:Initialize () (at C:/Users/d.grab/Desktop/the-game/artifacts/mobsv2-project/Assets/Game.View/ArenaView.cs:516)
Game.View.ArenaView:LateUpdate () (at C:/Users/d.grab/Desktop/the-game/artifacts/mobsv2-project/Assets/Game.View/ArenaView.cs:753)

(Filename: C:/build/output/unity/unity/Runtime/Export/Debug/Debug.bindings.cs Line: 123)

[Разлом] Orvill: материал собран в игре из «Characters/Forest_RootSwarm/Forest_RootSwarm_BaseColor», шейдер Razlom/Texture Toon.
UnityEngine.Debug:ExtractStackTraceNoAlloc (byte*,int,string)
UnityEngine.StackTraceUtility:ExtractStackTrace () (at C:/build/output/unity/unity/Runtime/Export/Scripting/StackTrace.cs:35)
UnityEngine.DebugLogHandler:Internal_Log (UnityEngine.LogType,UnityEngine.LogOption,string,UnityEngine.Object)
UnityEngine.DebugLogHandler:LogFormat (UnityEngine.LogType,UnityEngine.Object,string,object[]) (at C:/build/output/unity/unity/Runtime/Export/Logging/DebugLogHandler.cs:9)
UnityEngine.Logger:Log (UnityEngine.LogType,object) (at C:/build/output/unity/unity/Runtime/Export/Logging/Logger.cs:60)
UnityEngine.Debug:Log (object) (at C:/build/output/unity/unity/Runtime/Export/Debug/Debug.bindings.cs:123)
Game.View.ArenaView:BuildRuntimeMaterial (string,Game.Sim.Faction) (at C:/Users/d.grab/Desktop/the-game/artifacts/mobsv2-project/Assets/Game.View/ArenaView.cs:2488)
Game.View.ArenaView:BodyFactory (string,string,string,string,Game.Sim.Faction,single) (at C:/Users/d.grab/Desktop/the-game/artifacts/mobsv2-project/Assets/Game.View/ArenaView.cs:2379)
Game.View.ArenaView:Initialize () (at C:/Users/d.grab/Desktop/the-game/artifacts/mobsv2-project/Assets/Game.View/ArenaView.cs:516)
Game.View.ArenaView:LateUpdate () (at C:/Users/d.grab/Desktop/the-game/artifacts/mobsv2-project/Assets/Game.View/ArenaView.cs:753)

(Filename: C:/build/output/unity/unity/Runtime/Export/Debug/Debug.bindings.cs Line: 123)

[Разлом] Забег 1, сид 2854734777613887386, комнат 11
UnityEngine.Debug:ExtractStackTraceNoAlloc (byte*,int,string)
UnityEngine.StackTraceUtility:ExtractStackTrace () (at C:/build/output/unity/unity/Runtime/Export/Scripting/StackTrace.cs:35)
UnityEngine.DebugLogHandler:Internal_Log (UnityEngine.LogType,UnityEngine.LogOption,string,UnityEngine.Object)
UnityEngine.DebugLogHandler:LogFormat (UnityEngine.LogType,UnityEngine.Object,string,object[]) (at C:/build/output/unity/unity/Runtime/Export/Logging/DebugLogHandler.cs:9)
UnityEngine.Logger:Log (UnityEngine.LogType,object) (at C:/build/output/unity/unity/Runtime/Export/Logging/Logger.cs:60)
UnityEngine.Debug:Log (object) (at C:/build/output/unity/unity/Runtime/Export/Debug/Debug.bindings.cs:123)
Game.View.TickDriver:SyncGeneration () (at C:/Users/d.grab/Desktop/the-game/artifacts/mobsv2-project/Assets/Game.View/TickDriver.cs:1543)
Game.View.TickDriver:Update () (at C:/Users/d.grab/Desktop/the-game/artifacts/mobsv2-project/Assets/Game.View/TickDriver.cs:401)

(Filename: C:/build/output/unity/unity/Runtime/Export/Debug/Debug.bindings.cs Line: 123)

[capture-combat] Живых врагов: 2
UnityEngine.Debug:ExtractStackTraceNoAlloc (byte*,int,string)
UnityEngine.StackTraceUtility:ExtractStackTrace () (at C:/build/output/unity/unity/Runtime/Export/Scripting/StackTrace.cs:35)
UnityEngine.DebugLogHandler:Internal_Log (UnityEngine.LogType,UnityEngine.LogOption,string,UnityEngine.Object)
UnityEngine.DebugLogHandler:LogFormat (UnityEngine.LogType,UnityEngine.Object,string,object[]) (at C:/build/output/unity/unity/Runtime/Export/Logging/DebugLogHandler.cs:9)
UnityEngine.Logger:Log (UnityEngine.LogType,object) (at C:/build/output/unity/unity/Runtime/Export/Logging/Logger.cs:60)
UnityEngine.Debug:Log (object) (at C:/build/output/unity/unity/Runtime/Export/Debug/Debug.bindings.cs:123)
Game.View.CaptureRig/<Run>d__254:MoveNext () (at C:/Users/d.grab/Desktop/the-game/artifacts/mobsv2-project/Assets/Game.View/CaptureRig.cs:473)
UnityEngine.SetupCoroutine:InvokeMoveNext (System.Collections.IEnumerator,intptr) (at C:/build/output/unity/unity/Runtime/Export/Scripting/Coroutines.cs:17)

(Filename: C:/build/output/unity/unity/Runtime/Export/Debug/Debug.bindings.cs Line: 123)

[rift-light] camp=GoldenEvening profile=MeadowArenaGrade sun=1,65 fill=0,14
UnityEngine.Debug:ExtractStackTraceNoAlloc (byte*,int,string)
UnityEngine.StackTraceUtility:ExtractStackTrace () (at C:/build/output/unity/unity/Runtime/Export/Scripting/StackTrace.cs:35)
UnityEngine.DebugLogHandler:Internal_Log (UnityEngine.LogType,UnityEngine.LogOption,string,UnityEngine.Object)
UnityEngine.DebugLogHandler:LogFormat (UnityEngine.LogType,UnityEngine.Object,string,object[]) (at C:/build/output/unity/unity/Runtime/Export/Logging/DebugLogHandler.cs:9)
UnityEngine.Logger:Log (UnityEngine.LogType,object) (at C:/build/output/unity/unity/Runtime/Export/Logging/Logger.cs:60)
UnityEngine.Debug:Log (object) (at C:/build/output/unity/unity/Runtime/Export/Debug/Debug.bindings.cs:123)
Game.View.MeadowLighting:ApplyCamp (Game.View.LayoutStyle) (at C:/Users/d.grab/Desktop/the-game/artifacts/mobsv2-project/Assets/Game.View/MeadowLighting.cs:116)
Game.View.MeadowLighting:Apply (Game.View.LayoutStyle) (at C:/Users/d.grab/Desktop/the-game/artifacts/mobsv2-project/Assets/Game.View/MeadowLighting.cs:26)
Game.View.LayoutView/<BuildMeadowSteps>d__164:MoveNext () (at C:/Users/d.grab/Desktop/the-game/artifacts/mobsv2-project/Assets/Game.View/LayoutView.Meadow.cs:154)
Game.View.LayoutView:PumpSteps (double,long) (at C:/Users/d.grab/Desktop/the-game/artifacts/mobsv2-project/Assets/Game.View/LayoutView.Build.cs:95)
Game.View.LayoutView:PumpBuild (double) (at C:/Users/d.grab/Desktop/the-game/artifacts/mobsv2-project/Assets/Game.View/LayoutView.Build.cs:72)
Game.View.LayoutView:CompleteBuild () (at C:/Users/d.grab/Desktop/the-game/artifacts/mobsv2-project/Assets/Game.View/LayoutView.Build.cs:62)
Game.View.LayoutView:StartBuild (System.Collections.IEnumerator,bool) (at C:/Users/d.grab/Desktop/the-game/artifacts/mobsv2-project/Assets/Game.View/LayoutView.Build.cs:56)
Game.View.LayoutView:Rebuild (Game.Sim.LayoutMap) (at C:/Users/d.grab/Desktop/the-game/artifacts/mobsv2-project/Assets/Game.View/LayoutView.cs:432)
Game.View.LayoutView:Show (Game.Sim.LayoutMap,ulong,Game.Sim.EncounterPlan) (at C:/Users/d.grab/Desktop/the-game/artifacts/mobsv2-project/Assets/Game.View/LayoutView.cs:98)
Game.View.LayoutView:LateUpdate () (at C:/Users/d.grab/Desktop/the-game/artifacts/mobsv2-project/Assets/Game.View/LayoutView.cs:421)

(Filename: C:/build/output/unity/unity/Runtime/Export/Debug/Debug.bindings.cs Line: 123)

[Разлом] Забег 2, сид 20260829, комнат 12
UnityEngine.Debug:ExtractStackTraceNoAlloc (byte*,int,string)
UnityEngine.StackTraceUtility:ExtractStackTrace () (at C:/build/output/unity/unity/Runtime/Export/Scripting/StackTrace.cs:35)
UnityEngine.DebugLogHandler:Internal_Log (UnityEngine.LogType,UnityEngine.LogOption,string,UnityEngine.Object)
UnityEngine.DebugLogHandler:LogFormat (UnityEngine.LogType,UnityEngine.Object,string,object[]) (at C:/build/output/unity/unity/Runtime/Export/Logging/DebugLogHandler.cs:9)
UnityEngine.Logger:Log (UnityEngine.LogType,object) (at C:/build/output/unity/unity/Runtime/Export/Logging/Logger.cs:60)
UnityEngine.Debug:Log (object) (at C:/build/output/unity/unity/Runtime/Export/Debug/Debug.bindings.cs:123)
Game.View.TickDriver:SyncGeneration () (at C:/Users/d.grab/Desktop/the-game/artifacts/mobsv2-project/Assets/Game.View/TickDriver.cs:1543)
Game.View.TickDriver:StartStonehoofTest (Game.View.LocationTheme,ulong,int,bool) (at C:/Users/d.grab/Desktop/the-game/artifacts/mobsv2-project/Assets/Game.View/TickDriver.Stonehoof.cs:359)
Game.View.CaptureRig/<Run>d__254:MoveNext () (at C:/Users/d.grab/Desktop/the-game/artifacts/mobsv2-project/Assets/Game.View/CaptureRig.cs:507)
UnityEngine.SetupCoroutine:InvokeMoveNext (System.Collections.IEnumerator,intptr) (at C:/build/output/unity/unity/Runtime/Export/Scripting/Coroutines.cs:17)

(Filename: C:/build/output/unity/unity/Runtime/Export/Debug/Debug.bindings.cs Line: 123)

[stonehoof-test] Камнекопыт: 180 HP, 30 урона, подготовка 1 с, разбег 12 м/с. Прогресс не сохраняется.
UnityEngine.Debug:ExtractStackTraceNoAlloc (byte*,int,string)
UnityEngine.StackTraceUtility:ExtractStackTrace () (at C:/build/output/unity/unity/Runtime/Export/Scripting/StackTrace.cs:35)
UnityEngine.DebugLogHandler:Internal_Log (UnityEngine.LogType,UnityEngine.LogOption,string,UnityEngine.Object)
UnityEngine.DebugLogHandler:LogFormat (UnityEngine.LogType,UnityEngine.Object,string,object[]) (at C:/build/output/unity/unity/Runtime/Export/Logging/DebugLogHandler.cs:9)
UnityEngine.Logger:Log (UnityEngine.LogType,object) (at C:/build/output/unity/unity/Runtime/Export/Logging/Logger.cs:60)
UnityEngine.Debug:Log (object) (at C:/build/output/unity/unity/Runtime/Export/Debug/Debug.bindings.cs:123)
Game.View.TickDriver:StartStonehoofTest (Game.View.LocationTheme,ulong,int,bool) (at C:/Users/d.grab/Desktop/the-game/artifacts/mobsv2-project/Assets/Game.View/TickDriver.Stonehoof.cs:360)
Game.View.CaptureRig/<Run>d__254:MoveNext () (at C:/Users/d.grab/Desktop/the-game/artifacts/mobsv2-project/Assets/Game.View/CaptureRig.cs:507)
UnityEngine.SetupCoroutine:InvokeMoveNext (System.Collections.IEnumerator,intptr) (at C:/build/output/unity/unity/Runtime/Export/Scripting/Coroutines.cs:17)

(Filename: C:/build/output/unity/unity/Runtime/Export/Debug/Debug.bindings.cs Line: 123)

[capture-encounter] forest-guardian alive=2
UnityEngine.Debug:ExtractStackTraceNoAlloc (byte*,int,string)
UnityEngine.StackTraceUtility:ExtractStackTrace () (at C:/build/output/unity/unity/Runtime/Export/Scripting/StackTrace.cs:35)
UnityEngine.DebugLogHandler:Internal_Log (UnityEngine.LogType,UnityEngine.LogOption,string,UnityEngine.Object)
UnityEngine.DebugLogHandler:LogFormat (UnityEngine.LogType,UnityEngine.Object,string,object[]) (at C:/build/output/unity/unity/Runtime/Export/Logging/DebugLogHandler.cs:9)
UnityEngine.Logger:Log (UnityEngine.LogType,object) (at C:/build/output/unity/unity/Runtime/Export/Logging/Logger.cs:60)
UnityEngine.Debug:Log (object) (at C:/build/output/unity/unity/Runtime/Export/Debug/Debug.bindings.cs:123)
Game.View.CombatCaptureEncounter:SetupGuardians (Game.View.TickDriver,int) (at C:/Users/d.grab/Desktop/the-game/artifacts/mobsv2-project/Assets/Game.View/CombatCaptureEncounter.cs:69)
Game.View.CaptureRig/<Run>d__254:MoveNext () (at C:/Users/d.grab/Desktop/the-game/artifacts/mobsv2-project/Assets/Game.View/CaptureRig.cs:510)
UnityEngine.SetupCoroutine:InvokeMoveNext (System.Collections.IEnumerator,intptr) (at C:/build/output/unity/unity/Runtime/Export/Scripting/Coroutines.cs:17)

(Filename: C:/build/output/unity/unity/Runtime/Export/Debug/Debug.bindings.cs Line: 123)

[Разлом] Пул исчерпан на 72 объектах — увеличь прогрев: «декор 5: MeadowBroadleaf» (прогрев 72).
UnityEngine.Debug:ExtractStackTraceNoAlloc (byte*,int,string)
UnityEngine.StackTraceUtility:ExtractStackTrace () (at C:/build/output/unity/unity/Runtime/Export/Scripting/StackTrace.cs:35)
UnityEngine.DebugLogHandler:Internal_Log (UnityEngine.LogType,UnityEngine.LogOption,string,UnityEngine.Object)
UnityEngine.DebugLogHandler:LogFormat (UnityEngine.LogType,UnityEngine.Object,string,object[]) (at C:/build/output/unity/unity/Runtime/Export/Logging/DebugLogHandler.cs:9)
UnityEngine.Logger:Log (UnityEngine.LogType,object) (at C:/build/output/unity/unity/Runtime/Export/Logging/Logger.cs:60)
UnityEngine.Debug:LogWarning (object) (at C:/build/output/unity/unity/Runtime/Export/Debug/Debug.bindings.cs:216)
Game.View.ViewPool:Acquire () (at C:/Users/d.grab/Desktop/the-game/artifacts/mobsv2-project/Assets/Game.View/ViewPool.cs:128)
Game.View.LayoutView:SpawnDecor (int,single,single,System.Random) (at C:/Users/d.grab/Desktop/the-game/artifacts/mobsv2-project/Assets/Game.View/LayoutView.cs:678)
Game.View.LayoutView/<ScatterForestSteps>d__179:MoveNext () (at C:/Users/d.grab/Desktop/the-game/artifacts/mobsv2-project/Assets/Game.View/LayoutView.Meadow.cs:481)
Game.View.LayoutView:PumpSteps (double,long) (at C:/Users/d.grab/Desktop/the-game/artifacts/mobsv2-project/Assets/Game.View/LayoutView.Build.cs:95)
Game.View.LayoutView:PumpBuild (double) (at C:/Users/d.grab/Desktop/the-game/artifacts/mobsv2-project/Assets/Game.View/LayoutView.Build.cs:72)
Game.View.LayoutView:CompleteBuild () (at C:/Users/d.grab/Desktop/the-game/artifacts/mobsv2-project/Assets/Game.View/LayoutView.Build.cs:62)
Game.View.LayoutView:StartBuild (System.Collections.IEnumerator,bool) (at C:/Users/d.grab/Desktop/the-game/artifacts/mobsv2-project/Assets/Game.View/LayoutView.Build.cs:56)
Game.View.LayoutView:Rebuild (Game.Sim.LayoutMap) (at C:/Users/d.grab/Desktop/the-game/artifacts/mobsv2-project/Assets/Game.View/LayoutView.cs:432)
Game.View.LayoutView:Show (Game.Sim.LayoutMap,ulong,Game.Sim.EncounterPlan) (at C:/Users/d.grab/Desktop/the-game/artifacts/mobsv2-project/Assets/Game.View/LayoutView.cs:98)
Game.View.LayoutView:LateUpdate () (at C:/Users/d.grab/Desktop/the-game/artifacts/mobsv2-project/Assets/Game.View/LayoutView.cs:421)

(Filename: C:/build/output/unity/unity/Runtime/Export/Debug/Debug.bindings.cs Line: 216)

[rift-light] camp=GoldenEvening profile=MeadowArenaGrade sun=1,65 fill=0,14
UnityEngine.Debug:ExtractStackTraceNoAlloc (byte*,int,string)
UnityEngine.StackTraceUtility:ExtractStackTrace () (at C:/build/output/unity/unity/Runtime/Export/Scripting/StackTrace.cs:35)
UnityEngine.DebugLogHandler:Internal_Log (UnityEngine.LogType,UnityEngine.LogOption,string,UnityEngine.Object)
UnityEngine.DebugLogHandler:LogFormat (UnityEngine.LogType,UnityEngine.Object,string,object[]) (at C:/build/output/unity/unity/Runtime/Export/Logging/DebugLogHandler.cs:9)
UnityEngine.Logger:Log (UnityEngine.LogType,object) (at C:/build/output/unity/unity/Runtime/Export/Logging/Logger.cs:60)
UnityEngine.Debug:Log (object) (at C:/build/output/unity/unity/Runtime/Export/Debug/Debug.bindings.cs:123)
Game.View.MeadowLighting:ApplyCamp (Game.View.LayoutStyle) (at C:/Users/d.grab/Desktop/the-game/artifacts/mobsv2-project/Assets/Game.View/MeadowLighting.cs:116)
Game.View.MeadowLighting:Apply (Game.View.LayoutStyle) (at C:/Users/d.grab/Desktop/the-game/artifacts/mobsv2-project/Assets/Game.View/MeadowLighting.cs:26)
Game.View.LayoutView/<BuildMeadowSteps>d__164:MoveNext () (at C:/Users/d.grab/Desktop/the-game/artifacts/mobsv2-project/Assets/Game.View/LayoutView.Meadow.cs:154)
Game.View.LayoutView:PumpSteps (double,long) (at C:/Users/d.grab/Desktop/the-game/artifacts/mobsv2-project/Assets/Game.View/LayoutView.Build.cs:95)
Game.View.LayoutView:PumpBuild (double) (at C:/Users/d.grab/Desktop/the-game/artifacts/mobsv2-project/Assets/Game.View/LayoutView.Build.cs:72)
Game.View.LayoutView:CompleteBuild () (at C:/Users/d.grab/Desktop/the-game/artifacts/mobsv2-project/Assets/Game.View/LayoutView.Build.cs:62)
Game.View.LayoutView:StartBuild (System.Collections.IEnumerator,bool) (at C:/Users/d.grab/Desktop/the-game/artifacts/mobsv2-project/Assets/Game.View/LayoutView.Build.cs:56)
Game.View.LayoutView:Rebuild (Game.Sim.LayoutMap) (at C:/Users/d.grab/Desktop/the-game/artifacts/mobsv2-project/Assets/Game.View/LayoutView.cs:432)
Game.View.LayoutView:Show (Game.Sim.LayoutMap,ulong,Game.Sim.EncounterPlan) (at C:/Users/d.grab/Desktop/the-game/artifacts/mobsv2-project/Assets/Game.View/LayoutView.cs:98)
Game.View.LayoutView:LateUpdate () (at C:/Users/d.grab/Desktop/the-game/artifacts/mobsv2-project/Assets/Game.View/LayoutView.cs:421)

(Filename: C:/build/output/unity/unity/Runtime/Export/Debug/Debug.bindings.cs Line: 123)

[enemy-qa] case=tank enemies=2
UnityEngine.Debug:ExtractStackTraceNoAlloc (byte*,int,string)
UnityEngine.StackTraceUtility:ExtractStackTrace () (at C:/build/output/unity/unity/Runtime/Export/Scripting/StackTrace.cs:35)
UnityEngine.DebugLogHandler:Internal_Log (UnityEngine.LogType,UnityEngine.LogOption,string,UnityEngine.Object)
UnityEngine.DebugLogHandler:LogFormat (UnityEngine.LogType,UnityEngine.Object,string,object[]) (at C:/build/output/unity/unity/Runtime/Export/Logging/DebugLogHandler.cs:9)
UnityEngine.Logger:Log (UnityEngine.LogType,object) (at C:/build/output/unity/unity/Runtime/Export/Logging/Logger.cs:60)
UnityEngine.Debug:Log (object) (at C:/build/output/unity/unity/Runtime/Export/Debug/Debug.bindings.cs:123)
Game.View.CombatCaptureEncounter:PrepareEnemyCase (Game.View.TickDriver,string) (at C:/Users/d.grab/Desktop/the-game/artifacts/mobsv2-project/Assets/Game.View/CombatCaptureEncounter.cs:179)
Game.View.CaptureRig/<Run>d__254:MoveNext () (at C:/Users/d.grab/Desktop/the-game/artifacts/mobsv2-project/Assets/Game.View/CaptureRig.cs:518)
UnityEngine.SetupCoroutine:InvokeMoveNext (System.Collections.IEnumerator,intptr) (at C:/build/output/unity/unity/Runtime/Export/Scripting/Coroutines.cs:17)

(Filename: C:/build/output/unity/unity/Runtime/Export/Debug/Debug.bindings.cs Line: 123)

[capture-grip] root=(-24.07, 0.80, -17.82), tip=(-24.49, 0.27, -17.88), length=0,678, edge=(0.78, -0.62, -0.04), edgeDown=0,619, socketRight=(0.03, 0.09, -1.00), socketUp=(-0.02, 1.00, 0.09), socketForward=(1.00, 0.02, 0.03), renderer=Pelag_FantasySaber_Equipped, enabled=True, active=True, boundsCenter=(-24.12, 0.70, -17.84), boundsSize=(0.92, 1.07, 0.22), shader=Universal Render Pipeline/Lit
UnityEngine.Debug:ExtractStackTraceNoAlloc (byte*,int,string)
UnityEngine.StackTraceUtility:ExtractStackTrace () (at C:/build/output/unity/unity/Runtime/Export/Scripting/StackTrace.cs:35)
UnityEngine.DebugLogHandler:Internal_Log (UnityEngine.LogType,UnityEngine.LogOption,string,UnityEngine.Object)
UnityEngine.DebugLogHandler:LogFormat (UnityEngine.LogType,UnityEngine.Object,string,object[]) (at C:/build/output/unity/unity/Runtime/Export/Logging/DebugLogHandler.cs:9)
UnityEngine.Logger:Log (UnityEngine.LogType,object) (at C:/build/output/unity/unity/Runtime/Export/Logging/Logger.cs:60)
UnityEngine.Debug:Log (object) (at C:/build/output/unity/unity/Runtime/Export/Debug/Debug.bindings.cs:123)
Game.View.CaptureRig:ConfigureCaptureView () (at C:/Users/d.grab/Desktop/the-game/artifacts/mobsv2-project/Assets/Game.View/CaptureRig.cs:962)
Game.View.CaptureRig/<Run>d__254:MoveNext () (at C:/Users/d.grab/Desktop/the-game/artifacts/mobsv2-project/Assets/Game.View/CaptureRig.cs:527)
UnityEngine.SetupCoroutine:InvokeMoveNext (System.Collections.IEnumerator,intptr) (at C:/build/output/unity/unity/Runtime/Export/Scripting/Coroutines.cs:17)

(Filename: C:/build/output/unity/unity/Runtime/Export/Debug/Debug.bindings.cs Line: 123)

[capture-gc] samples=120, total=3305286, max=1009616, average=27544 bytes/frame
UnityEngine.Debug:ExtractStackTraceNoAlloc (byte*,int,string)
UnityEngine.StackTraceUtility:ExtractStackTrace () (at C:/build/output/unity/unity/Runtime/Export/Scripting/StackTrace.cs:35)
UnityEngine.DebugLogHandler:Internal_Log (UnityEngine.LogType,UnityEngine.LogOption,string,UnityEngine.Object)
UnityEngine.DebugLogHandler:LogFormat (UnityEngine.LogType,UnityEngine.Object,string,object[]) (at C:/build/output/unity/unity/Runtime/Export/Logging/DebugLogHandler.cs:9)
UnityEngine.Logger:Log (UnityEngine.LogType,object) (at C:/build/output/unity/unity/Runtime/Export/Logging/Logger.cs:60)
UnityEngine.Debug:Log (object) (at C:/build/output/unity/unity/Runtime/Export/Debug/Debug.bindings.cs:123)
Game.View.CaptureRig/<Run>d__254:MoveNext () (at C:/Users/d.grab/Desktop/the-game/artifacts/mobsv2-project/Assets/Game.View/CaptureRig.cs:608)
UnityEngine.SetupCoroutine:InvokeMoveNext (System.Collections.IEnumerator,intptr) (at C:/build/output/unity/unity/Runtime/Export/Scripting/Coroutines.cs:17)

(Filename: C:/build/output/unity/unity/Runtime/Export/Debug/Debug.bindings.cs Line: 123)

[capture-grip] root=(-23.68, 1.09, -18.18), tip=(-23.14, 1.32, -17.84), length=0,678, edge=(0.58, -0.24, -0.77), edgeDown=0,243, socketRight=(-0.65, -0.37, -0.66), socketUp=(0.73, -0.09, -0.68), socketForward=(0.20, -0.92, 0.33), renderer=Pelag_FantasySaber_Equipped, enabled=True, active=True, boundsCenter=(-23.57, 1.12, -18.14), boundsSize=(1.09, 0.56, 0.81), shader=Universal Render Pipeline/Lit
UnityEngine.Debug:ExtractStackTraceNoAlloc (byte*,int,string)
UnityEngine.StackTraceUtility:ExtractStackTrace () (at C:/build/output/unity/unity/Runtime/Export/Scripting/StackTrace.cs:35)
UnityEngine.DebugLogHandler:Internal_Log (UnityEngine.LogType,UnityEngine.LogOption,string,UnityEngine.Object)
UnityEngine.DebugLogHandler:LogFormat (UnityEngine.LogType,UnityEngine.Object,string,object[]) (at C:/build/output/unity/unity/Runtime/Export/Logging/DebugLogHandler.cs:9)
UnityEngine.Logger:Log (UnityEngine.LogType,object) (at C:/build/output/unity/unity/Runtime/Export/Logging/Logger.cs:60)
UnityEngine.Debug:Log (object) (at C:/build/output/unity/unity/Runtime/Export/Debug/Debug.bindings.cs:123)
Game.View.CaptureRig:ConfigureCaptureView () (at C:/Users/d.grab/Desktop/the-game/artifacts/mobsv2-project/Assets/Game.View/CaptureRig.cs:962)
Game.View.CaptureRig/<Run>d__254:MoveNext () (at C:/Users/d.grab/Desktop/the-game/artifacts/mobsv2-project/Assets/Game.View/CaptureRig.cs:653)
UnityEngine.SetupCoroutine:InvokeMoveNext (System.Collections.IEnumerator,intptr) (at C:/build/output/unity/unity/Runtime/Export/Scripting/Coroutines.cs:17)

(Filename: C:/build/output/unity/unity/Runtime/Export/Debug/Debug.bindings.cs Line: 123)

[capture-grip] root=(-23.68, 1.09, -15.18), tip=(-23.14, 1.32, -14.84), length=0,678, edge=(0.59, -0.23, -0.77), edgeDown=0,234, socketRight=(-0.65, -0.37, -0.66), socketUp=(0.73, -0.08, -0.68), socketForward=(0.20, -0.93, 0.32), renderer=Pelag_FantasySaber_Equipped, enabled=True, active=True, boundsCenter=(-23.57, 1.12, -15.14), boundsSize=(1.09, 0.55, 0.82), shader=Universal Render Pipeline/Lit
UnityEngine.Debug:ExtractStackTraceNoAlloc (byte*,int,string)
UnityEngine.StackTraceUtility:ExtractStackTrace () (at C:/build/output/unity/unity/Runtime/Export/Scripting/StackTrace.cs:35)
UnityEngine.DebugLogHandler:Internal_Log (UnityEngine.LogType,UnityEngine.LogOption,string,UnityEngine.Object)
UnityEngine.DebugLogHandler:LogFormat (UnityEngine.LogType,UnityEngine.Object,string,object[]) (at C:/build/output/unity/unity/Runtime/Export/Logging/DebugLogHandler.cs:9)
UnityEngine.Logger:Log (UnityEngine.LogType,object) (at C:/build/output/unity/unity/Runtime/Export/Logging/Logger.cs:60)
UnityEngine.Debug:Log (object) (at C:/build/output/unity/unity/Runtime/Export/Debug/Debug.bindings.cs:123)
Game.View.CaptureRig:ConfigureCaptureView () (at C:/Users/d.grab/Desktop/the-game/artifacts/mobsv2-project/Assets/Game.View/CaptureRig.cs:962)
Game.View.CaptureRig/<Run>d__254:MoveNext () (at C:/Users/d.grab/Desktop/the-game/artifacts/mobsv2-project/Assets/Game.View/CaptureRig.cs:653)
UnityEngine.SetupCoroutine:InvokeMoveNext (System.Collections.IEnumerator,intptr) (at C:/build/output/unity/unity/Runtime/Export/Scripting/Coroutines.cs:17)

(Filename: C:/build/output/unity/unity/Runtime/Export/Debug/Debug.bindings.cs Line: 123)

[capture-grip] root=(-23.67, 1.07, -15.23), tip=(-23.12, 1.32, -14.94), length=0,678, edge=(0.55, -0.35, -0.76), edgeDown=0,350, socketRight=(-0.68, -0.43, -0.59), socketUp=(0.71, -0.19, -0.68), socketForward=(0.18, -0.88, 0.43), renderer=Pelag_FantasySaber_Equipped, enabled=True, active=True, boundsCenter=(-23.57, 1.10, -15.20), boundsSize=(1.11, 0.61, 0.74), shader=Universal Render Pipeline/Lit
UnityEngine.Debug:ExtractStackTraceNoAlloc (byte*,int,string)
UnityEngine.StackTraceUtility:ExtractStackTrace () (at C:/build/output/unity/unity/Runtime/Export/Scripting/StackTrace.cs:35)
UnityEngine.DebugLogHandler:Internal_Log (UnityEngine.LogType,UnityEngine.LogOption,string,UnityEngine.Object)
UnityEngine.DebugLogHandler:LogFormat (UnityEngine.LogType,UnityEngine.Object,string,object[]) (at C:/build/output/unity/unity/Runtime/Export/Logging/DebugLogHandler.cs:9)
UnityEngine.Logger:Log (UnityEngine.LogType,object) (at C:/build/output/unity/unity/Runtime/Export/Logging/Logger.cs:60)
UnityEngine.Debug:Log (object) (at C:/build/output/unity/unity/Runtime/Export/Debug/Debug.bindings.cs:123)
Game.View.CaptureRig:ConfigureCaptureView () (at C:/Users/d.grab/Desktop/the-game/artifacts/mobsv2-project/Assets/Game.View/CaptureRig.cs:962)
Game.View.CaptureRig/<Run>d__254:MoveNext () (at C:/Users/d.grab/Desktop/the-game/artifacts/mobsv2-project/Assets/Game.View/CaptureRig.cs:653)
UnityEngine.SetupCoroutine:InvokeMoveNext (System.Collections.IEnumerator,intptr) (at C:/build/output/unity/unity/Runtime/Export/Scripting/Coroutines.cs:17)

(Filename: C:/build/output/unity/unity/Runtime/Export/Debug/Debug.bindings.cs Line: 123)

[capture-grip] root=(-23.69, 1.10, -15.18), tip=(-23.15, 1.33, -14.84), length=0,678, edge=(0.59, -0.21, -0.78), edgeDown=0,215, socketRight=(-0.65, -0.37, -0.66), socketUp=(0.73, -0.06, -0.68), socketForward=(0.22, -0.93, 0.31), renderer=Pelag_FantasySaber_Equipped, enabled=True, active=True, boundsCenter=(-23.58, 1.13, -15.15), boundsSize=(1.08, 0.56, 0.82), shader=Universal Render Pipeline/Lit
UnityEngine.Debug:ExtractStackTraceNoAlloc (byte*,int,string)
UnityEngine.StackTraceUtility:ExtractStackTrace () (at C:/build/output/unity/unity/Runtime/Export/Scripting/StackTrace.cs:35)
UnityEngine.DebugLogHandler:Internal_Log (UnityEngine.LogType,UnityEngine.LogOption,string,UnityEngine.Object)
UnityEngine.DebugLogHandler:LogFormat (UnityEngine.LogType,UnityEngine.Object,string,object[]) (at C:/build/output/unity/unity/Runtime/Export/Logging/DebugLogHandler.cs:9)
UnityEngine.Logger:Log (UnityEngine.LogType,object) (at C:/build/output/unity/unity/Runtime/Export/Logging/Logger.cs:60)
UnityEngine.Debug:Log (object) (at C:/build/output/unity/unity/Runtime/Export/Debug/Debug.bindings.cs:123)
Game.View.CaptureRig:ConfigureCaptureView () (at C:/Users/d.grab/Desktop/the-game/artifacts/mobsv2-project/Assets/Game.View/CaptureRig.cs:962)
Game.View.CaptureRig/<Run>d__254:MoveNext () (at C:/Users/d.grab/Desktop/the-game/artifacts/mobsv2-project/Assets/Game.View/CaptureRig.cs:653)
UnityEngine.SetupCoroutine:InvokeMoveNext (System.Collections.IEnumerator,intptr) (at C:/build/output/unity/unity/Runtime/Export/Scripting/Coroutines.cs:17)

(Filename: C:/build/output/unity/unity/Runtime/Export/Debug/Debug.bindings.cs Line: 123)

[capture-grip] root=(-23.69, 1.11, -15.19), tip=(-23.15, 1.35, -14.85), length=0,678, edge=(0.59, -0.21, -0.78), edgeDown=0,207, socketRight=(-0.64, -0.38, -0.66), socketUp=(0.73, -0.05, -0.68), socketForward=(0.23, -0.92, 0.31), renderer=Pelag_FantasySaber_Equipped, enabled=True, active=True, boundsCenter=(-23.58, 1.14, -15.15), boundsSize=(1.08, 0.56, 0.82), shader=Universal Render Pipeline/Lit
UnityEngine.Debug:ExtractStackTraceNoAlloc (byte*,int,string)
UnityEngine.StackTraceUtility:ExtractStackTrace () (at C:/build/output/unity/unity/Runtime/Export/Scripting/StackTrace.cs:35)
UnityEngine.DebugLogHandler:Internal_Log (UnityEngine.LogType,UnityEngine.LogOption,string,UnityEngine.Object)
UnityEngine.DebugLogHandler:LogFormat (UnityEngine.LogType,UnityEngine.Object,string,object[]) (at C:/build/output/unity/unity/Runtime/Export/Logging/DebugLogHandler.cs:9)
UnityEngine.Logger:Log (UnityEngine.LogType,object) (at C:/build/output/unity/unity/Runtime/Export/Logging/Logger.cs:60)
UnityEngine.Debug:Log (object) (at C:/build/output/unity/unity/Runtime/Export/Debug/Debug.bindings.cs:123)
Game.View.CaptureRig:ConfigureCaptureView () (at C:/Users/d.grab/Desktop/the-game/artifacts/mobsv2-project/Assets/Game.View/CaptureRig.cs:962)
Game.View.CaptureRig/<Run>d__254:MoveNext () (at C:/Users/d.grab/Desktop/the-game/artifacts/mobsv2-project/Assets/Game.View/CaptureRig.cs:653)
UnityEngine.SetupCoroutine:InvokeMoveNext (System.Collections.IEnumerator,intptr) (at C:/build/output/unity/unity/Runtime/Export/Scripting/Coroutines.cs:17)

(Filename: C:/build/output/unity/unity/Runtime/Export/Debug/Debug.bindings.cs Line: 123)

[capture-grip] root=(-23.69, 1.11, -15.19), tip=(-23.16, 1.36, -14.85), length=0,678, edge=(0.59, -0.20, -0.78), edgeDown=0,201, socketRight=(-0.64, -0.39, -0.66), socketUp=(0.73, -0.04, -0.68), socketForward=(0.24, -0.92, 0.31), renderer=Pelag_FantasySaber_Equipped, enabled=True, active=True, boundsCenter=(-23.59, 1.15, -15.15), boundsSize=(1.08, 0.57, 0.82), shader=Universal Render Pipeline/Lit
UnityEngine.Debug:ExtractStackTraceNoAlloc (byte*,int,string)
UnityEngine.StackTraceUtility:ExtractStackTrace () (at C:/build/output/unity/unity/Runtime/Export/Scripting/StackTrace.cs:35)
UnityEngine.DebugLogHandler:Internal_Log (UnityEngine.LogType,UnityEngine.LogOption,string,UnityEngine.Object)
UnityEngine.DebugLogHandler:LogFormat (UnityEngine.LogType,UnityEngine.Object,string,object[]) (at C:/build/output/unity/unity/Runtime/Export/Logging/DebugLogHandler.cs:9)
UnityEngine.Logger:Log (UnityEngine.LogType,object) (at C:/build/output/unity/unity/Runtime/Export/Logging/Logger.cs:60)
UnityEngine.Debug:Log (object) (at C:/build/output/unity/unity/Runtime/Export/Debug/Debug.bindings.cs:123)
Game.View.CaptureRig:ConfigureCaptureView () (at C:/Users/d.grab/Desktop/the-game/artifacts/mobsv2-project/Assets/Game.View/CaptureRig.cs:962)
Game.View.CaptureRig/<Run>d__254:MoveNext () (at C:/Users/d.grab/Desktop/the-game/artifacts/mobsv2-project/Assets/Game.View/CaptureRig.cs:653)
UnityEngine.SetupCoroutine:InvokeMoveNext (System.Collections.IEnumerator,intptr) (at C:/build/output/unity/unity/Runtime/Export/Scripting/Coroutines.cs:17)

(Filename: C:/build/output/unity/unity/Runtime/Export/Debug/Debug.bindings.cs Line: 123)

[capture-grip] root=(-23.70, 1.12, -15.19), tip=(-23.16, 1.37, -14.86), length=0,678, edge=(0.59, -0.20, -0.79), edgeDown=0,196, socketRight=(-0.64, -0.39, -0.66), socketUp=(0.73, -0.03, -0.69), socketForward=(0.25, -0.92, 0.31), renderer=Pelag_FantasySaber_Equipped, enabled=True, active=True, boundsCenter=(-23.59, 1.16, -15.16), boundsSize=(1.08, 0.58, 0.81), shader=Universal Render Pipeline/Lit
UnityEngine.Debug:ExtractStackTraceNoAlloc (byte*,int,string)
UnityEngine.StackTraceUtility:ExtractStackTrace () (at C:/build/output/unity/unity/Runtime/Export/Scripting/StackTrace.cs:35)
UnityEngine.DebugLogHandler:Internal_Log (UnityEngine.LogType,UnityEngine.LogOption,string,UnityEngine.Object)
UnityEngine.DebugLogHandler:LogFormat (UnityEngine.LogType,UnityEngine.Object,string,object[]) (at C:/build/output/unity/unity/Runtime/Export/Logging/DebugLogHandler.cs:9)
UnityEngine.Logger:Log (UnityEngine.LogType,object) (at C:/build/output/unity/unity/Runtime/Export/Logging/Logger.cs:60)
UnityEngine.Debug:Log (object) (at C:/build/output/unity/unity/Runtime/Export/Debug/Debug.bindings.cs:123)
Game.View.CaptureRig:ConfigureCaptureView () (at C:/Users/d.grab/Desktop/the-game/artifacts/mobsv2-project/Assets/Game.View/CaptureRig.cs:962)
Game.View.CaptureRig/<Run>d__254:MoveNext () (at C:/Users/d.grab/Desktop/the-game/artifacts/mobsv2-project/Assets/Game.View/CaptureRig.cs:653)
UnityEngine.SetupCoroutine:InvokeMoveNext (System.Collections.IEnumerator,intptr) (at C:/build/output/unity/unity/Runtime/Export/Scripting/Coroutines.cs:17)

(Filename: C:/build/output/unity/unity/Runtime/Export/Debug/Debug.bindings.cs Line: 123)

[capture-grip] root=(-23.70, 1.13, -15.20), tip=(-23.17, 1.38, -14.86), length=0,678, edge=(0.58, -0.19, -0.79), edgeDown=0,193, socketRight=(-0.64, -0.40, -0.66), socketUp=(0.72, -0.03, -0.69), socketForward=(0.25, -0.92, 0.31), renderer=Pelag_FantasySaber_Equipped, enabled=True, active=True, boundsCenter=(-23.60, 1.16, -15.16), boundsSize=(1.08, 0.58, 0.81), shader=Universal Render Pipeline/Lit
UnityEngine.Debug:ExtractStackTraceNoAlloc (byte*,int,string)
UnityEngine.StackTraceUtility:ExtractStackTrace () (at C:/build/output/unity/unity/Runtime/Export/Scripting/StackTrace.cs:35)
UnityEngine.DebugLogHandler:Internal_Log (UnityEngine.LogType,UnityEngine.LogOption,string,UnityEngine.Object)
UnityEngine.DebugLogHandler:LogFormat (UnityEngine.LogType,UnityEngine.Object,string,object[]) (at C:/build/output/unity/unity/Runtime/Export/Logging/DebugLogHandler.cs:9)
UnityEngine.Logger:Log (UnityEngine.LogType,object) (at C:/build/output/unity/unity/Runtime/Export/Logging/Logger.cs:60)
UnityEngine.Debug:Log (object) (at C:/build/output/unity/unity/Runtime/Export/Debug/Debug.bindings.cs:123)
Game.View.CaptureRig:ConfigureCaptureView () (at C:/Users/d.grab/Desktop/the-game/artifacts/mobsv2-project/Assets/Game.View/CaptureRig.cs:962)
Game.View.CaptureRig/<Run>d__254:MoveNext () (at C:/Users/d.grab/Desktop/the-game/artifacts/mobsv2-project/Assets/Game.View/CaptureRig.cs:653)
UnityEngine.SetupCoroutine:InvokeMoveNext (System.Collections.IEnumerator,intptr) (at C:/build/output/unity/unity/Runtime/Export/Scripting/Coroutines.cs:17)

(Filename: C:/build/output/unity/unity/Runtime/Export/Debug/Debug.bindings.cs Line: 123)

[capture-grip] root=(-23.71, 1.13, -15.20), tip=(-23.17, 1.39, -14.87), length=0,678, edge=(0.59, -0.19, -0.79), edgeDown=0,193, socketRight=(-0.64, -0.40, -0.66), socketUp=(0.72, -0.03, -0.69), socketForward=(0.26, -0.92, 0.31), renderer=Pelag_FantasySaber_Equipped, enabled=True, active=True, boundsCenter=(-23.60, 1.17, -15.16), boundsSize=(1.08, 0.59, 0.81), shader=Universal Render Pipeline/Lit
UnityEngine.Debug:ExtractStackTraceNoAlloc (byte*,int,string)
UnityEngine.StackTraceUtility:ExtractStackTrace () (at C:/build/output/unity/unity/Runtime/Export/Scripting/StackTrace.cs:35)
UnityEngine.DebugLogHandler:Internal_Log (UnityEngine.LogType,UnityEngine.LogOption,string,UnityEngine.Object)
UnityEngine.DebugLogHandler:LogFormat (UnityEngine.LogType,UnityEngine.Object,string,object[]) (at C:/build/output/unity/unity/Runtime/Export/Logging/DebugLogHandler.cs:9)
UnityEngine.Logger:Log (UnityEngine.LogType,object) (at C:/build/output/unity/unity/Runtime/Export/Logging/Logger.cs:60)
UnityEngine.Debug:Log (object) (at C:/build/output/unity/unity/Runtime/Export/Debug/Debug.bindings.cs:123)
Game.View.CaptureRig:ConfigureCaptureView () (at C:/Users/d.grab/Desktop/the-game/artifacts/mobsv2-project/Assets/Game.View/CaptureRig.cs:962)
Game.View.CaptureRig/<Run>d__254:MoveNext () (at C:/Users/d.grab/Desktop/the-game/artifacts/mobsv2-project/Assets/Game.View/CaptureRig.cs:653)
UnityEngine.SetupCoroutine:InvokeMoveNext (System.Collections.IEnumerator,intptr) (at C:/build/output/unity/unity/Runtime/Export/Scripting/Coroutines.cs:17)

(Filename: C:/build/output/unity/unity/Runtime/Export/Debug/Debug.bindings.cs Line: 123)

[capture-grip] root=(-23.71, 1.14, -15.20), tip=(-23.18, 1.40, -14.87), length=0,678, edge=(0.59, -0.19, -0.79), edgeDown=0,193, socketRight=(-0.64, -0.40, -0.66), socketUp=(0.72, -0.03, -0.69), socketForward=(0.26, -0.91, 0.31), renderer=Pelag_FantasySaber_Equipped, enabled=True, active=True, boundsCenter=(-23.60, 1.18, -15.16), boundsSize=(1.08, 0.59, 0.81), shader=Universal Render Pipeline/Lit
UnityEngine.Debug:ExtractStackTraceNoAlloc (byte*,int,string)
UnityEngine.StackTraceUtility:ExtractStackTrace () (at C:/build/output/unity/unity/Runtime/Export/Scripting/StackTrace.cs:35)
UnityEngine.DebugLogHandler:Internal_Log (UnityEngine.LogType,UnityEngine.LogOption,string,UnityEngine.Object)
UnityEngine.DebugLogHandler:LogFormat (UnityEngine.LogType,UnityEngine.Object,string,object[]) (at C:/build/output/unity/unity/Runtime/Export/Logging/DebugLogHandler.cs:9)
UnityEngine.Logger:Log (UnityEngine.LogType,object) (at C:/build/output/unity/unity/Runtime/Export/Logging/Logger.cs:60)
UnityEngine.Debug:Log (object) (at C:/build/output/unity/unity/Runtime/Export/Debug/Debug.bindings.cs:123)
Game.View.CaptureRig:ConfigureCaptureView () (at C:/Users/d.grab/Desktop/the-game/artifacts/mobsv2-project/Assets/Game.View/CaptureRig.cs:962)
Game.View.CaptureRig/<Run>d__254:MoveNext () (at C:/Users/d.grab/Desktop/the-game/artifacts/mobsv2-project/Assets/Game.View/CaptureRig.cs:653)
UnityEngine.SetupCoroutine:InvokeMoveNext (System.Collections.IEnumerator,intptr) (at C:/build/output/unity/unity/Runtime/Export/Scripting/Coroutines.cs:17)

(Filename: C:/build/output/unity/unity/Runtime/Export/Debug/Debug.bindings.cs Line: 123)

[capture-grip] root=(-23.72, 1.14, -15.20), tip=(-23.18, 1.40, -14.87), length=0,678, edge=(0.59, -0.19, -0.79), edgeDown=0,194, socketRight=(-0.64, -0.40, -0.66), socketUp=(0.73, -0.03, -0.69), socketForward=(0.26, -0.91, 0.31), renderer=Pelag_FantasySaber_Equipped, enabled=True, active=True, boundsCenter=(-23.61, 1.18, -15.17), boundsSize=(1.08, 0.59, 0.81), shader=Universal Render Pipeline/Lit
UnityEngine.Debug:ExtractStackTraceNoAlloc (byte*,int,string)
UnityEngine.StackTraceUtility:ExtractStackTrace () (at C:/build/output/unity/unity/Runtime/Export/Scripting/StackTrace.cs:35)
UnityEngine.DebugLogHandler:Internal_Log (UnityEngine.LogType,UnityEngine.LogOption,string,UnityEngine.Object)
UnityEngine.DebugLogHandler:LogFormat (UnityEngine.LogType,UnityEngine.Object,string,object[]) (at C:/build/output/unity/unity/Runtime/Export/Logging/DebugLogHandler.cs:9)
UnityEngine.Logger:Log (UnityEngine.LogType,object) (at C:/build/output/unity/unity/Runtime/Export/Logging/Logger.cs:60)
UnityEngine.Debug:Log (object) (at C:/build/output/unity/unity/Runtime/Export/Debug/Debug.bindings.cs:123)
Game.View.CaptureRig:ConfigureCaptureView () (at C:/Users/d.grab/Desktop/the-game/artifacts/mobsv2-project/Assets/Game.View/CaptureRig.cs:962)
Game.View.CaptureRig/<Run>d__254:MoveNext () (at C:/Users/d.grab/Desktop/the-game/artifacts/mobsv2-project/Assets/Game.View/CaptureRig.cs:653)
UnityEngine.SetupCoroutine:InvokeMoveNext (System.Collections.IEnumerator,intptr) (at C:/build/output/unity/unity/Runtime/Export/Scripting/Coroutines.cs:17)

(Filename: C:/build/output/unity/unity/Runtime/Export/Debug/Debug.bindings.cs Line: 123)

[capture-grip] root=(-23.72, 1.15, -15.20), tip=(-23.19, 1.40, -14.87), length=0,678, edge=(0.59, -0.20, -0.78), edgeDown=0,197, socketRight=(-0.64, -0.41, -0.66), socketUp=(0.73, -0.03, -0.69), socketForward=(0.26, -0.91, 0.32), renderer=Pelag_FantasySaber_Equipped, enabled=True, active=True, boundsCenter=(-23.61, 1.18, -15.17), boundsSize=(1.08, 0.59, 0.81), shader=Universal Render Pipeline/Lit
UnityEngine.Debug:ExtractStackTraceNoAlloc (byte*,int,string)
UnityEngine.StackTraceUtility:ExtractStackTrace () (at C:/build/output/unity/unity/Runtime/Export/Scripting/StackTrace.cs:35)
UnityEngine.DebugLogHandler:Internal_Log (UnityEngine.LogType,UnityEngine.LogOption,string,UnityEngine.Object)
UnityEngine.DebugLogHandler:LogFormat (UnityEngine.LogType,UnityEngine.Object,string,object[]) (at C:/build/output/unity/unity/Runtime/Export/Logging/DebugLogHandler.cs:9)
UnityEngine.Logger:Log (UnityEngine.LogType,object) (at C:/build/output/unity/unity/Runtime/Export/Logging/Logger.cs:60)
UnityEngine.Debug:Log (object) (at C:/build/output/unity/unity/Runtime/Export/Debug/Debug.bindings.cs:123)
Game.View.CaptureRig:ConfigureCaptureView () (at C:/Users/d.grab/Desktop/the-game/artifacts/mobsv2-project/Assets/Game.View/CaptureRig.cs:962)
Game.View.CaptureRig/<Run>d__254:MoveNext () (at C:/Users/d.grab/Desktop/the-game/artifacts/mobsv2-project/Assets/Game.View/CaptureRig.cs:653)
UnityEngine.SetupCoroutine:InvokeMoveNext (System.Collections.IEnumerator,intptr) (at C:/build/output/unity/unity/Runtime/Export/Scripting/Coroutines.cs:17)

(Filename: C:/build/output/unity/unity/Runtime/Export/Debug/Debug.bindings.cs Line: 123)

[capture-grip] root=(-23.72, 1.15, -15.21), tip=(-23.19, 1.41, -14.87), length=0,678, edge=(0.59, -0.20, -0.78), edgeDown=0,201, socketRight=(-0.64, -0.41, -0.66), socketUp=(0.73, -0.04, -0.68), socketForward=(0.25, -0.91, 0.32), renderer=Pelag_FantasySaber_Equipped, enabled=True, active=True, boundsCenter=(-23.62, 1.18, -15.17), boundsSize=(1.08, 0.59, 0.81), shader=Universal Render Pipeline/Lit
UnityEngine.Debug:ExtractStackTraceNoAlloc (byte*,int,string)
UnityEngine.StackTraceUtility:ExtractStackTrace () (at C:/build/output/unity/unity/Runtime/Export/Scripting/StackTrace.cs:35)
UnityEngine.DebugLogHandler:Internal_Log (UnityEngine.LogType,UnityEngine.LogOption,string,UnityEngine.Object)
UnityEngine.DebugLogHandler:LogFormat (UnityEngine.LogType,UnityEngine.Object,string,object[]) (at C:/build/output/unity/unity/Runtime/Export/Logging/DebugLogHandler.cs:9)
UnityEngine.Logger:Log (UnityEngine.LogType,object) (at C:/build/output/unity/unity/Runtime/Export/Logging/Logger.cs:60)
UnityEngine.Debug:Log (object) (at C:/build/output/unity/unity/Runtime/Export/Debug/Debug.bindings.cs:123)
Game.View.CaptureRig:ConfigureCaptureView () (at C:/Users/d.grab/Desktop/the-game/artifacts/mobsv2-project/Assets/Game.View/CaptureRig.cs:962)
Game.View.CaptureRig/<Run>d__254:MoveNext () (at C:/Users/d.grab/Desktop/the-game/artifacts/mobsv2-project/Assets/Game.View/CaptureRig.cs:653)
UnityEngine.SetupCoroutine:InvokeMoveNext (System.Collections.IEnumerator,intptr) (at C:/build/output/unity/unity/Runtime/Export/Scripting/Coroutines.cs:17)

(Filename: C:/build/output/unity/unity/Runtime/Export/Debug/Debug.bindings.cs Line: 123)

[capture-grip] root=(-23.73, 1.15, -15.21), tip=(-23.20, 1.41, -14.88), length=0,678, edge=(0.59, -0.21, -0.78), edgeDown=0,206, socketRight=(-0.64, -0.41, -0.65), socketUp=(0.73, -0.04, -0.68), socketForward=(0.25, -0.91, 0.32), renderer=Pelag_FantasySaber_Equipped, enabled=True, active=True, boundsCenter=(-23.62, 1.19, -15.17), boundsSize=(1.08, 0.59, 0.81), shader=Universal Render Pipeline/Lit
UnityEngine.Debug:ExtractStackTraceNoAlloc (byte*,int,string)
UnityEngine.StackTraceUtility:ExtractStackTrace () (at C:/build/output/unity/unity/Runtime/Export/Scripting/StackTrace.cs:35)
UnityEngine.DebugLogHandler:Internal_Log (UnityEngine.LogType,UnityEngine.LogOption,string,UnityEngine.Object)
UnityEngine.DebugLogHandler:LogFormat (UnityEngine.LogType,UnityEngine.Object,string,object[]) (at C:/build/output/unity/unity/Runtime/Export/Logging/DebugLogHandler.cs:9)
UnityEngine.Logger:Log (UnityEngine.LogType,object) (at C:/build/output/unity/unity/Runtime/Export/Logging/Logger.cs:60)
UnityEngine.Debug:Log (object) (at C:/build/output/unity/unity/Runtime/Export/Debug/Debug.bindings.cs:123)
Game.View.CaptureRig:ConfigureCaptureView () (at C:/Users/d.grab/Desktop/the-game/artifacts/mobsv2-project/Assets/Game.View/CaptureRig.cs:962)
Game.View.CaptureRig/<Run>d__254:MoveNext () (at C:/Users/d.grab/Desktop/the-game/artifacts/mobsv2-project/Assets/Game.View/CaptureRig.cs:653)
UnityEngine.SetupCoroutine:InvokeMoveNext (System.Collections.IEnumerator,intptr) (at C:/build/output/unity/unity/Runtime/Export/Scripting/Coroutines.cs:17)

(Filename: C:/build/output/unity/unity/Runtime/Export/Debug/Debug.bindings.cs Line: 123)

[capture-grip] root=(-23.74, 1.15, -15.21), tip=(-23.20, 1.41, -14.88), length=0,678, edge=(0.59, -0.21, -0.78), edgeDown=0,212, socketRight=(-0.64, -0.41, -0.65), socketUp=(0.73, -0.05, -0.68), socketForward=(0.25, -0.91, 0.33), renderer=Pelag_FantasySaber_Equipped, enabled=True, active=True, boundsCenter=(-23.63, 1.19, -15.17), boundsSize=(1.08, 0.60, 0.81), shader=Universal Render Pipeline/Lit
UnityEngine.Debug:ExtractStackTraceNoAlloc (byte*,int,string)
UnityEngine.StackTraceUtility:ExtractStackTrace () (at C:/build/output/unity/unity/Runtime/Export/Scripting/StackTrace.cs:35)
UnityEngine.DebugLogHandler:Internal_Log (UnityEngine.LogType,UnityEngine.LogOption,string,UnityEngine.Object)
UnityEngine.DebugLogHandler:LogFormat (UnityEngine.LogType,UnityEngine.Object,string,object[]) (at C:/build/output/unity/unity/Runtime/Export/Logging/DebugLogHandler.cs:9)
UnityEngine.Logger:Log (UnityEngine.LogType,object) (at C:/build/output/unity/unity/Runtime/Export/Logging/Logger.cs:60)
UnityEngine.Debug:Log (object) (at C:/build/output/unity/unity/Runtime/Export/Debug/Debug.bindings.cs:123)
Game.View.CaptureRig:ConfigureCaptureView () (at C:/Users/d.grab/Desktop/the-game/artifacts/mobsv2-project/Assets/Game.View/CaptureRig.cs:962)
Game.View.CaptureRig/<Run>d__254:MoveNext () (at C:/Users/d.grab/Desktop/the-game/artifacts/mobsv2-project/Assets/Game.View/CaptureRig.cs:653)
UnityEngine.SetupCoroutine:InvokeMoveNext (System.Collections.IEnumerator,intptr) (at C:/build/output/unity/unity/Runtime/Export/Scripting/Coroutines.cs:17)

(Filename: C:/build/output/unity/unity/Runtime/Export/Debug/Debug.bindings.cs Line: 123)

[capture-grip] root=(-23.74, 1.15, -15.21), tip=(-23.21, 1.41, -14.88), length=0,678, edge=(0.59, -0.22, -0.78), edgeDown=0,218, socketRight=(-0.64, -0.41, -0.65), socketUp=(0.73, -0.05, -0.68), socketForward=(0.24, -0.91, 0.33), renderer=Pelag_FantasySaber_Equipped, enabled=True, active=True, boundsCenter=(-23.63, 1.18, -15.18), boundsSize=(1.08, 0.60, 0.80), shader=Universal Render Pipeline/Lit
UnityEngine.Debug:ExtractStackTraceNoAlloc (byte*,int,string)
UnityEngine.StackTraceUtility:ExtractStackTrace () (at C:/build/output/unity/unity/Runtime/Export/Scripting/StackTrace.cs:35)
UnityEngine.DebugLogHandler:Internal_Log (UnityEngine.LogType,UnityEngine.LogOption,string,UnityEngine.Object)
UnityEngine.DebugLogHandler:LogFormat (UnityEngine.LogType,UnityEngine.Object,string,object[]) (at C:/build/output/unity/unity/Runtime/Export/Logging/DebugLogHandler.cs:9)
UnityEngine.Logger:Log (UnityEngine.LogType,object) (at C:/build/output/unity/unity/Runtime/Export/Logging/Logger.cs:60)
UnityEngine.Debug:Log (object) (at C:/build/output/unity/unity/Runtime/Export/Debug/Debug.bindings.cs:123)
Game.View.CaptureRig:ConfigureCaptureView () (at C:/Users/d.grab/Desktop/the-game/artifacts/mobsv2-project/Assets/Game.View/CaptureRig.cs:962)
Game.View.CaptureRig/<Run>d__254:MoveNext () (at C:/Users/d.grab/Desktop/the-game/artifacts/mobsv2-project/Assets/Game.View/CaptureRig.cs:653)
UnityEngine.SetupCoroutine:InvokeMoveNext (System.Collections.IEnumerator,intptr) (at C:/build/output/unity/unity/Runtime/Export/Scripting/Coroutines.cs:17)

(Filename: C:/build/output/unity/unity/Runtime/Export/Debug/Debug.bindings.cs Line: 123)

[capture-grip] root=(-23.75, 1.15, -15.22), tip=(-23.21, 1.40, -14.89), length=0,678, edge=(0.58, -0.22, -0.78), edgeDown=0,223, socketRight=(-0.65, -0.41, -0.65), socketUp=(0.72, -0.06, -0.69), socketForward=(0.24, -0.91, 0.33), renderer=Pelag_FantasySaber_Equipped, enabled=True, active=True, boundsCenter=(-23.64, 1.18, -15.18), boundsSize=(1.08, 0.60, 0.80), shader=Universal Render Pipeline/Lit
UnityEngine.Debug:ExtractStackTraceNoAlloc (byte*,int,string)
UnityEngine.StackTraceUtility:ExtractStackTrace () (at C:/build/output/unity/unity/Runtime/Export/Scripting/StackTrace.cs:35)
UnityEngine.DebugLogHandler:Internal_Log (UnityEngine.LogType,UnityEngine.LogOption,string,UnityEngine.Object)
UnityEngine.DebugLogHandler:LogFormat (UnityEngine.LogType,UnityEngine.Object,string,object[]) (at C:/build/output/unity/unity/Runtime/Export/Logging/DebugLogHandler.cs:9)
UnityEngine.Logger:Log (UnityEngine.LogType,object) (at C:/build/output/unity/unity/Runtime/Export/Logging/Logger.cs:60)
UnityEngine.Debug:Log (object) (at C:/build/output/unity/unity/Runtime/Export/Debug/Debug.bindings.cs:123)
Game.View.CaptureRig:ConfigureCaptureView () (at C:/Users/d.grab/Desktop/the-game/artifacts/mobsv2-project/Assets/Game.View/CaptureRig.cs:962)
Game.View.CaptureRig/<Run>d__254:MoveNext () (at C:/Users/d.grab/Desktop/the-game/artifacts/mobsv2-project/Assets/Game.View/CaptureRig.cs:653)
UnityEngine.SetupCoroutine:InvokeMoveNext (System.Collections.IEnumerator,intptr) (at C:/build/output/unity/unity/Runtime/Export/Scripting/Coroutines.cs:17)

(Filename: C:/build/output/unity/unity/Runtime/Export/Debug/Debug.bindings.cs Line: 123)

[capture-grip] root=(-23.75, 1.15, -15.22), tip=(-23.22, 1.40, -14.90), length=0,678, edge=(0.58, -0.23, -0.78), edgeDown=0,228, socketRight=(-0.65, -0.41, -0.64), socketUp=(0.72, -0.06, -0.69), socketForward=(0.24, -0.91, 0.34), renderer=Pelag_FantasySaber_Equipped, enabled=True, active=True, boundsCenter=(-23.65, 1.18, -15.18), boundsSize=(1.09, 0.59, 0.80), shader=Universal Render Pipeline/Lit
UnityEngine.Debug:ExtractStackTraceNoAlloc (byte*,int,string)
UnityEngine.StackTraceUtility:ExtractStackTrace () (at C:/build/output/unity/unity/Runtime/Export/Scripting/StackTrace.cs:35)
UnityEngine.DebugLogHandler:Internal_Log (UnityEngine.LogType,UnityEngine.LogOption,string,UnityEngine.Object)
UnityEngine.DebugLogHandler:LogFormat (UnityEngine.LogType,UnityEngine.Object,string,object[]) (at C:/build/output/unity/unity/Runtime/Export/Logging/DebugLogHandler.cs:9)
UnityEngine.Logger:Log (UnityEngine.LogType,object) (at C:/build/output/unity/unity/Runtime/Export/Logging/Logger.cs:60)
UnityEngine.Debug:Log (object) (at C:/build/output/unity/unity/Runtime/Export/Debug/Debug.bindings.cs:123)
Game.View.CaptureRig:ConfigureCaptureView () (at C:/Users/d.grab/Desktop/the-game/artifacts/mobsv2-project/Assets/Game.View/CaptureRig.cs:962)
Game.View.CaptureRig/<Run>d__254:MoveNext () (at C:/Users/d.grab/Desktop/the-game/artifacts/mobsv2-project/Assets/Game.View/CaptureRig.cs:653)
UnityEngine.SetupCoroutine:InvokeMoveNext (System.Collections.IEnumerator,intptr) (at C:/build/output/unity/unity/Runtime/Export/Scripting/Coroutines.cs:17)

(Filename: C:/build/output/unity/unity/Runtime/Export/Debug/Debug.bindings.cs Line: 123)

[capture-grip] root=(-23.76, 1.14, -15.22), tip=(-23.22, 1.40, -14.90), length=0,678, edge=(0.58, -0.23, -0.78), edgeDown=0,235, socketRight=(-0.65, -0.41, -0.64), socketUp=(0.72, -0.07, -0.69), socketForward=(0.24, -0.91, 0.34), renderer=Pelag_FantasySaber_Equipped, enabled=True, active=True, boundsCenter=(-23.65, 1.18, -15.19), boundsSize=(1.09, 0.59, 0.79), shader=Universal Render Pipeline/Lit
UnityEngine.Debug:ExtractStackTraceNoAlloc (byte*,int,string)
UnityEngine.StackTraceUtility:ExtractStackTrace () (at C:/build/output/unity/unity/Runtime/Export/Scripting/StackTrace.cs:35)
UnityEngine.DebugLogHandler:Internal_Log (UnityEngine.LogType,UnityEngine.LogOption,string,UnityEngine.Object)
UnityEngine.DebugLogHandler:LogFormat (UnityEngine.LogType,UnityEngine.Object,string,object[]) (at C:/build/output/unity/unity/Runtime/Export/Logging/DebugLogHandler.cs:9)
UnityEngine.Logger:Log (UnityEngine.LogType,object) (at C:/build/output/unity/unity/Runtime/Export/Logging/Logger.cs:60)
UnityEngine.Debug:Log (object) (at C:/build/output/unity/unity/Runtime/Export/Debug/Debug.bindings.cs:123)
Game.View.CaptureRig:ConfigureCaptureView () (at C:/Users/d.grab/Desktop/the-game/artifacts/mobsv2-project/Assets/Game.View/CaptureRig.cs:962)
Game.View.CaptureRig/<Run>d__254:MoveNext () (at C:/Users/d.grab/Desktop/the-game/artifacts/mobsv2-project/Assets/Game.View/CaptureRig.cs:653)
UnityEngine.SetupCoroutine:InvokeMoveNext (System.Collections.IEnumerator,intptr) (at C:/build/output/unity/unity/Runtime/Export/Scripting/Coroutines.cs:17)

(Filename: C:/build/output/unity/unity/Runtime/Export/Debug/Debug.bindings.cs Line: 123)

[capture-grip] root=(-23.77, 1.14, -15.23), tip=(-23.23, 1.39, -14.91), length=0,678, edge=(0.57, -0.24, -0.79), edgeDown=0,242, socketRight=(-0.66, -0.41, -0.63), socketUp=(0.71, -0.08, -0.70), socketForward=(0.23, -0.91, 0.34), renderer=Pelag_FantasySaber_Equipped, enabled=True, active=True, boundsCenter=(-23.66, 1.17, -15.19), boundsSize=(1.09, 0.59, 0.78), shader=Universal Render Pipeline/Lit
UnityEngine.Debug:ExtractStackTraceNoAlloc (byte*,int,string)
UnityEngine.StackTraceUtility:ExtractStackTrace () (at C:/build/output/unity/unity/Runtime/Export/Scripting/StackTrace.cs:35)
UnityEngine.DebugLogHandler:Internal_Log (UnityEngine.LogType,UnityEngine.LogOption,string,UnityEngine.Object)
UnityEngine.DebugLogHandler:LogFormat (UnityEngine.LogType,UnityEngine.Object,string,object[]) (at C:/build/output/unity/unity/Runtime/Export/Logging/DebugLogHandler.cs:9)
UnityEngine.Logger:Log (UnityEngine.LogType,object) (at C:/build/output/unity/unity/Runtime/Export/Logging/Logger.cs:60)
UnityEngine.Debug:Log (object) (at C:/build/output/unity/unity/Runtime/Export/Debug/Debug.bindings.cs:123)
Game.View.CaptureRig:ConfigureCaptureView () (at C:/Users/d.grab/Desktop/the-game/artifacts/mobsv2-project/Assets/Game.View/CaptureRig.cs:962)
Game.View.CaptureRig/<Run>d__254:MoveNext () (at C:/Users/d.grab/Desktop/the-game/artifacts/mobsv2-project/Assets/Game.View/CaptureRig.cs:653)
UnityEngine.SetupCoroutine:InvokeMoveNext (System.Collections.IEnumerator,intptr) (at C:/build/output/unity/unity/Runtime/Export/Scripting/Coroutines.cs:17)

(Filename: C:/build/output/unity/unity/Runtime/Export/Debug/Debug.bindings.cs Line: 123)

[capture-grip] root=(-23.78, 1.13, -15.23), tip=(-23.23, 1.38, -14.92), length=0,678, edge=(0.56, -0.25, -0.79), edgeDown=0,251, socketRight=(-0.67, -0.40, -0.63), socketUp=(0.71, -0.09, -0.70), socketForward=(0.23, -0.91, 0.35), renderer=Pelag_FantasySaber_Equipped, enabled=True, active=True, boundsCenter=(-23.67, 1.17, -15.19), boundsSize=(1.10, 0.59, 0.78), shader=Universal Render Pipeline/Lit
UnityEngine.Debug:ExtractStackTraceNoAlloc (byte*,int,string)
UnityEngine.StackTraceUtility:ExtractStackTrace () (at C:/build/output/unity/unity/Runtime/Export/Scripting/StackTrace.cs:35)
UnityEngine.DebugLogHandler:Internal_Log (UnityEngine.LogType,UnityEngine.LogOption,string,UnityEngine.Object)
UnityEngine.DebugLogHandler:LogFormat (UnityEngine.LogType,UnityEngine.Object,string,object[]) (at C:/build/output/unity/unity/Runtime/Export/Logging/DebugLogHandler.cs:9)
UnityEngine.Logger:Log (UnityEngine.LogType,object) (at C:/build/output/unity/unity/Runtime/Export/Logging/Logger.cs:60)
UnityEngine.Debug:Log (object) (at C:/build/output/unity/unity/Runtime/Export/Debug/Debug.bindings.cs:123)
Game.View.CaptureRig:ConfigureCaptureView () (at C:/Users/d.grab/Desktop/the-game/artifacts/mobsv2-project/Assets/Game.View/CaptureRig.cs:962)
Game.View.CaptureRig/<Run>d__254:MoveNext () (at C:/Users/d.grab/Desktop/the-game/artifacts/mobsv2-project/Assets/Game.View/CaptureRig.cs:653)
UnityEngine.SetupCoroutine:InvokeMoveNext (System.Collections.IEnumerator,intptr) (at C:/build/output/unity/unity/Runtime/Export/Scripting/Coroutines.cs:17)

(Filename: C:/build/output/unity/unity/Runtime/Export/Debug/Debug.bindings.cs Line: 123)

[capture-grip] root=(-23.78, 1.13, -15.23), tip=(-23.23, 1.37, -14.92), length=0,678, edge=(0.56, -0.26, -0.79), edgeDown=0,261, socketRight=(-0.67, -0.40, -0.62), socketUp=(0.71, -0.10, -0.70), socketForward=(0.22, -0.91, 0.35), renderer=Pelag_FantasySaber_Equipped, enabled=True, active=True, boundsCenter=(-23.67, 1.16, -15.20), boundsSize=(1.10, 0.59, 0.77), shader=Universal Render Pipeline/Lit
UnityEngine.Debug:ExtractStackTraceNoAlloc (byte*,int,string)
UnityEngine.StackTraceUtility:ExtractStackTrace () (at C:/build/output/unity/unity/Runtime/Export/Scripting/StackTrace.cs:35)
UnityEngine.DebugLogHandler:Internal_Log (UnityEngine.LogType,UnityEngine.LogOption,string,UnityEngine.Object)
UnityEngine.DebugLogHandler:LogFormat (UnityEngine.LogType,UnityEngine.Object,string,object[]) (at C:/build/output/unity/unity/Runtime/Export/Logging/DebugLogHandler.cs:9)
UnityEngine.Logger:Log (UnityEngine.LogType,object) (at C:/build/output/unity/unity/Runtime/Export/Logging/Logger.cs:60)
UnityEngine.Debug:Log (object) (at C:/build/output/unity/unity/Runtime/Export/Debug/Debug.bindings.cs:123)
Game.View.CaptureRig:ConfigureCaptureView () (at C:/Users/d.grab/Desktop/the-game/artifacts/mobsv2-project/Assets/Game.View/CaptureRig.cs:962)
Game.View.CaptureRig/<Run>d__254:MoveNext () (at C:/Users/d.grab/Desktop/the-game/artifacts/mobsv2-project/Assets/Game.View/CaptureRig.cs:653)
UnityEngine.SetupCoroutine:InvokeMoveNext (System.Collections.IEnumerator,intptr) (at C:/build/output/unity/unity/Runtime/Export/Scripting/Coroutines.cs:17)

(Filename: C:/build/output/unity/unity/Runtime/Export/Debug/Debug.bindings.cs Line: 123)

[capture-grip] root=(-23.79, 1.12, -15.23), tip=(-23.23, 1.36, -14.93), length=0,678, edge=(0.55, -0.27, -0.79), edgeDown=0,273, socketRight=(-0.68, -0.40, -0.62), socketUp=(0.70, -0.11, -0.70), socketForward=(0.21, -0.91, 0.36), renderer=Pelag_FantasySaber_Equipped, enabled=True, active=True, boundsCenter=(-23.68, 1.15, -15.20), boundsSize=(1.10, 0.58, 0.77), shader=Universal Render Pipeline/Lit
UnityEngine.Debug:ExtractStackTraceNoAlloc (byte*,int,string)
UnityEngine.StackTraceUtility:ExtractStackTrace () (at C:/build/output/unity/unity/Runtime/Export/Scripting/StackTrace.cs:35)
UnityEngine.DebugLogHandler:Internal_Log (UnityEngine.LogType,UnityEngine.LogOption,string,UnityEngine.Object)
UnityEngine.DebugLogHandler:LogFormat (UnityEngine.LogType,UnityEngine.Object,string,object[]) (at C:/build/output/unity/unity/Runtime/Export/Logging/DebugLogHandler.cs:9)
UnityEngine.Logger:Log (UnityEngine.LogType,object) (at C:/build/output/unity/unity/Runtime/Export/Logging/Logger.cs:60)
UnityEngine.Debug:Log (object) (at C:/build/output/unity/unity/Runtime/Export/Debug/Debug.bindings.cs:123)
Game.View.CaptureRig:ConfigureCaptureView () (at C:/Users/d.grab/Desktop/the-game/artifacts/mobsv2-project/Assets/Game.View/CaptureRig.cs:962)
Game.View.CaptureRig/<Run>d__254:MoveNext () (at C:/Users/d.grab/Desktop/the-game/artifacts/mobsv2-project/Assets/Game.View/CaptureRig.cs:653)
UnityEngine.SetupCoroutine:InvokeMoveNext (System.Collections.IEnumerator,intptr) (at C:/build/output/unity/unity/Runtime/Export/Scripting/Coroutines.cs:17)

(Filename: C:/build/output/unity/unity/Runtime/Export/Debug/Debug.bindings.cs Line: 123)

[capture-grip] root=(-23.79, 1.11, -15.24), tip=(-23.24, 1.34, -14.93), length=0,678, edge=(0.55, -0.28, -0.79), edgeDown=0,284, socketRight=(-0.69, -0.39, -0.61), socketUp=(0.70, -0.13, -0.70), socketForward=(0.20, -0.91, 0.36), renderer=Pelag_FantasySaber_Equipped, enabled=True, active=True, boundsCenter=(-23.68, 1.14, -15.20), boundsSize=(1.11, 0.57, 0.76), shader=Universal Render Pipeline/Lit
UnityEngine.Debug:ExtractStackTraceNoAlloc (byte*,int,string)
UnityEngine.StackTraceUtility:ExtractStackTrace () (at C:/build/output/unity/unity/Runtime/Export/Scripting/StackTrace.cs:35)
UnityEngine.DebugLogHandler:Internal_Log (UnityEngine.LogType,UnityEngine.LogOption,string,UnityEngine.Object)
UnityEngine.DebugLogHandler:LogFormat (UnityEngine.LogType,UnityEngine.Object,string,object[]) (at C:/build/output/unity/unity/Runtime/Export/Logging/DebugLogHandler.cs:9)
UnityEngine.Logger:Log (UnityEngine.LogType,object) (at C:/build/output/unity/unity/Runtime/Export/Logging/Logger.cs:60)
UnityEngine.Debug:Log (object) (at C:/build/output/unity/unity/Runtime/Export/Debug/Debug.bindings.cs:123)
Game.View.CaptureRig:ConfigureCaptureView () (at C:/Users/d.grab/Desktop/the-game/artifacts/mobsv2-project/Assets/Game.View/CaptureRig.cs:962)
Game.View.CaptureRig/<Run>d__254:MoveNext () (at C:/Users/d.grab/Desktop/the-game/artifacts/mobsv2-project/Assets/Game.View/CaptureRig.cs:653)
UnityEngine.SetupCoroutine:InvokeMoveNext (System.Collections.IEnumerator,intptr) (at C:/build/output/unity/unity/Runtime/Export/Scripting/Coroutines.cs:17)

(Filename: C:/build/output/unity/unity/Runtime/Export/Debug/Debug.bindings.cs Line: 123)

[capture-grip] root=(-23.80, 1.10, -15.24), tip=(-23.24, 1.32, -14.94), length=0,678, edge=(0.54, -0.30, -0.79), edgeDown=0,296, socketRight=(-0.69, -0.38, -0.61), socketUp=(0.70, -0.14, -0.70), socketForward=(0.18, -0.91, 0.36), renderer=Pelag_FantasySaber_Equipped, enabled=True, active=True, boundsCenter=(-23.69, 1.13, -15.21), boundsSize=(1.11, 0.56, 0.76), shader=Universal Render Pipeline/Lit
UnityEngine.Debug:ExtractStackTraceNoAlloc (byte*,int,string)
UnityEngine.StackTraceUtility:ExtractStackTrace () (at C:/build/output/unity/unity/Runtime/Export/Scripting/StackTrace.cs:35)
UnityEngine.DebugLogHandler:Internal_Log (UnityEngine.LogType,UnityEngine.LogOption,string,UnityEngine.Object)
UnityEngine.DebugLogHandler:LogFormat (UnityEngine.LogType,UnityEngine.Object,string,object[]) (at C:/build/output/unity/unity/Runtime/Export/Logging/DebugLogHandler.cs:9)
UnityEngine.Logger:Log (UnityEngine.LogType,object) (at C:/build/output/unity/unity/Runtime/Export/Logging/Logger.cs:60)
UnityEngine.Debug:Log (object) (at C:/build/output/unity/unity/Runtime/Export/Debug/Debug.bindings.cs:123)
Game.View.CaptureRig:ConfigureCaptureView () (at C:/Users/d.grab/Desktop/the-game/artifacts/mobsv2-project/Assets/Game.View/CaptureRig.cs:962)
Game.View.CaptureRig/<Run>d__254:MoveNext () (at C:/Users/d.grab/Desktop/the-game/artifacts/mobsv2-project/Assets/Game.View/CaptureRig.cs:653)
UnityEngine.SetupCoroutine:InvokeMoveNext (System.Collections.IEnumerator,intptr) (at C:/build/output/unity/unity/Runtime/Export/Scripting/Coroutines.cs:17)

(Filename: C:/build/output/unity/unity/Runtime/Export/Debug/Debug.bindings.cs Line: 123)

[capture-grip] root=(-23.81, 1.08, -15.24), tip=(-23.24, 1.30, -14.94), length=0,678, edge=(0.54, -0.31, -0.79), edgeDown=0,308, socketRight=(-0.70, -0.37, -0.61), socketUp=(0.69, -0.15, -0.70), socketForward=(0.17, -0.91, 0.37), renderer=Pelag_FantasySaber_Equipped, enabled=True, active=True, boundsCenter=(-23.69, 1.11, -15.21), boundsSize=(1.12, 0.55, 0.76), shader=Universal Render Pipeline/Lit
UnityEngine.Debug:ExtractStackTraceNoAlloc (byte*,int,string)
UnityEngine.StackTraceUtility:ExtractStackTrace () (at C:/build/output/unity/unity/Runtime/Export/Scripting/StackTrace.cs:35)
UnityEngine.DebugLogHandler:Internal_Log (UnityEngine.LogType,UnityEngine.LogOption,string,UnityEngine.Object)
UnityEngine.DebugLogHandler:LogFormat (UnityEngine.LogType,UnityEngine.Object,string,object[]) (at C:/build/output/unity/unity/Runtime/Export/Logging/DebugLogHandler.cs:9)
UnityEngine.Logger:Log (UnityEngine.LogType,object) (at C:/build/output/unity/unity/Runtime/Export/Logging/Logger.cs:60)
UnityEngine.Debug:Log (object) (at C:/build/output/unity/unity/Runtime/Export/Debug/Debug.bindings.cs:123)
Game.View.CaptureRig:ConfigureCaptureView () (at C:/Users/d.grab/Desktop/the-game/artifacts/mobsv2-project/Assets/Game.View/CaptureRig.cs:962)
Game.View.CaptureRig/<Run>d__254:MoveNext () (at C:/Users/d.grab/Desktop/the-game/artifacts/mobsv2-project/Assets/Game.View/CaptureRig.cs:653)
UnityEngine.SetupCoroutine:InvokeMoveNext (System.Collections.IEnumerator,intptr) (at C:/build/output/unity/unity/Runtime/Export/Scripting/Coroutines.cs:17)

(Filename: C:/build/output/unity/unity/Runtime/Export/Debug/Debug.bindings.cs Line: 123)

[capture-grip] root=(-23.81, 1.07, -15.24), tip=(-23.24, 1.29, -14.94), length=0,678, edge=(0.53, -0.32, -0.79), edgeDown=0,317, socketRight=(-0.71, -0.36, -0.61), socketUp=(0.69, -0.17, -0.70), socketForward=(0.16, -0.92, 0.37), renderer=Pelag_FantasySaber_Equipped, enabled=True, active=True, boundsCenter=(-23.70, 1.10, -15.21), boundsSize=(1.12, 0.54, 0.76), shader=Universal Render Pipeline/Lit
UnityEngine.Debug:ExtractStackTraceNoAlloc (byte*,int,string)
UnityEngine.StackTraceUtility:ExtractStackTrace () (at C:/build/output/unity/unity/Runtime/Export/Scripting/StackTrace.cs:35)
UnityEngine.DebugLogHandler:Internal_Log (UnityEngine.LogType,UnityEngine.LogOption,string,UnityEngine.Object)
UnityEngine.DebugLogHandler:LogFormat (UnityEngine.LogType,UnityEngine.Object,string,object[]) (at C:/build/output/unity/unity/Runtime/Export/Logging/DebugLogHandler.cs:9)
UnityEngine.Logger:Log (UnityEngine.LogType,object) (at C:/build/output/unity/unity/Runtime/Export/Logging/Logger.cs:60)
UnityEngine.Debug:Log (object) (at C:/build/output/unity/unity/Runtime/Export/Debug/Debug.bindings.cs:123)
Game.View.CaptureRig:ConfigureCaptureView () (at C:/Users/d.grab/Desktop/the-game/artifacts/mobsv2-project/Assets/Game.View/CaptureRig.cs:962)
Game.View.CaptureRig/<Run>d__254:MoveNext () (at C:/Users/d.grab/Desktop/the-game/artifacts/mobsv2-project/Assets/Game.View/CaptureRig.cs:653)
UnityEngine.SetupCoroutine:InvokeMoveNext (System.Collections.IEnumerator,intptr) (at C:/build/output/unity/unity/Runtime/Export/Scripting/Coroutines.cs:17)

(Filename: C:/build/output/unity/unity/Runtime/Export/Debug/Debug.bindings.cs Line: 123)

[capture-grip] root=(-23.81, 1.06, -15.24), tip=(-23.24, 1.27, -14.95), length=0,678, edge=(0.52, -0.33, -0.79), edgeDown=0,325, socketRight=(-0.71, -0.36, -0.60), socketUp=(0.69, -0.18, -0.71), socketForward=(0.15, -0.92, 0.37), renderer=Pelag_FantasySaber_Equipped, enabled=True, active=True, boundsCenter=(-23.70, 1.09, -15.21), boundsSize=(1.12, 0.53, 0.75), shader=Universal Render Pipeline/Lit
UnityEngine.Debug:ExtractStackTraceNoAlloc (byte*,int,string)
UnityEngine.StackTraceUtility:ExtractStackTrace () (at C:/build/output/unity/unity/Runtime/Export/Scripting/StackTrace.cs:35)
UnityEngine.DebugLogHandler:Internal_Log (UnityEngine.LogType,UnityEngine.LogOption,string,UnityEngine.Object)
UnityEngine.DebugLogHandler:LogFormat (UnityEngine.LogType,UnityEngine.Object,string,object[]) (at C:/build/output/unity/unity/Runtime/Export/Logging/DebugLogHandler.cs:9)
UnityEngine.Logger:Log (UnityEngine.LogType,object) (at C:/build/output/unity/unity/Runtime/Export/Logging/Logger.cs:60)
UnityEngine.Debug:Log (object) (at C:/build/output/unity/unity/Runtime/Export/Debug/Debug.bindings.cs:123)
Game.View.CaptureRig:ConfigureCaptureView () (at C:/Users/d.grab/Desktop/the-game/artifacts/mobsv2-project/Assets/Game.View/CaptureRig.cs:962)
Game.View.CaptureRig/<Run>d__254:MoveNext () (at C:/Users/d.grab/Desktop/the-game/artifacts/mobsv2-project/Assets/Game.View/CaptureRig.cs:653)
UnityEngine.SetupCoroutine:InvokeMoveNext (System.Collections.IEnumerator,intptr) (at C:/build/output/unity/unity/Runtime/Export/Scripting/Coroutines.cs:17)

(Filename: C:/build/output/unity/unity/Runtime/Export/Debug/Debug.bindings.cs Line: 123)

[capture-grip] root=(-23.82, 1.05, -15.25), tip=(-23.24, 1.25, -14.95), length=0,678, edge=(0.52, -0.33, -0.79), edgeDown=0,332, socketRight=(-0.72, -0.35, -0.60), socketUp=(0.68, -0.18, -0.71), socketForward=(0.14, -0.92, 0.37), renderer=Pelag_FantasySaber_Equipped, enabled=True, active=True, boundsCenter=(-23.70, 1.08, -15.21), boundsSize=(1.13, 0.52, 0.75), shader=Universal Render Pipeline/Lit
UnityEngine.Debug:ExtractStackTraceNoAlloc (byte*,int,string)
UnityEngine.StackTraceUtility:ExtractStackTrace () (at C:/build/output/unity/unity/Runtime/Export/Scripting/StackTrace.cs:35)
UnityEngine.DebugLogHandler:Internal_Log (UnityEngine.LogType,UnityEngine.LogOption,string,UnityEngine.Object)
UnityEngine.DebugLogHandler:LogFormat (UnityEngine.LogType,UnityEngine.Object,string,object[]) (at C:/build/output/unity/unity/Runtime/Export/Logging/DebugLogHandler.cs:9)
UnityEngine.Logger:Log (UnityEngine.LogType,object) (at C:/build/output/unity/unity/Runtime/Export/Logging/Logger.cs:60)
UnityEngine.Debug:Log (object) (at C:/build/output/unity/unity/Runtime/Export/Debug/Debug.bindings.cs:123)
Game.View.CaptureRig:ConfigureCaptureView () (at C:/Users/d.grab/Desktop/the-game/artifacts/mobsv2-project/Assets/Game.View/CaptureRig.cs:962)
Game.View.CaptureRig/<Run>d__254:MoveNext () (at C:/Users/d.grab/Desktop/the-game/artifacts/mobsv2-project/Assets/Game.View/CaptureRig.cs:653)
UnityEngine.SetupCoroutine:InvokeMoveNext (System.Collections.IEnumerator,intptr) (at C:/build/output/unity/unity/Runtime/Export/Scripting/Coroutines.cs:17)

(Filename: C:/build/output/unity/unity/Runtime/Export/Debug/Debug.bindings.cs Line: 123)

[capture-grip] root=(-23.82, 1.04, -15.25), tip=(-23.24, 1.24, -14.95), length=0,678, edge=(0.51, -0.34, -0.79), edgeDown=0,337, socketRight=(-0.72, -0.34, -0.60), socketUp=(0.68, -0.19, -0.71), socketForward=(0.13, -0.92, 0.37), renderer=Pelag_FantasySaber_Equipped, enabled=True, active=True, boundsCenter=(-23.71, 1.07, -15.22), boundsSize=(1.13, 0.52, 0.75), shader=Universal Render Pipeline/Lit
UnityEngine.Debug:ExtractStackTraceNoAlloc (byte*,int,string)
UnityEngine.StackTraceUtility:ExtractStackTrace () (at C:/build/output/unity/unity/Runtime/Export/Scripting/StackTrace.cs:35)
UnityEngine.DebugLogHandler:Internal_Log (UnityEngine.LogType,UnityEngine.LogOption,string,UnityEngine.Object)
UnityEngine.DebugLogHandler:LogFormat (UnityEngine.LogType,UnityEngine.Object,string,object[]) (at C:/build/output/unity/unity/Runtime/Export/Logging/DebugLogHandler.cs:9)
UnityEngine.Logger:Log (UnityEngine.LogType,object) (at C:/build/output/unity/unity/Runtime/Export/Logging/Logger.cs:60)
UnityEngine.Debug:Log (object) (at C:/build/output/unity/unity/Runtime/Export/Debug/Debug.bindings.cs:123)
Game.View.CaptureRig:ConfigureCaptureView () (at C:/Users/d.grab/Desktop/the-game/artifacts/mobsv2-project/Assets/Game.View/CaptureRig.cs:962)
Game.View.CaptureRig/<Run>d__254:MoveNext () (at C:/Users/d.grab/Desktop/the-game/artifacts/mobsv2-project/Assets/Game.View/CaptureRig.cs:653)
UnityEngine.SetupCoroutine:InvokeMoveNext (System.Collections.IEnumerator,intptr) (at C:/build/output/unity/unity/Runtime/Export/Scripting/Coroutines.cs:17)

(Filename: C:/build/output/unity/unity/Runtime/Export/Debug/Debug.bindings.cs Line: 123)

[capture-grip] root=(-23.82, 1.03, -15.25), tip=(-23.24, 1.22, -14.96), length=0,678, edge=(0.50, -0.34, -0.79), edgeDown=0,344, socketRight=(-0.73, -0.34, -0.59), socketUp=(0.67, -0.20, -0.71), socketForward=(0.12, -0.92, 0.37), renderer=Pelag_FantasySaber_Equipped, enabled=True, active=True, boundsCenter=(-23.71, 1.06, -15.22), boundsSize=(1.13, 0.51, 0.74), shader=Universal Render Pipeline/Lit
UnityEngine.Debug:ExtractStackTraceNoAlloc (byte*,int,string)
UnityEngine.StackTraceUtility:ExtractStackTrace () (at C:/build/output/unity/unity/Runtime/Export/Scripting/StackTrace.cs:35)
UnityEngine.DebugLogHandler:Internal_Log (UnityEngine.LogType,UnityEngine.LogOption,string,UnityEngine.Object)
UnityEngine.DebugLogHandler:LogFormat (UnityEngine.LogType,UnityEngine.Object,string,object[]) (at C:/build/output/unity/unity/Runtime/Export/Logging/DebugLogHandler.cs:9)
UnityEngine.Logger:Log (UnityEngine.LogType,object) (at C:/build/output/unity/unity/Runtime/Export/Logging/Logger.cs:60)
UnityEngine.Debug:Log (object) (at C:/build/output/unity/unity/Runtime/Export/Debug/Debug.bindings.cs:123)
Game.View.CaptureRig:ConfigureCaptureView () (at C:/Users/d.grab/Desktop/the-game/artifacts/mobsv2-project/Assets/Game.View/CaptureRig.cs:962)
Game.View.CaptureRig/<Run>d__254:MoveNext () (at C:/Users/d.grab/Desktop/the-game/artifacts/mobsv2-project/Assets/Game.View/CaptureRig.cs:653)
UnityEngine.SetupCoroutine:InvokeMoveNext (System.Collections.IEnumerator,intptr) (at C:/build/output/unity/unity/Runtime/Export/Scripting/Coroutines.cs:17)

(Filename: C:/build/output/unity/unity/Runtime/Export/Debug/Debug.bindings.cs Line: 123)

[capture-grip] root=(-23.82, 1.03, -15.25), tip=(-23.24, 1.21, -14.96), length=0,678, edge=(0.50, -0.35, -0.79), edgeDown=0,351, socketRight=(-0.74, -0.33, -0.59), socketUp=(0.67, -0.21, -0.72), socketForward=(0.12, -0.92, 0.37), renderer=Pelag_FantasySaber_Equipped, enabled=True, active=True, boundsCenter=(-23.71, 1.05, -15.22), boundsSize=(1.14, 0.50, 0.74), shader=Universal Render Pipeline/Lit
UnityEngine.Debug:ExtractStackTraceNoAlloc (byte*,int,string)
UnityEngine.StackTraceUtility:ExtractStackTrace () (at C:/build/output/unity/unity/Runtime/Export/Scripting/StackTrace.cs:35)
UnityEngine.DebugLogHandler:Internal_Log (UnityEngine.LogType,UnityEngine.LogOption,string,UnityEngine.Object)
UnityEngine.DebugLogHandler:LogFormat (UnityEngine.LogType,UnityEngine.Object,string,object[]) (at C:/build/output/unity/unity/Runtime/Export/Logging/DebugLogHandler.cs:9)
UnityEngine.Logger:Log (UnityEngine.LogType,object) (at C:/build/output/unity/unity/Runtime/Export/Logging/Logger.cs:60)
UnityEngine.Debug:Log (object) (at C:/build/output/unity/unity/Runtime/Export/Debug/Debug.bindings.cs:123)
Game.View.CaptureRig:ConfigureCaptureView () (at C:/Users/d.grab/Desktop/the-game/artifacts/mobsv2-project/Assets/Game.View/CaptureRig.cs:962)
Game.View.CaptureRig/<Run>d__254:MoveNext () (at C:/Users/d.grab/Desktop/the-game/artifacts/mobsv2-project/Assets/Game.View/CaptureRig.cs:653)
UnityEngine.SetupCoroutine:InvokeMoveNext (System.Collections.IEnumerator,intptr) (at C:/build/output/unity/unity/Runtime/Export/Scripting/Coroutines.cs:17)

(Filename: C:/build/output/unity/unity/Runtime/Export/Debug/Debug.bindings.cs Line: 123)

[capture-grip] root=(-23.83, 1.02, -15.25), tip=(-23.24, 1.20, -14.97), length=0,678, edge=(0.49, -0.36, -0.80), edgeDown=0,357, socketRight=(-0.74, -0.33, -0.58), socketUp=(0.66, -0.21, -0.72), socketForward=(0.11, -0.92, 0.38), renderer=Pelag_FantasySaber_Equipped, enabled=True, active=True, boundsCenter=(-23.71, 1.04, -15.22), boundsSize=(1.14, 0.50, 0.73), shader=Universal Render Pipeline/Lit
UnityEngine.Debug:ExtractStackTraceNoAlloc (byte*,int,string)
UnityEngine.StackTraceUtility:ExtractStackTrace () (at C:/build/output/unity/unity/Runtime/Export/Scripting/StackTrace.cs:35)
UnityEngine.DebugLogHandler:Internal_Log (UnityEngine.LogType,UnityEngine.LogOption,string,UnityEngine.Object)
UnityEngine.DebugLogHandler:LogFormat (UnityEngine.LogType,UnityEngine.Object,string,object[]) (at C:/build/output/unity/unity/Runtime/Export/Logging/DebugLogHandler.cs:9)
UnityEngine.Logger:Log (UnityEngine.LogType,object) (at C:/build/output/unity/unity/Runtime/Export/Logging/Logger.cs:60)
UnityEngine.Debug:Log (object) (at C:/build/output/unity/unity/Runtime/Export/Debug/Debug.bindings.cs:123)
Game.View.CaptureRig:ConfigureCaptureView () (at C:/Users/d.grab/Desktop/the-game/artifacts/mobsv2-project/Assets/Game.View/CaptureRig.cs:962)
Game.View.CaptureRig/<Run>d__254:MoveNext () (at C:/Users/d.grab/Desktop/the-game/artifacts/mobsv2-project/Assets/Game.View/CaptureRig.cs:653)
UnityEngine.SetupCoroutine:InvokeMoveNext (System.Collections.IEnumerator,intptr) (at C:/build/output/unity/unity/Runtime/Export/Scripting/Coroutines.cs:17)

(Filename: C:/build/output/unity/unity/Runtime/Export/Debug/Debug.bindings.cs Line: 123)

[capture-grip] root=(-23.83, 1.01, -15.25), tip=(-23.23, 1.19, -14.98), length=0,678, edge=(0.48, -0.36, -0.80), edgeDown=0,363, socketRight=(-0.75, -0.33, -0.58), socketUp=(0.65, -0.22, -0.72), socketForward=(0.11, -0.92, 0.38), renderer=Pelag_FantasySaber_Equipped, enabled=True, active=True, boundsCenter=(-23.71, 1.03, -15.22), boundsSize=(1.14, 0.50, 0.72), shader=Universal Render Pipeline/Lit
UnityEngine.Debug:ExtractStackTraceNoAlloc (byte*,int,string)
UnityEngine.StackTraceUtility:ExtractStackTrace () (at C:/build/output/unity/unity/Runtime/Export/Scripting/StackTrace.cs:35)
UnityEngine.DebugLogHandler:Internal_Log (UnityEngine.LogType,UnityEngine.LogOption,string,UnityEngine.Object)
UnityEngine.DebugLogHandler:LogFormat (UnityEngine.LogType,UnityEngine.Object,string,object[]) (at C:/build/output/unity/unity/Runtime/Export/Logging/DebugLogHandler.cs:9)
UnityEngine.Logger:Log (UnityEngine.LogType,object) (at C:/build/output/unity/unity/Runtime/Export/Logging/Logger.cs:60)
UnityEngine.Debug:Log (object) (at C:/build/output/unity/unity/Runtime/Export/Debug/Debug.bindings.cs:123)
Game.View.CaptureRig:ConfigureCaptureView () (at C:/Users/d.grab/Desktop/the-game/artifacts/mobsv2-project/Assets/Game.View/CaptureRig.cs:962)
Game.View.CaptureRig/<Run>d__254:MoveNext () (at C:/Users/d.grab/Desktop/the-game/artifacts/mobsv2-project/Assets/Game.View/CaptureRig.cs:653)
UnityEngine.SetupCoroutine:InvokeMoveNext (System.Collections.IEnumerator,intptr) (at C:/build/output/unity/unity/Runtime/Export/Scripting/Coroutines.cs:17)

(Filename: C:/build/output/unity/unity/Runtime/Export/Debug/Debug.bindings.cs Line: 123)

[capture-grip] root=(-23.83, 1.01, -15.25), tip=(-23.23, 1.19, -14.98), length=0,678, edge=(0.48, -0.37, -0.80), edgeDown=0,368, socketRight=(-0.75, -0.33, -0.57), socketUp=(0.65, -0.23, -0.73), socketForward=(0.11, -0.92, 0.38), renderer=Pelag_FantasySaber_Equipped, enabled=True, active=True, boundsCenter=(-23.71, 1.03, -15.22), boundsSize=(1.14, 0.50, 0.72), shader=Universal Render Pipeline/Lit
UnityEngine.Debug:ExtractStackTraceNoAlloc (byte*,int,string)
UnityEngine.StackTraceUtility:ExtractStackTrace () (at C:/build/output/unity/unity/Runtime/Export/Scripting/StackTrace.cs:35)
UnityEngine.DebugLogHandler:Internal_Log (UnityEngine.LogType,UnityEngine.LogOption,string,UnityEngine.Object)
UnityEngine.DebugLogHandler:LogFormat (UnityEngine.LogType,UnityEngine.Object,string,object[]) (at C:/build/output/unity/unity/Runtime/Export/Logging/DebugLogHandler.cs:9)
UnityEngine.Logger:Log (UnityEngine.LogType,object) (at C:/build/output/unity/unity/Runtime/Export/Logging/Logger.cs:60)
UnityEngine.Debug:Log (object) (at C:/build/output/unity/unity/Runtime/Export/Debug/Debug.bindings.cs:123)
Game.View.CaptureRig:ConfigureCaptureView () (at C:/Users/d.grab/Desktop/the-game/artifacts/mobsv2-project/Assets/Game.View/CaptureRig.cs:962)
Game.View.CaptureRig/<Run>d__254:MoveNext () (at C:/Users/d.grab/Desktop/the-game/artifacts/mobsv2-project/Assets/Game.View/CaptureRig.cs:653)
UnityEngine.SetupCoroutine:InvokeMoveNext (System.Collections.IEnumerator,intptr) (at C:/build/output/unity/unity/Runtime/Export/Scripting/Coroutines.cs:17)

(Filename: C:/build/output/unity/unity/Runtime/Export/Debug/Debug.bindings.cs Line: 123)

[capture-grip] root=(-23.83, 1.01, -15.25), tip=(-23.23, 1.19, -14.98), length=0,678, edge=(0.47, -0.37, -0.80), edgeDown=0,373, socketRight=(-0.76, -0.33, -0.57), socketUp=(0.65, -0.23, -0.73), socketForward=(0.11, -0.92, 0.39), renderer=Pelag_FantasySaber_Equipped, enabled=True, active=True, boundsCenter=(-23.71, 1.03, -15.23), boundsSize=(1.15, 0.50, 0.71), shader=Universal Render Pipeline/Lit
UnityEngine.Debug:ExtractStackTraceNoAlloc (byte*,int,string)
UnityEngine.StackTraceUtility:ExtractStackTrace () (at C:/build/output/unity/unity/Runtime/Export/Scripting/StackTrace.cs:35)
UnityEngine.DebugLogHandler:Internal_Log (UnityEngine.LogType,UnityEngine.LogOption,string,UnityEngine.Object)
UnityEngine.DebugLogHandler:LogFormat (UnityEngine.LogType,UnityEngine.Object,string,object[]) (at C:/build/output/unity/unity/Runtime/Export/Logging/DebugLogHandler.cs:9)
UnityEngine.Logger:Log (UnityEngine.LogType,object) (at C:/build/output/unity/unity/Runtime/Export/Logging/Logger.cs:60)
UnityEngine.Debug:Log (object) (at C:/build/output/unity/unity/Runtime/Export/Debug/Debug.bindings.cs:123)
Game.View.CaptureRig:ConfigureCaptureView () (at C:/Users/d.grab/Desktop/the-game/artifacts/mobsv2-project/Assets/Game.View/CaptureRig.cs:962)
Game.View.CaptureRig/<Run>d__254:MoveNext () (at C:/Users/d.grab/Desktop/the-game/artifacts/mobsv2-project/Assets/Game.View/CaptureRig.cs:653)
UnityEngine.SetupCoroutine:InvokeMoveNext (System.Collections.IEnumerator,intptr) (at C:/build/output/unity/unity/Runtime/Export/Scripting/Coroutines.cs:17)

(Filename: C:/build/output/unity/unity/Runtime/Export/Debug/Debug.bindings.cs Line: 123)

[capture-live-cast] ability=308043525 tick=78 stage=1
UnityEngine.Debug:ExtractStackTraceNoAlloc (byte*,int,string)
UnityEngine.StackTraceUtility:ExtractStackTrace () (at C:/build/output/unity/unity/Runtime/Export/Scripting/StackTrace.cs:35)
UnityEngine.DebugLogHandler:Internal_Log (UnityEngine.LogType,UnityEngine.LogOption,string,UnityEngine.Object)
UnityEngine.DebugLogHandler:LogFormat (UnityEngine.LogType,UnityEngine.Object,string,object[]) (at C:/build/output/unity/unity/Runtime/Export/Logging/DebugLogHandler.cs:9)
UnityEngine.Logger:Log (UnityEngine.LogType,object) (at C:/build/output/unity/unity/Runtime/Export/Logging/Logger.cs:60)
UnityEngine.Debug:Log (object) (at C:/build/output/unity/unity/Runtime/Export/Debug/Debug.bindings.cs:123)
Game.View.TickDriver:CaptureInput () (at C:/Users/d.grab/Desktop/the-game/artifacts/mobsv2-project/Assets/Game.View/TickDriver.cs:916)
Game.View.TickDriver:Update () (at C:/Users/d.grab/Desktop/the-game/artifacts/mobsv2-project/Assets/Game.View/TickDriver.cs:357)

(Filename: C:/build/output/unity/unity/Runtime/Export/Debug/Debug.bindings.cs Line: 123)

[capture-grip] root=(-23.83, 1.01, -15.25), tip=(-23.23, 1.19, -14.99), length=0,678, edge=(0.47, -0.38, -0.80), edgeDown=0,377, socketRight=(-0.76, -0.33, -0.56), socketUp=(0.64, -0.23, -0.73), socketForward=(0.11, -0.91, 0.39), renderer=Pelag_FantasySaber_Equipped, enabled=True, active=True, boundsCenter=(-23.71, 1.03, -15.23), boundsSize=(1.15, 0.50, 0.70), shader=Universal Render Pipeline/Lit
UnityEngine.Debug:ExtractStackTraceNoAlloc (byte*,int,string)
UnityEngine.StackTraceUtility:ExtractStackTrace () (at C:/build/output/unity/unity/Runtime/Export/Scripting/StackTrace.cs:35)
UnityEngine.DebugLogHandler:Internal_Log (UnityEngine.LogType,UnityEngine.LogOption,string,UnityEngine.Object)
UnityEngine.DebugLogHandler:LogFormat (UnityEngine.LogType,UnityEngine.Object,string,object[]) (at C:/build/output/unity/unity/Runtime/Export/Logging/DebugLogHandler.cs:9)
UnityEngine.Logger:Log (UnityEngine.LogType,object) (at C:/build/output/unity/unity/Runtime/Export/Logging/Logger.cs:60)
UnityEngine.Debug:Log (object) (at C:/build/output/unity/unity/Runtime/Export/Debug/Debug.bindings.cs:123)
Game.View.CaptureRig:ConfigureCaptureView () (at C:/Users/d.grab/Desktop/the-game/artifacts/mobsv2-project/Assets/Game.View/CaptureRig.cs:962)
Game.View.CaptureRig/<Run>d__254:MoveNext () (at C:/Users/d.grab/Desktop/the-game/artifacts/mobsv2-project/Assets/Game.View/CaptureRig.cs:653)
UnityEngine.SetupCoroutine:InvokeMoveNext (System.Collections.IEnumerator,intptr) (at C:/build/output/unity/unity/Runtime/Export/Scripting/Coroutines.cs:17)

(Filename: C:/build/output/unity/unity/Runtime/Export/Debug/Debug.bindings.cs Line: 123)

[capture-grip] root=(-23.82, 1.00, -15.25), tip=(-23.22, 1.18, -14.98), length=0,678, edge=(0.47, -0.40, -0.79), edgeDown=0,396, socketRight=(-0.76, -0.34, -0.56), socketUp=(0.64, -0.25, -0.72), socketForward=(0.10, -0.91, 0.41), renderer=Pelag_FantasySaber_Equipped, enabled=True, active=True, boundsCenter=(-23.71, 1.02, -15.22), boundsSize=(1.15, 0.51, 0.70), shader=Universal Render Pipeline/Lit
UnityEngine.Debug:ExtractStackTraceNoAlloc (byte*,int,string)
UnityEngine.StackTraceUtility:ExtractStackTrace () (at C:/build/output/unity/unity/Runtime/Export/Scripting/StackTrace.cs:35)
UnityEngine.DebugLogHandler:Internal_Log (UnityEngine.LogType,UnityEngine.LogOption,string,UnityEngine.Object)
UnityEngine.DebugLogHandler:LogFormat (UnityEngine.LogType,UnityEngine.Object,string,object[]) (at C:/build/output/unity/unity/Runtime/Export/Logging/DebugLogHandler.cs:9)
UnityEngine.Logger:Log (UnityEngine.LogType,object) (at C:/build/output/unity/unity/Runtime/Export/Logging/Logger.cs:60)
UnityEngine.Debug:Log (object) (at C:/build/output/unity/unity/Runtime/Export/Debug/Debug.bindings.cs:123)
Game.View.CaptureRig:ConfigureCaptureView () (at C:/Users/d.grab/Desktop/the-game/artifacts/mobsv2-project/Assets/Game.View/CaptureRig.cs:962)
Game.View.CaptureRig/<Run>d__254:MoveNext () (at C:/Users/d.grab/Desktop/the-game/artifacts/mobsv2-project/Assets/Game.View/CaptureRig.cs:653)
UnityEngine.SetupCoroutine:InvokeMoveNext (System.Collections.IEnumerator,intptr) (at C:/build/output/unity/unity/Runtime/Export/Scripting/Coroutines.cs:17)

(Filename: C:/build/output/unity/unity/Runtime/Export/Debug/Debug.bindings.cs Line: 123)

[capture-grip] root=(-23.74, 0.68, -15.37), tip=(-23.08, 0.58, -15.52), length=0,678, edge=(-0.15, -0.99, -0.03), edgeDown=0,988, socketRight=(-0.98, -0.07, 0.19), socketUp=(0.04, -0.99, -0.15), socketForward=(0.20, -0.14, 0.97), renderer=Pelag_FantasySaber_Equipped, enabled=True, active=True, boundsCenter=(-23.63, 0.64, -15.39), boundsSize=(1.18, 0.42, 0.36), shader=Universal Render Pipeline/Lit
UnityEngine.Debug:ExtractStackTraceNoAlloc (byte*,int,string)
UnityEngine.StackTraceUtility:ExtractStackTrace () (at C:/build/output/unity/unity/Runtime/Export/Scripting/StackTrace.cs:35)
UnityEngine.DebugLogHandler:Internal_Log (UnityEngine.LogType,UnityEngine.LogOption,string,UnityEngine.Object)
UnityEngine.DebugLogHandler:LogFormat (UnityEngine.LogType,UnityEngine.Object,string,object[]) (at C:/build/output/unity/unity/Runtime/Export/Logging/DebugLogHandler.cs:9)
UnityEngine.Logger:Log (UnityEngine.LogType,object) (at C:/build/output/unity/unity/Runtime/Export/Logging/Logger.cs:60)
UnityEngine.Debug:Log (object) (at C:/build/output/unity/unity/Runtime/Export/Debug/Debug.bindings.cs:123)
Game.View.CaptureRig:ConfigureCaptureView () (at C:/Users/d.grab/Desktop/the-game/artifacts/mobsv2-project/Assets/Game.View/CaptureRig.cs:962)
Game.View.CaptureRig/<Run>d__254:MoveNext () (at C:/Users/d.grab/Desktop/the-game/artifacts/mobsv2-project/Assets/Game.View/CaptureRig.cs:653)
UnityEngine.SetupCoroutine:InvokeMoveNext (System.Collections.IEnumerator,intptr) (at C:/build/output/unity/unity/Runtime/Export/Scripting/Coroutines.cs:17)

(Filename: C:/build/output/unity/unity/Runtime/Export/Debug/Debug.bindings.cs Line: 123)

[capture-grip] root=(-23.74, 0.71, -15.43), tip=(-23.09, 0.70, -15.63), length=0,678, edge=(-0.06, -0.99, -0.12), edgeDown=0,992, socketRight=(-0.95, -0.20, 0.26), socketUp=(0.13, -0.96, -0.26), socketForward=(0.30, -0.21, 0.93), renderer=Pelag_FantasySaber_Equipped, enabled=True, active=True, boundsCenter=(-23.63, 0.68, -15.46), boundsSize=(1.15, 0.29, 0.48), shader=Universal Render Pipeline/Lit
UnityEngine.Debug:ExtractStackTraceNoAlloc (byte*,int,string)
UnityEngine.StackTraceUtility:ExtractStackTrace () (at C:/build/output/unity/unity/Runtime/Export/Scripting/StackTrace.cs:35)
UnityEngine.DebugLogHandler:Internal_Log (UnityEngine.LogType,UnityEngine.LogOption,string,UnityEngine.Object)
UnityEngine.DebugLogHandler:LogFormat (UnityEngine.LogType,UnityEngine.Object,string,object[]) (at C:/build/output/unity/unity/Runtime/Export/Logging/DebugLogHandler.cs:9)
UnityEngine.Logger:Log (UnityEngine.LogType,object) (at C:/build/output/unity/unity/Runtime/Export/Logging/Logger.cs:60)
UnityEngine.Debug:Log (object) (at C:/build/output/unity/unity/Runtime/Export/Debug/Debug.bindings.cs:123)
Game.View.CaptureRig:ConfigureCaptureView () (at C:/Users/d.grab/Desktop/the-game/artifacts/mobsv2-project/Assets/Game.View/CaptureRig.cs:962)
Game.View.CaptureRig/<Run>d__254:MoveNext () (at C:/Users/d.grab/Desktop/the-game/artifacts/mobsv2-project/Assets/Game.View/CaptureRig.cs:653)
UnityEngine.SetupCoroutine:InvokeMoveNext (System.Collections.IEnumerator,intptr) (at C:/build/output/unity/unity/Runtime/Export/Scripting/Coroutines.cs:17)

(Filename: C:/build/output/unity/unity/Runtime/Export/Debug/Debug.bindings.cs Line: 123)

[capture-grip] root=(-23.73, 0.75, -15.48), tip=(-23.10, 0.88, -15.70), length=0,678, edge=(0.10, -0.96, -0.25), edgeDown=0,963, socketRight=(-0.89, -0.38, 0.25), socketUp=(0.27, -0.88, -0.39), socketForward=(0.37, -0.28, 0.89), renderer=Pelag_FantasySaber_Equipped, enabled=True, active=True, boundsCenter=(-23.62, 0.75, -15.52), boundsSize=(1.14, 0.47, 0.54), shader=Universal Render Pipeline/Lit
UnityEngine.Debug:ExtractStackTraceNoAlloc (byte*,int,string)
UnityEngine.StackTraceUtility:ExtractStackTrace () (at C:/build/output/unity/unity/Runtime/Export/Scripting/StackTrace.cs:35)
UnityEngine.DebugLogHandler:Internal_Log (UnityEngine.LogType,UnityEngine.LogOption,string,UnityEngine.Object)
UnityEngine.DebugLogHandler:LogFormat (UnityEngine.LogType,UnityEngine.Object,string,object[]) (at C:/build/output/unity/unity/Runtime/Export/Logging/DebugLogHandler.cs:9)
UnityEngine.Logger:Log (UnityEngine.LogType,object) (at C:/build/output/unity/unity/Runtime/Export/Logging/Logger.cs:60)
UnityEngine.Debug:Log (object) (at C:/build/output/unity/unity/Runtime/Export/Debug/Debug.bindings.cs:123)
Game.View.CaptureRig:ConfigureCaptureView () (at C:/Users/d.grab/Desktop/the-game/artifacts/mobsv2-project/Assets/Game.View/CaptureRig.cs:962)
Game.View.CaptureRig/<Run>d__254:MoveNext () (at C:/Users/d.grab/Desktop/the-game/artifacts/mobsv2-project/Assets/Game.View/CaptureRig.cs:653)
UnityEngine.SetupCoroutine:InvokeMoveNext (System.Collections.IEnumerator,intptr) (at C:/build/output/unity/unity/Runtime/Export/Scripting/Coroutines.cs:17)

(Filename: C:/build/output/unity/unity/Runtime/Export/Debug/Debug.bindings.cs Line: 123)

[capture-grip] root=(-23.73, 0.79, -15.53), tip=(-23.14, 1.06, -15.70), length=0,678, edge=(0.25, -0.84, -0.48), edgeDown=0,844, socketRight=(-0.81, -0.57, 0.13), socketUp=(0.40, -0.70, -0.59), socketForward=(0.42, -0.43, 0.80), renderer=Pelag_FantasySaber_Equipped, enabled=True, active=True, boundsCenter=(-23.63, 0.82, -15.57), boundsSize=(1.13, 0.71, 0.50), shader=Universal Render Pipeline/Lit
UnityEngine.Debug:ExtractStackTraceNoAlloc (byte*,int,string)
UnityEngine.StackTraceUtility:ExtractStackTrace () (at C:/build/output/unity/unity/Runtime/Export/Scripting/StackTrace.cs:35)
UnityEngine.DebugLogHandler:Internal_Log (UnityEngine.LogType,UnityEngine.LogOption,string,UnityEngine.Object)
UnityEngine.DebugLogHandler:LogFormat (UnityEngine.LogType,UnityEngine.Object,string,object[]) (at C:/build/output/unity/unity/Runtime/Export/Logging/DebugLogHandler.cs:9)
UnityEngine.Logger:Log (UnityEngine.LogType,object) (at C:/build/output/unity/unity/Runtime/Export/Logging/Logger.cs:60)
UnityEngine.Debug:Log (object) (at C:/build/output/unity/unity/Runtime/Export/Debug/Debug.bindings.cs:123)
Game.View.CaptureRig:ConfigureCaptureView () (at C:/Users/d.grab/Desktop/the-game/artifacts/mobsv2-project/Assets/Game.View/CaptureRig.cs:962)
Game.View.CaptureRig/<Run>d__254:MoveNext () (at C:/Users/d.grab/Desktop/the-game/artifacts/mobsv2-project/Assets/Game.View/CaptureRig.cs:653)
UnityEngine.SetupCoroutine:InvokeMoveNext (System.Collections.IEnumerator,intptr) (at C:/build/output/unity/unity/Runtime/Export/Scripting/Coroutines.cs:17)

(Filename: C:/build/output/unity/unity/Runtime/Export/Debug/Debug.bindings.cs Line: 123)

[capture-grip] root=(-23.75, 0.80, -15.58), tip=(-23.18, 1.16, -15.66), length=0,678, edge=(0.29, -0.63, -0.72), edgeDown=0,635, socketRight=(-0.76, -0.64, -0.04), socketUp=(0.43, -0.45, -0.78), socketForward=(0.48, -0.61, 0.62), renderer=Pelag_FantasySaber_Equipped, enabled=True, active=True, boundsCenter=(-23.65, 0.84, -15.61), boundsSize=(1.10, 0.83, 0.40), shader=Universal Render Pipeline/Lit
UnityEngine.Debug:ExtractStackTraceNoAlloc (byte*,int,string)
UnityEngine.StackTraceUtility:ExtractStackTrace () (at C:/build/output/unity/unity/Runtime/Export/Scripting/StackTrace.cs:35)
UnityEngine.DebugLogHandler:Internal_Log (UnityEngine.LogType,UnityEngine.LogOption,string,UnityEngine.Object)
UnityEngine.DebugLogHandler:LogFormat (UnityEngine.LogType,UnityEngine.Object,string,object[]) (at C:/build/output/unity/unity/Runtime/Export/Logging/DebugLogHandler.cs:9)
UnityEngine.Logger:Log (UnityEngine.LogType,object) (at C:/build/output/unity/unity/Runtime/Export/Logging/Logger.cs:60)
UnityEngine.Debug:Log (object) (at C:/build/output/unity/unity/Runtime/Export/Debug/Debug.bindings.cs:123)
Game.View.CaptureRig:ConfigureCaptureView () (at C:/Users/d.grab/Desktop/the-game/artifacts/mobsv2-project/Assets/Game.View/CaptureRig.cs:962)
Game.View.CaptureRig/<Run>d__254:MoveNext () (at C:/Users/d.grab/Desktop/the-game/artifacts/mobsv2-project/Assets/Game.View/CaptureRig.cs:653)
UnityEngine.SetupCoroutine:InvokeMoveNext (System.Collections.IEnumerator,intptr) (at C:/build/output/unity/unity/Runtime/Export/Scripting/Coroutines.cs:17)

(Filename: C:/build/output/unity/unity/Runtime/Export/Debug/Debug.bindings.cs Line: 123)

[capture-grip] root=(-23.75, 0.77, -15.59), tip=(-23.16, 1.09, -15.68), length=0,678, edge=(0.20, -0.59, -0.78), edgeDown=0,589, socketRight=(-0.81, -0.58, -0.05), socketUp=(0.35, -0.41, -0.84), socketForward=(0.47, -0.70, 0.54), renderer=Pelag_FantasySaber_Equipped, enabled=True, active=True, boundsCenter=(-23.64, 0.81, -15.63), boundsSize=(1.11, 0.77, 0.42), shader=Universal Render Pipeline/Lit
UnityEngine.Debug:ExtractStackTraceNoAlloc (byte*,int,string)
UnityEngine.StackTraceUtility:ExtractStackTrace () (at C:/build/output/unity/unity/Runtime/Export/Scripting/StackTrace.cs:35)
UnityEngine.DebugLogHandler:Internal_Log (UnityEngine.LogType,UnityEngine.LogOption,string,UnityEngine.Object)
UnityEngine.DebugLogHandler:LogFormat (UnityEngine.LogType,UnityEngine.Object,string,object[]) (at C:/build/output/unity/unity/Runtime/Export/Logging/DebugLogHandler.cs:9)
UnityEngine.Logger:Log (UnityEngine.LogType,object) (at C:/build/output/unity/unity/Runtime/Export/Logging/Logger.cs:60)
UnityEngine.Debug:Log (object) (at C:/build/output/unity/unity/Runtime/Export/Debug/Debug.bindings.cs:123)
Game.View.CaptureRig:ConfigureCaptureView () (at C:/Users/d.grab/Desktop/the-game/artifacts/mobsv2-project/Assets/Game.View/CaptureRig.cs:962)
Game.View.CaptureRig/<Run>d__254:MoveNext () (at C:/Users/d.grab/Desktop/the-game/artifacts/mobsv2-project/Assets/Game.View/CaptureRig.cs:653)
UnityEngine.SetupCoroutine:InvokeMoveNext (System.Collections.IEnumerator,intptr) (at C:/build/output/unity/unity/Runtime/Export/Scripting/Coroutines.cs:17)

(Filename: C:/build/output/unity/unity/Runtime/Export/Debug/Debug.bindings.cs Line: 123)

[capture-grip] root=(-23.75, 0.73, -15.62), tip=(-23.14, 1.01, -15.71), length=0,678, edge=(0.10, -0.52, -0.85), edgeDown=0,517, socketRight=(-0.87, -0.50, -0.06), socketUp=(0.26, -0.35, -0.90), socketForward=(0.42, -0.79, 0.44), renderer=Pelag_FantasySaber_Equipped, enabled=True, active=True, boundsCenter=(-23.65, 0.77, -15.65), boundsSize=(1.12, 0.68, 0.43), shader=Universal Render Pipeline/Lit
UnityEngine.Debug:ExtractStackTraceNoAlloc (byte*,int,string)
UnityEngine.StackTraceUtility:ExtractStackTrace () (at C:/build/output/unity/unity/Runtime/Export/Scripting/StackTrace.cs:35)
UnityEngine.DebugLogHandler:Internal_Log (UnityEngine.LogType,UnityEngine.LogOption,string,UnityEngine.Object)
UnityEngine.DebugLogHandler:LogFormat (UnityEngine.LogType,UnityEngine.Object,string,object[]) (at C:/build/output/unity/unity/Runtime/Export/Logging/DebugLogHandler.cs:9)
UnityEngine.Logger:Log (UnityEngine.LogType,object) (at C:/build/output/unity/unity/Runtime/Export/Logging/Logger.cs:60)
UnityEngine.Debug:Log (object) (at C:/build/output/unity/unity/Runtime/Export/Debug/Debug.bindings.cs:123)
Game.View.CaptureRig:ConfigureCaptureView () (at C:/Users/d.grab/Desktop/the-game/artifacts/mobsv2-project/Assets/Game.View/CaptureRig.cs:962)
Game.View.CaptureRig/<Run>d__254:MoveNext () (at C:/Users/d.grab/Desktop/the-game/artifacts/mobsv2-project/Assets/Game.View/CaptureRig.cs:653)
UnityEngine.SetupCoroutine:InvokeMoveNext (System.Collections.IEnumerator,intptr) (at C:/build/output/unity/unity/Runtime/Export/Scripting/Coroutines.cs:17)

(Filename: C:/build/output/unity/unity/Runtime/Export/Debug/Debug.bindings.cs Line: 123)

[capture-grip] root=(-23.77, 0.72, -15.65), tip=(-23.14, 0.95, -15.75), length=0,678, edge=(0.02, -0.44, -0.90), edgeDown=0,440, socketRight=(-0.91, -0.42, -0.06), socketUp=(0.19, -0.28, -0.94), socketForward=(0.38, -0.86, 0.34), renderer=Pelag_FantasySaber_Equipped, enabled=True, active=True, boundsCenter=(-23.66, 0.75, -15.69), boundsSize=(1.12, 0.60, 0.44), shader=Universal Render Pipeline/Lit
UnityEngine.Debug:ExtractStackTraceNoAlloc (byte*,int,string)
UnityEngine.StackTraceUtility:ExtractStackTrace () (at C:/build/output/unity/unity/Runtime/Export/Scripting/StackTrace.cs:35)
UnityEngine.DebugLogHandler:Internal_Log (UnityEngine.LogType,UnityEngine.LogOption,string,UnityEngine.Object)
UnityEngine.DebugLogHandler:LogFormat (UnityEngine.LogType,UnityEngine.Object,string,object[]) (at C:/build/output/unity/unity/Runtime/Export/Logging/DebugLogHandler.cs:9)
UnityEngine.Logger:Log (UnityEngine.LogType,object) (at C:/build/output/unity/unity/Runtime/Export/Logging/Logger.cs:60)
UnityEngine.Debug:Log (object) (at C:/build/output/unity/unity/Runtime/Export/Debug/Debug.bindings.cs:123)
Game.View.CaptureRig:ConfigureCaptureView () (at C:/Users/d.grab/Desktop/the-game/artifacts/mobsv2-project/Assets/Game.View/CaptureRig.cs:962)
Game.View.CaptureRig/<Run>d__254:MoveNext () (at C:/Users/d.grab/Desktop/the-game/artifacts/mobsv2-project/Assets/Game.View/CaptureRig.cs:653)
UnityEngine.SetupCoroutine:InvokeMoveNext (System.Collections.IEnumerator,intptr) (at C:/build/output/unity/unity/Runtime/Export/Scripting/Coroutines.cs:17)

(Filename: C:/build/output/unity/unity/Runtime/Export/Debug/Debug.bindings.cs Line: 123)

[capture-grip] root=(-23.82, 0.75, -15.69), tip=(-23.19, 0.94, -15.83), length=0,678, edge=(-0.09, -0.35, -0.93), edgeDown=0,352, socketRight=(-0.94, -0.34, -0.01), socketUp=(0.09, -0.21, -0.97), socketForward=(0.33, -0.92, 0.22), renderer=Pelag_FantasySaber_Equipped, enabled=True, active=True, boundsCenter=(-23.72, 0.77, -15.73), boundsSize=(1.15, 0.52, 0.50), shader=Universal Render Pipeline/Lit
UnityEngine.Debug:ExtractStackTraceNoAlloc (byte*,int,string)
UnityEngine.StackTraceUtility:ExtractStackTrace () (at C:/build/output/unity/unity/Runtime/Export/Scripting/StackTrace.cs:35)
UnityEngine.DebugLogHandler:Internal_Log (UnityEngine.LogType,UnityEngine.LogOption,string,UnityEngine.Object)
UnityEngine.DebugLogHandler:LogFormat (UnityEngine.LogType,UnityEngine.Object,string,object[]) (at C:/build/output/unity/unity/Runtime/Export/Logging/DebugLogHandler.cs:9)
UnityEngine.Logger:Log (UnityEngine.LogType,object) (at C:/build/output/unity/unity/Runtime/Export/Logging/Logger.cs:60)
UnityEngine.Debug:Log (object) (at C:/build/output/unity/unity/Runtime/Export/Debug/Debug.bindings.cs:123)
Game.View.CaptureRig:ConfigureCaptureView () (at C:/Users/d.grab/Desktop/the-game/artifacts/mobsv2-project/Assets/Game.View/CaptureRig.cs:962)
Game.View.CaptureRig/<Run>d__254:MoveNext () (at C:/Users/d.grab/Desktop/the-game/artifacts/mobsv2-project/Assets/Game.View/CaptureRig.cs:653)
UnityEngine.SetupCoroutine:InvokeMoveNext (System.Collections.IEnumerator,intptr) (at C:/build/output/unity/unity/Runtime/Export/Scripting/Coroutines.cs:17)

(Filename: C:/build/output/unity/unity/Runtime/Export/Debug/Debug.bindings.cs Line: 123)

[capture-grip] root=(-23.92, 0.84, -15.71), tip=(-23.28, 0.98, -15.89), length=0,678, edge=(-0.22, -0.19, -0.96), edgeDown=0,190, socketRight=(-0.97, -0.23, 0.04), socketUp=(-0.03, -0.06, -1.00), socketForward=(0.23, -0.97, 0.05), renderer=Pelag_FantasySaber_Equipped, enabled=True, active=True, boundsCenter=(-23.81, 0.85, -15.77), boundsSize=(1.18, 0.39, 0.55), shader=Universal Render Pipeline/Lit
UnityEngine.Debug:ExtractStackTraceNoAlloc (byte*,int,string)
UnityEngine.StackTraceUtility:ExtractStackTrace () (at C:/build/output/unity/unity/Runtime/Export/Scripting/StackTrace.cs:35)
UnityEngine.DebugLogHandler:Internal_Log (UnityEngine.LogType,UnityEngine.LogOption,string,UnityEngine.Object)
UnityEngine.DebugLogHandler:LogFormat (UnityEngine.LogType,UnityEngine.Object,string,object[]) (at C:/build/output/unity/unity/Runtime/Export/Logging/DebugLogHandler.cs:9)
UnityEngine.Logger:Log (UnityEngine.LogType,object) (at C:/build/output/unity/unity/Runtime/Export/Logging/Logger.cs:60)
UnityEngine.Debug:Log (object) (at C:/build/output/unity/unity/Runtime/Export/Debug/Debug.bindings.cs:123)
Game.View.CaptureRig:ConfigureCaptureView () (at C:/Users/d.grab/Desktop/the-game/artifacts/mobsv2-project/Assets/Game.View/CaptureRig.cs:962)
Game.View.CaptureRig/<Run>d__254:MoveNext () (at C:/Users/d.grab/Desktop/the-game/artifacts/mobsv2-project/Assets/Game.View/CaptureRig.cs:653)
UnityEngine.SetupCoroutine:InvokeMoveNext (System.Collections.IEnumerator,intptr) (at C:/build/output/unity/unity/Runtime/Export/Scripting/Coroutines.cs:17)

(Filename: C:/build/output/unity/unity/Runtime/Export/Debug/Debug.bindings.cs Line: 123)

[capture-grip] root=(-24.01, 0.93, -15.73), tip=(-23.38, 1.04, -15.96), length=0,678, edge=(-0.34, 0.02, -0.94), edgeDown=-0,017, socketRight=(-0.98, -0.14, 0.13), socketUp=(-0.14, 0.13, -0.98), socketForward=(0.12, -0.98, -0.15), renderer=Pelag_FantasySaber_Equipped, enabled=True, active=True, boundsCenter=(-23.91, 0.95, -15.79), boundsSize=(1.18, 0.30, 0.64), shader=Universal Render Pipeline/Lit
UnityEngine.Debug:ExtractStackTraceNoAlloc (byte*,int,string)
UnityEngine.StackTraceUtility:ExtractStackTrace () (at C:/build/output/unity/unity/Runtime/Export/Scripting/StackTrace.cs:35)
UnityEngine.DebugLogHandler:Internal_Log (UnityEngine.LogType,UnityEngine.LogOption,string,UnityEngine.Object)
UnityEngine.DebugLogHandler:LogFormat (UnityEngine.LogType,UnityEngine.Object,string,object[]) (at C:/build/output/unity/unity/Runtime/Export/Logging/DebugLogHandler.cs:9)
UnityEngine.Logger:Log (UnityEngine.LogType,object) (at C:/build/output/unity/unity/Runtime/Export/Logging/Logger.cs:60)
UnityEngine.Debug:Log (object) (at C:/build/output/unity/unity/Runtime/Export/Debug/Debug.bindings.cs:123)
Game.View.CaptureRig:ConfigureCaptureView () (at C:/Users/d.grab/Desktop/the-game/artifacts/mobsv2-project/Assets/Game.View/CaptureRig.cs:962)
Game.View.CaptureRig/<Run>d__254:MoveNext () (at C:/Users/d.grab/Desktop/the-game/artifacts/mobsv2-project/Assets/Game.View/CaptureRig.cs:653)
UnityEngine.SetupCoroutine:InvokeMoveNext (System.Collections.IEnumerator,intptr) (at C:/build/output/unity/unity/Runtime/Export/Scripting/Coroutines.cs:17)

(Filename: C:/build/output/unity/unity/Runtime/Export/Debug/Debug.bindings.cs Line: 123)

[capture-grip] root=(-24.12, 1.02, -15.68), tip=(-23.53, 1.08, -16.00), length=0,678, edge=(-0.48, 0.19, -0.85), edgeDown=-0,194, socketRight=(-0.96, -0.03, 0.28), socketUp=(-0.28, 0.29, -0.92), socketForward=(-0.05, -0.96, -0.29), renderer=Pelag_FantasySaber_Equipped, enabled=True, active=True, boundsCenter=(-24.03, 1.03, -15.76), boundsSize=(1.14, 0.26, 0.79), shader=Universal Render Pipeline/Lit
UnityEngine.Debug:ExtractStackTraceNoAlloc (byte*,int,string)
UnityEngine.StackTraceUtility:ExtractStackTrace () (at C:/build/output/unity/unity/Runtime/Export/Scripting/StackTrace.cs:35)
UnityEngine.DebugLogHandler:Internal_Log (UnityEngine.LogType,UnityEngine.LogOption,string,UnityEngine.Object)
UnityEngine.DebugLogHandler:LogFormat (UnityEngine.LogType,UnityEngine.Object,string,object[]) (at C:/build/output/unity/unity/Runtime/Export/Logging/DebugLogHandler.cs:9)
UnityEngine.Logger:Log (UnityEngine.LogType,object) (at C:/build/output/unity/unity/Runtime/Export/Logging/Logger.cs:60)
UnityEngine.Debug:Log (object) (at C:/build/output/unity/unity/Runtime/Export/Debug/Debug.bindings.cs:123)
Game.View.CaptureRig:ConfigureCaptureView () (at C:/Users/d.grab/Desktop/the-game/artifacts/mobsv2-project/Assets/Game.View/CaptureRig.cs:962)
Game.View.CaptureRig/<Run>d__254:MoveNext () (at C:/Users/d.grab/Desktop/the-game/artifacts/mobsv2-project/Assets/Game.View/CaptureRig.cs:653)
UnityEngine.SetupCoroutine:InvokeMoveNext (System.Collections.IEnumerator,intptr) (at C:/build/output/unity/unity/Runtime/Export/Scripting/Coroutines.cs:17)

(Filename: C:/build/output/unity/unity/Runtime/Export/Debug/Debug.bindings.cs Line: 123)

[capture-grip] root=(-24.24, 1.08, -15.59), tip=(-23.74, 1.13, -16.05), length=0,678, edge=(-0.67, 0.24, -0.70), edgeDown=-0,239, socketRight=(-0.86, -0.02, 0.50), socketUp=(-0.48, 0.33, -0.81), socketForward=(-0.15, -0.94, -0.30), renderer=Pelag_FantasySaber_Equipped, enabled=True, active=True, boundsCenter=(-24.17, 1.09, -15.69), boundsSize=(1.03, 0.27, 0.98), shader=Universal Render Pipeline/Lit
UnityEngine.Debug:ExtractStackTraceNoAlloc (byte*,int,string)
UnityEngine.StackTraceUtility:ExtractStackTrace () (at C:/build/output/unity/unity/Runtime/Export/Scripting/StackTrace.cs:35)
UnityEngine.DebugLogHandler:Internal_Log (UnityEngine.LogType,UnityEngine.LogOption,string,UnityEngine.Object)
UnityEngine.DebugLogHandler:LogFormat (UnityEngine.LogType,UnityEngine.Object,string,object[]) (at C:/build/output/unity/unity/Runtime/Export/Logging/DebugLogHandler.cs:9)
UnityEngine.Logger:Log (UnityEngine.LogType,object) (at C:/build/output/unity/unity/Runtime/Export/Logging/Logger.cs:60)
UnityEngine.Debug:Log (object) (at C:/build/output/unity/unity/Runtime/Export/Debug/Debug.bindings.cs:123)
Game.View.CaptureRig:ConfigureCaptureView () (at C:/Users/d.grab/Desktop/the-game/artifacts/mobsv2-project/Assets/Game.View/CaptureRig.cs:962)
Game.View.CaptureRig/<Run>d__254:MoveNext () (at C:/Users/d.grab/Desktop/the-game/artifacts/mobsv2-project/Assets/Game.View/CaptureRig.cs:653)
UnityEngine.SetupCoroutine:InvokeMoveNext (System.Collections.IEnumerator,intptr) (at C:/build/output/unity/unity/Runtime/Export/Scripting/Coroutines.cs:17)

(Filename: C:/build/output/unity/unity/Runtime/Export/Debug/Debug.bindings.cs Line: 123)

[capture-grip] root=(-24.31, 1.11, -15.49), tip=(-23.91, 1.20, -16.03), length=0,678, edge=(-0.80, 0.22, -0.56), edgeDown=-0,223, socketRight=(-0.75, -0.06, 0.66), socketUp=(-0.64, 0.32, -0.70), socketForward=(-0.17, -0.94, -0.28), renderer=Pelag_FantasySaber_Equipped, enabled=True, active=True, boundsCenter=(-24.26, 1.13, -15.60), boundsSize=(0.90, 0.31, 1.09), shader=Universal Render Pipeline/Lit
UnityEngine.Debug:ExtractStackTraceNoAlloc (byte*,int,string)
UnityEngine.StackTraceUtility:ExtractStackTrace () (at C:/build/output/unity/unity/Runtime/Export/Scripting/StackTrace.cs:35)
UnityEngine.DebugLogHandler:Internal_Log (UnityEngine.LogType,UnityEngine.LogOption,string,UnityEngine.Object)
UnityEngine.DebugLogHandler:LogFormat (UnityEngine.LogType,UnityEngine.Object,string,object[]) (at C:/build/output/unity/unity/Runtime/Export/Logging/DebugLogHandler.cs:9)
UnityEngine.Logger:Log (UnityEngine.LogType,object) (at C:/build/output/unity/unity/Runtime/Export/Logging/Logger.cs:60)
UnityEngine.Debug:Log (object) (at C:/build/output/unity/unity/Runtime/Export/Debug/Debug.bindings.cs:123)
Game.View.CaptureRig:ConfigureCaptureView () (at C:/Users/d.grab/Desktop/the-game/artifacts/mobsv2-project/Assets/Game.View/CaptureRig.cs:962)
Game.View.CaptureRig/<Run>d__254:MoveNext () (at C:/Users/d.grab/Desktop/the-game/artifacts/mobsv2-project/Assets/Game.View/CaptureRig.cs:653)
UnityEngine.SetupCoroutine:InvokeMoveNext (System.Collections.IEnumerator,intptr) (at C:/build/output/unity/unity/Runtime/Export/Scripting/Coroutines.cs:17)

(Filename: C:/build/output/unity/unity/Runtime/Export/Debug/Debug.bindings.cs Line: 123)

[capture-grip] root=(-24.36, 1.14, -15.39), tip=(-24.04, 1.20, -15.99), length=0,678, edge=(-0.86, 0.24, -0.45), edgeDown=-0,236, socketRight=(-0.65, -0.02, 0.76), socketUp=(-0.72, 0.33, -0.61), socketForward=(-0.23, -0.94, -0.23), renderer=Pelag_FantasySaber_Equipped, enabled=True, active=True, boundsCenter=(-24.33, 1.15, -15.51), boundsSize=(0.79, 0.27, 1.15), shader=Universal Render Pipeline/Lit
UnityEngine.Debug:ExtractStackTraceNoAlloc (byte*,int,string)
UnityEngine.StackTraceUtility:ExtractStackTrace () (at C:/build/output/unity/unity/Runtime/Export/Scripting/StackTrace.cs:35)
UnityEngine.DebugLogHandler:Internal_Log (UnityEngine.LogType,UnityEngine.LogOption,string,UnityEngine.Object)
UnityEngine.DebugLogHandler:LogFormat (UnityEngine.LogType,UnityEngine.Object,string,object[]) (at C:/build/output/unity/unity/Runtime/Export/Logging/DebugLogHandler.cs:9)
UnityEngine.Logger:Log (UnityEngine.LogType,object) (at C:/build/output/unity/unity/Runtime/Export/Logging/Logger.cs:60)
UnityEngine.Debug:Log (object) (at C:/build/output/unity/unity/Runtime/Export/Debug/Debug.bindings.cs:123)
Game.View.CaptureRig:ConfigureCaptureView () (at C:/Users/d.grab/Desktop/the-game/artifacts/mobsv2-project/Assets/Game.View/CaptureRig.cs:962)
Game.View.CaptureRig/<Run>d__254:MoveNext () (at C:/Users/d.grab/Desktop/the-game/artifacts/mobsv2-project/Assets/Game.View/CaptureRig.cs:653)
UnityEngine.SetupCoroutine:InvokeMoveNext (System.Collections.IEnumerator,intptr) (at C:/build/output/unity/unity/Runtime/Export/Scripting/Coroutines.cs:17)

(Filename: C:/build/output/unity/unity/Runtime/Export/Debug/Debug.bindings.cs Line: 123)

[capture-grip] root=(-24.40, 1.13, -15.27), tip=(-24.16, 1.17, -15.91), length=0,678, edge=(-0.92, 0.20, -0.34), edgeDown=-0,195, socketRight=(-0.55, -0.01, 0.84), socketUp=(-0.80, 0.29, -0.52), socketForward=(-0.23, -0.96, -0.17), renderer=Pelag_FantasySaber_Equipped, enabled=True, active=True, boundsCenter=(-24.38, 1.14, -15.39), boundsSize=(0.66, 0.24, 1.18), shader=Universal Render Pipeline/Lit
UnityEngine.Debug:ExtractStackTraceNoAlloc (byte*,int,string)
UnityEngine.StackTraceUtility:ExtractStackTrace () (at C:/build/output/unity/unity/Runtime/Export/Scripting/StackTrace.cs:35)
UnityEngine.DebugLogHandler:Internal_Log (UnityEngine.LogType,UnityEngine.LogOption,string,UnityEngine.Object)
UnityEngine.DebugLogHandler:LogFormat (UnityEngine.LogType,UnityEngine.Object,string,object[]) (at C:/build/output/unity/unity/Runtime/Export/Logging/DebugLogHandler.cs:9)
UnityEngine.Logger:Log (UnityEngine.LogType,object) (at C:/build/output/unity/unity/Runtime/Export/Logging/Logger.cs:60)
UnityEngine.Debug:Log (object) (at C:/build/output/unity/unity/Runtime/Export/Debug/Debug.bindings.cs:123)
Game.View.CaptureRig:ConfigureCaptureView () (at C:/Users/d.grab/Desktop/the-game/artifacts/mobsv2-project/Assets/Game.View/CaptureRig.cs:962)
Game.View.CaptureRig/<Run>d__254:MoveNext () (at C:/Users/d.grab/Desktop/the-game/artifacts/mobsv2-project/Assets/Game.View/CaptureRig.cs:653)
UnityEngine.SetupCoroutine:InvokeMoveNext (System.Collections.IEnumerator,intptr) (at C:/build/output/unity/unity/Runtime/Export/Scripting/Coroutines.cs:17)

(Filename: C:/build/output/unity/unity/Runtime/Export/Debug/Debug.bindings.cs Line: 123)

[capture-grip] root=(-24.39, 1.11, -15.13), tip=(-24.27, 1.17, -15.80), length=0,678, edge=(-0.98, 0.12, -0.16), edgeDown=-0,122, socketRight=(-0.38, -0.04, 0.92), socketUp=(-0.90, 0.22, -0.36), socketForward=(-0.19, -0.97, -0.12), renderer=Pelag_FantasySaber_Equipped, enabled=True, active=True, boundsCenter=(-24.39, 1.12, -15.25), boundsSize=(0.46, 0.24, 1.19), shader=Universal Render Pipeline/Lit
UnityEngine.Debug:ExtractStackTraceNoAlloc (byte*,int,string)
UnityEngine.StackTraceUtility:ExtractStackTrace () (at C:/build/output/unity/unity/Runtime/Export/Scripting/StackTrace.cs:35)
UnityEngine.DebugLogHandler:Internal_Log (UnityEngine.LogType,UnityEngine.LogOption,string,UnityEngine.Object)
UnityEngine.DebugLogHandler:LogFormat (UnityEngine.LogType,UnityEngine.Object,string,object[]) (at C:/build/output/unity/unity/Runtime/Export/Logging/DebugLogHandler.cs:9)
UnityEngine.Logger:Log (UnityEngine.LogType,object) (at C:/build/output/unity/unity/Runtime/Export/Logging/Logger.cs:60)
UnityEngine.Debug:Log (object) (at C:/build/output/unity/unity/Runtime/Export/Debug/Debug.bindings.cs:123)
Game.View.CaptureRig:ConfigureCaptureView () (at C:/Users/d.grab/Desktop/the-game/artifacts/mobsv2-project/Assets/Game.View/CaptureRig.cs:962)
Game.View.CaptureRig/<Run>d__254:MoveNext () (at C:/Users/d.grab/Desktop/the-game/artifacts/mobsv2-project/Assets/Game.View/CaptureRig.cs:653)
UnityEngine.SetupCoroutine:InvokeMoveNext (System.Collections.IEnumerator,intptr) (at C:/build/output/unity/unity/Runtime/Export/Scripting/Coroutines.cs:17)

(Filename: C:/build/output/unity/unity/Runtime/Export/Debug/Debug.bindings.cs Line: 123)

[enemy-qa] tick=88 TelegraphOpened src=1 dst=-1 amount=0 hero_hp=1120
UnityEngine.Debug:ExtractStackTraceNoAlloc (byte*,int,string)
UnityEngine.StackTraceUtility:ExtractStackTrace () (at C:/build/output/unity/unity/Runtime/Export/Scripting/StackTrace.cs:35)
UnityEngine.DebugLogHandler:Internal_Log (UnityEngine.LogType,UnityEngine.LogOption,string,UnityEngine.Object)
UnityEngine.DebugLogHandler:LogFormat (UnityEngine.LogType,UnityEngine.Object,string,object[]) (at C:/build/output/unity/unity/Runtime/Export/Logging/DebugLogHandler.cs:9)
UnityEngine.Logger:Log (UnityEngine.LogType,object) (at C:/build/output/unity/unity/Runtime/Export/Logging/Logger.cs:60)
UnityEngine.Debug:Log (object) (at C:/build/output/unity/unity/Runtime/Export/Debug/Debug.bindings.cs:123)
Game.View.CombatCaptureEncounter:LogEnemyEvents (Game.View.TickDriver) (at C:/Users/d.grab/Desktop/the-game/artifacts/mobsv2-project/Assets/Game.View/CombatCaptureEncounter.cs:198)
Game.View.CaptureRig/<Run>d__254:MoveNext () (at C:/Users/d.grab/Desktop/the-game/artifacts/mobsv2-project/Assets/Game.View/CaptureRig.cs:655)
UnityEngine.SetupCoroutine:InvokeMoveNext (System.Collections.IEnumerator,intptr) (at C:/build/output/unity/unity/Runtime/Export/Scripting/Coroutines.cs:17)

(Filename: C:/build/output/unity/unity/Runtime/Export/Debug/Debug.bindings.cs Line: 123)

[enemy-qa] tick=88 Attack src=1 dst=0 amount=0 hero_hp=1120
UnityEngine.Debug:ExtractStackTraceNoAlloc (byte*,int,string)
UnityEngine.StackTraceUtility:ExtractStackTrace () (at C:/build/output/unity/unity/Runtime/Export/Scripting/StackTrace.cs:35)
UnityEngine.DebugLogHandler:Internal_Log (UnityEngine.LogType,UnityEngine.LogOption,string,UnityEngine.Object)
UnityEngine.DebugLogHandler:LogFormat (UnityEngine.LogType,UnityEngine.Object,string,object[]) (at C:/build/output/unity/unity/Runtime/Export/Logging/DebugLogHandler.cs:9)
UnityEngine.Logger:Log (UnityEngine.LogType,object) (at C:/build/output/unity/unity/Runtime/Export/Logging/Logger.cs:60)
UnityEngine.Debug:Log (object) (at C:/build/output/unity/unity/Runtime/Export/Debug/Debug.bindings.cs:123)
Game.View.CombatCaptureEncounter:LogEnemyEvents (Game.View.TickDriver) (at C:/Users/d.grab/Desktop/the-game/artifacts/mobsv2-project/Assets/Game.View/CombatCaptureEncounter.cs:198)
Game.View.CaptureRig/<Run>d__254:MoveNext () (at C:/Users/d.grab/Desktop/the-game/artifacts/mobsv2-project/Assets/Game.View/CaptureRig.cs:655)
UnityEngine.SetupCoroutine:InvokeMoveNext (System.Collections.IEnumerator,intptr) (at C:/build/output/unity/unity/Runtime/Export/Scripting/Coroutines.cs:17)

(Filename: C:/build/output/unity/unity/Runtime/Export/Debug/Debug.bindings.cs Line: 123)

[capture-grip] root=(-24.32, 1.11, -14.97), tip=(-24.41, 1.17, -15.63), length=0,678, edge=(-0.99, 0.04, 0.15), edgeDown=-0,042, socketRight=(-0.08, -0.06, 0.99), socketUp=(-0.99, 0.14, -0.07), socketForward=(-0.14, -0.99, -0.07), renderer=Pelag_FantasySaber_Equipped, enabled=True, active=True, boundsCenter=(-24.36, 1.12, -15.08), boundsSize=(0.42, 0.22, 1.19), shader=Universal Render Pipeline/Lit
UnityEngine.Debug:ExtractStackTraceNoAlloc (byte*,int,string)
UnityEngine.StackTraceUtility:ExtractStackTrace () (at C:/build/output/unity/unity/Runtime/Export/Scripting/StackTrace.cs:35)
UnityEngine.DebugLogHandler:Internal_Log (UnityEngine.LogType,UnityEngine.LogOption,string,UnityEngine.Object)
UnityEngine.DebugLogHandler:LogFormat (UnityEngine.LogType,UnityEngine.Object,string,object[]) (at C:/build/output/unity/unity/Runtime/Export/Logging/DebugLogHandler.cs:9)
UnityEngine.Logger:Log (UnityEngine.LogType,object) (at C:/build/output/unity/unity/Runtime/Export/Logging/Logger.cs:60)
UnityEngine.Debug:Log (object) (at C:/build/output/unity/unity/Runtime/Export/Debug/Debug.bindings.cs:123)
Game.View.CaptureRig:ConfigureCaptureView () (at C:/Users/d.grab/Desktop/the-game/artifacts/mobsv2-project/Assets/Game.View/CaptureRig.cs:962)
Game.View.CaptureRig/<Run>d__254:MoveNext () (at C:/Users/d.grab/Desktop/the-game/artifacts/mobsv2-project/Assets/Game.View/CaptureRig.cs:653)
UnityEngine.SetupCoroutine:InvokeMoveNext (System.Collections.IEnumerator,intptr) (at C:/build/output/unity/unity/Runtime/Export/Scripting/Coroutines.cs:17)

(Filename: C:/build/output/unity/unity/Runtime/Export/Debug/Debug.bindings.cs Line: 123)

[capture-grip] root=(-24.17, 1.16, -14.78), tip=(-24.52, 1.17, -15.36), length=0,678, edge=(-0.85, 0.08, 0.53), edgeDown=-0,077, socketRight=(0.33, 0.01, 0.94), socketUp=(-0.93, 0.16, 0.32), socketForward=(-0.15, -0.99, 0.07), renderer=Pelag_FantasySaber_Equipped, enabled=True, active=True, boundsCenter=(-24.25, 1.16, -14.86), boundsSize=(0.83, 0.15, 1.12), shader=Universal Render Pipeline/Lit
UnityEngine.Debug:ExtractStackTraceNoAlloc (byte*,int,string)
UnityEngine.StackTraceUtility:ExtractStackTrace () (at C:/build/output/unity/unity/Runtime/Export/Scripting/StackTrace.cs:35)
UnityEngine.DebugLogHandler:Internal_Log (UnityEngine.LogType,UnityEngine.LogOption,string,UnityEngine.Object)
UnityEngine.DebugLogHandler:LogFormat (UnityEngine.LogType,UnityEngine.Object,string,object[]) (at C:/build/output/unity/unity/Runtime/Export/Logging/DebugLogHandler.cs:9)
UnityEngine.Logger:Log (UnityEngine.LogType,object) (at C:/build/output/unity/unity/Runtime/Export/Logging/Logger.cs:60)
UnityEngine.Debug:Log (object) (at C:/build/output/unity/unity/Runtime/Export/Debug/Debug.bindings.cs:123)
Game.View.CaptureRig:ConfigureCaptureView () (at C:/Users/d.grab/Desktop/the-game/artifacts/mobsv2-project/Assets/Game.View/CaptureRig.cs:962)
Game.View.CaptureRig/<Run>d__254:MoveNext () (at C:/Users/d.grab/Desktop/the-game/artifacts/mobsv2-project/Assets/Game.View/CaptureRig.cs:653)
UnityEngine.SetupCoroutine:InvokeMoveNext (System.Collections.IEnumerator,intptr) (at C:/build/output/unity/unity/Runtime/Export/Scripting/Coroutines.cs:17)

(Filename: C:/build/output/unity/unity/Runtime/Export/Debug/Debug.bindings.cs Line: 123)

[whirlwind-authored] authored=True radius=2,3 scale=2,3
UnityEngine.Debug:ExtractStackTraceNoAlloc (byte*,int,string)
UnityEngine.StackTraceUtility:ExtractStackTrace () (at C:/build/output/unity/unity/Runtime/Export/Scripting/StackTrace.cs:35)
UnityEngine.DebugLogHandler:Internal_Log (UnityEngine.LogType,UnityEngine.LogOption,string,UnityEngine.Object)
UnityEngine.DebugLogHandler:LogFormat (UnityEngine.LogType,UnityEngine.Object,string,object[]) (at C:/build/output/unity/unity/Runtime/Export/Logging/DebugLogHandler.cs:9)
UnityEngine.Logger:Log (UnityEngine.LogType,object) (at C:/build/output/unity/unity/Runtime/Export/Logging/Logger.cs:60)
UnityEngine.Debug:Log (object) (at C:/build/output/unity/unity/Runtime/Export/Debug/Debug.bindings.cs:123)
Game.View.PelagVfxController:PlayWhirlwindContact () (at C:/Users/d.grab/Desktop/the-game/artifacts/mobsv2-project/Assets/Game.View/PelagVfxController.cs:1169)
Game.View.PelagVfxController:ConsumeSimEvents () (at C:/Users/d.grab/Desktop/the-game/artifacts/mobsv2-project/Assets/Game.View/PelagVfxController.cs:434)
Game.View.PelagVfxController:LateUpdate () (at C:/Users/d.grab/Desktop/the-game/artifacts/mobsv2-project/Assets/Game.View/PelagVfxController.cs:176)

(Filename: C:/build/output/unity/unity/Runtime/Export/Debug/Debug.bindings.cs Line: 123)

[whirlwind-hit] target=1 scale=0,32 lifetime=0,3
UnityEngine.Debug:ExtractStackTraceNoAlloc (byte*,int,string)
UnityEngine.StackTraceUtility:ExtractStackTrace () (at C:/build/output/unity/unity/Runtime/Export/Scripting/StackTrace.cs:35)
UnityEngine.DebugLogHandler:Internal_Log (UnityEngine.LogType,UnityEngine.LogOption,string,UnityEngine.Object)
UnityEngine.DebugLogHandler:LogFormat (UnityEngine.LogType,UnityEngine.Object,string,object[]) (at C:/build/output/unity/unity/Runtime/Export/Logging/DebugLogHandler.cs:9)
UnityEngine.Logger:Log (UnityEngine.LogType,object) (at C:/build/output/unity/unity/Runtime/Export/Logging/Logger.cs:60)
UnityEngine.Debug:Log (object) (at C:/build/output/unity/unity/Runtime/Export/Debug/Debug.bindings.cs:123)
Game.View.PelagVfxController:PlayWhirlwindImpact (int,Game.Sim.FixVec2) (at C:/Users/d.grab/Desktop/the-game/artifacts/mobsv2-project/Assets/Game.View/PelagVfxController.cs:768)
Game.View.PelagVfxController:ConsumeSimEvents () (at C:/Users/d.grab/Desktop/the-game/artifacts/mobsv2-project/Assets/Game.View/PelagVfxController.cs:439)
Game.View.PelagVfxController:LateUpdate () (at C:/Users/d.grab/Desktop/the-game/artifacts/mobsv2-project/Assets/Game.View/PelagVfxController.cs:176)

(Filename: C:/build/output/unity/unity/Runtime/Export/Debug/Debug.bindings.cs Line: 123)

[enemy-qa] tick=89 Damage src=0 dst=1 amount=120 hero_hp=1120
UnityEngine.Debug:ExtractStackTraceNoAlloc (byte*,int,string)
UnityEngine.StackTraceUtility:ExtractStackTrace () (at C:/build/output/unity/unity/Runtime/Export/Scripting/StackTrace.cs:35)
UnityEngine.DebugLogHandler:Internal_Log (UnityEngine.LogType,UnityEngine.LogOption,string,UnityEngine.Object)
UnityEngine.DebugLogHandler:LogFormat (UnityEngine.LogType,UnityEngine.Object,string,object[]) (at C:/build/output/unity/unity/Runtime/Export/Logging/DebugLogHandler.cs:9)
UnityEngine.Logger:Log (UnityEngine.LogType,object) (at C:/build/output/unity/unity/Runtime/Export/Logging/Logger.cs:60)
UnityEngine.Debug:Log (object) (at C:/build/output/unity/unity/Runtime/Export/Debug/Debug.bindings.cs:123)
Game.View.CombatCaptureEncounter:LogEnemyEvents (Game.View.TickDriver) (at C:/Users/d.grab/Desktop/the-game/artifacts/mobsv2-project/Assets/Game.View/CombatCaptureEncounter.cs:198)
Game.View.CaptureRig/<Run>d__254:MoveNext () (at C:/Users/d.grab/Desktop/the-game/artifacts/mobsv2-project/Assets/Game.View/CaptureRig.cs:655)
UnityEngine.SetupCoroutine:InvokeMoveNext (System.Collections.IEnumerator,intptr) (at C:/build/output/unity/unity/Runtime/Export/Scripting/Coroutines.cs:17)

(Filename: C:/build/output/unity/unity/Runtime/Export/Debug/Debug.bindings.cs Line: 123)

[enemy-qa] tick=89 Death src=0 dst=1 amount=0 hero_hp=1120
UnityEngine.Debug:ExtractStackTraceNoAlloc (byte*,int,string)
UnityEngine.StackTraceUtility:ExtractStackTrace () (at C:/build/output/unity/unity/Runtime/Export/Scripting/StackTrace.cs:35)
UnityEngine.DebugLogHandler:Internal_Log (UnityEngine.LogType,UnityEngine.LogOption,string,UnityEngine.Object)
UnityEngine.DebugLogHandler:LogFormat (UnityEngine.LogType,UnityEngine.Object,string,object[]) (at C:/build/output/unity/unity/Runtime/Export/Logging/DebugLogHandler.cs:9)
UnityEngine.Logger:Log (UnityEngine.LogType,object) (at C:/build/output/unity/unity/Runtime/Export/Logging/Logger.cs:60)
UnityEngine.Debug:Log (object) (at C:/build/output/unity/unity/Runtime/Export/Debug/Debug.bindings.cs:123)
Game.View.CombatCaptureEncounter:LogEnemyEvents (Game.View.TickDriver) (at C:/Users/d.grab/Desktop/the-game/artifacts/mobsv2-project/Assets/Game.View/CombatCaptureEncounter.cs:198)
Game.View.CaptureRig/<Run>d__254:MoveNext () (at C:/Users/d.grab/Desktop/the-game/artifacts/mobsv2-project/Assets/Game.View/CaptureRig.cs:655)
UnityEngine.SetupCoroutine:InvokeMoveNext (System.Collections.IEnumerator,intptr) (at C:/build/output/unity/unity/Runtime/Export/Scripting/Coroutines.cs:17)

(Filename: C:/build/output/unity/unity/Runtime/Export/Debug/Debug.bindings.cs Line: 123)

[enemy-qa] tick=89 TelegraphCancelled src=1 dst=-1 amount=0 hero_hp=1120
UnityEngine.Debug:ExtractStackTraceNoAlloc (byte*,int,string)
UnityEngine.StackTraceUtility:ExtractStackTrace () (at C:/build/output/unity/unity/Runtime/Export/Scripting/StackTrace.cs:35)
UnityEngine.DebugLogHandler:Internal_Log (UnityEngine.LogType,UnityEngine.LogOption,string,UnityEngine.Object)
UnityEngine.DebugLogHandler:LogFormat (UnityEngine.LogType,UnityEngine.Object,string,object[]) (at C:/build/output/unity/unity/Runtime/Export/Logging/DebugLogHandler.cs:9)
UnityEngine.Logger:Log (UnityEngine.LogType,object) (at C:/build/output/unity/unity/Runtime/Export/Logging/Logger.cs:60)
UnityEngine.Debug:Log (object) (at C:/build/output/unity/unity/Runtime/Export/Debug/Debug.bindings.cs:123)
Game.View.CombatCaptureEncounter:LogEnemyEvents (Game.View.TickDriver) (at C:/Users/d.grab/Desktop/the-game/artifacts/mobsv2-project/Assets/Game.View/CombatCaptureEncounter.cs:198)
Game.View.CaptureRig/<Run>d__254:MoveNext () (at C:/Users/d.grab/Desktop/the-game/artifacts/mobsv2-project/Assets/Game.View/CaptureRig.cs:655)
UnityEngine.SetupCoroutine:InvokeMoveNext (System.Collections.IEnumerator,intptr) (at C:/build/output/unity/unity/Runtime/Export/Scripting/Coroutines.cs:17)

(Filename: C:/build/output/unity/unity/Runtime/Export/Debug/Debug.bindings.cs Line: 123)

[capture-grip] root=(-23.86, 1.22, -14.61), tip=(-24.49, 1.22, -14.84), length=0,678, edge=(-0.35, 0.02, 0.94), edgeDown=-0,018, socketRight=(0.84, 0.02, 0.55), socketUp=(-0.55, 0.10, 0.83), socketForward=(-0.04, -0.99, 0.09), renderer=Pelag_FantasySaber_Equipped, enabled=True, active=True, boundsCenter=(-23.98, 1.22, -14.62), boundsSize=(1.17, 0.12, 0.65), shader=Universal Render Pipeline/Lit
UnityEngine.Debug:ExtractStackTraceNoAlloc (byte*,int,string)
UnityEngine.StackTraceUtility:ExtractStackTrace () (at C:/build/output/unity/unity/Runtime/Export/Scripting/StackTrace.cs:35)
UnityEngine.DebugLogHandler:Internal_Log (UnityEngine.LogType,UnityEngine.LogOption,string,UnityEngine.Object)
UnityEngine.DebugLogHandler:LogFormat (UnityEngine.LogType,UnityEngine.Object,string,object[]) (at C:/build/output/unity/unity/Runtime/Export/Logging/DebugLogHandler.cs:9)
UnityEngine.Logger:Log (UnityEngine.LogType,object) (at C:/build/output/unity/unity/Runtime/Export/Logging/Logger.cs:60)
UnityEngine.Debug:Log (object) (at C:/build/output/unity/unity/Runtime/Export/Debug/Debug.bindings.cs:123)
Game.View.CaptureRig:ConfigureCaptureView () (at C:/Users/d.grab/Desktop/the-game/artifacts/mobsv2-project/Assets/Game.View/CaptureRig.cs:962)
Game.View.CaptureRig/<Run>d__254:MoveNext () (at C:/Users/d.grab/Desktop/the-game/artifacts/mobsv2-project/Assets/Game.View/CaptureRig.cs:653)
UnityEngine.SetupCoroutine:InvokeMoveNext (System.Collections.IEnumerator,intptr) (at C:/build/output/unity/unity/Runtime/Export/Scripting/Coroutines.cs:17)

(Filename: C:/build/output/unity/unity/Runtime/Export/Debug/Debug.bindings.cs Line: 123)

[capture-grip] root=(-23.86, 1.22, -14.61), tip=(-24.49, 1.22, -14.84), length=0,678, edge=(-0.35, 0.02, 0.94), edgeDown=-0,018, socketRight=(0.84, 0.02, 0.55), socketUp=(-0.55, 0.10, 0.83), socketForward=(-0.04, -0.99, 0.09), renderer=Pelag_FantasySaber_Equipped, enabled=True, active=True, boundsCenter=(-23.98, 1.22, -14.62), boundsSize=(1.17, 0.12, 0.65), shader=Universal Render Pipeline/Lit
UnityEngine.Debug:ExtractStackTraceNoAlloc (byte*,int,string)
UnityEngine.StackTraceUtility:ExtractStackTrace () (at C:/build/output/unity/unity/Runtime/Export/Scripting/StackTrace.cs:35)
UnityEngine.DebugLogHandler:Internal_Log (UnityEngine.LogType,UnityEngine.LogOption,string,UnityEngine.Object)
UnityEngine.DebugLogHandler:LogFormat (UnityEngine.LogType,UnityEngine.Object,string,object[]) (at C:/build/output/unity/unity/Runtime/Export/Logging/DebugLogHandler.cs:9)
UnityEngine.Logger:Log (UnityEngine.LogType,object) (at C:/build/output/unity/unity/Runtime/Export/Logging/Logger.cs:60)
UnityEngine.Debug:Log (object) (at C:/build/output/unity/unity/Runtime/Export/Debug/Debug.bindings.cs:123)
Game.View.CaptureRig:ConfigureCaptureView () (at C:/Users/d.grab/Desktop/the-game/artifacts/mobsv2-project/Assets/Game.View/CaptureRig.cs:962)
Game.View.CaptureRig/<Run>d__254:MoveNext () (at C:/Users/d.grab/Desktop/the-game/artifacts/mobsv2-project/Assets/Game.View/CaptureRig.cs:653)
UnityEngine.SetupCoroutine:InvokeMoveNext (System.Collections.IEnumerator,intptr) (at C:/build/output/unity/unity/Runtime/Export/Scripting/Coroutines.cs:17)

(Filename: C:/build/output/unity/unity/Runtime/Export/Debug/Debug.bindings.cs Line: 123)

[capture-grip] root=(-23.86, 1.22, -14.61), tip=(-24.49, 1.22, -14.84), length=0,678, edge=(-0.35, 0.02, 0.94), edgeDown=-0,018, socketRight=(0.84, 0.02, 0.55), socketUp=(-0.55, 0.10, 0.83), socketForward=(-0.04, -0.99, 0.09), renderer=Pelag_FantasySaber_Equipped, enabled=True, active=True, boundsCenter=(-23.98, 1.22, -14.62), boundsSize=(1.17, 0.12, 0.65), shader=Universal Render Pipeline/Lit
UnityEngine.Debug:ExtractStackTraceNoAlloc (byte*,int,string)
UnityEngine.StackTraceUtility:ExtractStackTrace () (at C:/build/output/unity/unity/Runtime/Export/Scripting/StackTrace.cs:35)
UnityEngine.DebugLogHandler:Internal_Log (UnityEngine.LogType,UnityEngine.LogOption,string,UnityEngine.Object)
UnityEngine.DebugLogHandler:LogFormat (UnityEngine.LogType,UnityEngine.Object,string,object[]) (at C:/build/output/unity/unity/Runtime/Export/Logging/DebugLogHandler.cs:9)
UnityEngine.Logger:Log (UnityEngine.LogType,object) (at C:/build/output/unity/unity/Runtime/Export/Logging/Logger.cs:60)
UnityEngine.Debug:Log (object) (at C:/build/output/unity/unity/Runtime/Export/Debug/Debug.bindings.cs:123)
Game.View.CaptureRig:ConfigureCaptureView () (at C:/Users/d.grab/Desktop/the-game/artifacts/mobsv2-project/Assets/Game.View/CaptureRig.cs:962)
Game.View.CaptureRig/<Run>d__254:MoveNext () (at C:/Users/d.grab/Desktop/the-game/artifacts/mobsv2-project/Assets/Game.View/CaptureRig.cs:653)
UnityEngine.SetupCoroutine:InvokeMoveNext (System.Collections.IEnumerator,intptr) (at C:/build/output/unity/unity/Runtime/Export/Scripting/Coroutines.cs:17)

(Filename: C:/build/output/unity/unity/Runtime/Export/Debug/Debug.bindings.cs Line: 123)

[capture-grip] root=(-23.86, 1.22, -14.61), tip=(-24.49, 1.22, -14.84), length=0,678, edge=(-0.35, 0.02, 0.94), edgeDown=-0,018, socketRight=(0.84, 0.02, 0.55), socketUp=(-0.55, 0.10, 0.83), socketForward=(-0.04, -0.99, 0.09), renderer=Pelag_FantasySaber_Equipped, enabled=True, active=True, boundsCenter=(-23.98, 1.22, -14.62), boundsSize=(1.17, 0.12, 0.65), shader=Universal Render Pipeline/Lit
UnityEngine.Debug:ExtractStackTraceNoAlloc (byte*,int,string)
UnityEngine.StackTraceUtility:ExtractStackTrace () (at C:/build/output/unity/unity/Runtime/Export/Scripting/StackTrace.cs:35)
UnityEngine.DebugLogHandler:Internal_Log (UnityEngine.LogType,UnityEngine.LogOption,string,UnityEngine.Object)
UnityEngine.DebugLogHandler:LogFormat (UnityEngine.LogType,UnityEngine.Object,string,object[]) (at C:/build/output/unity/unity/Runtime/Export/Logging/DebugLogHandler.cs:9)
UnityEngine.Logger:Log (UnityEngine.LogType,object) (at C:/build/output/unity/unity/Runtime/Export/Logging/Logger.cs:60)
UnityEngine.Debug:Log (object) (at C:/build/output/unity/unity/Runtime/Export/Debug/Debug.bindings.cs:123)
Game.View.CaptureRig:ConfigureCaptureView () (at C:/Users/d.grab/Desktop/the-game/artifacts/mobsv2-project/Assets/Game.View/CaptureRig.cs:962)
Game.View.CaptureRig/<Run>d__254:MoveNext () (at C:/Users/d.grab/Desktop/the-game/artifacts/mobsv2-project/Assets/Game.View/CaptureRig.cs:653)
UnityEngine.SetupCoroutine:InvokeMoveNext (System.Collections.IEnumerator,intptr) (at C:/build/output/unity/unity/Runtime/Export/Scripting/Coroutines.cs:17)

(Filename: C:/build/output/unity/unity/Runtime/Export/Debug/Debug.bindings.cs Line: 123)

[capture-grip] root=(-23.86, 1.22, -14.61), tip=(-24.49, 1.22, -14.84), length=0,678, edge=(-0.35, 0.02, 0.94), edgeDown=-0,018, socketRight=(0.84, 0.02, 0.55), socketUp=(-0.55, 0.10, 0.83), socketForward=(-0.04, -0.99, 0.09), renderer=Pelag_FantasySaber_Equipped, enabled=True, active=True, boundsCenter=(-23.98, 1.22, -14.62), boundsSize=(1.17, 0.12, 0.65), shader=Universal Render Pipeline/Lit
UnityEngine.Debug:ExtractStackTraceNoAlloc (byte*,int,string)
UnityEngine.StackTraceUtility:ExtractStackTrace () (at C:/build/output/unity/unity/Runtime/Export/Scripting/StackTrace.cs:35)
UnityEngine.DebugLogHandler:Internal_Log (UnityEngine.LogType,UnityEngine.LogOption,string,UnityEngine.Object)
UnityEngine.DebugLogHandler:LogFormat (UnityEngine.LogType,UnityEngine.Object,string,object[]) (at C:/build/output/unity/unity/Runtime/Export/Logging/DebugLogHandler.cs:9)
UnityEngine.Logger:Log (UnityEngine.LogType,object) (at C:/build/output/unity/unity/Runtime/Export/Logging/Logger.cs:60)
UnityEngine.Debug:Log (object) (at C:/build/output/unity/unity/Runtime/Export/Debug/Debug.bindings.cs:123)
Game.View.CaptureRig:ConfigureCaptureView () (at C:/Users/d.grab/Desktop/the-game/artifacts/mobsv2-project/Assets/Game.View/CaptureRig.cs:962)
Game.View.CaptureRig/<Run>d__254:MoveNext () (at C:/Users/d.grab/Desktop/the-game/artifacts/mobsv2-project/Assets/Game.View/CaptureRig.cs:653)
UnityEngine.SetupCoroutine:InvokeMoveNext (System.Collections.IEnumerator,intptr) (at C:/build/output/unity/unity/Runtime/Export/Scripting/Coroutines.cs:17)

(Filename: C:/build/output/unity/unity/Runtime/Export/Debug/Debug.bindings.cs Line: 123)

[capture-grip] root=(-23.42, 1.17, -14.61), tip=(-24.01, 1.16, -14.29), length=0,678, edge=(0.47, -0.06, 0.88), edgeDown=0,056, socketRight=(0.96, 0.01, -0.26), socketUp=(0.26, 0.03, 0.96), socketForward=(0.02, -1.00, 0.02), renderer=Pelag_FantasySaber_Equipped, enabled=True, active=True, boundsCenter=(-23.51, 1.17, -14.53), boundsSize=(1.14, 0.14, 0.77), shader=Universal Render Pipeline/Lit
UnityEngine.Debug:ExtractStackTraceNoAlloc (byte*,int,string)
UnityEngine.StackTraceUtility:ExtractStackTrace () (at C:/build/output/unity/unity/Runtime/Export/Scripting/StackTrace.cs:35)
UnityEngine.DebugLogHandler:Internal_Log (UnityEngine.LogType,UnityEngine.LogOption,string,UnityEngine.Object)
UnityEngine.DebugLogHandler:LogFormat (UnityEngine.LogType,UnityEngine.Object,string,object[]) (at C:/build/output/unity/unity/Runtime/Export/Logging/DebugLogHandler.cs:9)
UnityEngine.Logger:Log (UnityEngine.LogType,object) (at C:/build/output/unity/unity/Runtime/Export/Logging/Logger.cs:60)
UnityEngine.Debug:Log (object) (at C:/build/output/unity/unity/Runtime/Export/Debug/Debug.bindings.cs:123)
Game.View.CaptureRig:ConfigureCaptureView () (at C:/Users/d.grab/Desktop/the-game/artifacts/mobsv2-project/Assets/Game.View/CaptureRig.cs:962)
Game.View.CaptureRig/<Run>d__254:MoveNext () (at C:/Users/d.grab/Desktop/the-game/artifacts/mobsv2-project/Assets/Game.View/CaptureRig.cs:653)
UnityEngine.SetupCoroutine:InvokeMoveNext (System.Collections.IEnumerator,intptr) (at C:/build/output/unity/unity/Runtime/Export/Scripting/Coroutines.cs:17)

(Filename: C:/build/output/unity/unity/Runtime/Export/Debug/Debug.bindings.cs Line: 123)

[capture-grip] root=(-22.93, 1.07, -15.01), tip=(-22.87, 1.03, -14.33), length=0,678, edge=(0.98, -0.15, -0.10), edgeDown=0,154, socketRight=(0.13, 0.04, -0.99), socketUp=(0.99, -0.08, 0.13), socketForward=(-0.07, -1.00, -0.05), renderer=Pelag_FantasySaber_Equipped, enabled=True, active=True, boundsCenter=(-22.89, 1.06, -14.90), boundsSize=(0.37, 0.22, 1.18), shader=Universal Render Pipeline/Lit
UnityEngine.Debug:ExtractStackTraceNoAlloc (byte*,int,string)
UnityEngine.StackTraceUtility:ExtractStackTrace () (at C:/build/output/unity/unity/Runtime/Export/Scripting/StackTrace.cs:35)
UnityEngine.DebugLogHandler:Internal_Log (UnityEngine.LogType,UnityEngine.LogOption,string,UnityEngine.Object)
UnityEngine.DebugLogHandler:LogFormat (UnityEngine.LogType,UnityEngine.Object,string,object[]) (at C:/build/output/unity/unity/Runtime/Export/Logging/DebugLogHandler.cs:9)
UnityEngine.Logger:Log (UnityEngine.LogType,object) (at C:/build/output/unity/unity/Runtime/Export/Logging/Logger.cs:60)
UnityEngine.Debug:Log (object) (at C:/build/output/unity/unity/Runtime/Export/Debug/Debug.bindings.cs:123)
Game.View.CaptureRig:ConfigureCaptureView () (at C:/Users/d.grab/Desktop/the-game/artifacts/mobsv2-project/Assets/Game.View/CaptureRig.cs:962)
Game.View.CaptureRig/<Run>d__254:MoveNext () (at C:/Users/d.grab/Desktop/the-game/artifacts/mobsv2-project/Assets/Game.View/CaptureRig.cs:653)
UnityEngine.SetupCoroutine:InvokeMoveNext (System.Collections.IEnumerator,intptr) (at C:/build/output/unity/unity/Runtime/Export/Scripting/Coroutines.cs:17)

(Filename: C:/build/output/unity/unity/Runtime/Export/Debug/Debug.bindings.cs Line: 123)

[capture-grip] root=(-23.06, 1.02, -15.83), tip=(-22.40, 0.97, -15.98), length=0,678, edge=(-0.24, -0.29, -0.93), edgeDown=0,290, socketRight=(-1.00, 0.03, 0.02), socketUp=(-0.02, -0.22, -0.98), socketForward=(-0.02, -0.97, 0.22), renderer=Pelag_FantasySaber_Equipped, enabled=True, active=True, boundsCenter=(-22.95, 1.00, -15.88), boundsSize=(1.19, 0.27, 0.53), shader=Universal Render Pipeline/Lit
UnityEngine.Debug:ExtractStackTraceNoAlloc (byte*,int,string)
UnityEngine.StackTraceUtility:ExtractStackTrace () (at C:/build/output/unity/unity/Runtime/Export/Scripting/StackTrace.cs:35)
UnityEngine.DebugLogHandler:Internal_Log (UnityEngine.LogType,UnityEngine.LogOption,string,UnityEngine.Object)
UnityEngine.DebugLogHandler:LogFormat (UnityEngine.LogType,UnityEngine.Object,string,object[]) (at C:/build/output/unity/unity/Runtime/Export/Logging/DebugLogHandler.cs:9)
UnityEngine.Logger:Log (UnityEngine.LogType,object) (at C:/build/output/unity/unity/Runtime/Export/Logging/Logger.cs:60)
UnityEngine.Debug:Log (object) (at C:/build/output/unity/unity/Runtime/Export/Debug/Debug.bindings.cs:123)
Game.View.CaptureRig:ConfigureCaptureView () (at C:/Users/d.grab/Desktop/the-game/artifacts/mobsv2-project/Assets/Game.View/CaptureRig.cs:962)
Game.View.CaptureRig/<Run>d__254:MoveNext () (at C:/Users/d.grab/Desktop/the-game/artifacts/mobsv2-project/Assets/Game.View/CaptureRig.cs:653)
UnityEngine.SetupCoroutine:InvokeMoveNext (System.Collections.IEnumerator,intptr) (at C:/build/output/unity/unity/Runtime/Export/Scripting/Coroutines.cs:17)

(Filename: C:/build/output/unity/unity/Runtime/Export/Debug/Debug.bindings.cs Line: 123)

[capture-grip] root=(-23.65, 0.93, -15.98), tip=(-23.54, 0.77, -16.63), length=0,678, edge=(-0.88, -0.47, -0.03), edgeDown=0,466, socketRight=(-0.35, 0.15, 0.92), socketUp=(-0.86, -0.44, -0.26), socketForward=(0.36, -0.89, 0.29), renderer=Pelag_FantasySaber_Equipped, enabled=True, active=True, boundsCenter=(-23.65, 0.89, -16.09), boundsSize=(0.46, 0.50, 1.15), shader=Universal Render Pipeline/Lit
UnityEngine.Debug:ExtractStackTraceNoAlloc (byte*,int,string)
UnityEngine.StackTraceUtility:ExtractStackTrace () (at C:/build/output/unity/unity/Runtime/Export/Scripting/StackTrace.cs:35)
UnityEngine.DebugLogHandler:Internal_Log (UnityEngine.LogType,UnityEngine.LogOption,string,UnityEngine.Object)
UnityEngine.DebugLogHandler:LogFormat (UnityEngine.LogType,UnityEngine.Object,string,object[]) (at C:/build/output/unity/unity/Runtime/Export/Logging/DebugLogHandler.cs:9)
UnityEngine.Logger:Log (UnityEngine.LogType,object) (at C:/build/output/unity/unity/Runtime/Export/Logging/Logger.cs:60)
UnityEngine.Debug:Log (object) (at C:/build/output/unity/unity/Runtime/Export/Debug/Debug.bindings.cs:123)
Game.View.CaptureRig:ConfigureCaptureView () (at C:/Users/d.grab/Desktop/the-game/artifacts/mobsv2-project/Assets/Game.View/CaptureRig.cs:962)
Game.View.CaptureRig/<Run>d__254:MoveNext () (at C:/Users/d.grab/Desktop/the-game/artifacts/mobsv2-project/Assets/Game.View/CaptureRig.cs:653)
UnityEngine.SetupCoroutine:InvokeMoveNext (System.Collections.IEnumerator,intptr) (at C:/build/output/unity/unity/Runtime/Export/Scripting/Coroutines.cs:17)

(Filename: C:/build/output/unity/unity/Runtime/Export/Debug/Debug.bindings.cs Line: 123)

[capture-grip] root=(-24.02, 0.83, -15.75), tip=(-24.28, 0.66, -16.35), length=0,678, edge=(-0.77, -0.43, 0.46), edgeDown=0,435, socketRight=(0.20, 0.16, 0.97), socketUp=(-0.88, -0.41, 0.25), socketForward=(0.43, -0.90, 0.06), renderer=Pelag_FantasySaber_Equipped, enabled=True, active=True, boundsCenter=(-24.08, 0.79, -15.84), boundsSize=(0.70, 0.50, 1.15), shader=Universal Render Pipeline/Lit
UnityEngine.Debug:ExtractStackTraceNoAlloc (byte*,int,string)
UnityEngine.StackTraceUtility:ExtractStackTrace () (at C:/build/output/unity/unity/Runtime/Export/Scripting/StackTrace.cs:35)
UnityEngine.DebugLogHandler:Internal_Log (UnityEngine.LogType,UnityEngine.LogOption,string,UnityEngine.Object)
UnityEngine.DebugLogHandler:LogFormat (UnityEngine.LogType,UnityEngine.Object,string,object[]) (at C:/build/output/unity/unity/Runtime/Export/Logging/DebugLogHandler.cs:9)
UnityEngine.Logger:Log (UnityEngine.LogType,object) (at C:/build/output/unity/unity/Runtime/Export/Logging/Logger.cs:60)
UnityEngine.Debug:Log (object) (at C:/build/output/unity/unity/Runtime/Export/Debug/Debug.bindings.cs:123)
Game.View.CaptureRig:ConfigureCaptureView () (at C:/Users/d.grab/Desktop/the-game/artifacts/mobsv2-project/Assets/Game.View/CaptureRig.cs:962)
Game.View.CaptureRig/<Run>d__254:MoveNext () (at C:/Users/d.grab/Desktop/the-game/artifacts/mobsv2-project/Assets/Game.View/CaptureRig.cs:653)
UnityEngine.SetupCoroutine:InvokeMoveNext (System.Collections.IEnumerator,intptr) (at C:/build/output/unity/unity/Runtime/Export/Scripting/Coroutines.cs:17)

(Filename: C:/build/output/unity/unity/Runtime/Export/Debug/Debug.bindings.cs Line: 123)

[capture-grip] root=(-24.19, 0.78, -15.35), tip=(-24.70, 0.62, -15.76), length=0,678, edge=(-0.53, -0.34, 0.78), edgeDown=0,338, socketRight=(0.61, 0.16, 0.77), socketUp=(-0.71, -0.30, 0.63), socketForward=(0.33, -0.94, -0.07), renderer=Pelag_FantasySaber_Equipped, enabled=True, active=True, boundsCenter=(-24.29, 0.74, -15.40), boundsSize=(1.05, 0.45, 0.92), shader=Universal Render Pipeline/Lit
UnityEngine.Debug:ExtractStackTraceNoAlloc (byte*,int,string)
UnityEngine.StackTraceUtility:ExtractStackTrace () (at C:/build/output/unity/unity/Runtime/Export/Scripting/StackTrace.cs:35)
UnityEngine.DebugLogHandler:Internal_Log (UnityEngine.LogType,UnityEngine.LogOption,string,UnityEngine.Object)
UnityEngine.DebugLogHandler:LogFormat (UnityEngine.LogType,UnityEngine.Object,string,object[]) (at C:/build/output/unity/unity/Runtime/Export/Logging/DebugLogHandler.cs:9)
UnityEngine.Logger:Log (UnityEngine.LogType,object) (at C:/build/output/unity/unity/Runtime/Export/Logging/Logger.cs:60)
UnityEngine.Debug:Log (object) (at C:/build/output/unity/unity/Runtime/Export/Debug/Debug.bindings.cs:123)
Game.View.CaptureRig:ConfigureCaptureView () (at C:/Users/d.grab/Desktop/the-game/artifacts/mobsv2-project/Assets/Game.View/CaptureRig.cs:962)
Game.View.CaptureRig/<Run>d__254:MoveNext () (at C:/Users/d.grab/Desktop/the-game/artifacts/mobsv2-project/Assets/Game.View/CaptureRig.cs:653)
UnityEngine.SetupCoroutine:InvokeMoveNext (System.Collections.IEnumerator,intptr) (at C:/build/output/unity/unity/Runtime/Export/Scripting/Coroutines.cs:17)

(Filename: C:/build/output/unity/unity/Runtime/Export/Debug/Debug.bindings.cs Line: 123)

[capture-grip] root=(-24.15, 0.76, -15.00), tip=(-24.79, 0.58, -15.11), length=0,678, edge=(-0.09, -0.32, 0.94), edgeDown=0,316, socketRight=(0.90, 0.19, 0.38), socketUp=(-0.32, -0.29, 0.90), socketForward=(0.28, -0.94, -0.20), renderer=Pelag_FantasySaber_Equipped, enabled=True, active=True, boundsCenter=(-24.26, 0.72, -14.99), boundsSize=(1.16, 0.48, 0.47), shader=Universal Render Pipeline/Lit
UnityEngine.Debug:ExtractStackTraceNoAlloc (byte*,int,string)
UnityEngine.StackTraceUtility:ExtractStackTrace () (at C:/build/output/unity/unity/Runtime/Export/Scripting/StackTrace.cs:35)
UnityEngine.DebugLogHandler:Internal_Log (UnityEngine.LogType,UnityEngine.LogOption,string,UnityEngine.Object)
UnityEngine.DebugLogHandler:LogFormat (UnityEngine.LogType,UnityEngine.Object,string,object[]) (at C:/build/output/unity/unity/Runtime/Export/Logging/DebugLogHandler.cs:9)
UnityEngine.Logger:Log (UnityEngine.LogType,object) (at C:/build/output/unity/unity/Runtime/Export/Logging/Logger.cs:60)
UnityEngine.Debug:Log (object) (at C:/build/output/unity/unity/Runtime/Export/Debug/Debug.bindings.cs:123)
Game.View.CaptureRig:ConfigureCaptureView () (at C:/Users/d.grab/Desktop/the-game/artifacts/mobsv2-project/Assets/Game.View/CaptureRig.cs:962)
Game.View.CaptureRig/<Run>d__254:MoveNext () (at C:/Users/d.grab/Desktop/the-game/artifacts/mobsv2-project/Assets/Game.View/CaptureRig.cs:653)
UnityEngine.SetupCoroutine:InvokeMoveNext (System.Collections.IEnumerator,intptr) (at C:/build/output/unity/unity/Runtime/Export/Scripting/Coroutines.cs:17)

(Filename: C:/build/output/unity/unity/Runtime/Export/Debug/Debug.bindings.cs Line: 123)

[capture-grip] root=(-24.08, 0.68, -14.81), tip=(-24.68, 0.36, -14.76), length=0,678, edge=(0.19, -0.23, 0.95), edgeDown=0,231, socketRight=(0.90, 0.41, 0.15), socketUp=(-0.04, -0.25, 0.97), socketForward=(0.44, -0.87, -0.21), renderer=Pelag_FantasySaber_Equipped, enabled=True, active=True, boundsCenter=(-24.18, 0.61, -14.78), boundsSize=(1.12, 0.69, 0.35), shader=Universal Render Pipeline/Lit
UnityEngine.Debug:ExtractStackTraceNoAlloc (byte*,int,string)
UnityEngine.StackTraceUtility:ExtractStackTrace () (at C:/build/output/unity/unity/Runtime/Export/Scripting/StackTrace.cs:35)
UnityEngine.DebugLogHandler:Internal_Log (UnityEngine.LogType,UnityEngine.LogOption,string,UnityEngine.Object)
UnityEngine.DebugLogHandler:LogFormat (UnityEngine.LogType,UnityEngine.Object,string,object[]) (at C:/build/output/unity/unity/Runtime/Export/Logging/DebugLogHandler.cs:9)
UnityEngine.Logger:Log (UnityEngine.LogType,object) (at C:/build/output/unity/unity/Runtime/Export/Logging/Logger.cs:60)
UnityEngine.Debug:Log (object) (at C:/build/output/unity/unity/Runtime/Export/Debug/Debug.bindings.cs:123)
Game.View.CaptureRig:ConfigureCaptureView () (at C:/Users/d.grab/Desktop/the-game/artifacts/mobsv2-project/Assets/Game.View/CaptureRig.cs:962)
Game.View.CaptureRig/<Run>d__254:MoveNext () (at C:/Users/d.grab/Desktop/the-game/artifacts/mobsv2-project/Assets/Game.View/CaptureRig.cs:653)
UnityEngine.SetupCoroutine:InvokeMoveNext (System.Collections.IEnumerator,intptr) (at C:/build/output/unity/unity/Runtime/Export/Scripting/Coroutines.cs:17)

(Filename: C:/build/output/unity/unity/Runtime/Export/Debug/Debug.bindings.cs Line: 123)

[capture-grip] root=(-24.15, 0.56, -14.89), tip=(-24.62, 0.15, -15.15), length=0,678, edge=(-0.05, -0.48, 0.88), edgeDown=0,477, socketRight=(0.66, 0.50, 0.56), socketUp=(-0.26, -0.55, 0.80), socketForward=(0.71, -0.67, -0.23), renderer=Pelag_FantasySaber_Equipped, enabled=True, active=True, boundsCenter=(-24.23, 0.48, -14.91), boundsSize=(0.90, 0.90, 0.69), shader=Universal Render Pipeline/Lit
UnityEngine.Debug:ExtractStackTraceNoAlloc (byte*,int,string)
UnityEngine.StackTraceUtility:ExtractStackTrace () (at C:/build/output/unity/unity/Runtime/Export/Scripting/StackTrace.cs:35)
UnityEngine.DebugLogHandler:Internal_Log (UnityEngine.LogType,UnityEngine.LogOption,string,UnityEngine.Object)
UnityEngine.DebugLogHandler:LogFormat (UnityEngine.LogType,UnityEngine.Object,string,object[]) (at C:/build/output/unity/unity/Runtime/Export/Logging/DebugLogHandler.cs:9)
UnityEngine.Logger:Log (UnityEngine.LogType,object) (at C:/build/output/unity/unity/Runtime/Export/Logging/Logger.cs:60)
UnityEngine.Debug:Log (object) (at C:/build/output/unity/unity/Runtime/Export/Debug/Debug.bindings.cs:123)
Game.View.CaptureRig:ConfigureCaptureView () (at C:/Users/d.grab/Desktop/the-game/artifacts/mobsv2-project/Assets/Game.View/CaptureRig.cs:962)
Game.View.CaptureRig/<Run>d__254:MoveNext () (at C:/Users/d.grab/Desktop/the-game/artifacts/mobsv2-project/Assets/Game.View/CaptureRig.cs:653)
UnityEngine.SetupCoroutine:InvokeMoveNext (System.Collections.IEnumerator,intptr) (at C:/build/output/unity/unity/Runtime/Export/Scripting/Coroutines.cs:17)

(Filename: C:/build/output/unity/unity/Runtime/Export/Debug/Debug.bindings.cs Line: 123)

[capture-grip] root=(-24.14, 0.52, -15.10), tip=(-24.34, 0.17, -15.65), length=0,678, edge=(-0.16, -0.80, 0.57), edgeDown=0,804, socketRight=(0.24, 0.33, 0.91), socketUp=(-0.30, -0.87, 0.39), socketForward=(0.92, -0.36, -0.11), renderer=Pelag_FantasySaber_Equipped, enabled=True, active=True, boundsCenter=(-24.17, 0.44, -15.18), boundsSize=(0.49, 0.83, 1.09), shader=Universal Render Pipeline/Lit
UnityEngine.Debug:ExtractStackTraceNoAlloc (byte*,int,string)
UnityEngine.StackTraceUtility:ExtractStackTrace () (at C:/build/output/unity/unity/Runtime/Export/Scripting/StackTrace.cs:35)
UnityEngine.DebugLogHandler:Internal_Log (UnityEngine.LogType,UnityEngine.LogOption,string,UnityEngine.Object)
UnityEngine.DebugLogHandler:LogFormat (UnityEngine.LogType,UnityEngine.Object,string,object[]) (at C:/build/output/unity/unity/Runtime/Export/Logging/DebugLogHandler.cs:9)
UnityEngine.Logger:Log (UnityEngine.LogType,object) (at C:/build/output/unity/unity/Runtime/Export/Logging/Logger.cs:60)
UnityEngine.Debug:Log (object) (at C:/build/output/unity/unity/Runtime/Export/Debug/Debug.bindings.cs:123)
Game.View.CaptureRig:ConfigureCaptureView () (at C:/Users/d.grab/Desktop/the-game/artifacts/mobsv2-project/Assets/Game.View/CaptureRig.cs:962)
Game.View.CaptureRig/<Run>d__254:MoveNext () (at C:/Users/d.grab/Desktop/the-game/artifacts/mobsv2-project/Assets/Game.View/CaptureRig.cs:653)
UnityEngine.SetupCoroutine:InvokeMoveNext (System.Collections.IEnumerator,intptr) (at C:/build/output/unity/unity/Runtime/Export/Scripting/Coroutines.cs:17)

(Filename: C:/build/output/unity/unity/Runtime/Export/Debug/Debug.bindings.cs Line: 123)

[capture-grip] root=(-24.08, 0.57, -15.28), tip=(-23.97, 0.36, -15.91), length=0,678, edge=(-0.19, -0.94, 0.28), edgeDown=0,939, socketRight=(-0.21, 0.10, 0.97), socketUp=(-0.23, -0.97, 0.05), socketForward=(0.95, -0.22, 0.23), renderer=Pelag_FantasySaber_Equipped, enabled=True, active=True, boundsCenter=(-24.06, 0.51, -15.38), boundsSize=(0.34, 0.62, 1.18), shader=Universal Render Pipeline/Lit
UnityEngine.Debug:ExtractStackTraceNoAlloc (byte*,int,string)
UnityEngine.StackTraceUtility:ExtractStackTrace () (at C:/build/output/unity/unity/Runtime/Export/Scripting/StackTrace.cs:35)
UnityEngine.DebugLogHandler:Internal_Log (UnityEngine.LogType,UnityEngine.LogOption,string,UnityEngine.Object)
UnityEngine.DebugLogHandler:LogFormat (UnityEngine.LogType,UnityEngine.Object,string,object[]) (at C:/build/output/unity/unity/Runtime/Export/Logging/DebugLogHandler.cs:9)
UnityEngine.Logger:Log (UnityEngine.LogType,object) (at C:/build/output/unity/unity/Runtime/Export/Logging/Logger.cs:60)
UnityEngine.Debug:Log (object) (at C:/build/output/unity/unity/Runtime/Export/Debug/Debug.bindings.cs:123)
Game.View.CaptureRig:ConfigureCaptureView () (at C:/Users/d.grab/Desktop/the-game/artifacts/mobsv2-project/Assets/Game.View/CaptureRig.cs:962)
Game.View.CaptureRig/<Run>d__254:MoveNext () (at C:/Users/d.grab/Desktop/the-game/artifacts/mobsv2-project/Assets/Game.View/CaptureRig.cs:653)
UnityEngine.SetupCoroutine:InvokeMoveNext (System.Collections.IEnumerator,intptr) (at C:/build/output/unity/unity/Runtime/Export/Scripting/Coroutines.cs:17)

(Filename: C:/build/output/unity/unity/Runtime/Export/Debug/Debug.bindings.cs Line: 123)

[capture-grip] root=(-24.04, 0.65, -15.41), tip=(-23.78, 0.55, -16.02), length=0,678, edge=(-0.22, -0.97, 0.07), edgeDown=0,974, socketRight=(-0.45, -0.06, 0.89), socketUp=(-0.20, -0.97, -0.17), socketForward=(0.87, -0.25, 0.42), renderer=Pelag_FantasySaber_Equipped, enabled=True, active=True, boundsCenter=(-24.00, 0.61, -15.51), boundsSize=(0.61, 0.44, 1.11), shader=Universal Render Pipeline/Lit
UnityEngine.Debug:ExtractStackTraceNoAlloc (byte*,int,string)
UnityEngine.StackTraceUtility:ExtractStackTrace () (at C:/build/output/unity/unity/Runtime/Export/Scripting/StackTrace.cs:35)
UnityEngine.DebugLogHandler:Internal_Log (UnityEngine.LogType,UnityEngine.LogOption,string,UnityEngine.Object)
UnityEngine.DebugLogHandler:LogFormat (UnityEngine.LogType,UnityEngine.Object,string,object[]) (at C:/build/output/unity/unity/Runtime/Export/Logging/DebugLogHandler.cs:9)
UnityEngine.Logger:Log (UnityEngine.LogType,object) (at C:/build/output/unity/unity/Runtime/Export/Logging/Logger.cs:60)
UnityEngine.Debug:Log (object) (at C:/build/output/unity/unity/Runtime/Export/Debug/Debug.bindings.cs:123)
Game.View.CaptureRig:ConfigureCaptureView () (at C:/Users/d.grab/Desktop/the-game/artifacts/mobsv2-project/Assets/Game.View/CaptureRig.cs:962)
Game.View.CaptureRig/<Run>d__254:MoveNext () (at C:/Users/d.grab/Desktop/the-game/artifacts/mobsv2-project/Assets/Game.View/CaptureRig.cs:653)
UnityEngine.SetupCoroutine:InvokeMoveNext (System.Collections.IEnumerator,intptr) (at C:/build/output/unity/unity/Runtime/Export/Scripting/Coroutines.cs:17)

(Filename: C:/build/output/unity/unity/Runtime/Export/Debug/Debug.bindings.cs Line: 123)

[capture-grip] root=(-23.99, 0.71, -15.48), tip=(-23.58, 0.68, -16.02), length=0,678, edge=(-0.19, -0.98, -0.09), edgeDown=0,977, socketRight=(-0.64, -0.16, 0.75), socketUp=(-0.12, -0.94, -0.31), socketForward=(0.76, -0.29, 0.58), renderer=Pelag_FantasySaber_Equipped, enabled=True, active=True, boundsCenter=(-23.92, 0.68, -15.58), boundsSize=(0.83, 0.33, 1.01), shader=Universal Render Pipeline/Lit
UnityEngine.Debug:ExtractStackTraceNoAlloc (byte*,int,string)
UnityEngine.StackTraceUtility:ExtractStackTrace () (at C:/build/output/unity/unity/Runtime/Export/Scripting/StackTrace.cs:35)
UnityEngine.DebugLogHandler:Internal_Log (UnityEngine.LogType,UnityEngine.LogOption,string,UnityEngine.Object)
UnityEngine.DebugLogHandler:LogFormat (UnityEngine.LogType,UnityEngine.Object,string,object[]) (at C:/build/output/unity/unity/Runtime/Export/Logging/DebugLogHandler.cs:9)
UnityEngine.Logger:Log (UnityEngine.LogType,object) (at C:/build/output/unity/unity/Runtime/Export/Logging/Logger.cs:60)
UnityEngine.Debug:Log (object) (at C:/build/output/unity/unity/Runtime/Export/Debug/Debug.bindings.cs:123)
Game.View.CaptureRig:ConfigureCaptureView () (at C:/Users/d.grab/Desktop/the-game/artifacts/mobsv2-project/Assets/Game.View/CaptureRig.cs:962)
Game.View.CaptureRig/<Run>d__254:MoveNext () (at C:/Users/d.grab/Desktop/the-game/artifacts/mobsv2-project/Assets/Game.View/CaptureRig.cs:653)
UnityEngine.SetupCoroutine:InvokeMoveNext (System.Collections.IEnumerator,intptr) (at C:/build/output/unity/unity/Runtime/Export/Scripting/Coroutines.cs:17)

(Filename: C:/build/output/unity/unity/Runtime/Export/Debug/Debug.bindings.cs Line: 123)

[capture-grip] root=(-23.92, 0.75, -15.51), tip=(-23.40, 0.76, -15.94), length=0,678, edge=(-0.14, -0.97, -0.18), edgeDown=0,974, socketRight=(-0.79, -0.22, 0.57), socketUp=(-0.02, -0.93, -0.38), socketForward=(0.61, -0.31, 0.73), renderer=Pelag_FantasySaber_Equipped, enabled=True, active=True, boundsCenter=(-23.84, 0.73, -15.59), boundsSize=(1.00, 0.28, 0.86), shader=Universal Render Pipeline/Lit
UnityEngine.Debug:ExtractStackTraceNoAlloc (byte*,int,string)
UnityEngine.StackTraceUtility:ExtractStackTrace () (at C:/build/output/unity/unity/Runtime/Export/Scripting/StackTrace.cs:35)
UnityEngine.DebugLogHandler:Internal_Log (UnityEngine.LogType,UnityEngine.LogOption,string,UnityEngine.Object)
UnityEngine.DebugLogHandler:LogFormat (UnityEngine.LogType,UnityEngine.Object,string,object[]) (at C:/build/output/unity/unity/Runtime/Export/Logging/DebugLogHandler.cs:9)
UnityEngine.Logger:Log (UnityEngine.LogType,object) (at C:/build/output/unity/unity/Runtime/Export/Logging/Logger.cs:60)
UnityEngine.Debug:Log (object) (at C:/build/output/unity/unity/Runtime/Export/Debug/Debug.bindings.cs:123)
Game.View.CaptureRig:ConfigureCaptureView () (at C:/Users/d.grab/Desktop/the-game/artifacts/mobsv2-project/Assets/Game.View/CaptureRig.cs:962)
Game.View.CaptureRig/<Run>d__254:MoveNext () (at C:/Users/d.grab/Desktop/the-game/artifacts/mobsv2-project/Assets/Game.View/CaptureRig.cs:653)
UnityEngine.SetupCoroutine:InvokeMoveNext (System.Collections.IEnumerator,intptr) (at C:/build/output/unity/unity/Runtime/Export/Scripting/Coroutines.cs:17)

(Filename: C:/build/output/unity/unity/Runtime/Export/Debug/Debug.bindings.cs Line: 123)

[capture-grip] root=(-23.84, 0.76, -15.50), tip=(-23.23, 0.78, -15.80), length=0,678, edge=(-0.04, -0.99, -0.16), edgeDown=0,986, socketRight=(-0.89, -0.25, 0.39), socketUp=(0.12, -0.94, -0.33), socketForward=(0.45, -0.24, 0.86), renderer=Pelag_FantasySaber_Equipped, enabled=True, active=True, boundsCenter=(-23.74, 0.74, -15.55), boundsSize=(1.09, 0.31, 0.66), shader=Universal Render Pipeline/Lit
UnityEngine.Debug:ExtractStackTraceNoAlloc (byte*,int,string)
UnityEngine.StackTraceUtility:ExtractStackTrace () (at C:/build/output/unity/unity/Runtime/Export/Scripting/StackTrace.cs:35)
UnityEngine.DebugLogHandler:Internal_Log (UnityEngine.LogType,UnityEngine.LogOption,string,UnityEngine.Object)
UnityEngine.DebugLogHandler:LogFormat (UnityEngine.LogType,UnityEngine.Object,string,object[]) (at C:/build/output/unity/unity/Runtime/Export/Logging/DebugLogHandler.cs:9)
UnityEngine.Logger:Log (UnityEngine.LogType,object) (at C:/build/output/unity/unity/Runtime/Export/Logging/Logger.cs:60)
UnityEngine.Debug:Log (object) (at C:/build/output/unity/unity/Runtime/Export/Debug/Debug.bindings.cs:123)
Game.View.CaptureRig:ConfigureCaptureView () (at C:/Users/d.grab/Desktop/the-game/artifacts/mobsv2-project/Assets/Game.View/CaptureRig.cs:962)
Game.View.CaptureRig/<Run>d__254:MoveNext () (at C:/Users/d.grab/Desktop/the-game/artifacts/mobsv2-project/Assets/Game.View/CaptureRig.cs:653)
UnityEngine.SetupCoroutine:InvokeMoveNext (System.Collections.IEnumerator,intptr) (at C:/build/output/unity/unity/Runtime/Export/Scripting/Coroutines.cs:17)

(Filename: C:/build/output/unity/unity/Runtime/Export/Debug/Debug.bindings.cs Line: 123)

[capture-grip] root=(-23.77, 0.74, -15.45), tip=(-23.13, 0.77, -15.66), length=0,678, edge=(0.01, -0.99, -0.11), edgeDown=0,994, socketRight=(-0.93, -0.26, 0.26), socketUp=(0.20, -0.95, -0.25), socketForward=(0.31, -0.18, 0.93), renderer=Pelag_FantasySaber_Equipped, enabled=True, active=True, boundsCenter=(-23.66, 0.72, -15.49), boundsSize=(1.14, 0.31, 0.49), shader=Universal Render Pipeline/Lit
UnityEngine.Debug:ExtractStackTraceNoAlloc (byte*,int,string)
UnityEngine.StackTraceUtility:ExtractStackTrace () (at C:/build/output/unity/unity/Runtime/Export/Scripting/StackTrace.cs:35)
UnityEngine.DebugLogHandler:Internal_Log (UnityEngine.LogType,UnityEngine.LogOption,string,UnityEngine.Object)
UnityEngine.DebugLogHandler:LogFormat (UnityEngine.LogType,UnityEngine.Object,string,object[]) (at C:/build/output/unity/unity/Runtime/Export/Logging/DebugLogHandler.cs:9)
UnityEngine.Logger:Log (UnityEngine.LogType,object) (at C:/build/output/unity/unity/Runtime/Export/Logging/Logger.cs:60)
UnityEngine.Debug:Log (object) (at C:/build/output/unity/unity/Runtime/Export/Debug/Debug.bindings.cs:123)
Game.View.CaptureRig:ConfigureCaptureView () (at C:/Users/d.grab/Desktop/the-game/artifacts/mobsv2-project/Assets/Game.View/CaptureRig.cs:962)
Game.View.CaptureRig/<Run>d__254:MoveNext () (at C:/Users/d.grab/Desktop/the-game/artifacts/mobsv2-project/Assets/Game.View/CaptureRig.cs:653)
UnityEngine.SetupCoroutine:InvokeMoveNext (System.Collections.IEnumerator,intptr) (at C:/build/output/unity/unity/Runtime/Export/Scripting/Coroutines.cs:17)

(Filename: C:/build/output/unity/unity/Runtime/Export/Debug/Debug.bindings.cs Line: 123)

[capture-grip] root=(-23.74, 0.72, -15.40), tip=(-23.07, 0.72, -15.55), length=0,678, edge=(-0.01, -1.00, -0.04), edgeDown=0,999, socketRight=(-0.96, -0.22, 0.20), socketUp=(0.19, -0.97, -0.16), socketForward=(0.23, -0.12, 0.97), renderer=Pelag_FantasySaber_Equipped, enabled=True, active=True, boundsCenter=(-23.62, 0.69, -15.43), boundsSize=(1.16, 0.26, 0.38), shader=Universal Render Pipeline/Lit
UnityEngine.Debug:ExtractStackTraceNoAlloc (byte*,int,string)
UnityEngine.StackTraceUtility:ExtractStackTrace () (at C:/build/output/unity/unity/Runtime/Export/Scripting/StackTrace.cs:35)
UnityEngine.DebugLogHandler:Internal_Log (UnityEngine.LogType,UnityEngine.LogOption,string,UnityEngine.Object)
UnityEngine.DebugLogHandler:LogFormat (UnityEngine.LogType,UnityEngine.Object,string,object[]) (at C:/build/output/unity/unity/Runtime/Export/Logging/DebugLogHandler.cs:9)
UnityEngine.Logger:Log (UnityEngine.LogType,object) (at C:/build/output/unity/unity/Runtime/Export/Logging/Logger.cs:60)
UnityEngine.Debug:Log (object) (at C:/build/output/unity/unity/Runtime/Export/Debug/Debug.bindings.cs:123)
Game.View.CaptureRig:ConfigureCaptureView () (at C:/Users/d.grab/Desktop/the-game/artifacts/mobsv2-project/Assets/Game.View/CaptureRig.cs:962)
Game.View.CaptureRig/<Run>d__254:MoveNext () (at C:/Users/d.grab/Desktop/the-game/artifacts/mobsv2-project/Assets/Game.View/CaptureRig.cs:653)
UnityEngine.SetupCoroutine:InvokeMoveNext (System.Collections.IEnumerator,intptr) (at C:/build/output/unity/unity/Runtime/Export/Scripting/Coroutines.cs:17)

(Filename: C:/build/output/unity/unity/Runtime/Export/Debug/Debug.bindings.cs Line: 123)

[capture-grip] root=(-23.72, 0.69, -15.35), tip=(-23.06, 0.63, -15.46), length=0,678, edge=(-0.08, -1.00, 0.03), edgeDown=0,996, socketRight=(-0.98, -0.13, 0.15), socketUp=(0.12, -0.99, -0.09), socketForward=(0.16, -0.07, 0.98), renderer=Pelag_FantasySaber_Equipped, enabled=True, active=True, boundsCenter=(-23.61, 0.65, -15.37), boundsSize=(1.18, 0.35, 0.30), shader=Universal Render Pipeline/Lit
UnityEngine.Debug:ExtractStackTraceNoAlloc (byte*,int,string)
UnityEngine.StackTraceUtility:ExtractStackTrace () (at C:/build/output/unity/unity/Runtime/Export/Scripting/StackTrace.cs:35)
UnityEngine.DebugLogHandler:Internal_Log (UnityEngine.LogType,UnityEngine.LogOption,string,UnityEngine.Object)
UnityEngine.DebugLogHandler:LogFormat (UnityEngine.LogType,UnityEngine.Object,string,object[]) (at C:/build/output/unity/unity/Runtime/Export/Logging/DebugLogHandler.cs:9)
UnityEngine.Logger:Log (UnityEngine.LogType,object) (at C:/build/output/unity/unity/Runtime/Export/Logging/Logger.cs:60)
UnityEngine.Debug:Log (object) (at C:/build/output/unity/unity/Runtime/Export/Debug/Debug.bindings.cs:123)
Game.View.CaptureRig:ConfigureCaptureView () (at C:/Users/d.grab/Desktop/the-game/artifacts/mobsv2-project/Assets/Game.View/CaptureRig.cs:962)
Game.View.CaptureRig/<Run>d__254:MoveNext () (at C:/Users/d.grab/Desktop/the-game/artifacts/mobsv2-project/Assets/Game.View/CaptureRig.cs:653)
UnityEngine.SetupCoroutine:InvokeMoveNext (System.Collections.IEnumerator,intptr) (at C:/build/output/unity/unity/Runtime/Export/Scripting/Coroutines.cs:17)

(Filename: C:/build/output/unity/unity/Runtime/Export/Debug/Debug.bindings.cs Line: 123)

[capture-grip] root=(-23.72, 0.67, -15.33), tip=(-23.06, 0.57, -15.40), length=0,678, edge=(-0.15, -0.99, 0.06), edgeDown=0,987, socketRight=(-0.99, -0.07, 0.11), socketUp=(0.06, -1.00, -0.05), socketForward=(0.12, -0.05, 0.99), renderer=Pelag_FantasySaber_Equipped, enabled=True, active=True, boundsCenter=(-23.61, 0.63, -15.34), boundsSize=(1.19, 0.43, 0.26), shader=Universal Render Pipeline/Lit
UnityEngine.Debug:ExtractStackTraceNoAlloc (byte*,int,string)
UnityEngine.StackTraceUtility:ExtractStackTrace () (at C:/build/output/unity/unity/Runtime/Export/Scripting/StackTrace.cs:35)
UnityEngine.DebugLogHandler:Internal_Log (UnityEngine.LogType,UnityEngine.LogOption,string,UnityEngine.Object)
UnityEngine.DebugLogHandler:LogFormat (UnityEngine.LogType,UnityEngine.Object,string,object[]) (at C:/build/output/unity/unity/Runtime/Export/Logging/DebugLogHandler.cs:9)
UnityEngine.Logger:Log (UnityEngine.LogType,object) (at C:/build/output/unity/unity/Runtime/Export/Logging/Logger.cs:60)
UnityEngine.Debug:Log (object) (at C:/build/output/unity/unity/Runtime/Export/Debug/Debug.bindings.cs:123)
Game.View.CaptureRig:ConfigureCaptureView () (at C:/Users/d.grab/Desktop/the-game/artifacts/mobsv2-project/Assets/Game.View/CaptureRig.cs:962)
Game.View.CaptureRig/<Run>d__254:MoveNext () (at C:/Users/d.grab/Desktop/the-game/artifacts/mobsv2-project/Assets/Game.View/CaptureRig.cs:653)
UnityEngine.SetupCoroutine:InvokeMoveNext (System.Collections.IEnumerator,intptr) (at C:/build/output/unity/unity/Runtime/Export/Scripting/Coroutines.cs:17)

(Filename: C:/build/output/unity/unity/Runtime/Export/Debug/Debug.bindings.cs Line: 123)

[capture-grip] root=(-23.71, 0.71, -15.34), tip=(-23.03, 0.67, -15.39), length=0,678, edge=(-0.06, -1.00, -0.06), edgeDown=0,996, socketRight=(-0.99, -0.16, 0.05), socketUp=(0.15, -0.98, -0.16), socketForward=(0.08, -0.15, 0.99), renderer=Pelag_FantasySaber_Equipped, enabled=True, active=True, boundsCenter=(-23.59, 0.68, -15.34), boundsSize=(1.18, 0.32, 0.22), shader=Universal Render Pipeline/Lit
UnityEngine.Debug:ExtractStackTraceNoAlloc (byte*,int,string)
UnityEngine.StackTraceUtility:ExtractStackTrace () (at C:/build/output/unity/unity/Runtime/Export/Scripting/StackTrace.cs:35)
UnityEngine.DebugLogHandler:Internal_Log (UnityEngine.LogType,UnityEngine.LogOption,string,UnityEngine.Object)
UnityEngine.DebugLogHandler:LogFormat (UnityEngine.LogType,UnityEngine.Object,string,object[]) (at C:/build/output/unity/unity/Runtime/Export/Logging/DebugLogHandler.cs:9)
UnityEngine.Logger:Log (UnityEngine.LogType,object) (at C:/build/output/unity/unity/Runtime/Export/Logging/Logger.cs:60)
UnityEngine.Debug:Log (object) (at C:/build/output/unity/unity/Runtime/Export/Debug/Debug.bindings.cs:123)
Game.View.CaptureRig:ConfigureCaptureView () (at C:/Users/d.grab/Desktop/the-game/artifacts/mobsv2-project/Assets/Game.View/CaptureRig.cs:962)
Game.View.CaptureRig/<Run>d__254:MoveNext () (at C:/Users/d.grab/Desktop/the-game/artifacts/mobsv2-project/Assets/Game.View/CaptureRig.cs:653)
UnityEngine.SetupCoroutine:InvokeMoveNext (System.Collections.IEnumerator,intptr) (at C:/build/output/unity/unity/Runtime/Export/Scripting/Coroutines.cs:17)

(Filename: C:/build/output/unity/unity/Runtime/Export/Debug/Debug.bindings.cs Line: 123)

[capture-grip] root=(-23.70, 0.76, -15.35), tip=(-23.02, 0.79, -15.38), length=0,678, edge=(0.04, -0.98, -0.18), edgeDown=0,982, socketRight=(-0.96, -0.26, -0.01), socketUp=(0.26, -0.93, -0.27), socketForward=(0.06, -0.26, 0.96), renderer=Pelag_FantasySaber_Equipped, enabled=True, active=True, boundsCenter=(-23.58, 0.74, -15.36), boundsSize=(1.17, 0.33, 0.20), shader=Universal Render Pipeline/Lit
UnityEngine.Debug:ExtractStackTraceNoAlloc (byte*,int,string)
UnityEngine.StackTraceUtility:ExtractStackTrace () (at C:/build/output/unity/unity/Runtime/Export/Scripting/StackTrace.cs:35)
UnityEngine.DebugLogHandler:Internal_Log (UnityEngine.LogType,UnityEngine.LogOption,string,UnityEngine.Object)
UnityEngine.DebugLogHandler:LogFormat (UnityEngine.LogType,UnityEngine.Object,string,object[]) (at C:/build/output/unity/unity/Runtime/Export/Logging/DebugLogHandler.cs:9)
UnityEngine.Logger:Log (UnityEngine.LogType,object) (at C:/build/output/unity/unity/Runtime/Export/Logging/Logger.cs:60)
UnityEngine.Debug:Log (object) (at C:/build/output/unity/unity/Runtime/Export/Debug/Debug.bindings.cs:123)
Game.View.CaptureRig:ConfigureCaptureView () (at C:/Users/d.grab/Desktop/the-game/artifacts/mobsv2-project/Assets/Game.View/CaptureRig.cs:962)
Game.View.CaptureRig/<Run>d__254:MoveNext () (at C:/Users/d.grab/Desktop/the-game/artifacts/mobsv2-project/Assets/Game.View/CaptureRig.cs:653)
UnityEngine.SetupCoroutine:InvokeMoveNext (System.Collections.IEnumerator,intptr) (at C:/build/output/unity/unity/Runtime/Export/Scripting/Coroutines.cs:17)

(Filename: C:/build/output/unity/unity/Runtime/Export/Debug/Debug.bindings.cs Line: 123)

[capture-grip] root=(-23.70, 0.81, -15.36), tip=(-23.03, 0.90, -15.35), length=0,678, edge=(0.14, -0.94, -0.30), edgeDown=0,942, socketRight=(-0.94, -0.34, -0.08), socketUp=(0.35, -0.86, -0.37), socketForward=(0.06, -0.38, 0.92), renderer=Pelag_FantasySaber_Equipped, enabled=True, active=True, boundsCenter=(-23.58, 0.80, -15.36), boundsSize=(1.19, 0.44, 0.19), shader=Universal Render Pipeline/Lit
UnityEngine.Debug:ExtractStackTraceNoAlloc (byte*,int,string)
UnityEngine.StackTraceUtility:ExtractStackTrace () (at C:/build/output/unity/unity/Runtime/Export/Scripting/StackTrace.cs:35)
UnityEngine.DebugLogHandler:Internal_Log (UnityEngine.LogType,UnityEngine.LogOption,string,UnityEngine.Object)
UnityEngine.DebugLogHandler:LogFormat (UnityEngine.LogType,UnityEngine.Object,string,object[]) (at C:/build/output/unity/unity/Runtime/Export/Logging/DebugLogHandler.cs:9)
UnityEngine.Logger:Log (UnityEngine.LogType,object) (at C:/build/output/unity/unity/Runtime/Export/Logging/Logger.cs:60)
UnityEngine.Debug:Log (object) (at C:/build/output/unity/unity/Runtime/Export/Debug/Debug.bindings.cs:123)
Game.View.CaptureRig:ConfigureCaptureView () (at C:/Users/d.grab/Desktop/the-game/artifacts/mobsv2-project/Assets/Game.View/CaptureRig.cs:962)
Game.View.CaptureRig/<Run>d__254:MoveNext () (at C:/Users/d.grab/Desktop/the-game/artifacts/mobsv2-project/Assets/Game.View/CaptureRig.cs:653)
UnityEngine.SetupCoroutine:InvokeMoveNext (System.Collections.IEnumerator,intptr) (at C:/build/output/unity/unity/Runtime/Export/Scripting/Coroutines.cs:17)

(Filename: C:/build/output/unity/unity/Runtime/Export/Debug/Debug.bindings.cs Line: 123)

[capture-grip] root=(-23.71, 0.86, -15.35), tip=(-23.05, 1.00, -15.31), length=0,678, edge=(0.22, -0.88, -0.42), edgeDown=0,880, socketRight=(-0.90, -0.40, -0.16), socketUp=(0.43, -0.77, -0.47), socketForward=(0.06, -0.49, 0.87), renderer=Pelag_FantasySaber_Equipped, enabled=True, active=True, boundsCenter=(-23.59, 0.86, -15.36), boundsSize=(1.19, 0.52, 0.28), shader=Universal Render Pipeline/Lit
UnityEngine.Debug:ExtractStackTraceNoAlloc (byte*,int,string)
UnityEngine.StackTraceUtility:ExtractStackTrace () (at C:/build/output/unity/unity/Runtime/Export/Scripting/StackTrace.cs:35)
UnityEngine.DebugLogHandler:Internal_Log (UnityEngine.LogType,UnityEngine.LogOption,string,UnityEngine.Object)
UnityEngine.DebugLogHandler:LogFormat (UnityEngine.LogType,UnityEngine.Object,string,object[]) (at C:/build/output/unity/unity/Runtime/Export/Logging/DebugLogHandler.cs:9)
UnityEngine.Logger:Log (UnityEngine.LogType,object) (at C:/build/output/unity/unity/Runtime/Export/Logging/Logger.cs:60)
UnityEngine.Debug:Log (object) (at C:/build/output/unity/unity/Runtime/Export/Debug/Debug.bindings.cs:123)
Game.View.CaptureRig:ConfigureCaptureView () (at C:/Users/d.grab/Desktop/the-game/artifacts/mobsv2-project/Assets/Game.View/CaptureRig.cs:962)
Game.View.CaptureRig/<Run>d__254:MoveNext () (at C:/Users/d.grab/Desktop/the-game/artifacts/mobsv2-project/Assets/Game.View/CaptureRig.cs:653)
UnityEngine.SetupCoroutine:InvokeMoveNext (System.Collections.IEnumerator,intptr) (at C:/build/output/unity/unity/Runtime/Export/Scripting/Coroutines.cs:17)

(Filename: C:/build/output/unity/unity/Runtime/Export/Debug/Debug.bindings.cs Line: 123)

[capture-grip] root=(-23.73, 0.90, -15.35), tip=(-23.08, 1.09, -15.26), length=0,678, edge=(0.29, -0.80, -0.52), edgeDown=0,802, socketRight=(-0.87, -0.43, -0.24), socketUp=(0.49, -0.68, -0.55), socketForward=(0.07, -0.60, 0.80), renderer=Pelag_FantasySaber_Equipped, enabled=True, active=True, boundsCenter=(-23.61, 0.91, -15.34), boundsSize=(1.19, 0.57, 0.37), shader=Universal Render Pipeline/Lit
UnityEngine.Debug:ExtractStackTraceNoAlloc (byte*,int,string)
UnityEngine.StackTraceUtility:ExtractStackTrace () (at C:/build/output/unity/unity/Runtime/Export/Scripting/StackTrace.cs:35)
UnityEngine.DebugLogHandler:Internal_Log (UnityEngine.LogType,UnityEngine.LogOption,string,UnityEngine.Object)
UnityEngine.DebugLogHandler:LogFormat (UnityEngine.LogType,UnityEngine.Object,string,object[]) (at C:/build/output/unity/unity/Runtime/Export/Logging/DebugLogHandler.cs:9)
UnityEngine.Logger:Log (UnityEngine.LogType,object) (at C:/build/output/unity/unity/Runtime/Export/Logging/Logger.cs:60)
UnityEngine.Debug:Log (object) (at C:/build/output/unity/unity/Runtime/Export/Debug/Debug.bindings.cs:123)
Game.View.CaptureRig:ConfigureCaptureView () (at C:/Users/d.grab/Desktop/the-game/artifacts/mobsv2-project/Assets/Game.View/CaptureRig.cs:962)
Game.View.CaptureRig/<Run>d__254:MoveNext () (at C:/Users/d.grab/Desktop/the-game/artifacts/mobsv2-project/Assets/Game.View/CaptureRig.cs:653)
UnityEngine.SetupCoroutine:InvokeMoveNext (System.Collections.IEnumerator,intptr) (at C:/build/output/unity/unity/Runtime/Export/Scripting/Coroutines.cs:17)

(Filename: C:/build/output/unity/unity/Runtime/Export/Debug/Debug.bindings.cs Line: 123)

[capture-grip] root=(-23.74, 0.95, -15.33), tip=(-23.11, 1.15, -15.21), length=0,678, edge=(0.35, -0.71, -0.61), edgeDown=0,715, socketRight=(-0.84, -0.44, -0.32), socketUp=(0.54, -0.58, -0.61), socketForward=(0.09, -0.69, 0.72), renderer=Pelag_FantasySaber_Equipped, enabled=True, active=True, boundsCenter=(-23.63, 0.97, -15.32), boundsSize=(1.18, 0.60, 0.45), shader=Universal Render Pipeline/Lit
UnityEngine.Debug:ExtractStackTraceNoAlloc (byte*,int,string)
UnityEngine.StackTraceUtility:ExtractStackTrace () (at C:/build/output/unity/unity/Runtime/Export/Scripting/StackTrace.cs:35)
UnityEngine.DebugLogHandler:Internal_Log (UnityEngine.LogType,UnityEngine.LogOption,string,UnityEngine.Object)
UnityEngine.DebugLogHandler:LogFormat (UnityEngine.LogType,UnityEngine.Object,string,object[]) (at C:/build/output/unity/unity/Runtime/Export/Logging/DebugLogHandler.cs:9)
UnityEngine.Logger:Log (UnityEngine.LogType,object) (at C:/build/output/unity/unity/Runtime/Export/Logging/Logger.cs:60)
UnityEngine.Debug:Log (object) (at C:/build/output/unity/unity/Runtime/Export/Debug/Debug.bindings.cs:123)
Game.View.CaptureRig:ConfigureCaptureView () (at C:/Users/d.grab/Desktop/the-game/artifacts/mobsv2-project/Assets/Game.View/CaptureRig.cs:962)
Game.View.CaptureRig/<Run>d__254:MoveNext () (at C:/Users/d.grab/Desktop/the-game/artifacts/mobsv2-project/Assets/Game.View/CaptureRig.cs:653)
UnityEngine.SetupCoroutine:InvokeMoveNext (System.Collections.IEnumerator,intptr) (at C:/build/output/unity/unity/Runtime/Export/Scripting/Coroutines.cs:17)

(Filename: C:/build/output/unity/unity/Runtime/Export/Debug/Debug.bindings.cs Line: 123)

[capture-grip] root=(-23.77, 0.99, -15.30), tip=(-23.14, 1.21, -15.14), length=0,678, edge=(0.39, -0.62, -0.68), edgeDown=0,622, socketRight=(-0.81, -0.44, -0.39), socketUp=(0.58, -0.48, -0.66), socketForward=(0.10, -0.76, 0.64), renderer=Pelag_FantasySaber_Equipped, enabled=True, active=True, boundsCenter=(-23.65, 1.01, -15.29), boundsSize=(1.17, 0.60, 0.53), shader=Universal Render Pipeline/Lit
UnityEngine.Debug:ExtractStackTraceNoAlloc (byte*,int,string)
UnityEngine.StackTraceUtility:ExtractStackTrace () (at C:/build/output/unity/unity/Runtime/Export/Scripting/StackTrace.cs:35)
UnityEngine.DebugLogHandler:Internal_Log (UnityEngine.LogType,UnityEngine.LogOption,string,UnityEngine.Object)
UnityEngine.DebugLogHandler:LogFormat (UnityEngine.LogType,UnityEngine.Object,string,object[]) (at C:/build/output/unity/unity/Runtime/Export/Logging/DebugLogHandler.cs:9)
UnityEngine.Logger:Log (UnityEngine.LogType,object) (at C:/build/output/unity/unity/Runtime/Export/Logging/Logger.cs:60)
UnityEngine.Debug:Log (object) (at C:/build/output/unity/unity/Runtime/Export/Debug/Debug.bindings.cs:123)
Game.View.CaptureRig:ConfigureCaptureView () (at C:/Users/d.grab/Desktop/the-game/artifacts/mobsv2-project/Assets/Game.View/CaptureRig.cs:962)
Game.View.CaptureRig/<Run>d__254:MoveNext () (at C:/Users/d.grab/Desktop/the-game/artifacts/mobsv2-project/Assets/Game.View/CaptureRig.cs:653)
UnityEngine.SetupCoroutine:InvokeMoveNext (System.Collections.IEnumerator,intptr) (at C:/build/output/unity/unity/Runtime/Export/Scripting/Coroutines.cs:17)

(Filename: C:/build/output/unity/unity/Runtime/Export/Debug/Debug.bindings.cs Line: 123)

[capture-grip] root=(-23.79, 1.03, -15.27), tip=(-23.18, 1.24, -15.07), length=0,678, edge=(0.43, -0.53, -0.73), edgeDown=0,529, socketRight=(-0.78, -0.42, -0.46), socketUp=(0.61, -0.38, -0.70), socketForward=(0.12, -0.83, 0.55), renderer=Pelag_FantasySaber_Equipped, enabled=True, active=True, boundsCenter=(-23.67, 1.05, -15.26), boundsSize=(1.16, 0.59, 0.60), shader=Universal Render Pipeline/Lit
UnityEngine.Debug:ExtractStackTraceNoAlloc (byte*,int,string)
UnityEngine.StackTraceUtility:ExtractStackTrace () (at C:/build/output/unity/unity/Runtime/Export/Scripting/StackTrace.cs:35)
UnityEngine.DebugLogHandler:Internal_Log (UnityEngine.LogType,UnityEngine.LogOption,string,UnityEngine.Object)
UnityEngine.DebugLogHandler:LogFormat (UnityEngine.LogType,UnityEngine.Object,string,object[]) (at C:/build/output/unity/unity/Runtime/Export/Logging/DebugLogHandler.cs:9)
UnityEngine.Logger:Log (UnityEngine.LogType,object) (at C:/build/output/unity/unity/Runtime/Export/Logging/Logger.cs:60)
UnityEngine.Debug:Log (object) (at C:/build/output/unity/unity/Runtime/Export/Debug/Debug.bindings.cs:123)
Game.View.CaptureRig:ConfigureCaptureView () (at C:/Users/d.grab/Desktop/the-game/artifacts/mobsv2-project/Assets/Game.View/CaptureRig.cs:962)
Game.View.CaptureRig/<Run>d__254:MoveNext () (at C:/Users/d.grab/Desktop/the-game/artifacts/mobsv2-project/Assets/Game.View/CaptureRig.cs:653)
UnityEngine.SetupCoroutine:InvokeMoveNext (System.Collections.IEnumerator,intptr) (at C:/build/output/unity/unity/Runtime/Export/Scripting/Coroutines.cs:17)

(Filename: C:/build/output/unity/unity/Runtime/Export/Debug/Debug.bindings.cs Line: 123)

[capture-grip] root=(-23.81, 1.05, -15.24), tip=(-23.21, 1.27, -15.00), length=0,678, edge=(0.46, -0.44, -0.77), edgeDown=0,439, socketRight=(-0.76, -0.39, -0.52), socketUp=(0.63, -0.29, -0.72), socketForward=(0.13, -0.87, 0.47), renderer=Pelag_FantasySaber_Equipped, enabled=True, active=True, boundsCenter=(-23.70, 1.08, -15.21), boundsSize=(1.15, 0.57, 0.66), shader=Universal Render Pipeline/Lit
UnityEngine.Debug:ExtractStackTraceNoAlloc (byte*,int,string)
UnityEngine.StackTraceUtility:ExtractStackTrace () (at C:/build/output/unity/unity/Runtime/Export/Scripting/StackTrace.cs:35)
UnityEngine.DebugLogHandler:Internal_Log (UnityEngine.LogType,UnityEngine.LogOption,string,UnityEngine.Object)
UnityEngine.DebugLogHandler:LogFormat (UnityEngine.LogType,UnityEngine.Object,string,object[]) (at C:/build/output/unity/unity/Runtime/Export/Logging/DebugLogHandler.cs:9)
UnityEngine.Logger:Log (UnityEngine.LogType,object) (at C:/build/output/unity/unity/Runtime/Export/Logging/Logger.cs:60)
UnityEngine.Debug:Log (object) (at C:/build/output/unity/unity/Runtime/Export/Debug/Debug.bindings.cs:123)
Game.View.CaptureRig:ConfigureCaptureView () (at C:/Users/d.grab/Desktop/the-game/artifacts/mobsv2-project/Assets/Game.View/CaptureRig.cs:962)
Game.View.CaptureRig/<Run>d__254:MoveNext () (at C:/Users/d.grab/Desktop/the-game/artifacts/mobsv2-project/Assets/Game.View/CaptureRig.cs:653)
UnityEngine.SetupCoroutine:InvokeMoveNext (System.Collections.IEnumerator,intptr) (at C:/build/output/unity/unity/Runtime/Export/Scripting/Coroutines.cs:17)

(Filename: C:/build/output/unity/unity/Runtime/Export/Debug/Debug.bindings.cs Line: 123)

[capture-lines] TrailRenderer «Leap side stroke 1» путь=«Bootstrap/Симуляция/Leap side stroke 1» emitting=False позиция=(0.00, 0.00, 0.00)
UnityEngine.Debug:ExtractStackTraceNoAlloc (byte*,int,string)
UnityEngine.StackTraceUtility:ExtractStackTrace () (at C:/build/output/unity/unity/Runtime/Export/Scripting/StackTrace.cs:35)
UnityEngine.DebugLogHandler:Internal_Log (UnityEngine.LogType,UnityEngine.LogOption,string,UnityEngine.Object)
UnityEngine.DebugLogHandler:LogFormat (UnityEngine.LogType,UnityEngine.Object,string,object[]) (at C:/build/output/unity/unity/Runtime/Export/Logging/DebugLogHandler.cs:9)
UnityEngine.Logger:Log (UnityEngine.LogType,object) (at C:/build/output/unity/unity/Runtime/Export/Logging/Logger.cs:60)
UnityEngine.Debug:Log (object) (at C:/build/output/unity/unity/Runtime/Export/Debug/Debug.bindings.cs:123)
Game.View.CaptureRig:DumpSceneLines () (at C:/Users/d.grab/Desktop/the-game/artifacts/mobsv2-project/Assets/Game.View/CaptureRig.cs:1041)
Game.View.CaptureRig:CaptureStill (int,single) (at C:/Users/d.grab/Desktop/the-game/artifacts/mobsv2-project/Assets/Game.View/CaptureRig.cs:1055)
Game.View.CaptureRig/<Run>d__254:MoveNext () (at C:/Users/d.grab/Desktop/the-game/artifacts/mobsv2-project/Assets/Game.View/CaptureRig.cs:666)
UnityEngine.SetupCoroutine:InvokeMoveNext (System.Collections.IEnumerator,intptr) (at C:/build/output/unity/unity/Runtime/Export/Scripting/Coroutines.cs:17)

(Filename: C:/build/output/unity/unity/Runtime/Export/Debug/Debug.bindings.cs Line: 123)

[capture-lines] TrailRenderer «Leap side stroke 0» путь=«Bootstrap/Симуляция/Leap side stroke 0» emitting=False позиция=(0.00, 0.00, 0.00)
UnityEngine.Debug:ExtractStackTraceNoAlloc (byte*,int,string)
UnityEngine.StackTraceUtility:ExtractStackTrace () (at C:/build/output/unity/unity/Runtime/Export/Scripting/StackTrace.cs:35)
UnityEngine.DebugLogHandler:Internal_Log (UnityEngine.LogType,UnityEngine.LogOption,string,UnityEngine.Object)
UnityEngine.DebugLogHandler:LogFormat (UnityEngine.LogType,UnityEngine.Object,string,object[]) (at C:/build/output/unity/unity/Runtime/Export/Logging/DebugLogHandler.cs:9)
UnityEngine.Logger:Log (UnityEngine.LogType,object) (at C:/build/output/unity/unity/Runtime/Export/Logging/Logger.cs:60)
UnityEngine.Debug:Log (object) (at C:/build/output/unity/unity/Runtime/Export/Debug/Debug.bindings.cs:123)
Game.View.CaptureRig:DumpSceneLines () (at C:/Users/d.grab/Desktop/the-game/artifacts/mobsv2-project/Assets/Game.View/CaptureRig.cs:1041)
Game.View.CaptureRig:CaptureStill (int,single) (at C:/Users/d.grab/Desktop/the-game/artifacts/mobsv2-project/Assets/Game.View/CaptureRig.cs:1055)
Game.View.CaptureRig/<Run>d__254:MoveNext () (at C:/Users/d.grab/Desktop/the-game/artifacts/mobsv2-project/Assets/Game.View/CaptureRig.cs:666)
UnityEngine.SetupCoroutine:InvokeMoveNext (System.Collections.IEnumerator,intptr) (at C:/build/output/unity/unity/Runtime/Export/Scripting/Coroutines.cs:17)

(Filename: C:/build/output/unity/unity/Runtime/Export/Debug/Debug.bindings.cs Line: 123)

[capture-lines] TrailRenderer «Pelag Leap Trail» путь=«Bootstrap/Симуляция/Pelag Leap Trail» emitting=False позиция=(0.00, 0.00, 0.00)
UnityEngine.Debug:ExtractStackTraceNoAlloc (byte*,int,string)
UnityEngine.StackTraceUtility:ExtractStackTrace () (at C:/build/output/unity/unity/Runtime/Export/Scripting/StackTrace.cs:35)
UnityEngine.DebugLogHandler:Internal_Log (UnityEngine.LogType,UnityEngine.LogOption,string,UnityEngine.Object)
UnityEngine.DebugLogHandler:LogFormat (UnityEngine.LogType,UnityEngine.Object,string,object[]) (at C:/build/output/unity/unity/Runtime/Export/Logging/DebugLogHandler.cs:9)
UnityEngine.Logger:Log (UnityEngine.LogType,object) (at C:/build/output/unity/unity/Runtime/Export/Logging/Logger.cs:60)
UnityEngine.Debug:Log (object) (at C:/build/output/unity/unity/Runtime/Export/Debug/Debug.bindings.cs:123)
Game.View.CaptureRig:DumpSceneLines () (at C:/Users/d.grab/Desktop/the-game/artifacts/mobsv2-project/Assets/Game.View/CaptureRig.cs:1041)
Game.View.CaptureRig:CaptureStill (int,single) (at C:/Users/d.grab/Desktop/the-game/artifacts/mobsv2-project/Assets/Game.View/CaptureRig.cs:1055)
Game.View.CaptureRig/<Run>d__254:MoveNext () (at C:/Users/d.grab/Desktop/the-game/artifacts/mobsv2-project/Assets/Game.View/CaptureRig.cs:666)
UnityEngine.SetupCoroutine:InvokeMoveNext (System.Collections.IEnumerator,intptr) (at C:/build/output/unity/unity/Runtime/Export/Scripting/Coroutines.cs:17)

(Filename: C:/build/output/unity/unity/Runtime/Export/Debug/Debug.bindings.cs Line: 123)

[capture-lines] TrailRenderer «Skewer wake» путь=«Bootstrap/Симуляция/Skewer wake» emitting=False позиция=(-24.00, 0.72, -15.00)
UnityEngine.Debug:ExtractStackTraceNoAlloc (byte*,int,string)
UnityEngine.StackTraceUtility:ExtractStackTrace () (at C:/build/output/unity/unity/Runtime/Export/Scripting/StackTrace.cs:35)
UnityEngine.DebugLogHandler:Internal_Log (UnityEngine.LogType,UnityEngine.LogOption,string,UnityEngine.Object)
UnityEngine.DebugLogHandler:LogFormat (UnityEngine.LogType,UnityEngine.Object,string,object[]) (at C:/build/output/unity/unity/Runtime/Export/Logging/DebugLogHandler.cs:9)
UnityEngine.Logger:Log (UnityEngine.LogType,object) (at C:/build/output/unity/unity/Runtime/Export/Logging/Logger.cs:60)
UnityEngine.Debug:Log (object) (at C:/build/output/unity/unity/Runtime/Export/Debug/Debug.bindings.cs:123)
Game.View.CaptureRig:DumpSceneLines () (at C:/Users/d.grab/Desktop/the-game/artifacts/mobsv2-project/Assets/Game.View/CaptureRig.cs:1041)
Game.View.CaptureRig:CaptureStill (int,single) (at C:/Users/d.grab/Desktop/the-game/artifacts/mobsv2-project/Assets/Game.View/CaptureRig.cs:1055)
Game.View.CaptureRig/<Run>d__254:MoveNext () (at C:/Users/d.grab/Desktop/the-game/artifacts/mobsv2-project/Assets/Game.View/CaptureRig.cs:666)
UnityEngine.SetupCoroutine:InvokeMoveNext (System.Collections.IEnumerator,intptr) (at C:/build/output/unity/unity/Runtime/Export/Scripting/Coroutines.cs:17)

(Filename: C:/build/output/unity/unity/Runtime/Export/Debug/Debug.bindings.cs Line: 123)

[capture-lines] TrailRenderer «Anchor weight stroke» путь=«Bootstrap/Симуляция/Пул: Wole/Wole #0/Anchor weight stroke» emitting=False позиция=(-24.00, 0.00, -15.00)
UnityEngine.Debug:ExtractStackTraceNoAlloc (byte*,int,string)
UnityEngine.StackTraceUtility:ExtractStackTrace () (at C:/build/output/unity/unity/Runtime/Export/Scripting/StackTrace.cs:35)
UnityEngine.DebugLogHandler:Internal_Log (UnityEngine.LogType,UnityEngine.LogOption,string,UnityEngine.Object)
UnityEngine.DebugLogHandler:LogFormat (UnityEngine.LogType,UnityEngine.Object,string,object[]) (at C:/build/output/unity/unity/Runtime/Export/Logging/DebugLogHandler.cs:9)
UnityEngine.Logger:Log (UnityEngine.LogType,object) (at C:/build/output/unity/unity/Runtime/Export/Logging/Logger.cs:60)
UnityEngine.Debug:Log (object) (at C:/build/output/unity/unity/Runtime/Export/Debug/Debug.bindings.cs:123)
Game.View.CaptureRig:DumpSceneLines () (at C:/Users/d.grab/Desktop/the-game/artifacts/mobsv2-project/Assets/Game.View/CaptureRig.cs:1041)
Game.View.CaptureRig:CaptureStill (int,single) (at C:/Users/d.grab/Desktop/the-game/artifacts/mobsv2-project/Assets/Game.View/CaptureRig.cs:1055)
Game.View.CaptureRig/<Run>d__254:MoveNext () (at C:/Users/d.grab/Desktop/the-game/artifacts/mobsv2-project/Assets/Game.View/CaptureRig.cs:666)
UnityEngine.SetupCoroutine:InvokeMoveNext (System.Collections.IEnumerator,intptr) (at C:/build/output/unity/unity/Runtime/Export/Scripting/Coroutines.cs:17)

(Filename: C:/build/output/unity/unity/Runtime/Export/Debug/Debug.bindings.cs Line: 123)

[capture] C:/Users/d.grab/Desktop/the-game/ART/characters/pelag/demo-polish-2026-09-30/baseline/forest\shot_00_t1.50s.png  1920x1080
UnityEngine.Debug:ExtractStackTraceNoAlloc (byte*,int,string)
UnityEngine.StackTraceUtility:ExtractStackTrace () (at C:/build/output/unity/unity/Runtime/Export/Scripting/StackTrace.cs:35)
UnityEngine.DebugLogHandler:Internal_Log (UnityEngine.LogType,UnityEngine.LogOption,string,UnityEngine.Object)
UnityEngine.DebugLogHandler:LogFormat (UnityEngine.LogType,UnityEngine.Object,string,object[]) (at C:/build/output/unity/unity/Runtime/Export/Logging/DebugLogHandler.cs:9)
UnityEngine.Logger:Log (UnityEngine.LogType,object) (at C:/build/output/unity/unity/Runtime/Export/Logging/Logger.cs:60)
UnityEngine.Debug:Log (object) (at C:/build/output/unity/unity/Runtime/Export/Debug/Debug.bindings.cs:123)
Game.View.CaptureRig:CaptureStill (int,single) (at C:/Users/d.grab/Desktop/the-game/artifacts/mobsv2-project/Assets/Game.View/CaptureRig.cs:1062)
Game.View.CaptureRig/<Run>d__254:MoveNext () (at C:/Users/d.grab/Desktop/the-game/artifacts/mobsv2-project/Assets/Game.View/CaptureRig.cs:666)
UnityEngine.SetupCoroutine:InvokeMoveNext (System.Collections.IEnumerator,intptr) (at C:/build/output/unity/unity/Runtime/Export/Scripting/Coroutines.cs:17)

(Filename: C:/build/output/unity/unity/Runtime/Export/Debug/Debug.bindings.cs Line: 123)

[capture-grip] root=(-23.82, 1.05, -15.24), tip=(-23.22, 1.26, -15.01), length=0,678, edge=(0.46, -0.44, -0.77), edgeDown=0,443, socketRight=(-0.76, -0.39, -0.51), socketUp=(0.63, -0.29, -0.72), socketForward=(0.13, -0.87, 0.47), renderer=Pelag_FantasySaber_Equipped, enabled=True, active=True, boundsCenter=(-23.70, 1.07, -15.22), boundsSize=(1.15, 0.57, 0.65), shader=Universal Render Pipeline/Lit
UnityEngine.Debug:ExtractStackTraceNoAlloc (byte*,int,string)
UnityEngine.StackTraceUtility:ExtractStackTrace () (at C:/build/output/unity/unity/Runtime/Export/Scripting/StackTrace.cs:35)
UnityEngine.DebugLogHandler:Internal_Log (UnityEngine.LogType,UnityEngine.LogOption,string,UnityEngine.Object)
UnityEngine.DebugLogHandler:LogFormat (UnityEngine.LogType,UnityEngine.Object,string,object[]) (at C:/build/output/unity/unity/Runtime/Export/Logging/DebugLogHandler.cs:9)
UnityEngine.Logger:Log (UnityEngine.LogType,object) (at C:/build/output/unity/unity/Runtime/Export/Logging/Logger.cs:60)
UnityEngine.Debug:Log (object) (at C:/build/output/unity/unity/Runtime/Export/Debug/Debug.bindings.cs:123)
Game.View.CaptureRig:ConfigureCaptureView () (at C:/Users/d.grab/Desktop/the-game/artifacts/mobsv2-project/Assets/Game.View/CaptureRig.cs:962)
Game.View.CaptureRig/<Run>d__254:MoveNext () (at C:/Users/d.grab/Desktop/the-game/artifacts/mobsv2-project/Assets/Game.View/CaptureRig.cs:653)
UnityEngine.SetupCoroutine:InvokeMoveNext (System.Collections.IEnumerator,intptr) (at C:/build/output/unity/unity/Runtime/Export/Scripting/Coroutines.cs:17)

(Filename: C:/build/output/unity/unity/Runtime/Export/Debug/Debug.bindings.cs Line: 123)

[capture-grip] root=(-23.82, 1.05, -15.24), tip=(-23.22, 1.26, -15.01), length=0,678, edge=(0.45, -0.45, -0.77), edgeDown=0,447, socketRight=(-0.77, -0.39, -0.51), socketUp=(0.63, -0.30, -0.72), socketForward=(0.13, -0.87, 0.47), renderer=Pelag_FantasySaber_Equipped, enabled=True, active=True, boundsCenter=(-23.71, 1.07, -15.22), boundsSize=(1.15, 0.57, 0.65), shader=Universal Render Pipeline/Lit
UnityEngine.Debug:ExtractStackTraceNoAlloc (byte*,int,string)
UnityEngine.StackTraceUtility:ExtractStackTrace () (at C:/build/output/unity/unity/Runtime/Export/Scripting/StackTrace.cs:35)
UnityEngine.DebugLogHandler:Internal_Log (UnityEngine.LogType,UnityEngine.LogOption,string,UnityEngine.Object)
UnityEngine.DebugLogHandler:LogFormat (UnityEngine.LogType,UnityEngine.Object,string,object[]) (at C:/build/output/unity/unity/Runtime/Export/Logging/DebugLogHandler.cs:9)
UnityEngine.Logger:Log (UnityEngine.LogType,object) (at C:/build/output/unity/unity/Runtime/Export/Logging/Logger.cs:60)
UnityEngine.Debug:Log (object) (at C:/build/output/unity/unity/Runtime/Export/Debug/Debug.bindings.cs:123)
Game.View.CaptureRig:ConfigureCaptureView () (at C:/Users/d.grab/Desktop/the-game/artifacts/mobsv2-project/Assets/Game.View/CaptureRig.cs:962)
Game.View.CaptureRig/<Run>d__254:MoveNext () (at C:/Users/d.grab/Desktop/the-game/artifacts/mobsv2-project/Assets/Game.View/CaptureRig.cs:653)
UnityEngine.SetupCoroutine:InvokeMoveNext (System.Collections.IEnumerator,intptr) (at C:/build/output/unity/unity/Runtime/Export/Scripting/Coroutines.cs:17)

(Filename: C:/build/output/unity/unity/Runtime/Export/Debug/Debug.bindings.cs Line: 123)

[capture-grip] root=(-23.83, 1.04, -15.25), tip=(-23.22, 1.25, -15.02), length=0,678, edge=(0.45, -0.45, -0.77), edgeDown=0,450, socketRight=(-0.77, -0.39, -0.50), socketUp=(0.62, -0.30, -0.72), socketForward=(0.13, -0.87, 0.47), renderer=Pelag_FantasySaber_Equipped, enabled=True, active=True, boundsCenter=(-23.71, 1.07, -15.22), boundsSize=(1.15, 0.57, 0.65), shader=Universal Render Pipeline/Lit
UnityEngine.Debug:ExtractStackTraceNoAlloc (byte*,int,string)
UnityEngine.StackTraceUtility:ExtractStackTrace () (at C:/build/output/unity/unity/Runtime/Export/Scripting/StackTrace.cs:35)
UnityEngine.DebugLogHandler:Internal_Log (UnityEngine.LogType,UnityEngine.LogOption,string,UnityEngine.Object)
UnityEngine.DebugLogHandler:LogFormat (UnityEngine.LogType,UnityEngine.Object,string,object[]) (at C:/build/output/unity/unity/Runtime/Export/Logging/DebugLogHandler.cs:9)
UnityEngine.Logger:Log (UnityEngine.LogType,object) (at C:/build/output/unity/unity/Runtime/Export/Logging/Logger.cs:60)
UnityEngine.Debug:Log (object) (at C:/build/output/unity/unity/Runtime/Export/Debug/Debug.bindings.cs:123)
Game.View.CaptureRig:ConfigureCaptureView () (at C:/Users/d.grab/Desktop/the-game/artifacts/mobsv2-project/Assets/Game.View/CaptureRig.cs:962)
Game.View.CaptureRig/<Run>d__254:MoveNext () (at C:/Users/d.grab/Desktop/the-game/artifacts/mobsv2-project/Assets/Game.View/CaptureRig.cs:653)
UnityEngine.SetupCoroutine:InvokeMoveNext (System.Collections.IEnumerator,intptr) (at C:/build/output/unity/unity/Runtime/Export/Scripting/Coroutines.cs:17)

(Filename: C:/build/output/unity/unity/Runtime/Export/Debug/Debug.bindings.cs Line: 123)

[capture-grip] root=(-23.83, 1.04, -15.25), tip=(-23.23, 1.25, -15.02), length=0,678, edge=(0.45, -0.45, -0.77), edgeDown=0,453, socketRight=(-0.77, -0.39, -0.50), socketUp=(0.62, -0.30, -0.72), socketForward=(0.13, -0.87, 0.48), renderer=Pelag_FantasySaber_Equipped, enabled=True, active=True, boundsCenter=(-23.72, 1.06, -15.23), boundsSize=(1.15, 0.56, 0.64), shader=Universal Render Pipeline/Lit
UnityEngine.Debug:ExtractStackTraceNoAlloc (byte*,int,string)
UnityEngine.StackTraceUtility:ExtractStackTrace () (at C:/build/output/unity/unity/Runtime/Export/Scripting/StackTrace.cs:35)
UnityEngine.DebugLogHandler:Internal_Log (UnityEngine.LogType,UnityEngine.LogOption,string,UnityEngine.Object)
UnityEngine.DebugLogHandler:LogFormat (UnityEngine.LogType,UnityEngine.Object,string,object[]) (at C:/build/output/unity/unity/Runtime/Export/Logging/DebugLogHandler.cs:9)
UnityEngine.Logger:Log (UnityEngine.LogType,object) (at C:/build/output/unity/unity/Runtime/Export/Logging/Logger.cs:60)
UnityEngine.Debug:Log (object) (at C:/build/output/unity/unity/Runtime/Export/Debug/Debug.bindings.cs:123)
Game.View.CaptureRig:ConfigureCaptureView () (at C:/Users/d.grab/Desktop/the-game/artifacts/mobsv2-project/Assets/Game.View/CaptureRig.cs:962)
Game.View.CaptureRig/<Run>d__254:MoveNext () (at C:/Users/d.grab/Desktop/the-game/artifacts/mobsv2-project/Assets/Game.View/CaptureRig.cs:653)
UnityEngine.SetupCoroutine:InvokeMoveNext (System.Collections.IEnumerator,intptr) (at C:/build/output/unity/unity/Runtime/Export/Scripting/Coroutines.cs:17)

(Filename: C:/build/output/unity/unity/Runtime/Export/Debug/Debug.bindings.cs Line: 123)

[capture-grip] root=(-23.83, 1.03, -15.25), tip=(-23.23, 1.24, -15.03), length=0,678, edge=(0.44, -0.45, -0.77), edgeDown=0,455, socketRight=(-0.78, -0.39, -0.50), socketUp=(0.62, -0.31, -0.72), socketForward=(0.13, -0.87, 0.48), renderer=Pelag_FantasySaber_Equipped, enabled=True, active=True, boundsCenter=(-23.72, 1.06, -15.23), boundsSize=(1.16, 0.56, 0.64), shader=Universal Render Pipeline/Lit
UnityEngine.Debug:ExtractStackTraceNoAlloc (byte*,int,string)
UnityEngine.StackTraceUtility:ExtractStackTrace () (at C:/build/output/unity/unity/Runtime/Export/Scripting/StackTrace.cs:35)
UnityEngine.DebugLogHandler:Internal_Log (UnityEngine.LogType,UnityEngine.LogOption,string,UnityEngine.Object)
UnityEngine.DebugLogHandler:LogFormat (UnityEngine.LogType,UnityEngine.Object,string,object[]) (at C:/build/output/unity/unity/Runtime/Export/Logging/DebugLogHandler.cs:9)
UnityEngine.Logger:Log (UnityEngine.LogType,object) (at C:/build/output/unity/unity/Runtime/Export/Logging/Logger.cs:60)
UnityEngine.Debug:Log (object) (at C:/build/output/unity/unity/Runtime/Export/Debug/Debug.bindings.cs:123)
Game.View.CaptureRig:ConfigureCaptureView () (at C:/Users/d.grab/Desktop/the-game/artifacts/mobsv2-project/Assets/Game.View/CaptureRig.cs:962)
Game.View.CaptureRig/<Run>d__254:MoveNext () (at C:/Users/d.grab/Desktop/the-game/artifacts/mobsv2-project/Assets/Game.View/CaptureRig.cs:653)
UnityEngine.SetupCoroutine:InvokeMoveNext (System.Collections.IEnumerator,intptr) (at C:/build/output/unity/unity/Runtime/Export/Scripting/Coroutines.cs:17)

(Filename: C:/build/output/unity/unity/Runtime/Export/Debug/Debug.bindings.cs Line: 123)

[capture-grip] root=(-23.84, 1.03, -15.25), tip=(-23.23, 1.23, -15.03), length=0,678, edge=(0.44, -0.46, -0.77), edgeDown=0,456, socketRight=(-0.78, -0.39, -0.50), socketUp=(0.62, -0.31, -0.73), socketForward=(0.13, -0.87, 0.48), renderer=Pelag_FantasySaber_Equipped, enabled=True, active=True, boundsCenter=(-23.72, 1.05, -15.23), boundsSize=(1.16, 0.56, 0.64), shader=Universal Render Pipeline/Lit
UnityEngine.Debug:ExtractStackTraceNoAlloc (byte*,int,string)
UnityEngine.StackTraceUtility:ExtractStackTrace () (at C:/build/output/unity/unity/Runtime/Export/Scripting/StackTrace.cs:35)
UnityEngine.DebugLogHandler:Internal_Log (UnityEngine.LogType,UnityEngine.LogOption,string,UnityEngine.Object)
UnityEngine.DebugLogHandler:LogFormat (UnityEngine.LogType,UnityEngine.Object,string,object[]) (at C:/build/output/unity/unity/Runtime/Export/Logging/DebugLogHandler.cs:9)
UnityEngine.Logger:Log (UnityEngine.LogType,object) (at C:/build/output/unity/unity/Runtime/Export/Logging/Logger.cs:60)
UnityEngine.Debug:Log (object) (at C:/build/output/unity/unity/Runtime/Export/Debug/Debug.bindings.cs:123)
Game.View.CaptureRig:ConfigureCaptureView () (at C:/Users/d.grab/Desktop/the-game/artifacts/mobsv2-project/Assets/Game.View/CaptureRig.cs:962)
Game.View.CaptureRig/<Run>d__254:MoveNext () (at C:/Users/d.grab/Desktop/the-game/artifacts/mobsv2-project/Assets/Game.View/CaptureRig.cs:653)
UnityEngine.SetupCoroutine:InvokeMoveNext (System.Collections.IEnumerator,intptr) (at C:/build/output/unity/unity/Runtime/Export/Scripting/Coroutines.cs:17)

(Filename: C:/build/output/unity/unity/Runtime/Export/Debug/Debug.bindings.cs Line: 123)

[capture-grip] root=(-23.84, 1.02, -15.25), tip=(-23.23, 1.23, -15.03), length=0,678, edge=(0.44, -0.46, -0.77), edgeDown=0,455, socketRight=(-0.78, -0.38, -0.50), socketUp=(0.62, -0.31, -0.73), socketForward=(0.12, -0.87, 0.47), renderer=Pelag_FantasySaber_Equipped, enabled=True, active=True, boundsCenter=(-23.72, 1.05, -15.23), boundsSize=(1.16, 0.56, 0.64), shader=Universal Render Pipeline/Lit
UnityEngine.Debug:ExtractStackTraceNoAlloc (byte*,int,string)
UnityEngine.StackTraceUtility:ExtractStackTrace () (at C:/build/output/unity/unity/Runtime/Export/Scripting/StackTrace.cs:35)
UnityEngine.DebugLogHandler:Internal_Log (UnityEngine.LogType,UnityEngine.LogOption,string,UnityEngine.Object)
UnityEngine.DebugLogHandler:LogFormat (UnityEngine.LogType,UnityEngine.Object,string,object[]) (at C:/build/output/unity/unity/Runtime/Export/Logging/DebugLogHandler.cs:9)
UnityEngine.Logger:Log (UnityEngine.LogType,object) (at C:/build/output/unity/unity/Runtime/Export/Logging/Logger.cs:60)
UnityEngine.Debug:Log (object) (at C:/build/output/unity/unity/Runtime/Export/Debug/Debug.bindings.cs:123)
Game.View.CaptureRig:ConfigureCaptureView () (at C:/Users/d.grab/Desktop/the-game/artifacts/mobsv2-project/Assets/Game.View/CaptureRig.cs:962)
Game.View.CaptureRig/<Run>d__254:MoveNext () (at C:/Users/d.grab/Desktop/the-game/artifacts/mobsv2-project/Assets/Game.View/CaptureRig.cs:653)
UnityEngine.SetupCoroutine:InvokeMoveNext (System.Collections.IEnumerator,intptr) (at C:/build/output/unity/unity/Runtime/Export/Scripting/Coroutines.cs:17)

(Filename: C:/build/output/unity/unity/Runtime/Export/Debug/Debug.bindings.cs Line: 123)

[capture-grip] root=(-23.84, 1.02, -15.25), tip=(-23.23, 1.22, -15.03), length=0,678, edge=(0.44, -0.45, -0.78), edgeDown=0,454, socketRight=(-0.78, -0.38, -0.50), socketUp=(0.62, -0.31, -0.73), socketForward=(0.12, -0.87, 0.47), renderer=Pelag_FantasySaber_Equipped, enabled=True, active=True, boundsCenter=(-23.73, 1.04, -15.23), boundsSize=(1.16, 0.55, 0.64), shader=Universal Render Pipeline/Lit
UnityEngine.Debug:ExtractStackTraceNoAlloc (byte*,int,string)
UnityEngine.StackTraceUtility:ExtractStackTrace () (at C:/build/output/unity/unity/Runtime/Export/Scripting/StackTrace.cs:35)
UnityEngine.DebugLogHandler:Internal_Log (UnityEngine.LogType,UnityEngine.LogOption,string,UnityEngine.Object)
UnityEngine.DebugLogHandler:LogFormat (UnityEngine.LogType,UnityEngine.Object,string,object[]) (at C:/build/output/unity/unity/Runtime/Export/Logging/DebugLogHandler.cs:9)
UnityEngine.Logger:Log (UnityEngine.LogType,object) (at C:/build/output/unity/unity/Runtime/Export/Logging/Logger.cs:60)
UnityEngine.Debug:Log (object) (at C:/build/output/unity/unity/Runtime/Export/Debug/Debug.bindings.cs:123)
Game.View.CaptureRig:ConfigureCaptureView () (at C:/Users/d.grab/Desktop/the-game/artifacts/mobsv2-project/Assets/Game.View/CaptureRig.cs:962)
Game.View.CaptureRig/<Run>d__254:MoveNext () (at C:/Users/d.grab/Desktop/the-game/artifacts/mobsv2-project/Assets/Game.View/CaptureRig.cs:653)
UnityEngine.SetupCoroutine:InvokeMoveNext (System.Collections.IEnumerator,intptr) (at C:/build/output/unity/unity/Runtime/Export/Scripting/Coroutines.cs:17)

(Filename: C:/build/output/unity/unity/Runtime/Export/Debug/Debug.bindings.cs Line: 123)

[capture-grip] root=(-23.84, 1.02, -15.26), tip=(-23.23, 1.22, -15.03), length=0,678, edge=(0.44, -0.45, -0.78), edgeDown=0,453, socketRight=(-0.78, -0.38, -0.50), socketUp=(0.62, -0.31, -0.73), socketForward=(0.12, -0.87, 0.47), renderer=Pelag_FantasySaber_Equipped, enabled=True, active=True, boundsCenter=(-23.73, 1.04, -15.23), boundsSize=(1.16, 0.55, 0.64), shader=Universal Render Pipeline/Lit
UnityEngine.Debug:ExtractStackTraceNoAlloc (byte*,int,string)
UnityEngine.StackTraceUtility:ExtractStackTrace () (at C:/build/output/unity/unity/Runtime/Export/Scripting/StackTrace.cs:35)
UnityEngine.DebugLogHandler:Internal_Log (UnityEngine.LogType,UnityEngine.LogOption,string,UnityEngine.Object)
UnityEngine.DebugLogHandler:LogFormat (UnityEngine.LogType,UnityEngine.Object,string,object[]) (at C:/build/output/unity/unity/Runtime/Export/Logging/DebugLogHandler.cs:9)
UnityEngine.Logger:Log (UnityEngine.LogType,object) (at C:/build/output/unity/unity/Runtime/Export/Logging/Logger.cs:60)
UnityEngine.Debug:Log (object) (at C:/build/output/unity/unity/Runtime/Export/Debug/Debug.bindings.cs:123)
Game.View.CaptureRig:ConfigureCaptureView () (at C:/Users/d.grab/Desktop/the-game/artifacts/mobsv2-project/Assets/Game.View/CaptureRig.cs:962)
Game.View.CaptureRig/<Run>d__254:MoveNext () (at C:/Users/d.grab/Desktop/the-game/artifacts/mobsv2-project/Assets/Game.View/CaptureRig.cs:653)
UnityEngine.SetupCoroutine:InvokeMoveNext (System.Collections.IEnumerator,intptr) (at C:/build/output/unity/unity/Runtime/Export/Scripting/Coroutines.cs:17)

(Filename: C:/build/output/unity/unity/Runtime/Export/Debug/Debug.bindings.cs Line: 123)

[capture-grip] root=(-23.84, 1.01, -15.26), tip=(-23.24, 1.21, -15.03), length=0,678, edge=(0.44, -0.45, -0.78), edgeDown=0,452, socketRight=(-0.78, -0.37, -0.50), socketUp=(0.62, -0.31, -0.73), socketForward=(0.12, -0.88, 0.47), renderer=Pelag_FantasySaber_Equipped, enabled=True, active=True, boundsCenter=(-23.73, 1.03, -15.24), boundsSize=(1.16, 0.55, 0.64), shader=Universal Render Pipeline/Lit
UnityEngine.Debug:ExtractStackTraceNoAlloc (byte*,int,string)
UnityEngine.StackTraceUtility:ExtractStackTrace () (at C:/build/output/unity/unity/Runtime/Export/Scripting/StackTrace.cs:35)
UnityEngine.DebugLogHandler:Internal_Log (UnityEngine.LogType,UnityEngine.LogOption,string,UnityEngine.Object)
UnityEngine.DebugLogHandler:LogFormat (UnityEngine.LogType,UnityEngine.Object,string,object[]) (at C:/build/output/unity/unity/Runtime/Export/Logging/DebugLogHandler.cs:9)
UnityEngine.Logger:Log (UnityEngine.LogType,object) (at C:/build/output/unity/unity/Runtime/Export/Logging/Logger.cs:60)
UnityEngine.Debug:Log (object) (at C:/build/output/unity/unity/Runtime/Export/Debug/Debug.bindings.cs:123)
Game.View.CaptureRig:ConfigureCaptureView () (at C:/Users/d.grab/Desktop/the-game/artifacts/mobsv2-project/Assets/Game.View/CaptureRig.cs:962)
Game.View.CaptureRig/<Run>d__254:MoveNext () (at C:/Users/d.grab/Desktop/the-game/artifacts/mobsv2-project/Assets/Game.View/CaptureRig.cs:653)
UnityEngine.SetupCoroutine:InvokeMoveNext (System.Collections.IEnumerator,intptr) (at C:/build/output/unity/unity/Runtime/Export/Scripting/Coroutines.cs:17)

(Filename: C:/build/output/unity/unity/Runtime/Export/Debug/Debug.bindings.cs Line: 123)

[capture-grip] root=(-23.84, 1.01, -15.26), tip=(-23.24, 1.20, -15.03), length=0,678, edge=(0.44, -0.45, -0.78), edgeDown=0,452, socketRight=(-0.78, -0.37, -0.51), socketUp=(0.62, -0.31, -0.73), socketForward=(0.12, -0.88, 0.47), renderer=Pelag_FantasySaber_Equipped, enabled=True, active=True, boundsCenter=(-23.73, 1.03, -15.24), boundsSize=(1.16, 0.55, 0.65), shader=Universal Render Pipeline/Lit
UnityEngine.Debug:ExtractStackTraceNoAlloc (byte*,int,string)
UnityEngine.StackTraceUtility:ExtractStackTrace () (at C:/build/output/unity/unity/Runtime/Export/Scripting/StackTrace.cs:35)
UnityEngine.DebugLogHandler:Internal_Log (UnityEngine.LogType,UnityEngine.LogOption,string,UnityEngine.Object)
UnityEngine.DebugLogHandler:LogFormat (UnityEngine.LogType,UnityEngine.Object,string,object[]) (at C:/build/output/unity/unity/Runtime/Export/Logging/DebugLogHandler.cs:9)
UnityEngine.Logger:Log (UnityEngine.LogType,object) (at C:/build/output/unity/unity/Runtime/Export/Logging/Logger.cs:60)
UnityEngine.Debug:Log (object) (at C:/build/output/unity/unity/Runtime/Export/Debug/Debug.bindings.cs:123)
Game.View.CaptureRig:ConfigureCaptureView () (at C:/Users/d.grab/Desktop/the-game/artifacts/mobsv2-project/Assets/Game.View/CaptureRig.cs:962)
Game.View.CaptureRig/<Run>d__254:MoveNext () (at C:/Users/d.grab/Desktop/the-game/artifacts/mobsv2-project/Assets/Game.View/CaptureRig.cs:653)
UnityEngine.SetupCoroutine:InvokeMoveNext (System.Collections.IEnumerator,intptr) (at C:/build/output/unity/unity/Runtime/Export/Scripting/Coroutines.cs:17)

(Filename: C:/build/output/unity/unity/Runtime/Export/Debug/Debug.bindings.cs Line: 123)

[capture-grip] root=(-23.84, 1.00, -15.26), tip=(-23.24, 1.20, -15.03), length=0,678, edge=(0.44, -0.45, -0.78), edgeDown=0,452, socketRight=(-0.78, -0.37, -0.51), socketUp=(0.62, -0.31, -0.73), socketForward=(0.11, -0.88, 0.47), renderer=Pelag_FantasySaber_Equipped, enabled=True, active=True, boundsCenter=(-23.73, 1.02, -15.24), boundsSize=(1.16, 0.54, 0.65), shader=Universal Render Pipeline/Lit
UnityEngine.Debug:ExtractStackTraceNoAlloc (byte*,int,string)
UnityEngine.StackTraceUtility:ExtractStackTrace () (at C:/build/output/unity/unity/Runtime/Export/Scripting/StackTrace.cs:35)
UnityEngine.DebugLogHandler:Internal_Log (UnityEngine.LogType,UnityEngine.LogOption,string,UnityEngine.Object)
UnityEngine.DebugLogHandler:LogFormat (UnityEngine.LogType,UnityEngine.Object,string,object[]) (at C:/build/output/unity/unity/Runtime/Export/Logging/DebugLogHandler.cs:9)
UnityEngine.Logger:Log (UnityEngine.LogType,object) (at C:/build/output/unity/unity/Runtime/Export/Logging/Logger.cs:60)
UnityEngine.Debug:Log (object) (at C:/build/output/unity/unity/Runtime/Export/Debug/Debug.bindings.cs:123)
Game.View.CaptureRig:ConfigureCaptureView () (at C:/Users/d.grab/Desktop/the-game/artifacts/mobsv2-project/Assets/Game.View/CaptureRig.cs:962)
Game.View.CaptureRig/<Run>d__254:MoveNext () (at C:/Users/d.grab/Desktop/the-game/artifacts/mobsv2-project/Assets/Game.View/CaptureRig.cs:653)
UnityEngine.SetupCoroutine:InvokeMoveNext (System.Collections.IEnumerator,intptr) (at C:/build/output/unity/unity/Runtime/Export/Scripting/Coroutines.cs:17)

(Filename: C:/build/output/unity/unity/Runtime/Export/Debug/Debug.bindings.cs Line: 123)

[capture-grip] root=(-23.84, 1.00, -15.26), tip=(-23.24, 1.20, -15.03), length=0,678, edge=(0.44, -0.45, -0.78), edgeDown=0,452, socketRight=(-0.78, -0.37, -0.51), socketUp=(0.62, -0.31, -0.73), socketForward=(0.11, -0.88, 0.47), renderer=Pelag_FantasySaber_Equipped, enabled=True, active=True, boundsCenter=(-23.73, 1.02, -15.24), boundsSize=(1.16, 0.54, 0.65), shader=Universal Render Pipeline/Lit
UnityEngine.Debug:ExtractStackTraceNoAlloc (byte*,int,string)
UnityEngine.StackTraceUtility:ExtractStackTrace () (at C:/build/output/unity/unity/Runtime/Export/Scripting/StackTrace.cs:35)
UnityEngine.DebugLogHandler:Internal_Log (UnityEngine.LogType,UnityEngine.LogOption,string,UnityEngine.Object)
UnityEngine.DebugLogHandler:LogFormat (UnityEngine.LogType,UnityEngine.Object,string,object[]) (at C:/build/output/unity/unity/Runtime/Export/Logging/DebugLogHandler.cs:9)
UnityEngine.Logger:Log (UnityEngine.LogType,object) (at C:/build/output/unity/unity/Runtime/Export/Logging/Logger.cs:60)
UnityEngine.Debug:Log (object) (at C:/build/output/unity/unity/Runtime/Export/Debug/Debug.bindings.cs:123)
Game.View.CaptureRig:ConfigureCaptureView () (at C:/Users/d.grab/Desktop/the-game/artifacts/mobsv2-project/Assets/Game.View/CaptureRig.cs:962)
Game.View.CaptureRig/<Run>d__254:MoveNext () (at C:/Users/d.grab/Desktop/the-game/artifacts/mobsv2-project/Assets/Game.View/CaptureRig.cs:653)
UnityEngine.SetupCoroutine:InvokeMoveNext (System.Collections.IEnumerator,intptr) (at C:/build/output/unity/unity/Runtime/Export/Scripting/Coroutines.cs:17)

(Filename: C:/build/output/unity/unity/Runtime/Export/Debug/Debug.bindings.cs Line: 123)

[capture-grip] root=(-23.84, 1.00, -15.26), tip=(-23.23, 1.20, -15.03), length=0,678, edge=(0.44, -0.45, -0.78), edgeDown=0,452, socketRight=(-0.78, -0.37, -0.51), socketUp=(0.62, -0.31, -0.73), socketForward=(0.11, -0.88, 0.47), renderer=Pelag_FantasySaber_Equipped, enabled=True, active=True, boundsCenter=(-23.73, 1.02, -15.24), boundsSize=(1.16, 0.54, 0.65), shader=Universal Render Pipeline/Lit
UnityEngine.Debug:ExtractStackTraceNoAlloc (byte*,int,string)
UnityEngine.StackTraceUtility:ExtractStackTrace () (at C:/build/output/unity/unity/Runtime/Export/Scripting/StackTrace.cs:35)
UnityEngine.DebugLogHandler:Internal_Log (UnityEngine.LogType,UnityEngine.LogOption,string,UnityEngine.Object)
UnityEngine.DebugLogHandler:LogFormat (UnityEngine.LogType,UnityEngine.Object,string,object[]) (at C:/build/output/unity/unity/Runtime/Export/Logging/DebugLogHandler.cs:9)
UnityEngine.Logger:Log (UnityEngine.LogType,object) (at C:/build/output/unity/unity/Runtime/Export/Logging/Logger.cs:60)
UnityEngine.Debug:Log (object) (at C:/build/output/unity/unity/Runtime/Export/Debug/Debug.bindings.cs:123)
Game.View.CaptureRig:ConfigureCaptureView () (at C:/Users/d.grab/Desktop/the-game/artifacts/mobsv2-project/Assets/Game.View/CaptureRig.cs:962)
Game.View.CaptureRig/<Run>d__254:MoveNext () (at C:/Users/d.grab/Desktop/the-game/artifacts/mobsv2-project/Assets/Game.View/CaptureRig.cs:653)
UnityEngine.SetupCoroutine:InvokeMoveNext (System.Collections.IEnumerator,intptr) (at C:/build/output/unity/unity/Runtime/Export/Scripting/Coroutines.cs:17)

(Filename: C:/build/output/unity/unity/Runtime/Export/Debug/Debug.bindings.cs Line: 123)

[capture-grip] root=(-23.84, 1.00, -15.26), tip=(-23.23, 1.20, -15.03), length=0,678, edge=(0.44, -0.45, -0.78), edgeDown=0,453, socketRight=(-0.78, -0.37, -0.50), socketUp=(0.62, -0.31, -0.72), socketForward=(0.12, -0.88, 0.47), renderer=Pelag_FantasySaber_Equipped, enabled=True, active=True, boundsCenter=(-23.73, 1.02, -15.24), boundsSize=(1.16, 0.55, 0.65), shader=Universal Render Pipeline/Lit
UnityEngine.Debug:ExtractStackTraceNoAlloc (byte*,int,string)
UnityEngine.StackTraceUtility:ExtractStackTrace () (at C:/build/output/unity/unity/Runtime/Export/Scripting/StackTrace.cs:35)
UnityEngine.DebugLogHandler:Internal_Log (UnityEngine.LogType,UnityEngine.LogOption,string,UnityEngine.Object)
UnityEngine.DebugLogHandler:LogFormat (UnityEngine.LogType,UnityEngine.Object,string,object[]) (at C:/build/output/unity/unity/Runtime/Export/Logging/DebugLogHandler.cs:9)
UnityEngine.Logger:Log (UnityEngine.LogType,object) (at C:/build/output/unity/unity/Runtime/Export/Logging/Logger.cs:60)
UnityEngine.Debug:Log (object) (at C:/build/output/unity/unity/Runtime/Export/Debug/Debug.bindings.cs:123)
Game.View.CaptureRig:ConfigureCaptureView () (at C:/Users/d.grab/Desktop/the-game/artifacts/mobsv2-project/Assets/Game.View/CaptureRig.cs:962)
Game.View.CaptureRig/<Run>d__254:MoveNext () (at C:/Users/d.grab/Desktop/the-game/artifacts/mobsv2-project/Assets/Game.View/CaptureRig.cs:653)
UnityEngine.SetupCoroutine:InvokeMoveNext (System.Collections.IEnumerator,intptr) (at C:/build/output/unity/unity/Runtime/Export/Scripting/Coroutines.cs:17)

(Filename: C:/build/output/unity/unity/Runtime/Export/Debug/Debug.bindings.cs Line: 123)

[capture-grip] root=(-23.84, 1.00, -15.26), tip=(-23.23, 1.20, -15.03), length=0,678, edge=(0.44, -0.45, -0.77), edgeDown=0,453, socketRight=(-0.78, -0.38, -0.50), socketUp=(0.62, -0.31, -0.72), socketForward=(0.12, -0.87, 0.47), renderer=Pelag_FantasySaber_Equipped, enabled=True, active=True, boundsCenter=(-23.72, 1.02, -15.24), boundsSize=(1.16, 0.55, 0.64), shader=Universal Render Pipeline/Lit
UnityEngine.Debug:ExtractStackTraceNoAlloc (byte*,int,string)
UnityEngine.StackTraceUtility:ExtractStackTrace () (at C:/build/output/unity/unity/Runtime/Export/Scripting/StackTrace.cs:35)
UnityEngine.DebugLogHandler:Internal_Log (UnityEngine.LogType,UnityEngine.LogOption,string,UnityEngine.Object)
UnityEngine.DebugLogHandler:LogFormat (UnityEngine.LogType,UnityEngine.Object,string,object[]) (at C:/build/output/unity/unity/Runtime/Export/Logging/DebugLogHandler.cs:9)
UnityEngine.Logger:Log (UnityEngine.LogType,object) (at C:/build/output/unity/unity/Runtime/Export/Logging/Logger.cs:60)
UnityEngine.Debug:Log (object) (at C:/build/output/unity/unity/Runtime/Export/Debug/Debug.bindings.cs:123)
Game.View.CaptureRig:ConfigureCaptureView () (at C:/Users/d.grab/Desktop/the-game/artifacts/mobsv2-project/Assets/Game.View/CaptureRig.cs:962)
Game.View.CaptureRig/<Run>d__254:MoveNext () (at C:/Users/d.grab/Desktop/the-game/artifacts/mobsv2-project/Assets/Game.View/CaptureRig.cs:653)
UnityEngine.SetupCoroutine:InvokeMoveNext (System.Collections.IEnumerator,intptr) (at C:/build/output/unity/unity/Runtime/Export/Scripting/Coroutines.cs:17)

(Filename: C:/build/output/unity/unity/Runtime/Export/Debug/Debug.bindings.cs Line: 123)

[capture-grip] root=(-23.84, 1.00, -15.26), tip=(-23.23, 1.21, -15.03), length=0,678, edge=(0.44, -0.45, -0.77), edgeDown=0,454, socketRight=(-0.78, -0.38, -0.50), socketUp=(0.62, -0.31, -0.72), socketForward=(0.12, -0.87, 0.47), renderer=Pelag_FantasySaber_Equipped, enabled=True, active=True, boundsCenter=(-23.72, 1.03, -15.24), boundsSize=(1.16, 0.55, 0.64), shader=Universal Render Pipeline/Lit
UnityEngine.Debug:ExtractStackTraceNoAlloc (byte*,int,string)
UnityEngine.StackTraceUtility:ExtractStackTrace () (at C:/build/output/unity/unity/Runtime/Export/Scripting/StackTrace.cs:35)
UnityEngine.DebugLogHandler:Internal_Log (UnityEngine.LogType,UnityEngine.LogOption,string,UnityEngine.Object)
UnityEngine.DebugLogHandler:LogFormat (UnityEngine.LogType,UnityEngine.Object,string,object[]) (at C:/build/output/unity/unity/Runtime/Export/Logging/DebugLogHandler.cs:9)
UnityEngine.Logger:Log (UnityEngine.LogType,object) (at C:/build/output/unity/unity/Runtime/Export/Logging/Logger.cs:60)
UnityEngine.Debug:Log (object) (at C:/build/output/unity/unity/Runtime/Export/Debug/Debug.bindings.cs:123)
Game.View.CaptureRig:ConfigureCaptureView () (at C:/Users/d.grab/Desktop/the-game/artifacts/mobsv2-project/Assets/Game.View/CaptureRig.cs:962)
Game.View.CaptureRig/<Run>d__254:MoveNext () (at C:/Users/d.grab/Desktop/the-game/artifacts/mobsv2-project/Assets/Game.View/CaptureRig.cs:653)
UnityEngine.SetupCoroutine:InvokeMoveNext (System.Collections.IEnumerator,intptr) (at C:/build/output/unity/unity/Runtime/Export/Scripting/Coroutines.cs:17)

(Filename: C:/build/output/unity/unity/Runtime/Export/Debug/Debug.bindings.cs Line: 123)

[capture-grip] root=(-23.83, 1.01, -15.26), tip=(-23.23, 1.21, -15.03), length=0,678, edge=(0.44, -0.46, -0.77), edgeDown=0,455, socketRight=(-0.78, -0.38, -0.50), socketUp=(0.62, -0.31, -0.72), socketForward=(0.12, -0.87, 0.48), renderer=Pelag_FantasySaber_Equipped, enabled=True, active=True, boundsCenter=(-23.72, 1.03, -15.24), boundsSize=(1.16, 0.56, 0.64), shader=Universal Render Pipeline/Lit
UnityEngine.Debug:ExtractStackTraceNoAlloc (byte*,int,string)
UnityEngine.StackTraceUtility:ExtractStackTrace () (at C:/build/output/unity/unity/Runtime/Export/Scripting/StackTrace.cs:35)
UnityEngine.DebugLogHandler:Internal_Log (UnityEngine.LogType,UnityEngine.LogOption,string,UnityEngine.Object)
UnityEngine.DebugLogHandler:LogFormat (UnityEngine.LogType,UnityEngine.Object,string,object[]) (at C:/build/output/unity/unity/Runtime/Export/Logging/DebugLogHandler.cs:9)
UnityEngine.Logger:Log (UnityEngine.LogType,object) (at C:/build/output/unity/unity/Runtime/Export/Logging/Logger.cs:60)
UnityEngine.Debug:Log (object) (at C:/build/output/unity/unity/Runtime/Export/Debug/Debug.bindings.cs:123)
Game.View.CaptureRig:ConfigureCaptureView () (at C:/Users/d.grab/Desktop/the-game/artifacts/mobsv2-project/Assets/Game.View/CaptureRig.cs:962)
Game.View.CaptureRig/<Run>d__254:MoveNext () (at C:/Users/d.grab/Desktop/the-game/artifacts/mobsv2-project/Assets/Game.View/CaptureRig.cs:653)
UnityEngine.SetupCoroutine:InvokeMoveNext (System.Collections.IEnumerator,intptr) (at C:/build/output/unity/unity/Runtime/Export/Scripting/Coroutines.cs:17)

(Filename: C:/build/output/unity/unity/Runtime/Export/Debug/Debug.bindings.cs Line: 123)

[capture-grip] root=(-23.83, 1.01, -15.26), tip=(-23.23, 1.22, -15.03), length=0,678, edge=(0.44, -0.46, -0.77), edgeDown=0,457, socketRight=(-0.78, -0.39, -0.50), socketUp=(0.62, -0.31, -0.72), socketForward=(0.13, -0.87, 0.48), renderer=Pelag_FantasySaber_Equipped, enabled=True, active=True, boundsCenter=(-23.72, 1.03, -15.24), boundsSize=(1.16, 0.56, 0.64), shader=Universal Render Pipeline/Lit
UnityEngine.Debug:ExtractStackTraceNoAlloc (byte*,int,string)
UnityEngine.StackTraceUtility:ExtractStackTrace () (at C:/build/output/unity/unity/Runtime/Export/Scripting/StackTrace.cs:35)
UnityEngine.DebugLogHandler:Internal_Log (UnityEngine.LogType,UnityEngine.LogOption,string,UnityEngine.Object)
UnityEngine.DebugLogHandler:LogFormat (UnityEngine.LogType,UnityEngine.Object,string,object[]) (at C:/build/output/unity/unity/Runtime/Export/Logging/DebugLogHandler.cs:9)
UnityEngine.Logger:Log (UnityEngine.LogType,object) (at C:/build/output/unity/unity/Runtime/Export/Logging/Logger.cs:60)
UnityEngine.Debug:Log (object) (at C:/build/output/unity/unity/Runtime/Export/Debug/Debug.bindings.cs:123)
Game.View.CaptureRig:ConfigureCaptureView () (at C:/Users/d.grab/Desktop/the-game/artifacts/mobsv2-project/Assets/Game.View/CaptureRig.cs:962)
Game.View.CaptureRig/<Run>d__254:MoveNext () (at C:/Users/d.grab/Desktop/the-game/artifacts/mobsv2-project/Assets/Game.View/CaptureRig.cs:653)
UnityEngine.SetupCoroutine:InvokeMoveNext (System.Collections.IEnumerator,intptr) (at C:/build/output/unity/unity/Runtime/Export/Scripting/Coroutines.cs:17)

(Filename: C:/build/output/unity/unity/Runtime/Export/Debug/Debug.bindings.cs Line: 123)

[capture-grip] root=(-23.83, 1.01, -15.26), tip=(-23.22, 1.22, -15.03), length=0,678, edge=(0.44, -0.46, -0.77), edgeDown=0,458, socketRight=(-0.77, -0.39, -0.50), socketUp=(0.62, -0.31, -0.72), socketForward=(0.13, -0.87, 0.48), renderer=Pelag_FantasySaber_Equipped, enabled=True, active=True, boundsCenter=(-23.71, 1.03, -15.24), boundsSize=(1.16, 0.57, 0.64), shader=Universal Render Pipeline/Lit
UnityEngine.Debug:ExtractStackTraceNoAlloc (byte*,int,string)
UnityEngine.StackTraceUtility:ExtractStackTrace () (at C:/build/output/unity/unity/Runtime/Export/Scripting/StackTrace.cs:35)
UnityEngine.DebugLogHandler:Internal_Log (UnityEngine.LogType,UnityEngine.LogOption,string,UnityEngine.Object)
UnityEngine.DebugLogHandler:LogFormat (UnityEngine.LogType,UnityEngine.Object,string,object[]) (at C:/build/output/unity/unity/Runtime/Export/Logging/DebugLogHandler.cs:9)
UnityEngine.Logger:Log (UnityEngine.LogType,object) (at C:/build/output/unity/unity/Runtime/Export/Logging/Logger.cs:60)
UnityEngine.Debug:Log (object) (at C:/build/output/unity/unity/Runtime/Export/Debug/Debug.bindings.cs:123)
Game.View.CaptureRig:ConfigureCaptureView () (at C:/Users/d.grab/Desktop/the-game/artifacts/mobsv2-project/Assets/Game.View/CaptureRig.cs:962)
Game.View.CaptureRig/<Run>d__254:MoveNext () (at C:/Users/d.grab/Desktop/the-game/artifacts/mobsv2-project/Assets/Game.View/CaptureRig.cs:653)
UnityEngine.SetupCoroutine:InvokeMoveNext (System.Collections.IEnumerator,intptr) (at C:/build/output/unity/unity/Runtime/Export/Scripting/Coroutines.cs:17)

(Filename: C:/build/output/unity/unity/Runtime/Export/Debug/Debug.bindings.cs Line: 123)

[capture-grip] root=(-23.82, 1.02, -15.26), tip=(-23.22, 1.23, -15.03), length=0,678, edge=(0.44, -0.46, -0.77), edgeDown=0,459, socketRight=(-0.77, -0.40, -0.49), socketUp=(0.62, -0.31, -0.72), socketForward=(0.13, -0.86, 0.48), renderer=Pelag_FantasySaber_Equipped, enabled=True, active=True, boundsCenter=(-23.71, 1.04, -15.24), boundsSize=(1.15, 0.57, 0.63), shader=Universal Render Pipeline/Lit
UnityEngine.Debug:ExtractStackTraceNoAlloc (byte*,int,string)
UnityEngine.StackTraceUtility:ExtractStackTrace () (at C:/build/output/unity/unity/Runtime/Export/Scripting/StackTrace.cs:35)
UnityEngine.DebugLogHandler:Internal_Log (UnityEngine.LogType,UnityEngine.LogOption,string,UnityEngine.Object)
UnityEngine.DebugLogHandler:LogFormat (UnityEngine.LogType,UnityEngine.Object,string,object[]) (at C:/build/output/unity/unity/Runtime/Export/Logging/DebugLogHandler.cs:9)
UnityEngine.Logger:Log (UnityEngine.LogType,object) (at C:/build/output/unity/unity/Runtime/Export/Logging/Logger.cs:60)
UnityEngine.Debug:Log (object) (at C:/build/output/unity/unity/Runtime/Export/Debug/Debug.bindings.cs:123)
Game.View.CaptureRig:ConfigureCaptureView () (at C:/Users/d.grab/Desktop/the-game/artifacts/mobsv2-project/Assets/Game.View/CaptureRig.cs:962)
Game.View.CaptureRig/<Run>d__254:MoveNext () (at C:/Users/d.grab/Desktop/the-game/artifacts/mobsv2-project/Assets/Game.View/CaptureRig.cs:653)
UnityEngine.SetupCoroutine:InvokeMoveNext (System.Collections.IEnumerator,intptr) (at C:/build/output/unity/unity/Runtime/Export/Scripting/Coroutines.cs:17)

(Filename: C:/build/output/unity/unity/Runtime/Export/Debug/Debug.bindings.cs Line: 123)

[capture-grip] root=(-23.82, 1.02, -15.25), tip=(-23.22, 1.24, -15.03), length=0,678, edge=(0.44, -0.46, -0.77), edgeDown=0,461, socketRight=(-0.77, -0.40, -0.49), socketUp=(0.62, -0.31, -0.72), socketForward=(0.14, -0.86, 0.49), renderer=Pelag_FantasySaber_Equipped, enabled=True, active=True, boundsCenter=(-23.71, 1.04, -15.23), boundsSize=(1.15, 0.58, 0.63), shader=Universal Render Pipeline/Lit
UnityEngine.Debug:ExtractStackTraceNoAlloc (byte*,int,string)
UnityEngine.StackTraceUtility:ExtractStackTrace () (at C:/build/output/unity/unity/Runtime/Export/Scripting/StackTrace.cs:35)
UnityEngine.DebugLogHandler:Internal_Log (UnityEngine.LogType,UnityEngine.LogOption,string,UnityEngine.Object)
UnityEngine.DebugLogHandler:LogFormat (UnityEngine.LogType,UnityEngine.Object,string,object[]) (at C:/build/output/unity/unity/Runtime/Export/Logging/DebugLogHandler.cs:9)
UnityEngine.Logger:Log (UnityEngine.LogType,object) (at C:/build/output/unity/unity/Runtime/Export/Logging/Logger.cs:60)
UnityEngine.Debug:Log (object) (at C:/build/output/unity/unity/Runtime/Export/Debug/Debug.bindings.cs:123)
Game.View.CaptureRig:ConfigureCaptureView () (at C:/Users/d.grab/Desktop/the-game/artifacts/mobsv2-project/Assets/Game.View/CaptureRig.cs:962)
Game.View.CaptureRig/<Run>d__254:MoveNext () (at C:/Users/d.grab/Desktop/the-game/artifacts/mobsv2-project/Assets/Game.View/CaptureRig.cs:653)
UnityEngine.SetupCoroutine:InvokeMoveNext (System.Collections.IEnumerator,intptr) (at C:/build/output/unity/unity/Runtime/Export/Scripting/Coroutines.cs:17)

(Filename: C:/build/output/unity/unity/Runtime/Export/Debug/Debug.bindings.cs Line: 123)

[capture-grip] root=(-23.82, 1.02, -15.25), tip=(-23.21, 1.24, -15.03), length=0,678, edge=(0.44, -0.46, -0.77), edgeDown=0,463, socketRight=(-0.77, -0.41, -0.49), socketUp=(0.62, -0.31, -0.72), socketForward=(0.14, -0.86, 0.49), renderer=Pelag_FantasySaber_Equipped, enabled=True, active=True, boundsCenter=(-23.70, 1.05, -15.23), boundsSize=(1.15, 0.58, 0.63), shader=Universal Render Pipeline/Lit
UnityEngine.Debug:ExtractStackTraceNoAlloc (byte*,int,string)
UnityEngine.StackTraceUtility:ExtractStackTrace () (at C:/build/output/unity/unity/Runtime/Export/Scripting/StackTrace.cs:35)
UnityEngine.DebugLogHandler:Internal_Log (UnityEngine.LogType,UnityEngine.LogOption,string,UnityEngine.Object)
UnityEngine.DebugLogHandler:LogFormat (UnityEngine.LogType,UnityEngine.Object,string,object[]) (at C:/build/output/unity/unity/Runtime/Export/Logging/DebugLogHandler.cs:9)
UnityEngine.Logger:Log (UnityEngine.LogType,object) (at C:/build/output/unity/unity/Runtime/Export/Logging/Logger.cs:60)
UnityEngine.Debug:Log (object) (at C:/build/output/unity/unity/Runtime/Export/Debug/Debug.bindings.cs:123)
Game.View.CaptureRig:ConfigureCaptureView () (at C:/Users/d.grab/Desktop/the-game/artifacts/mobsv2-project/Assets/Game.View/CaptureRig.cs:962)
Game.View.CaptureRig/<Run>d__254:MoveNext () (at C:/Users/d.grab/Desktop/the-game/artifacts/mobsv2-project/Assets/Game.View/CaptureRig.cs:653)
UnityEngine.SetupCoroutine:InvokeMoveNext (System.Collections.IEnumerator,intptr) (at C:/build/output/unity/unity/Runtime/Export/Scripting/Coroutines.cs:17)

(Filename: C:/build/output/unity/unity/Runtime/Export/Debug/Debug.bindings.cs Line: 123)

[capture-grip] root=(-23.81, 1.03, -15.25), tip=(-23.21, 1.25, -15.03), length=0,678, edge=(0.44, -0.47, -0.77), edgeDown=0,465, socketRight=(-0.77, -0.41, -0.49), socketUp=(0.62, -0.31, -0.72), socketForward=(0.14, -0.86, 0.49), renderer=Pelag_FantasySaber_Equipped, enabled=True, active=True, boundsCenter=(-23.70, 1.05, -15.23), boundsSize=(1.15, 0.59, 0.63), shader=Universal Render Pipeline/Lit
UnityEngine.Debug:ExtractStackTraceNoAlloc (byte*,int,string)
UnityEngine.StackTraceUtility:ExtractStackTrace () (at C:/build/output/unity/unity/Runtime/Export/Scripting/StackTrace.cs:35)
UnityEngine.DebugLogHandler:Internal_Log (UnityEngine.LogType,UnityEngine.LogOption,string,UnityEngine.Object)
UnityEngine.DebugLogHandler:LogFormat (UnityEngine.LogType,UnityEngine.Object,string,object[]) (at C:/build/output/unity/unity/Runtime/Export/Logging/DebugLogHandler.cs:9)
UnityEngine.Logger:Log (UnityEngine.LogType,object) (at C:/build/output/unity/unity/Runtime/Export/Logging/Logger.cs:60)
UnityEngine.Debug:Log (object) (at C:/build/output/unity/unity/Runtime/Export/Debug/Debug.bindings.cs:123)
Game.View.CaptureRig:ConfigureCaptureView () (at C:/Users/d.grab/Desktop/the-game/artifacts/mobsv2-project/Assets/Game.View/CaptureRig.cs:962)
Game.View.CaptureRig/<Run>d__254:MoveNext () (at C:/Users/d.grab/Desktop/the-game/artifacts/mobsv2-project/Assets/Game.View/CaptureRig.cs:653)
UnityEngine.SetupCoroutine:InvokeMoveNext (System.Collections.IEnumerator,intptr) (at C:/build/output/unity/unity/Runtime/Export/Scripting/Coroutines.cs:17)

(Filename: C:/build/output/unity/unity/Runtime/Export/Debug/Debug.bindings.cs Line: 123)

[capture-grip] root=(-23.81, 1.03, -15.25), tip=(-23.21, 1.25, -15.03), length=0,678, edge=(0.44, -0.47, -0.76), edgeDown=0,468, socketRight=(-0.77, -0.41, -0.48), socketUp=(0.62, -0.31, -0.72), socketForward=(0.14, -0.86, 0.50), renderer=Pelag_FantasySaber_Equipped, enabled=True, active=True, boundsCenter=(-23.69, 1.05, -15.23), boundsSize=(1.15, 0.59, 0.62), shader=Universal Render Pipeline/Lit
UnityEngine.Debug:ExtractStackTraceNoAlloc (byte*,int,string)
UnityEngine.StackTraceUtility:ExtractStackTrace () (at C:/build/output/unity/unity/Runtime/Export/Scripting/StackTrace.cs:35)
UnityEngine.DebugLogHandler:Internal_Log (UnityEngine.LogType,UnityEngine.LogOption,string,UnityEngine.Object)
UnityEngine.DebugLogHandler:LogFormat (UnityEngine.LogType,UnityEngine.Object,string,object[]) (at C:/build/output/unity/unity/Runtime/Export/Logging/DebugLogHandler.cs:9)
UnityEngine.Logger:Log (UnityEngine.LogType,object) (at C:/build/output/unity/unity/Runtime/Export/Logging/Logger.cs:60)
UnityEngine.Debug:Log (object) (at C:/build/output/unity/unity/Runtime/Export/Debug/Debug.bindings.cs:123)
Game.View.CaptureRig:ConfigureCaptureView () (at C:/Users/d.grab/Desktop/the-game/artifacts/mobsv2-project/Assets/Game.View/CaptureRig.cs:962)
Game.View.CaptureRig/<Run>d__254:MoveNext () (at C:/Users/d.grab/Desktop/the-game/artifacts/mobsv2-project/Assets/Game.View/CaptureRig.cs:653)
UnityEngine.SetupCoroutine:InvokeMoveNext (System.Collections.IEnumerator,intptr) (at C:/build/output/unity/unity/Runtime/Export/Scripting/Coroutines.cs:17)

(Filename: C:/build/output/unity/unity/Runtime/Export/Debug/Debug.bindings.cs Line: 123)

[capture-grip] root=(-23.79, 1.07, -15.24), tip=(-23.23, 1.34, -14.97), length=0,678, edge=(0.54, -0.35, -0.77), edgeDown=0,354, socketRight=(-0.69, -0.45, -0.56), socketUp=(0.69, -0.19, -0.70), socketForward=(0.21, -0.87, 0.44), renderer=Pelag_FantasySaber_Equipped, enabled=True, active=True, boundsCenter=(-23.68, 1.10, -15.21), boundsSize=(1.11, 0.64, 0.71), shader=Universal Render Pipeline/Lit
UnityEngine.Debug:ExtractStackTraceNoAlloc (byte*,int,string)
UnityEngine.StackTraceUtility:ExtractStackTrace () (at C:/build/output/unity/unity/Runtime/Export/Scripting/StackTrace.cs:35)
UnityEngine.DebugLogHandler:Internal_Log (UnityEngine.LogType,UnityEngine.LogOption,string,UnityEngine.Object)
UnityEngine.DebugLogHandler:LogFormat (UnityEngine.LogType,UnityEngine.Object,string,object[]) (at C:/build/output/unity/unity/Runtime/Export/Logging/DebugLogHandler.cs:9)
UnityEngine.Logger:Log (UnityEngine.LogType,object) (at C:/build/output/unity/unity/Runtime/Export/Logging/Logger.cs:60)
UnityEngine.Debug:Log (object) (at C:/build/output/unity/unity/Runtime/Export/Debug/Debug.bindings.cs:123)
Game.View.CaptureRig:ConfigureCaptureView () (at C:/Users/d.grab/Desktop/the-game/artifacts/mobsv2-project/Assets/Game.View/CaptureRig.cs:962)
Game.View.CaptureRig/<Run>d__254:MoveNext () (at C:/Users/d.grab/Desktop/the-game/artifacts/mobsv2-project/Assets/Game.View/CaptureRig.cs:653)
UnityEngine.SetupCoroutine:InvokeMoveNext (System.Collections.IEnumerator,intptr) (at C:/build/output/unity/unity/Runtime/Export/Scripting/Coroutines.cs:17)

(Filename: C:/build/output/unity/unity/Runtime/Export/Debug/Debug.bindings.cs Line: 123)

[capture-grip] root=(-23.80, 1.06, -15.26), tip=(-23.23, 1.33, -15.01), length=0,678, edge=(0.51, -0.38, -0.77), edgeDown=0,378, socketRight=(-0.71, -0.46, -0.52), socketUp=(0.66, -0.21, -0.72), socketForward=(0.22, -0.86, 0.46), renderer=Pelag_FantasySaber_Equipped, enabled=True, active=True, boundsCenter=(-23.69, 1.10, -15.23), boundsSize=(1.12, 0.65, 0.67), shader=Universal Render Pipeline/Lit
UnityEngine.Debug:ExtractStackTraceNoAlloc (byte*,int,string)
UnityEngine.StackTraceUtility:ExtractStackTrace () (at C:/build/output/unity/unity/Runtime/Export/Scripting/StackTrace.cs:35)
UnityEngine.DebugLogHandler:Internal_Log (UnityEngine.LogType,UnityEngine.LogOption,string,UnityEngine.Object)
UnityEngine.DebugLogHandler:LogFormat (UnityEngine.LogType,UnityEngine.Object,string,object[]) (at C:/build/output/unity/unity/Runtime/Export/Logging/DebugLogHandler.cs:9)
UnityEngine.Logger:Log (UnityEngine.LogType,object) (at C:/build/output/unity/unity/Runtime/Export/Logging/Logger.cs:60)
UnityEngine.Debug:Log (object) (at C:/build/output/unity/unity/Runtime/Export/Debug/Debug.bindings.cs:123)
Game.View.CaptureRig:ConfigureCaptureView () (at C:/Users/d.grab/Desktop/the-game/artifacts/mobsv2-project/Assets/Game.View/CaptureRig.cs:962)
Game.View.CaptureRig/<Run>d__254:MoveNext () (at C:/Users/d.grab/Desktop/the-game/artifacts/mobsv2-project/Assets/Game.View/CaptureRig.cs:653)
UnityEngine.SetupCoroutine:InvokeMoveNext (System.Collections.IEnumerator,intptr) (at C:/build/output/unity/unity/Runtime/Export/Scripting/Coroutines.cs:17)

(Filename: C:/build/output/unity/unity/Runtime/Export/Debug/Debug.bindings.cs Line: 123)

[capture-grip] root=(-23.81, 1.05, -15.28), tip=(-23.22, 1.33, -15.09), length=0,678, edge=(0.46, -0.42, -0.78), edgeDown=0,419, socketRight=(-0.75, -0.48, -0.46), socketUp=(0.62, -0.25, -0.74), socketForward=(0.25, -0.84, 0.49), renderer=Pelag_FantasySaber_Equipped, enabled=True, active=True, boundsCenter=(-23.70, 1.08, -15.27), boundsSize=(1.14, 0.67, 0.59), shader=Universal Render Pipeline/Lit
UnityEngine.Debug:ExtractStackTraceNoAlloc (byte*,int,string)
UnityEngine.StackTraceUtility:ExtractStackTrace () (at C:/build/output/unity/unity/Runtime/Export/Scripting/StackTrace.cs:35)
UnityEngine.DebugLogHandler:Internal_Log (UnityEngine.LogType,UnityEngine.LogOption,string,UnityEngine.Object)
UnityEngine.DebugLogHandler:LogFormat (UnityEngine.LogType,UnityEngine.Object,string,object[]) (at C:/build/output/unity/unity/Runtime/Export/Logging/DebugLogHandler.cs:9)
UnityEngine.Logger:Log (UnityEngine.LogType,object) (at C:/build/output/unity/unity/Runtime/Export/Logging/Logger.cs:60)
UnityEngine.Debug:Log (object) (at C:/build/output/unity/unity/Runtime/Export/Debug/Debug.bindings.cs:123)
Game.View.CaptureRig:ConfigureCaptureView () (at C:/Users/d.grab/Desktop/the-game/artifacts/mobsv2-project/Assets/Game.View/CaptureRig.cs:962)
Game.View.CaptureRig/<Run>d__254:MoveNext () (at C:/Users/d.grab/Desktop/the-game/artifacts/mobsv2-project/Assets/Game.View/CaptureRig.cs:653)
UnityEngine.SetupCoroutine:InvokeMoveNext (System.Collections.IEnumerator,intptr) (at C:/build/output/unity/unity/Runtime/Export/Scripting/Coroutines.cs:17)

(Filename: C:/build/output/unity/unity/Runtime/Export/Debug/Debug.bindings.cs Line: 123)

[capture-grip] root=(-23.83, 1.03, -15.32), tip=(-23.23, 1.31, -15.19), length=0,678, edge=(0.39, -0.47, -0.79), edgeDown=0,474, socketRight=(-0.78, -0.51, -0.36), socketUp=(0.55, -0.30, -0.77), socketForward=(0.28, -0.81, 0.52), renderer=Pelag_FantasySaber_Equipped, enabled=True, active=True, boundsCenter=(-23.71, 1.06, -15.31), boundsSize=(1.15, 0.70, 0.48), shader=Universal Render Pipeline/Lit
UnityEngine.Debug:ExtractStackTraceNoAlloc (byte*,int,string)
UnityEngine.StackTraceUtility:ExtractStackTrace () (at C:/build/output/unity/unity/Runtime/Export/Scripting/StackTrace.cs:35)
UnityEngine.DebugLogHandler:Internal_Log (UnityEngine.LogType,UnityEngine.LogOption,string,UnityEngine.Object)
UnityEngine.DebugLogHandler:LogFormat (UnityEngine.LogType,UnityEngine.Object,string,object[]) (at C:/build/output/unity/unity/Runtime/Export/Logging/DebugLogHandler.cs:9)
UnityEngine.Logger:Log (UnityEngine.LogType,object) (at C:/build/output/unity/unity/Runtime/Export/Logging/Logger.cs:60)
UnityEngine.Debug:Log (object) (at C:/build/output/unity/unity/Runtime/Export/Debug/Debug.bindings.cs:123)
Game.View.CaptureRig:ConfigureCaptureView () (at C:/Users/d.grab/Desktop/the-game/artifacts/mobsv2-project/Assets/Game.View/CaptureRig.cs:962)
Game.View.CaptureRig/<Run>d__254:MoveNext () (at C:/Users/d.grab/Desktop/the-game/artifacts/mobsv2-project/Assets/Game.View/CaptureRig.cs:653)
UnityEngine.SetupCoroutine:InvokeMoveNext (System.Collections.IEnumerator,intptr) (at C:/build/output/unity/unity/Runtime/Export/Scripting/Coroutines.cs:17)

(Filename: C:/build/output/unity/unity/Runtime/Export/Debug/Debug.bindings.cs Line: 123)

[capture-grip] root=(-23.85, 1.00, -15.36), tip=(-23.24, 1.29, -15.32), length=0,678, edge=(0.31, -0.54, -0.78), edgeDown=0,541, socketRight=(-0.82, -0.53, -0.24), socketUp=(0.47, -0.37, -0.80), socketForward=(0.33, -0.76, 0.55), renderer=Pelag_FantasySaber_Equipped, enabled=True, active=True, boundsCenter=(-23.74, 1.04, -15.37), boundsSize=(1.16, 0.71, 0.34), shader=Universal Render Pipeline/Lit
UnityEngine.Debug:ExtractStackTraceNoAlloc (byte*,int,string)
UnityEngine.StackTraceUtility:ExtractStackTrace () (at C:/build/output/unity/unity/Runtime/Export/Scripting/StackTrace.cs:35)
UnityEngine.DebugLogHandler:Internal_Log (UnityEngine.LogType,UnityEngine.LogOption,string,UnityEngine.Object)
UnityEngine.DebugLogHandler:LogFormat (UnityEngine.LogType,UnityEngine.Object,string,object[]) (at C:/build/output/unity/unity/Runtime/Export/Logging/DebugLogHandler.cs:9)
UnityEngine.Logger:Log (UnityEngine.LogType,object) (at C:/build/output/unity/unity/Runtime/Export/Logging/Logger.cs:60)
UnityEngine.Debug:Log (object) (at C:/build/output/unity/unity/Runtime/Export/Debug/Debug.bindings.cs:123)
Game.View.CaptureRig:ConfigureCaptureView () (at C:/Users/d.grab/Desktop/the-game/artifacts/mobsv2-project/Assets/Game.View/CaptureRig.cs:962)
Game.View.CaptureRig/<Run>d__254:MoveNext () (at C:/Users/d.grab/Desktop/the-game/artifacts/mobsv2-project/Assets/Game.View/CaptureRig.cs:653)
UnityEngine.SetupCoroutine:InvokeMoveNext (System.Collections.IEnumerator,intptr) (at C:/build/output/unity/unity/Runtime/Export/Scripting/Coroutines.cs:17)

(Filename: C:/build/output/unity/unity/Runtime/Export/Debug/Debug.bindings.cs Line: 123)

[capture-grip] root=(-23.89, 0.97, -15.39), tip=(-23.28, 1.25, -15.45), length=0,678, edge=(0.21, -0.61, -0.76), edgeDown=0,615, socketRight=(-0.84, -0.54, -0.09), socketUp=(0.37, -0.45, -0.81), socketForward=(0.40, -0.71, 0.58), renderer=Pelag_FantasySaber_Equipped, enabled=True, active=True, boundsCenter=(-23.78, 1.00, -15.42), boundsSize=(1.14, 0.72, 0.36), shader=Universal Render Pipeline/Lit
UnityEngine.Debug:ExtractStackTraceNoAlloc (byte*,int,string)
UnityEngine.StackTraceUtility:ExtractStackTrace () (at C:/build/output/unity/unity/Runtime/Export/Scripting/StackTrace.cs:35)
UnityEngine.DebugLogHandler:Internal_Log (UnityEngine.LogType,UnityEngine.LogOption,string,UnityEngine.Object)
UnityEngine.DebugLogHandler:LogFormat (UnityEngine.LogType,UnityEngine.Object,string,object[]) (at C:/build/output/unity/unity/Runtime/Export/Logging/DebugLogHandler.cs:9)
UnityEngine.Logger:Log (UnityEngine.LogType,object) (at C:/build/output/unity/unity/Runtime/Export/Logging/Logger.cs:60)
UnityEngine.Debug:Log (object) (at C:/build/output/unity/unity/Runtime/Export/Debug/Debug.bindings.cs:123)
Game.View.CaptureRig:ConfigureCaptureView () (at C:/Users/d.grab/Desktop/the-game/artifacts/mobsv2-project/Assets/Game.View/CaptureRig.cs:962)
Game.View.CaptureRig/<Run>d__254:MoveNext () (at C:/Users/d.grab/Desktop/the-game/artifacts/mobsv2-project/Assets/Game.View/CaptureRig.cs:653)
UnityEngine.SetupCoroutine:InvokeMoveNext (System.Collections.IEnumerator,intptr) (at C:/build/output/unity/unity/Runtime/Export/Scripting/Coroutines.cs:17)

(Filename: C:/build/output/unity/unity/Runtime/Export/Debug/Debug.bindings.cs Line: 123)

[capture-grip] root=(-23.93, 0.93, -15.43), tip=(-23.33, 1.20, -15.59), length=0,678, edge=(0.11, -0.69, -0.71), edgeDown=0,690, socketRight=(-0.84, -0.53, 0.08), socketUp=(0.27, -0.53, -0.80), socketForward=(0.47, -0.66, 0.59), renderer=Pelag_FantasySaber_Equipped, enabled=True, active=True, boundsCenter=(-23.82, 0.96, -15.47), boundsSize=(1.10, 0.70, 0.54), shader=Universal Render Pipeline/Lit
UnityEngine.Debug:ExtractStackTraceNoAlloc (byte*,int,string)
UnityEngine.StackTraceUtility:ExtractStackTrace () (at C:/build/output/unity/unity/Runtime/Export/Scripting/StackTrace.cs:35)
UnityEngine.DebugLogHandler:Internal_Log (UnityEngine.LogType,UnityEngine.LogOption,string,UnityEngine.Object)
UnityEngine.DebugLogHandler:LogFormat (UnityEngine.LogType,UnityEngine.Object,string,object[]) (at C:/build/output/unity/unity/Runtime/Export/Logging/DebugLogHandler.cs:9)
UnityEngine.Logger:Log (UnityEngine.LogType,object) (at C:/build/output/unity/unity/Runtime/Export/Logging/Logger.cs:60)
UnityEngine.Debug:Log (object) (at C:/build/output/unity/unity/Runtime/Export/Debug/Debug.bindings.cs:123)
Game.View.CaptureRig:ConfigureCaptureView () (at C:/Users/d.grab/Desktop/the-game/artifacts/mobsv2-project/Assets/Game.View/CaptureRig.cs:962)
Game.View.CaptureRig/<Run>d__254:MoveNext () (at C:/Users/d.grab/Desktop/the-game/artifacts/mobsv2-project/Assets/Game.View/CaptureRig.cs:653)
UnityEngine.SetupCoroutine:InvokeMoveNext (System.Collections.IEnumerator,intptr) (at C:/build/output/unity/unity/Runtime/Export/Scripting/Coroutines.cs:17)

(Filename: C:/build/output/unity/unity/Runtime/Export/Debug/Debug.bindings.cs Line: 123)

[capture-grip] root=(-23.98, 0.88, -15.45), tip=(-23.41, 1.13, -15.73), length=0,678, edge=(0.02, -0.76, -0.65), edgeDown=0,762, socketRight=(-0.82, -0.51, 0.24), socketUp=(0.15, -0.62, -0.77), socketForward=(0.55, -0.60, 0.59), renderer=Pelag_FantasySaber_Equipped, enabled=True, active=True, boundsCenter=(-23.88, 0.91, -15.52), boundsSize=(1.04, 0.67, 0.70), shader=Universal Render Pipeline/Lit
UnityEngine.Debug:ExtractStackTraceNoAlloc (byte*,int,string)
UnityEngine.StackTraceUtility:ExtractStackTrace () (at C:/build/output/unity/unity/Runtime/Export/Scripting/StackTrace.cs:35)
UnityEngine.DebugLogHandler:Internal_Log (UnityEngine.LogType,UnityEngine.LogOption,string,UnityEngine.Object)
UnityEngine.DebugLogHandler:LogFormat (UnityEngine.LogType,UnityEngine.Object,string,object[]) (at C:/build/output/unity/unity/Runtime/Export/Logging/DebugLogHandler.cs:9)
UnityEngine.Logger:Log (UnityEngine.LogType,object) (at C:/build/output/unity/unity/Runtime/Export/Logging/Logger.cs:60)
UnityEngine.Debug:Log (object) (at C:/build/output/unity/unity/Runtime/Export/Debug/Debug.bindings.cs:123)
Game.View.CaptureRig:ConfigureCaptureView () (at C:/Users/d.grab/Desktop/the-game/artifacts/mobsv2-project/Assets/Game.View/CaptureRig.cs:962)
Game.View.CaptureRig/<Run>d__254:MoveNext () (at C:/Users/d.grab/Desktop/the-game/artifacts/mobsv2-project/Assets/Game.View/CaptureRig.cs:653)
UnityEngine.SetupCoroutine:InvokeMoveNext (System.Collections.IEnumerator,intptr) (at C:/build/output/unity/unity/Runtime/Export/Scripting/Coroutines.cs:17)

(Filename: C:/build/output/unity/unity/Runtime/Export/Debug/Debug.bindings.cs Line: 123)

[capture-grip] root=(-24.03, 0.84, -15.47), tip=(-23.50, 1.05, -15.84), length=0,678, edge=(-0.07, -0.82, -0.56), edgeDown=0,824, socketRight=(-0.78, -0.47, 0.41), socketUp=(0.05, -0.69, -0.72), socketForward=(0.62, -0.54, 0.56), renderer=Pelag_FantasySaber_Equipped, enabled=True, active=True, boundsCenter=(-23.94, 0.85, -15.55), boundsSize=(0.99, 0.62, 0.85), shader=Universal Render Pipeline/Lit
UnityEngine.Debug:ExtractStackTraceNoAlloc (byte*,int,string)
UnityEngine.StackTraceUtility:ExtractStackTrace () (at C:/build/output/unity/unity/Runtime/Export/Scripting/StackTrace.cs:35)
UnityEngine.DebugLogHandler:Internal_Log (UnityEngine.LogType,UnityEngine.LogOption,string,UnityEngine.Object)
UnityEngine.DebugLogHandler:LogFormat (UnityEngine.LogType,UnityEngine.Object,string,object[]) (at C:/build/output/unity/unity/Runtime/Export/Logging/DebugLogHandler.cs:9)
UnityEngine.Logger:Log (UnityEngine.LogType,object) (at C:/build/output/unity/unity/Runtime/Export/Logging/Logger.cs:60)
UnityEngine.Debug:Log (object) (at C:/build/output/unity/unity/Runtime/Export/Debug/Debug.bindings.cs:123)
Game.View.CaptureRig:ConfigureCaptureView () (at C:/Users/d.grab/Desktop/the-game/artifacts/mobsv2-project/Assets/Game.View/CaptureRig.cs:962)
Game.View.CaptureRig/<Run>d__254:MoveNext () (at C:/Users/d.grab/Desktop/the-game/artifacts/mobsv2-project/Assets/Game.View/CaptureRig.cs:653)
UnityEngine.SetupCoroutine:InvokeMoveNext (System.Collections.IEnumerator,intptr) (at C:/build/output/unity/unity/Runtime/Export/Scripting/Coroutines.cs:17)

(Filename: C:/build/output/unity/unity/Runtime/Export/Debug/Debug.bindings.cs Line: 123)

[capture-grip] root=(-24.08, 0.80, -15.47), tip=(-23.61, 0.96, -15.93), length=0,678, edge=(-0.15, -0.87, -0.47), edgeDown=0,871, socketRight=(-0.72, -0.42, 0.55), socketUp=(-0.06, -0.76, -0.65), socketForward=(0.69, -0.50, 0.52), renderer=Pelag_FantasySaber_Equipped, enabled=True, active=True, boundsCenter=(-24.00, 0.80, -15.56), boundsSize=(0.92, 0.55, 0.97), shader=Universal Render Pipeline/Lit
UnityEngine.Debug:ExtractStackTraceNoAlloc (byte*,int,string)
UnityEngine.StackTraceUtility:ExtractStackTrace () (at C:/build/output/unity/unity/Runtime/Export/Scripting/StackTrace.cs:35)
UnityEngine.DebugLogHandler:Internal_Log (UnityEngine.LogType,UnityEngine.LogOption,string,UnityEngine.Object)
UnityEngine.DebugLogHandler:LogFormat (UnityEngine.LogType,UnityEngine.Object,string,object[]) (at C:/build/output/unity/unity/Runtime/Export/Logging/DebugLogHandler.cs:9)
UnityEngine.Logger:Log (UnityEngine.LogType,object) (at C:/build/output/unity/unity/Runtime/Export/Logging/Logger.cs:60)
UnityEngine.Debug:Log (object) (at C:/build/output/unity/unity/Runtime/Export/Debug/Debug.bindings.cs:123)
Game.View.CaptureRig:ConfigureCaptureView () (at C:/Users/d.grab/Desktop/the-game/artifacts/mobsv2-project/Assets/Game.View/CaptureRig.cs:962)
Game.View.CaptureRig/<Run>d__254:MoveNext () (at C:/Users/d.grab/Desktop/the-game/artifacts/mobsv2-project/Assets/Game.View/CaptureRig.cs:653)
UnityEngine.SetupCoroutine:InvokeMoveNext (System.Collections.IEnumerator,intptr) (at C:/build/output/unity/unity/Runtime/Export/Scripting/Coroutines.cs:17)

(Filename: C:/build/output/unity/unity/Runtime/Export/Debug/Debug.bindings.cs Line: 123)

[capture-grip] root=(-24.12, 0.76, -15.47), tip=(-23.72, 0.88, -16.00), length=0,678, edge=(-0.22, -0.90, -0.37), edgeDown=0,903, socketRight=(-0.64, -0.36, 0.68), socketUp=(-0.15, -0.81, -0.57), socketForward=(0.75, -0.47, 0.47), renderer=Pelag_FantasySaber_Equipped, enabled=True, active=True, boundsCenter=(-24.06, 0.76, -15.57), boundsSize=(0.83, 0.47, 1.05), shader=Universal Render Pipeline/Lit
UnityEngine.Debug:ExtractStackTraceNoAlloc (byte*,int,string)
UnityEngine.StackTraceUtility:ExtractStackTrace () (at C:/build/output/unity/unity/Runtime/Export/Scripting/StackTrace.cs:35)
UnityEngine.DebugLogHandler:Internal_Log (UnityEngine.LogType,UnityEngine.LogOption,string,UnityEngine.Object)
UnityEngine.DebugLogHandler:LogFormat (UnityEngine.LogType,UnityEngine.Object,string,object[]) (at C:/build/output/unity/unity/Runtime/Export/Logging/DebugLogHandler.cs:9)
UnityEngine.Logger:Log (UnityEngine.LogType,object) (at C:/build/output/unity/unity/Runtime/Export/Logging/Logger.cs:60)
UnityEngine.Debug:Log (object) (at C:/build/output/unity/unity/Runtime/Export/Debug/Debug.bindings.cs:123)
Game.View.CaptureRig:ConfigureCaptureView () (at C:/Users/d.grab/Desktop/the-game/artifacts/mobsv2-project/Assets/Game.View/CaptureRig.cs:962)
Game.View.CaptureRig/<Run>d__254:MoveNext () (at C:/Users/d.grab/Desktop/the-game/artifacts/mobsv2-project/Assets/Game.View/CaptureRig.cs:653)
UnityEngine.SetupCoroutine:InvokeMoveNext (System.Collections.IEnumerator,intptr) (at C:/build/output/unity/unity/Runtime/Export/Scripting/Coroutines.cs:17)

(Filename: C:/build/output/unity/unity/Runtime/Export/Debug/Debug.bindings.cs Line: 123)

[capture-grip] root=(-24.17, 0.73, -15.46), tip=(-23.83, 0.80, -16.04), length=0,678, edge=(-0.27, -0.92, -0.28), edgeDown=0,921, socketRight=(-0.56, -0.31, 0.77), socketUp=(-0.22, -0.84, -0.50), socketForward=(0.80, -0.45, 0.40), renderer=Pelag_FantasySaber_Equipped, enabled=True, active=True, boundsCenter=(-24.12, 0.72, -15.57), boundsSize=(0.74, 0.41, 1.11), shader=Universal Render Pipeline/Lit
UnityEngine.Debug:ExtractStackTraceNoAlloc (byte*,int,string)
UnityEngine.StackTraceUtility:ExtractStackTrace () (at C:/build/output/unity/unity/Runtime/Export/Scripting/StackTrace.cs:35)
UnityEngine.DebugLogHandler:Internal_Log (UnityEngine.LogType,UnityEngine.LogOption,string,UnityEngine.Object)
UnityEngine.DebugLogHandler:LogFormat (UnityEngine.LogType,UnityEngine.Object,string,object[]) (at C:/build/output/unity/unity/Runtime/Export/Logging/DebugLogHandler.cs:9)
UnityEngine.Logger:Log (UnityEngine.LogType,object) (at C:/build/output/unity/unity/Runtime/Export/Logging/Logger.cs:60)
UnityEngine.Debug:Log (object) (at C:/build/output/unity/unity/Runtime/Export/Debug/Debug.bindings.cs:123)
Game.View.CaptureRig:ConfigureCaptureView () (at C:/Users/d.grab/Desktop/the-game/artifacts/mobsv2-project/Assets/Game.View/CaptureRig.cs:962)
Game.View.CaptureRig/<Run>d__254:MoveNext () (at C:/Users/d.grab/Desktop/the-game/artifacts/mobsv2-project/Assets/Game.View/CaptureRig.cs:653)
UnityEngine.SetupCoroutine:InvokeMoveNext (System.Collections.IEnumerator,intptr) (at C:/build/output/unity/unity/Runtime/Export/Scripting/Coroutines.cs:17)

(Filename: C:/build/output/unity/unity/Runtime/Export/Debug/Debug.bindings.cs Line: 123)

[capture-grip] root=(-24.21, 0.71, -15.45), tip=(-23.93, 0.75, -16.07), length=0,678, edge=(-0.31, -0.93, -0.21), edgeDown=0,927, socketRight=(-0.48, -0.26, 0.84), socketUp=(-0.29, -0.86, -0.43), socketForward=(0.83, -0.45, 0.33), renderer=Pelag_FantasySaber_Equipped, enabled=True, active=True, boundsCenter=(-24.16, 0.69, -15.56), boundsSize=(0.65, 0.35, 1.15), shader=Universal Render Pipeline/Lit
UnityEngine.Debug:ExtractStackTraceNoAlloc (byte*,int,string)
UnityEngine.StackTraceUtility:ExtractStackTrace () (at C:/build/output/unity/unity/Runtime/Export/Scripting/StackTrace.cs:35)
UnityEngine.DebugLogHandler:Internal_Log (UnityEngine.LogType,UnityEngine.LogOption,string,UnityEngine.Object)
UnityEngine.DebugLogHandler:LogFormat (UnityEngine.LogType,UnityEngine.Object,string,object[]) (at C:/build/output/unity/unity/Runtime/Export/Logging/DebugLogHandler.cs:9)
UnityEngine.Logger:Log (UnityEngine.LogType,object) (at C:/build/output/unity/unity/Runtime/Export/Logging/Logger.cs:60)
UnityEngine.Debug:Log (object) (at C:/build/output/unity/unity/Runtime/Export/Debug/Debug.bindings.cs:123)
Game.View.CaptureRig:ConfigureCaptureView () (at C:/Users/d.grab/Desktop/the-game/artifacts/mobsv2-project/Assets/Game.View/CaptureRig.cs:962)
Game.View.CaptureRig/<Run>d__254:MoveNext () (at C:/Users/d.grab/Desktop/the-game/artifacts/mobsv2-project/Assets/Game.View/CaptureRig.cs:653)
UnityEngine.SetupCoroutine:InvokeMoveNext (System.Collections.IEnumerator,intptr) (at C:/build/output/unity/unity/Runtime/Export/Scripting/Coroutines.cs:17)

(Filename: C:/build/output/unity/unity/Runtime/Export/Debug/Debug.bindings.cs Line: 123)

[capture-grip] root=(-24.24, 0.70, -15.44), tip=(-24.02, 0.72, -16.08), length=0,678, edge=(-0.34, -0.93, -0.16), edgeDown=0,926, socketRight=(-0.40, -0.24, 0.88), socketUp=(-0.34, -0.86, -0.38), socketForward=(0.85, -0.45, 0.27), renderer=Pelag_FantasySaber_Equipped, enabled=True, active=True, boundsCenter=(-24.20, 0.68, -15.56), boundsSize=(0.56, 0.32, 1.17), shader=Universal Render Pipeline/Lit
UnityEngine.Debug:ExtractStackTraceNoAlloc (byte*,int,string)
UnityEngine.StackTraceUtility:ExtractStackTrace () (at C:/build/output/unity/unity/Runtime/Export/Scripting/StackTrace.cs:35)
UnityEngine.DebugLogHandler:Internal_Log (UnityEngine.LogType,UnityEngine.LogOption,string,UnityEngine.Object)
UnityEngine.DebugLogHandler:LogFormat (UnityEngine.LogType,UnityEngine.Object,string,object[]) (at C:/build/output/unity/unity/Runtime/Export/Logging/DebugLogHandler.cs:9)
UnityEngine.Logger:Log (UnityEngine.LogType,object) (at C:/build/output/unity/unity/Runtime/Export/Logging/Logger.cs:60)
UnityEngine.Debug:Log (object) (at C:/build/output/unity/unity/Runtime/Export/Debug/Debug.bindings.cs:123)
Game.View.CaptureRig:ConfigureCaptureView () (at C:/Users/d.grab/Desktop/the-game/artifacts/mobsv2-project/Assets/Game.View/CaptureRig.cs:962)
Game.View.CaptureRig/<Run>d__254:MoveNext () (at C:/Users/d.grab/Desktop/the-game/artifacts/mobsv2-project/Assets/Game.View/CaptureRig.cs:653)
UnityEngine.SetupCoroutine:InvokeMoveNext (System.Collections.IEnumerator,intptr) (at C:/build/output/unity/unity/Runtime/Export/Scripting/Coroutines.cs:17)

(Filename: C:/build/output/unity/unity/Runtime/Export/Debug/Debug.bindings.cs Line: 123)

[capture-grip] root=(-24.26, 0.70, -15.44), tip=(-24.08, 0.72, -16.09), length=0,678, edge=(-0.37, -0.92, -0.13), edgeDown=0,921, socketRight=(-0.34, -0.23, 0.91), socketUp=(-0.37, -0.86, -0.36), socketForward=(0.86, -0.46, 0.21), renderer=Pelag_FantasySaber_Equipped, enabled=True, active=True, boundsCenter=(-24.23, 0.68, -15.56), boundsSize=(0.49, 0.32, 1.18), shader=Universal Render Pipeline/Lit
UnityEngine.Debug:ExtractStackTraceNoAlloc (byte*,int,string)
UnityEngine.StackTraceUtility:ExtractStackTrace () (at C:/build/output/unity/unity/Runtime/Export/Scripting/StackTrace.cs:35)
UnityEngine.DebugLogHandler:Internal_Log (UnityEngine.LogType,UnityEngine.LogOption,string,UnityEngine.Object)
UnityEngine.DebugLogHandler:LogFormat (UnityEngine.LogType,UnityEngine.Object,string,object[]) (at C:/build/output/unity/unity/Runtime/Export/Logging/DebugLogHandler.cs:9)
UnityEngine.Logger:Log (UnityEngine.LogType,object) (at C:/build/output/unity/unity/Runtime/Export/Logging/Logger.cs:60)
UnityEngine.Debug:Log (object) (at C:/build/output/unity/unity/Runtime/Export/Debug/Debug.bindings.cs:123)
Game.View.CaptureRig:ConfigureCaptureView () (at C:/Users/d.grab/Desktop/the-game/artifacts/mobsv2-project/Assets/Game.View/CaptureRig.cs:962)
Game.View.CaptureRig/<Run>d__254:MoveNext () (at C:/Users/d.grab/Desktop/the-game/artifacts/mobsv2-project/Assets/Game.View/CaptureRig.cs:653)
UnityEngine.SetupCoroutine:InvokeMoveNext (System.Collections.IEnumerator,intptr) (at C:/build/output/unity/unity/Runtime/Export/Scripting/Coroutines.cs:17)

(Filename: C:/build/output/unity/unity/Runtime/Export/Debug/Debug.bindings.cs Line: 123)

[capture-grip] root=(-24.27, 0.70, -15.45), tip=(-24.12, 0.73, -16.11), length=0,678, edge=(-0.38, -0.92, -0.13), edgeDown=0,916, socketRight=(-0.30, -0.24, 0.92), socketUp=(-0.40, -0.85, -0.35), socketForward=(0.87, -0.47, 0.16), renderer=Pelag_FantasySaber_Equipped, enabled=True, active=True, boundsCenter=(-24.25, 0.68, -15.56), boundsSize=(0.44, 0.33, 1.18), shader=Universal Render Pipeline/Lit
UnityEngine.Debug:ExtractStackTraceNoAlloc (byte*,int,string)
UnityEngine.StackTraceUtility:ExtractStackTrace () (at C:/build/output/unity/unity/Runtime/Export/Scripting/StackTrace.cs:35)
UnityEngine.DebugLogHandler:Internal_Log (UnityEngine.LogType,UnityEngine.LogOption,string,UnityEngine.Object)
UnityEngine.DebugLogHandler:LogFormat (UnityEngine.LogType,UnityEngine.Object,string,object[]) (at C:/build/output/unity/unity/Runtime/Export/Logging/DebugLogHandler.cs:9)
UnityEngine.Logger:Log (UnityEngine.LogType,object) (at C:/build/output/unity/unity/Runtime/Export/Logging/Logger.cs:60)
UnityEngine.Debug:Log (object) (at C:/build/output/unity/unity/Runtime/Export/Debug/Debug.bindings.cs:123)
Game.View.CaptureRig:ConfigureCaptureView () (at C:/Users/d.grab/Desktop/the-game/artifacts/mobsv2-project/Assets/Game.View/CaptureRig.cs:962)
Game.View.CaptureRig/<Run>d__254:MoveNext () (at C:/Users/d.grab/Desktop/the-game/artifacts/mobsv2-project/Assets/Game.View/CaptureRig.cs:653)
UnityEngine.SetupCoroutine:InvokeMoveNext (System.Collections.IEnumerator,intptr) (at C:/build/output/unity/unity/Runtime/Export/Scripting/Coroutines.cs:17)

(Filename: C:/build/output/unity/unity/Runtime/Export/Debug/Debug.bindings.cs Line: 123)

[capture-grip] root=(-24.27, 0.71, -15.46), tip=(-24.15, 0.77, -16.12), length=0,678, edge=(-0.38, -0.91, -0.15), edgeDown=0,912, socketRight=(-0.27, -0.27, 0.92), socketUp=(-0.41, -0.84, -0.37), socketForward=(0.87, -0.48, 0.12), renderer=Pelag_FantasySaber_Equipped, enabled=True, active=True, boundsCenter=(-24.26, 0.70, -15.57), boundsSize=(0.41, 0.37, 1.19), shader=Universal Render Pipeline/Lit
UnityEngine.Debug:ExtractStackTraceNoAlloc (byte*,int,string)
UnityEngine.StackTraceUtility:ExtractStackTrace () (at C:/build/output/unity/unity/Runtime/Export/Scripting/StackTrace.cs:35)
UnityEngine.DebugLogHandler:Internal_Log (UnityEngine.LogType,UnityEngine.LogOption,string,UnityEngine.Object)
UnityEngine.DebugLogHandler:LogFormat (UnityEngine.LogType,UnityEngine.Object,string,object[]) (at C:/build/output/unity/unity/Runtime/Export/Logging/DebugLogHandler.cs:9)
UnityEngine.Logger:Log (UnityEngine.LogType,object) (at C:/build/output/unity/unity/Runtime/Export/Logging/Logger.cs:60)
UnityEngine.Debug:Log (object) (at C:/build/output/unity/unity/Runtime/Export/Debug/Debug.bindings.cs:123)
Game.View.CaptureRig:ConfigureCaptureView () (at C:/Users/d.grab/Desktop/the-game/artifacts/mobsv2-project/Assets/Game.View/CaptureRig.cs:962)
Game.View.CaptureRig/<Run>d__254:MoveNext () (at C:/Users/d.grab/Desktop/the-game/artifacts/mobsv2-project/Assets/Game.View/CaptureRig.cs:653)
UnityEngine.SetupCoroutine:InvokeMoveNext (System.Collections.IEnumerator,intptr) (at C:/build/output/unity/unity/Runtime/Export/Scripting/Coroutines.cs:17)

(Filename: C:/build/output/unity/unity/Runtime/Export/Debug/Debug.bindings.cs Line: 123)

[capture-grip] root=(-24.26, 0.73, -15.48), tip=(-24.15, 0.81, -16.14), length=0,678, edge=(-0.37, -0.91, -0.18), edgeDown=0,910, socketRight=(-0.26, -0.31, 0.91), socketUp=(-0.40, -0.83, -0.40), socketForward=(0.88, -0.47, 0.09), renderer=Pelag_FantasySaber_Equipped, enabled=True, active=True, boundsCenter=(-24.25, 0.72, -15.59), boundsSize=(0.40, 0.41, 1.19), shader=Universal Render Pipeline/Lit
UnityEngine.Debug:ExtractStackTraceNoAlloc (byte*,int,string)
UnityEngine.StackTraceUtility:ExtractStackTrace () (at C:/build/output/unity/unity/Runtime/Export/Scripting/StackTrace.cs:35)
UnityEngine.DebugLogHandler:Internal_Log (UnityEngine.LogType,UnityEngine.LogOption,string,UnityEngine.Object)
UnityEngine.DebugLogHandler:LogFormat (UnityEngine.LogType,UnityEngine.Object,string,object[]) (at C:/build/output/unity/unity/Runtime/Export/Logging/DebugLogHandler.cs:9)
UnityEngine.Logger:Log (UnityEngine.LogType,object) (at C:/build/output/unity/unity/Runtime/Export/Logging/Logger.cs:60)
UnityEngine.Debug:Log (object) (at C:/build/output/unity/unity/Runtime/Export/Debug/Debug.bindings.cs:123)
Game.View.CaptureRig:ConfigureCaptureView () (at C:/Users/d.grab/Desktop/the-game/artifacts/mobsv2-project/Assets/Game.View/CaptureRig.cs:962)
Game.View.CaptureRig/<Run>d__254:MoveNext () (at C:/Users/d.grab/Desktop/the-game/artifacts/mobsv2-project/Assets/Game.View/CaptureRig.cs:653)
UnityEngine.SetupCoroutine:InvokeMoveNext (System.Collections.IEnumerator,intptr) (at C:/build/output/unity/unity/Runtime/Export/Scripting/Coroutines.cs:17)

(Filename: C:/build/output/unity/unity/Runtime/Export/Debug/Debug.bindings.cs Line: 123)

[capture-grip] root=(-24.25, 0.75, -15.50), tip=(-24.13, 0.86, -16.16), length=0,678, edge=(-0.35, -0.91, -0.22), edgeDown=0,909, socketRight=(-0.26, -0.36, 0.90), socketUp=(-0.38, -0.82, -0.43), socketForward=(0.89, -0.46, 0.08), renderer=Pelag_FantasySaber_Equipped, enabled=True, active=True, boundsCenter=(-24.23, 0.75, -15.62), boundsSize=(0.39, 0.46, 1.19), shader=Universal Render Pipeline/Lit
UnityEngine.Debug:ExtractStackTraceNoAlloc (byte*,int,string)
UnityEngine.StackTraceUtility:ExtractStackTrace () (at C:/build/output/unity/unity/Runtime/Export/Scripting/StackTrace.cs:35)
UnityEngine.DebugLogHandler:Internal_Log (UnityEngine.LogType,UnityEngine.LogOption,string,UnityEngine.Object)
UnityEngine.DebugLogHandler:LogFormat (UnityEngine.LogType,UnityEngine.Object,string,object[]) (at C:/build/output/unity/unity/Runtime/Export/Logging/DebugLogHandler.cs:9)
UnityEngine.Logger:Log (UnityEngine.LogType,object) (at C:/build/output/unity/unity/Runtime/Export/Logging/Logger.cs:60)
UnityEngine.Debug:Log (object) (at C:/build/output/unity/unity/Runtime/Export/Debug/Debug.bindings.cs:123)
Game.View.CaptureRig:ConfigureCaptureView () (at C:/Users/d.grab/Desktop/the-game/artifacts/mobsv2-project/Assets/Game.View/CaptureRig.cs:962)
Game.View.CaptureRig/<Run>d__254:MoveNext () (at C:/Users/d.grab/Desktop/the-game/artifacts/mobsv2-project/Assets/Game.View/CaptureRig.cs:653)
UnityEngine.SetupCoroutine:InvokeMoveNext (System.Collections.IEnumerator,intptr) (at C:/build/output/unity/unity/Runtime/Export/Scripting/Coroutines.cs:17)

(Filename: C:/build/output/unity/unity/Runtime/Export/Debug/Debug.bindings.cs Line: 123)

[capture-grip] root=(-24.23, 0.77, -15.52), tip=(-24.11, 0.91, -16.18), length=0,678, edge=(-0.33, -0.91, -0.26), edgeDown=0,908, socketRight=(-0.26, -0.40, 0.88), socketUp=(-0.36, -0.81, -0.47), socketForward=(0.90, -0.44, 0.07), renderer=Pelag_FantasySaber_Equipped, enabled=True, active=True, boundsCenter=(-24.22, 0.77, -15.64), boundsSize=(0.39, 0.51, 1.19), shader=Universal Render Pipeline/Lit
UnityEngine.Debug:ExtractStackTraceNoAlloc (byte*,int,string)
UnityEngine.StackTraceUtility:ExtractStackTrace () (at C:/build/output/unity/unity/Runtime/Export/Scripting/StackTrace.cs:35)
UnityEngine.DebugLogHandler:Internal_Log (UnityEngine.LogType,UnityEngine.LogOption,string,UnityEngine.Object)
UnityEngine.DebugLogHandler:LogFormat (UnityEngine.LogType,UnityEngine.Object,string,object[]) (at C:/build/output/unity/unity/Runtime/Export/Logging/DebugLogHandler.cs:9)
UnityEngine.Logger:Log (UnityEngine.LogType,object) (at C:/build/output/unity/unity/Runtime/Export/Logging/Logger.cs:60)
UnityEngine.Debug:Log (object) (at C:/build/output/unity/unity/Runtime/Export/Debug/Debug.bindings.cs:123)
Game.View.CaptureRig:ConfigureCaptureView () (at C:/Users/d.grab/Desktop/the-game/artifacts/mobsv2-project/Assets/Game.View/CaptureRig.cs:962)
Game.View.CaptureRig/<Run>d__254:MoveNext () (at C:/Users/d.grab/Desktop/the-game/artifacts/mobsv2-project/Assets/Game.View/CaptureRig.cs:653)
UnityEngine.SetupCoroutine:InvokeMoveNext (System.Collections.IEnumerator,intptr) (at C:/build/output/unity/unity/Runtime/Export/Scripting/Coroutines.cs:17)

(Filename: C:/build/output/unity/unity/Runtime/Export/Debug/Debug.bindings.cs Line: 123)

[capture-grip] root=(-24.21, 0.79, -15.55), tip=(-24.09, 0.96, -16.19), length=0,678, edge=(-0.30, -0.91, -0.29), edgeDown=0,909, socketRight=(-0.26, -0.43, 0.87), socketUp=(-0.33, -0.80, -0.50), socketForward=(0.91, -0.41, 0.06), renderer=Pelag_FantasySaber_Equipped, enabled=True, active=True, boundsCenter=(-24.20, 0.80, -15.67), boundsSize=(0.39, 0.55, 1.19), shader=Universal Render Pipeline/Lit
UnityEngine.Debug:ExtractStackTraceNoAlloc (byte*,int,string)
UnityEngine.StackTraceUtility:ExtractStackTrace () (at C:/build/output/unity/unity/Runtime/Export/Scripting/StackTrace.cs:35)
UnityEngine.DebugLogHandler:Internal_Log (UnityEngine.LogType,UnityEngine.LogOption,string,UnityEngine.Object)
UnityEngine.DebugLogHandler:LogFormat (UnityEngine.LogType,UnityEngine.Object,string,object[]) (at C:/build/output/unity/unity/Runtime/Export/Logging/DebugLogHandler.cs:9)
UnityEngine.Logger:Log (UnityEngine.LogType,object) (at C:/build/output/unity/unity/Runtime/Export/Logging/Logger.cs:60)
UnityEngine.Debug:Log (object) (at C:/build/output/unity/unity/Runtime/Export/Debug/Debug.bindings.cs:123)
Game.View.CaptureRig:ConfigureCaptureView () (at C:/Users/d.grab/Desktop/the-game/artifacts/mobsv2-project/Assets/Game.View/CaptureRig.cs:962)
Game.View.CaptureRig/<Run>d__254:MoveNext () (at C:/Users/d.grab/Desktop/the-game/artifacts/mobsv2-project/Assets/Game.View/CaptureRig.cs:653)
UnityEngine.SetupCoroutine:InvokeMoveNext (System.Collections.IEnumerator,intptr) (at C:/build/output/unity/unity/Runtime/Export/Scripting/Coroutines.cs:17)

(Filename: C:/build/output/unity/unity/Runtime/Export/Debug/Debug.bindings.cs Line: 123)

[capture-grip] root=(-24.19, 0.81, -15.57), tip=(-24.06, 1.00, -16.21), length=0,678, edge=(-0.26, -0.91, -0.32), edgeDown=0,910, socketRight=(-0.26, -0.46, 0.85), socketUp=(-0.29, -0.80, -0.52), socketForward=(0.92, -0.39, 0.08), renderer=Pelag_FantasySaber_Equipped, enabled=True, active=True, boundsCenter=(-24.17, 0.82, -15.69), boundsSize=(0.40, 0.58, 1.18), shader=Universal Render Pipeline/Lit
UnityEngine.Debug:ExtractStackTraceNoAlloc (byte*,int,string)
UnityEngine.StackTraceUtility:ExtractStackTrace () (at C:/build/output/unity/unity/Runtime/Export/Scripting/StackTrace.cs:35)
UnityEngine.DebugLogHandler:Internal_Log (UnityEngine.LogType,UnityEngine.LogOption,string,UnityEngine.Object)
UnityEngine.DebugLogHandler:LogFormat (UnityEngine.LogType,UnityEngine.Object,string,object[]) (at C:/build/output/unity/unity/Runtime/Export/Logging/DebugLogHandler.cs:9)
UnityEngine.Logger:Log (UnityEngine.LogType,object) (at C:/build/output/unity/unity/Runtime/Export/Logging/Logger.cs:60)
UnityEngine.Debug:Log (object) (at C:/build/output/unity/unity/Runtime/Export/Debug/Debug.bindings.cs:123)
Game.View.CaptureRig:ConfigureCaptureView () (at C:/Users/d.grab/Desktop/the-game/artifacts/mobsv2-project/Assets/Game.View/CaptureRig.cs:962)
Game.View.CaptureRig/<Run>d__254:MoveNext () (at C:/Users/d.grab/Desktop/the-game/artifacts/mobsv2-project/Assets/Game.View/CaptureRig.cs:653)
UnityEngine.SetupCoroutine:InvokeMoveNext (System.Collections.IEnumerator,intptr) (at C:/build/output/unity/unity/Runtime/Export/Scripting/Coroutines.cs:17)

(Filename: C:/build/output/unity/unity/Runtime/Export/Debug/Debug.bindings.cs Line: 123)

[capture-grip] root=(-24.17, 0.84, -15.60), tip=(-24.02, 1.04, -16.23), length=0,678, edge=(-0.23, -0.91, -0.34), edgeDown=0,911, socketRight=(-0.27, -0.49, 0.83), socketUp=(-0.25, -0.80, -0.55), socketForward=(0.93, -0.36, 0.10), renderer=Pelag_FantasySaber_Equipped, enabled=True, active=True, boundsCenter=(-24.15, 0.85, -15.71), boundsSize=(0.41, 0.61, 1.18), shader=Universal Render Pipeline/Lit
UnityEngine.Debug:ExtractStackTraceNoAlloc (byte*,int,string)
UnityEngine.StackTraceUtility:ExtractStackTrace () (at C:/build/output/unity/unity/Runtime/Export/Scripting/StackTrace.cs:35)
UnityEngine.DebugLogHandler:Internal_Log (UnityEngine.LogType,UnityEngine.LogOption,string,UnityEngine.Object)
UnityEngine.DebugLogHandler:LogFormat (UnityEngine.LogType,UnityEngine.Object,string,object[]) (at C:/build/output/unity/unity/Runtime/Export/Logging/DebugLogHandler.cs:9)
UnityEngine.Logger:Log (UnityEngine.LogType,object) (at C:/build/output/unity/unity/Runtime/Export/Logging/Logger.cs:60)
UnityEngine.Debug:Log (object) (at C:/build/output/unity/unity/Runtime/Export/Debug/Debug.bindings.cs:123)
Game.View.CaptureRig:ConfigureCaptureView () (at C:/Users/d.grab/Desktop/the-game/artifacts/mobsv2-project/Assets/Game.View/CaptureRig.cs:962)
Game.View.CaptureRig/<Run>d__254:MoveNext () (at C:/Users/d.grab/Desktop/the-game/artifacts/mobsv2-project/Assets/Game.View/CaptureRig.cs:653)
UnityEngine.SetupCoroutine:InvokeMoveNext (System.Collections.IEnumerator,intptr) (at C:/build/output/unity/unity/Runtime/Export/Scripting/Coroutines.cs:17)

(Filename: C:/build/output/unity/unity/Runtime/Export/Debug/Debug.bindings.cs Line: 123)

[capture-grip] root=(-24.14, 0.86, -15.62), tip=(-23.96, 1.08, -16.24), length=0,678, edge=(-0.19, -0.91, -0.38), edgeDown=0,907, socketRight=(-0.31, -0.51, 0.80), socketUp=(-0.21, -0.79, -0.58), socketForward=(0.93, -0.34, 0.14), renderer=Pelag_FantasySaber_Equipped, enabled=True, active=True, boundsCenter=(-24.11, 0.88, -15.74), boundsSize=(0.45, 0.63, 1.17), shader=Universal Render Pipeline/Lit
UnityEngine.Debug:ExtractStackTraceNoAlloc (byte*,int,string)
UnityEngine.StackTraceUtility:ExtractStackTrace () (at C:/build/output/unity/unity/Runtime/Export/Scripting/StackTrace.cs:35)
UnityEngine.DebugLogHandler:Internal_Log (UnityEngine.LogType,UnityEngine.LogOption,string,UnityEngine.Object)
UnityEngine.DebugLogHandler:LogFormat (UnityEngine.LogType,UnityEngine.Object,string,object[]) (at C:/build/output/unity/unity/Runtime/Export/Logging/DebugLogHandler.cs:9)
UnityEngine.Logger:Log (UnityEngine.LogType,object) (at C:/build/output/unity/unity/Runtime/Export/Logging/Logger.cs:60)
UnityEngine.Debug:Log (object) (at C:/build/output/unity/unity/Runtime/Export/Debug/Debug.bindings.cs:123)
Game.View.CaptureRig:ConfigureCaptureView () (at C:/Users/d.grab/Desktop/the-game/artifacts/mobsv2-project/Assets/Game.View/CaptureRig.cs:962)
Game.View.CaptureRig/<Run>d__254:MoveNext () (at C:/Users/d.grab/Desktop/the-game/artifacts/mobsv2-project/Assets/Game.View/CaptureRig.cs:653)
UnityEngine.SetupCoroutine:InvokeMoveNext (System.Collections.IEnumerator,intptr) (at C:/build/output/unity/unity/Runtime/Export/Scripting/Coroutines.cs:17)

(Filename: C:/build/output/unity/unity/Runtime/Export/Debug/Debug.bindings.cs Line: 123)

[capture-grip] root=(-24.09, 0.90, -15.65), tip=(-23.86, 1.14, -16.24), length=0,678, edge=(-0.15, -0.89, -0.42), edgeDown=0,894, socketRight=(-0.38, -0.53, 0.76), socketUp=(-0.15, -0.77, -0.62), socketForward=(0.91, -0.35, 0.21), renderer=Pelag_FantasySaber_Equipped, enabled=True, active=True, boundsCenter=(-24.05, 0.92, -15.76), boundsSize=(0.54, 0.66, 1.14), shader=Universal Render Pipeline/Lit
UnityEngine.Debug:ExtractStackTraceNoAlloc (byte*,int,string)
UnityEngine.StackTraceUtility:ExtractStackTrace () (at C:/build/output/unity/unity/Runtime/Export/Scripting/StackTrace.cs:35)
UnityEngine.DebugLogHandler:Internal_Log (UnityEngine.LogType,UnityEngine.LogOption,string,UnityEngine.Object)
UnityEngine.DebugLogHandler:LogFormat (UnityEngine.LogType,UnityEngine.Object,string,object[]) (at C:/build/output/unity/unity/Runtime/Export/Logging/DebugLogHandler.cs:9)
UnityEngine.Logger:Log (UnityEngine.LogType,object) (at C:/build/output/unity/unity/Runtime/Export/Logging/Logger.cs:60)
UnityEngine.Debug:Log (object) (at C:/build/output/unity/unity/Runtime/Export/Debug/Debug.bindings.cs:123)
Game.View.CaptureRig:ConfigureCaptureView () (at C:/Users/d.grab/Desktop/the-game/artifacts/mobsv2-project/Assets/Game.View/CaptureRig.cs:962)
Game.View.CaptureRig/<Run>d__254:MoveNext () (at C:/Users/d.grab/Desktop/the-game/artifacts/mobsv2-project/Assets/Game.View/CaptureRig.cs:653)
UnityEngine.SetupCoroutine:InvokeMoveNext (System.Collections.IEnumerator,intptr) (at C:/build/output/unity/unity/Runtime/Export/Scripting/Coroutines.cs:17)

(Filename: C:/build/output/unity/unity/Runtime/Export/Debug/Debug.bindings.cs Line: 123)

[capture-grip] root=(-24.04, 0.94, -15.68), tip=(-23.73, 1.20, -16.22), length=0,678, edge=(-0.12, -0.87, -0.48), edgeDown=0,870, socketRight=(-0.48, -0.55, 0.68), socketUp=(-0.09, -0.74, -0.67), socketForward=(0.87, -0.39, 0.30), renderer=Pelag_FantasySaber_Equipped, enabled=True, active=True, boundsCenter=(-23.98, 0.96, -15.78), boundsSize=(0.66, 0.69, 1.09), shader=Universal Render Pipeline/Lit
UnityEngine.Debug:ExtractStackTraceNoAlloc (byte*,int,string)
UnityEngine.StackTraceUtility:ExtractStackTrace () (at C:/build/output/unity/unity/Runtime/Export/Scripting/StackTrace.cs:35)
UnityEngine.DebugLogHandler:Internal_Log (UnityEngine.LogType,UnityEngine.LogOption,string,UnityEngine.Object)
UnityEngine.DebugLogHandler:LogFormat (UnityEngine.LogType,UnityEngine.Object,string,object[]) (at C:/build/output/unity/unity/Runtime/Export/Logging/DebugLogHandler.cs:9)
UnityEngine.Logger:Log (UnityEngine.LogType,object) (at C:/build/output/unity/unity/Runtime/Export/Logging/Logger.cs:60)
UnityEngine.Debug:Log (object) (at C:/build/output/unity/unity/Runtime/Export/Debug/Debug.bindings.cs:123)
Game.View.CaptureRig:ConfigureCaptureView () (at C:/Users/d.grab/Desktop/the-game/artifacts/mobsv2-project/Assets/Game.View/CaptureRig.cs:962)
Game.View.CaptureRig/<Run>d__254:MoveNext () (at C:/Users/d.grab/Desktop/the-game/artifacts/mobsv2-project/Assets/Game.View/CaptureRig.cs:653)
UnityEngine.SetupCoroutine:InvokeMoveNext (System.Collections.IEnumerator,intptr) (at C:/build/output/unity/unity/Runtime/Export/Scripting/Coroutines.cs:17)

(Filename: C:/build/output/unity/unity/Runtime/Export/Debug/Debug.bindings.cs Line: 123)

[capture-grip] root=(-23.97, 0.99, -15.70), tip=(-23.58, 1.26, -16.18), length=0,678, edge=(-0.09, -0.83, -0.55), edgeDown=0,831, socketRight=(-0.59, -0.57, 0.57), socketUp=(-0.03, -0.69, -0.73), socketForward=(0.80, -0.45, 0.39), renderer=Pelag_FantasySaber_Equipped, enabled=True, active=True, boundsCenter=(-23.91, 1.01, -15.79), boundsSize=(0.78, 0.72, 1.01), shader=Universal Render Pipeline/Lit
UnityEngine.Debug:ExtractStackTraceNoAlloc (byte*,int,string)
UnityEngine.StackTraceUtility:ExtractStackTrace () (at C:/build/output/unity/unity/Runtime/Export/Scripting/StackTrace.cs:35)
UnityEngine.DebugLogHandler:Internal_Log (UnityEngine.LogType,UnityEngine.LogOption,string,UnityEngine.Object)
UnityEngine.DebugLogHandler:LogFormat (UnityEngine.LogType,UnityEngine.Object,string,object[]) (at C:/build/output/unity/unity/Runtime/Export/Logging/DebugLogHandler.cs:9)
UnityEngine.Logger:Log (UnityEngine.LogType,object) (at C:/build/output/unity/unity/Runtime/Export/Logging/Logger.cs:60)
UnityEngine.Debug:Log (object) (at C:/build/output/unity/unity/Runtime/Export/Debug/Debug.bindings.cs:123)
Game.View.CaptureRig:ConfigureCaptureView () (at C:/Users/d.grab/Desktop/the-game/artifacts/mobsv2-project/Assets/Game.View/CaptureRig.cs:962)
Game.View.CaptureRig/<Run>d__254:MoveNext () (at C:/Users/d.grab/Desktop/the-game/artifacts/mobsv2-project/Assets/Game.View/CaptureRig.cs:653)
UnityEngine.SetupCoroutine:InvokeMoveNext (System.Collections.IEnumerator,intptr) (at C:/build/output/unity/unity/Runtime/Export/Scripting/Coroutines.cs:17)

(Filename: C:/build/output/unity/unity/Runtime/Export/Debug/Debug.bindings.cs Line: 123)

[capture-grip] root=(-23.91, 1.05, -15.71), tip=(-23.44, 1.34, -16.10), length=0,678, edge=(-0.05, -0.77, -0.64), edgeDown=0,770, socketRight=(-0.70, -0.58, 0.42), socketUp=(0.04, -0.62, -0.79), socketForward=(0.72, -0.53, 0.45), renderer=Pelag_FantasySaber_Equipped, enabled=True, active=True, boundsCenter=(-23.83, 1.08, -15.79), boundsSize=(0.90, 0.75, 0.89), shader=Universal Render Pipeline/Lit
UnityEngine.Debug:ExtractStackTraceNoAlloc (byte*,int,string)
UnityEngine.StackTraceUtility:ExtractStackTrace () (at C:/build/output/unity/unity/Runtime/Export/Scripting/StackTrace.cs:35)
UnityEngine.DebugLogHandler:Internal_Log (UnityEngine.LogType,UnityEngine.LogOption,string,UnityEngine.Object)
UnityEngine.DebugLogHandler:LogFormat (UnityEngine.LogType,UnityEngine.Object,string,object[]) (at C:/build/output/unity/unity/Runtime/Export/Logging/DebugLogHandler.cs:9)
UnityEngine.Logger:Log (UnityEngine.LogType,object) (at C:/build/output/unity/unity/Runtime/Export/Logging/Logger.cs:60)
UnityEngine.Debug:Log (object) (at C:/build/output/unity/unity/Runtime/Export/Debug/Debug.bindings.cs:123)
Game.View.CaptureRig:ConfigureCaptureView () (at C:/Users/d.grab/Desktop/the-game/artifacts/mobsv2-project/Assets/Game.View/CaptureRig.cs:962)
Game.View.CaptureRig/<Run>d__254:MoveNext () (at C:/Users/d.grab/Desktop/the-game/artifacts/mobsv2-project/Assets/Game.View/CaptureRig.cs:653)
UnityEngine.SetupCoroutine:InvokeMoveNext (System.Collections.IEnumerator,intptr) (at C:/build/output/unity/unity/Runtime/Export/Scripting/Coroutines.cs:17)

(Filename: C:/build/output/unity/unity/Runtime/Export/Debug/Debug.bindings.cs Line: 123)

[capture-grip] root=(-23.84, 1.11, -15.71), tip=(-23.30, 1.42, -15.98), length=0,678, edge=(0.01, -0.68, -0.74), edgeDown=0,678, socketRight=(-0.78, -0.58, 0.23), socketUp=(0.13, -0.51, -0.85), socketForward=(0.61, -0.63, 0.47), renderer=Pelag_FantasySaber_Equipped, enabled=True, active=True, boundsCenter=(-23.75, 1.14, -15.77), boundsSize=(0.99, 0.76, 0.72), shader=Universal Render Pipeline/Lit
UnityEngine.Debug:ExtractStackTraceNoAlloc (byte*,int,string)
UnityEngine.StackTraceUtility:ExtractStackTrace () (at C:/build/output/unity/unity/Runtime/Export/Scripting/StackTrace.cs:35)
UnityEngine.DebugLogHandler:Internal_Log (UnityEngine.LogType,UnityEngine.LogOption,string,UnityEngine.Object)
UnityEngine.DebugLogHandler:LogFormat (UnityEngine.LogType,UnityEngine.Object,string,object[]) (at C:/build/output/unity/unity/Runtime/Export/Logging/DebugLogHandler.cs:9)
UnityEngine.Logger:Log (UnityEngine.LogType,object) (at C:/build/output/unity/unity/Runtime/Export/Logging/Logger.cs:60)
UnityEngine.Debug:Log (object) (at C:/build/output/unity/unity/Runtime/Export/Debug/Debug.bindings.cs:123)
Game.View.CaptureRig:ConfigureCaptureView () (at C:/Users/d.grab/Desktop/the-game/artifacts/mobsv2-project/Assets/Game.View/CaptureRig.cs:962)
Game.View.CaptureRig/<Run>d__254:MoveNext () (at C:/Users/d.grab/Desktop/the-game/artifacts/mobsv2-project/Assets/Game.View/CaptureRig.cs:653)
UnityEngine.SetupCoroutine:InvokeMoveNext (System.Collections.IEnumerator,intptr) (at C:/build/output/unity/unity/Runtime/Export/Scripting/Coroutines.cs:17)

(Filename: C:/build/output/unity/unity/Runtime/Export/Debug/Debug.bindings.cs Line: 123)

[capture-grip] root=(-23.76, 1.17, -15.69), tip=(-23.18, 1.48, -15.83), length=0,678, edge=(0.10, -0.56, -0.82), edgeDown=0,562, socketRight=(-0.83, -0.56, 0.02), socketUp=(0.24, -0.39, -0.89), socketForward=(0.50, -0.73, 0.46), renderer=Pelag_FantasySaber_Equipped, enabled=True, active=True, boundsCenter=(-23.66, 1.21, -15.73), boundsSize=(1.08, 0.74, 0.51), shader=Universal Render Pipeline/Lit
UnityEngine.Debug:ExtractStackTraceNoAlloc (byte*,int,string)
UnityEngine.StackTraceUtility:ExtractStackTrace () (at C:/build/output/unity/unity/Runtime/Export/Scripting/StackTrace.cs:35)
UnityEngine.DebugLogHandler:Internal_Log (UnityEngine.LogType,UnityEngine.LogOption,string,UnityEngine.Object)
UnityEngine.DebugLogHandler:LogFormat (UnityEngine.LogType,UnityEngine.Object,string,object[]) (at C:/build/output/unity/unity/Runtime/Export/Logging/DebugLogHandler.cs:9)
UnityEngine.Logger:Log (UnityEngine.LogType,object) (at C:/build/output/unity/unity/Runtime/Export/Logging/Logger.cs:60)
UnityEngine.Debug:Log (object) (at C:/build/output/unity/unity/Runtime/Export/Debug/Debug.bindings.cs:123)
Game.View.CaptureRig:ConfigureCaptureView () (at C:/Users/d.grab/Desktop/the-game/artifacts/mobsv2-project/Assets/Game.View/CaptureRig.cs:962)
Game.View.CaptureRig/<Run>d__254:MoveNext () (at C:/Users/d.grab/Desktop/the-game/artifacts/mobsv2-project/Assets/Game.View/CaptureRig.cs:653)
UnityEngine.SetupCoroutine:InvokeMoveNext (System.Collections.IEnumerator,intptr) (at C:/build/output/unity/unity/Runtime/Export/Scripting/Coroutines.cs:17)

(Filename: C:/build/output/unity/unity/Runtime/Export/Debug/Debug.bindings.cs Line: 123)

[capture-grip] root=(-23.69, 1.23, -15.66), tip=(-23.08, 1.52, -15.65), length=0,678, edge=(0.20, -0.43, -0.88), edgeDown=0,432, socketRight=(-0.85, -0.49, -0.20), socketUp=(0.36, -0.26, -0.89), socketForward=(0.39, -0.83, 0.40), renderer=Pelag_FantasySaber_Equipped, enabled=True, active=True, boundsCenter=(-23.58, 1.27, -15.68), boundsSize=(1.14, 0.68, 0.28), shader=Universal Render Pipeline/Lit
UnityEngine.Debug:ExtractStackTraceNoAlloc (byte*,int,string)
UnityEngine.StackTraceUtility:ExtractStackTrace () (at C:/build/output/unity/unity/Runtime/Export/Scripting/StackTrace.cs:35)
UnityEngine.DebugLogHandler:Internal_Log (UnityEngine.LogType,UnityEngine.LogOption,string,UnityEngine.Object)
UnityEngine.DebugLogHandler:LogFormat (UnityEngine.LogType,UnityEngine.Object,string,object[]) (at C:/build/output/unity/unity/Runtime/Export/Logging/DebugLogHandler.cs:9)
UnityEngine.Logger:Log (UnityEngine.LogType,object) (at C:/build/output/unity/unity/Runtime/Export/Logging/Logger.cs:60)
UnityEngine.Debug:Log (object) (at C:/build/output/unity/unity/Runtime/Export/Debug/Debug.bindings.cs:123)
Game.View.CaptureRig:ConfigureCaptureView () (at C:/Users/d.grab/Desktop/the-game/artifacts/mobsv2-project/Assets/Game.View/CaptureRig.cs:962)
Game.View.CaptureRig/<Run>d__254:MoveNext () (at C:/Users/d.grab/Desktop/the-game/artifacts/mobsv2-project/Assets/Game.View/CaptureRig.cs:653)
UnityEngine.SetupCoroutine:InvokeMoveNext (System.Collections.IEnumerator,intptr) (at C:/build/output/unity/unity/Runtime/Export/Scripting/Coroutines.cs:17)

(Filename: C:/build/output/unity/unity/Runtime/Export/Debug/Debug.bindings.cs Line: 123)

[capture-grip] root=(-23.62, 1.29, -15.60), tip=(-23.00, 1.52, -15.44), length=0,678, edge=(0.34, -0.29, -0.90), edgeDown=0,287, socketRight=(-0.82, -0.38, -0.43), socketUp=(0.51, -0.13, -0.85), socketForward=(0.27, -0.91, 0.30), renderer=Pelag_FantasySaber_Equipped, enabled=True, active=True, boundsCenter=(-23.50, 1.32, -15.60), boundsSize=(1.17, 0.57, 0.54), shader=Universal Render Pipeline/Lit
UnityEngine.Debug:ExtractStackTraceNoAlloc (byte*,int,string)
UnityEngine.StackTraceUtility:ExtractStackTrace () (at C:/build/output/unity/unity/Runtime/Export/Scripting/StackTrace.cs:35)
UnityEngine.DebugLogHandler:Internal_Log (UnityEngine.LogType,UnityEngine.LogOption,string,UnityEngine.Object)
UnityEngine.DebugLogHandler:LogFormat (UnityEngine.LogType,UnityEngine.Object,string,object[]) (at C:/build/output/unity/unity/Runtime/Export/Logging/DebugLogHandler.cs:9)
UnityEngine.Logger:Log (UnityEngine.LogType,object) (at C:/build/output/unity/unity/Runtime/Export/Logging/Logger.cs:60)
UnityEngine.Debug:Log (object) (at C:/build/output/unity/unity/Runtime/Export/Debug/Debug.bindings.cs:123)
Game.View.CaptureRig:ConfigureCaptureView () (at C:/Users/d.grab/Desktop/the-game/artifacts/mobsv2-project/Assets/Game.View/CaptureRig.cs:962)
Game.View.CaptureRig/<Run>d__254:MoveNext () (at C:/Users/d.grab/Desktop/the-game/artifacts/mobsv2-project/Assets/Game.View/CaptureRig.cs:653)
UnityEngine.SetupCoroutine:InvokeMoveNext (System.Collections.IEnumerator,intptr) (at C:/build/output/unity/unity/Runtime/Export/Scripting/Coroutines.cs:17)

(Filename: C:/build/output/unity/unity/Runtime/Export/Debug/Debug.bindings.cs Line: 123)

[capture-grip] root=(-23.54, 1.33, -15.51), tip=(-22.96, 1.46, -15.18), length=0,678, edge=(0.51, -0.14, -0.85), edgeDown=0,136, socketRight=(-0.72, -0.20, -0.66), socketUp=(0.68, -0.01, -0.74), socketForward=(0.14, -0.98, 0.15), renderer=Pelag_FantasySaber_Equipped, enabled=True, active=True, boundsCenter=(-23.43, 1.34, -15.48), boundsSize=(1.13, 0.36, 0.80), shader=Universal Render Pipeline/Lit
UnityEngine.Debug:ExtractStackTraceNoAlloc (byte*,int,string)
UnityEngine.StackTraceUtility:ExtractStackTrace () (at C:/build/output/unity/unity/Runtime/Export/Scripting/StackTrace.cs:35)
UnityEngine.DebugLogHandler:Internal_Log (UnityEngine.LogType,UnityEngine.LogOption,string,UnityEngine.Object)
UnityEngine.DebugLogHandler:LogFormat (UnityEngine.LogType,UnityEngine.Object,string,object[]) (at C:/build/output/unity/unity/Runtime/Export/Logging/DebugLogHandler.cs:9)
UnityEngine.Logger:Log (UnityEngine.LogType,object) (at C:/build/output/unity/unity/Runtime/Export/Logging/Logger.cs:60)
UnityEngine.Debug:Log (object) (at C:/build/output/unity/unity/Runtime/Export/Debug/Debug.bindings.cs:123)
Game.View.CaptureRig:ConfigureCaptureView () (at C:/Users/d.grab/Desktop/the-game/artifacts/mobsv2-project/Assets/Game.View/CaptureRig.cs:962)
Game.View.CaptureRig/<Run>d__254:MoveNext () (at C:/Users/d.grab/Desktop/the-game/artifacts/mobsv2-project/Assets/Game.View/CaptureRig.cs:653)
UnityEngine.SetupCoroutine:InvokeMoveNext (System.Collections.IEnumerator,intptr) (at C:/build/output/unity/unity/Runtime/Export/Scripting/Coroutines.cs:17)

(Filename: C:/build/output/unity/unity/Runtime/Export/Debug/Debug.bindings.cs Line: 123)

[capture-grip] root=(-23.48, 1.35, -15.39), tip=(-23.01, 1.35, -14.91), length=0,678, edge=(0.72, -0.01, -0.70), edgeDown=0,010, socketRight=(-0.52, 0.01, -0.85), socketUp=(0.85, 0.07, -0.52), socketForward=(0.06, -1.00, -0.04), renderer=Pelag_FantasySaber_Equipped, enabled=True, active=True, boundsCenter=(-23.38, 1.35, -15.33), boundsSize=(0.99, 0.12, 1.01), shader=Universal Render Pipeline/Lit
UnityEngine.Debug:ExtractStackTraceNoAlloc (byte*,int,string)
UnityEngine.StackTraceUtility:ExtractStackTrace () (at C:/build/output/unity/unity/Runtime/Export/Scripting/StackTrace.cs:35)
UnityEngine.DebugLogHandler:Internal_Log (UnityEngine.LogType,UnityEngine.LogOption,string,UnityEngine.Object)
UnityEngine.DebugLogHandler:LogFormat (UnityEngine.LogType,UnityEngine.Object,string,object[]) (at C:/build/output/unity/unity/Runtime/Export/Logging/DebugLogHandler.cs:9)
UnityEngine.Logger:Log (UnityEngine.LogType,object) (at C:/build/output/unity/unity/Runtime/Export/Logging/Logger.cs:60)
UnityEngine.Debug:Log (object) (at C:/build/output/unity/unity/Runtime/Export/Debug/Debug.bindings.cs:123)
Game.View.CaptureRig:ConfigureCaptureView () (at C:/Users/d.grab/Desktop/the-game/artifacts/mobsv2-project/Assets/Game.View/CaptureRig.cs:962)
Game.View.CaptureRig/<Run>d__254:MoveNext () (at C:/Users/d.grab/Desktop/the-game/artifacts/mobsv2-project/Assets/Game.View/CaptureRig.cs:653)
UnityEngine.SetupCoroutine:InvokeMoveNext (System.Collections.IEnumerator,intptr) (at C:/build/output/unity/unity/Runtime/Export/Scripting/Coroutines.cs:17)

(Filename: C:/build/output/unity/unity/Runtime/Export/Debug/Debug.bindings.cs Line: 123)

[capture-grip] root=(-23.45, 1.37, -15.24), tip=(-23.16, 1.23, -14.64), length=0,678, edge=(0.90, 0.07, -0.42), edgeDown=-0,074, socketRight=(-0.22, 0.23, -0.95), socketUp=(0.97, 0.11, -0.20), socketForward=(0.06, -0.97, -0.25), renderer=Pelag_FantasySaber_Equipped, enabled=True, active=True, boundsCenter=(-23.38, 1.34, -15.15), boundsSize=(0.72, 0.37, 1.15), shader=Universal Render Pipeline/Lit
UnityEngine.Debug:ExtractStackTraceNoAlloc (byte*,int,string)
UnityEngine.StackTraceUtility:ExtractStackTrace () (at C:/build/output/unity/unity/Runtime/Export/Scripting/StackTrace.cs:35)
UnityEngine.DebugLogHandler:Internal_Log (UnityEngine.LogType,UnityEngine.LogOption,string,UnityEngine.Object)
UnityEngine.DebugLogHandler:LogFormat (UnityEngine.LogType,UnityEngine.Object,string,object[]) (at C:/build/output/unity/unity/Runtime/Export/Logging/DebugLogHandler.cs:9)
UnityEngine.Logger:Log (UnityEngine.LogType,object) (at C:/build/output/unity/unity/Runtime/Export/Logging/Logger.cs:60)
UnityEngine.Debug:Log (object) (at C:/build/output/unity/unity/Runtime/Export/Debug/Debug.bindings.cs:123)
Game.View.CaptureRig:ConfigureCaptureView () (at C:/Users/d.grab/Desktop/the-game/artifacts/mobsv2-project/Assets/Game.View/CaptureRig.cs:962)
Game.View.CaptureRig/<Run>d__254:MoveNext () (at C:/Users/d.grab/Desktop/the-game/artifacts/mobsv2-project/Assets/Game.View/CaptureRig.cs:653)
UnityEngine.SetupCoroutine:InvokeMoveNext (System.Collections.IEnumerator,intptr) (at C:/build/output/unity/unity/Runtime/Export/Scripting/Coroutines.cs:17)

(Filename: C:/build/output/unity/unity/Runtime/Export/Debug/Debug.bindings.cs Line: 123)

[capture-grip] root=(-23.47, 1.36, -15.08), tip=(-23.40, 1.08, -14.47), length=0,678, edge=(0.99, 0.10, -0.06), edgeDown=-0,097, socketRight=(0.12, 0.44, -0.89), socketUp=(0.98, 0.08, 0.17), socketForward=(0.15, -0.89, -0.43), renderer=Pelag_FantasySaber_Equipped, enabled=True, active=True, boundsCenter=(-23.43, 1.31, -14.97), boundsSize=(0.37, 0.61, 1.11), shader=Universal Render Pipeline/Lit
UnityEngine.Debug:ExtractStackTraceNoAlloc (byte*,int,string)
UnityEngine.StackTraceUtility:ExtractStackTrace () (at C:/build/output/unity/unity/Runtime/Export/Scripting/StackTrace.cs:35)
UnityEngine.DebugLogHandler:Internal_Log (UnityEngine.LogType,UnityEngine.LogOption,string,UnityEngine.Object)
UnityEngine.DebugLogHandler:LogFormat (UnityEngine.LogType,UnityEngine.Object,string,object[]) (at C:/build/output/unity/unity/Runtime/Export/Logging/DebugLogHandler.cs:9)
UnityEngine.Logger:Log (UnityEngine.LogType,object) (at C:/build/output/unity/unity/Runtime/Export/Logging/Logger.cs:60)
UnityEngine.Debug:Log (object) (at C:/build/output/unity/unity/Runtime/Export/Debug/Debug.bindings.cs:123)
Game.View.CaptureRig:ConfigureCaptureView () (at C:/Users/d.grab/Desktop/the-game/artifacts/mobsv2-project/Assets/Game.View/CaptureRig.cs:962)
Game.View.CaptureRig/<Run>d__254:MoveNext () (at C:/Users/d.grab/Desktop/the-game/artifacts/mobsv2-project/Assets/Game.View/CaptureRig.cs:653)
UnityEngine.SetupCoroutine:InvokeMoveNext (System.Collections.IEnumerator,intptr) (at C:/build/output/unity/unity/Runtime/Export/Scripting/Coroutines.cs:17)

(Filename: C:/build/output/unity/unity/Runtime/Export/Debug/Debug.bindings.cs Line: 123)

[capture-grip] root=(-23.54, 1.34, -14.93), tip=(-23.71, 0.93, -14.41), length=0,678, edge=(0.94, 0.01, 0.33), edgeDown=-0,011, socketRight=(0.46, 0.60, -0.66), socketUp=(0.84, -0.05, 0.53), socketForward=(0.28, -0.80, -0.53), renderer=Pelag_FantasySaber_Equipped, enabled=True, active=True, boundsCenter=(-23.55, 1.27, -14.83), boundsSize=(0.56, 0.79, 1.02), shader=Universal Render Pipeline/Lit
UnityEngine.Debug:ExtractStackTraceNoAlloc (byte*,int,string)
UnityEngine.StackTraceUtility:ExtractStackTrace () (at C:/build/output/unity/unity/Runtime/Export/Scripting/StackTrace.cs:35)
UnityEngine.DebugLogHandler:Internal_Log (UnityEngine.LogType,UnityEngine.LogOption,string,UnityEngine.Object)
UnityEngine.DebugLogHandler:LogFormat (UnityEngine.LogType,UnityEngine.Object,string,object[]) (at C:/build/output/unity/unity/Runtime/Export/Logging/DebugLogHandler.cs:9)
UnityEngine.Logger:Log (UnityEngine.LogType,object) (at C:/build/output/unity/unity/Runtime/Export/Logging/Logger.cs:60)
UnityEngine.Debug:Log (object) (at C:/build/output/unity/unity/Runtime/Export/Debug/Debug.bindings.cs:123)
Game.View.CaptureRig:ConfigureCaptureView () (at C:/Users/d.grab/Desktop/the-game/artifacts/mobsv2-project/Assets/Game.View/CaptureRig.cs:962)
Game.View.CaptureRig/<Run>d__254:MoveNext () (at C:/Users/d.grab/Desktop/the-game/artifacts/mobsv2-project/Assets/Game.View/CaptureRig.cs:653)
UnityEngine.SetupCoroutine:InvokeMoveNext (System.Collections.IEnumerator,intptr) (at C:/build/output/unity/unity/Runtime/Export/Scripting/Coroutines.cs:17)

(Filename: C:/build/output/unity/unity/Runtime/Export/Debug/Debug.bindings.cs Line: 123)

[capture-grip] root=(-23.65, 1.29, -14.83), tip=(-24.01, 0.80, -14.52), length=0,678, edge=(0.76, -0.16, 0.64), edgeDown=0,156, socketRight=(0.68, 0.67, -0.30), socketUp=(0.59, -0.25, 0.77), socketForward=(0.44, -0.69, -0.57), renderer=Pelag_FantasySaber_Equipped, enabled=True, active=True, boundsCenter=(-23.69, 1.20, -14.76), boundsSize=(0.85, 0.95, 0.75), shader=Universal Render Pipeline/Lit
UnityEngine.Debug:ExtractStackTraceNoAlloc (byte*,int,string)
UnityEngine.StackTraceUtility:ExtractStackTrace () (at C:/build/output/unity/unity/Runtime/Export/Scripting/StackTrace.cs:35)
UnityEngine.DebugLogHandler:Internal_Log (UnityEngine.LogType,UnityEngine.LogOption,string,UnityEngine.Object)
UnityEngine.DebugLogHandler:LogFormat (UnityEngine.LogType,UnityEngine.Object,string,object[]) (at C:/build/output/unity/unity/Runtime/Export/Logging/DebugLogHandler.cs:9)
UnityEngine.Logger:Log (UnityEngine.LogType,object) (at C:/build/output/unity/unity/Runtime/Export/Logging/Logger.cs:60)
UnityEngine.Debug:Log (object) (at C:/build/output/unity/unity/Runtime/Export/Debug/Debug.bindings.cs:123)
Game.View.CaptureRig:ConfigureCaptureView () (at C:/Users/d.grab/Desktop/the-game/artifacts/mobsv2-project/Assets/Game.View/CaptureRig.cs:962)
Game.View.CaptureRig/<Run>d__254:MoveNext () (at C:/Users/d.grab/Desktop/the-game/artifacts/mobsv2-project/Assets/Game.View/CaptureRig.cs:653)
UnityEngine.SetupCoroutine:InvokeMoveNext (System.Collections.IEnumerator,intptr) (at C:/build/output/unity/unity/Runtime/Export/Scripting/Coroutines.cs:17)

(Filename: C:/build/output/unity/unity/Runtime/Export/Debug/Debug.bindings.cs Line: 123)

[capture-grip] root=(-23.75, 1.22, -14.79), tip=(-24.21, 0.73, -14.70), length=0,678, edge=(0.52, -0.35, 0.77), edgeDown=0,354, socketRight=(0.76, 0.64, 0.06), socketUp=(0.32, -0.45, 0.83), socketForward=(0.56, -0.62, -0.55), renderer=Pelag_FantasySaber_Equipped, enabled=True, active=True, boundsCenter=(-23.82, 1.13, -14.76), boundsSize=(0.97, 1.00, 0.41), shader=Universal Render Pipeline/Lit
UnityEngine.Debug:ExtractStackTraceNoAlloc (byte*,int,string)
UnityEngine.StackTraceUtility:ExtractStackTrace () (at C:/build/output/unity/unity/Runtime/Export/Scripting/StackTrace.cs:35)
UnityEngine.DebugLogHandler:Internal_Log (UnityEngine.LogType,UnityEngine.LogOption,string,UnityEngine.Object)
UnityEngine.DebugLogHandler:LogFormat (UnityEngine.LogType,UnityEngine.Object,string,object[]) (at C:/build/output/unity/unity/Runtime/Export/Logging/DebugLogHandler.cs:9)
UnityEngine.Logger:Log (UnityEngine.LogType,object) (at C:/build/output/unity/unity/Runtime/Export/Logging/Logger.cs:60)
UnityEngine.Debug:Log (object) (at C:/build/output/unity/unity/Runtime/Export/Debug/Debug.bindings.cs:123)
Game.View.CaptureRig:ConfigureCaptureView () (at C:/Users/d.grab/Desktop/the-game/artifacts/mobsv2-project/Assets/Game.View/CaptureRig.cs:962)
Game.View.CaptureRig/<Run>d__254:MoveNext () (at C:/Users/d.grab/Desktop/the-game/artifacts/mobsv2-project/Assets/Game.View/CaptureRig.cs:653)
UnityEngine.SetupCoroutine:InvokeMoveNext (System.Collections.IEnumerator,intptr) (at C:/build/output/unity/unity/Runtime/Export/Scripting/Coroutines.cs:17)

(Filename: C:/build/output/unity/unity/Runtime/Export/Debug/Debug.bindings.cs Line: 123)

[capture-grip] root=(-23.84, 1.16, -14.78), tip=(-24.33, 0.70, -14.88), length=0,678, edge=(0.33, -0.53, 0.78), edgeDown=0,531, socketRight=(0.77, 0.55, 0.33), socketUp=(0.11, -0.62, 0.78), socketForward=(0.63, -0.56, -0.54), renderer=Pelag_FantasySaber_Equipped, enabled=True, active=True, boundsCenter=(-23.91, 1.07, -14.77), boundsSize=(0.99, 0.97, 0.44), shader=Universal Render Pipeline/Lit
UnityEngine.Debug:ExtractStackTraceNoAlloc (byte*,int,string)
UnityEngine.StackTraceUtility:ExtractStackTrace () (at C:/build/output/unity/unity/Runtime/Export/Scripting/StackTrace.cs:35)
UnityEngine.DebugLogHandler:Internal_Log (UnityEngine.LogType,UnityEngine.LogOption,string,UnityEngine.Object)
UnityEngine.DebugLogHandler:LogFormat (UnityEngine.LogType,UnityEngine.Object,string,object[]) (at C:/build/output/unity/unity/Runtime/Export/Logging/DebugLogHandler.cs:9)
UnityEngine.Logger:Log (UnityEngine.LogType,object) (at C:/build/output/unity/unity/Runtime/Export/Logging/Logger.cs:60)
UnityEngine.Debug:Log (object) (at C:/build/output/unity/unity/Runtime/Export/Debug/Debug.bindings.cs:123)
Game.View.CaptureRig:ConfigureCaptureView () (at C:/Users/d.grab/Desktop/the-game/artifacts/mobsv2-project/Assets/Game.View/CaptureRig.cs:962)
Game.View.CaptureRig/<Run>d__254:MoveNext () (at C:/Users/d.grab/Desktop/the-game/artifacts/mobsv2-project/Assets/Game.View/CaptureRig.cs:653)
UnityEngine.SetupCoroutine:InvokeMoveNext (System.Collections.IEnumerator,intptr) (at C:/build/output/unity/unity/Runtime/Export/Scripting/Coroutines.cs:17)

(Filename: C:/build/output/unity/unity/Runtime/Export/Debug/Debug.bindings.cs Line: 123)

[capture-grip] root=(-23.90, 1.09, -14.77), tip=(-24.40, 0.69, -14.99), length=0,678, edge=(0.21, -0.66, 0.73), edgeDown=0,656, socketRight=(0.76, 0.44, 0.48), socketUp=(-0.01, -0.73, 0.68), socketForward=(0.65, -0.52, -0.55), renderer=Pelag_FantasySaber_Equipped, enabled=True, active=True, boundsCenter=(-23.98, 1.01, -14.79), boundsSize=(0.98, 0.91, 0.63), shader=Universal Render Pipeline/Lit
UnityEngine.Debug:ExtractStackTraceNoAlloc (byte*,int,string)
UnityEngine.StackTraceUtility:ExtractStackTrace () (at C:/build/output/unity/unity/Runtime/Export/Scripting/StackTrace.cs:35)
UnityEngine.DebugLogHandler:Internal_Log (UnityEngine.LogType,UnityEngine.LogOption,string,UnityEngine.Object)
UnityEngine.DebugLogHandler:LogFormat (UnityEngine.LogType,UnityEngine.Object,string,object[]) (at C:/build/output/unity/unity/Runtime/Export/Logging/DebugLogHandler.cs:9)
UnityEngine.Logger:Log (UnityEngine.LogType,object) (at C:/build/output/unity/unity/Runtime/Export/Logging/Logger.cs:60)
UnityEngine.Debug:Log (object) (at C:/build/output/unity/unity/Runtime/Export/Debug/Debug.bindings.cs:123)
Game.View.CaptureRig:ConfigureCaptureView () (at C:/Users/d.grab/Desktop/the-game/artifacts/mobsv2-project/Assets/Game.View/CaptureRig.cs:962)
Game.View.CaptureRig/<Run>d__254:MoveNext () (at C:/Users/d.grab/Desktop/the-game/artifacts/mobsv2-project/Assets/Game.View/CaptureRig.cs:653)
UnityEngine.SetupCoroutine:InvokeMoveNext (System.Collections.IEnumerator,intptr) (at C:/build/output/unity/unity/Runtime/Export/Scripting/Coroutines.cs:17)

(Filename: C:/build/output/unity/unity/Runtime/Export/Debug/Debug.bindings.cs Line: 123)

[capture-grip] root=(-23.96, 1.03, -14.77), tip=(-24.47, 0.67, -15.03), length=0,678, edge=(0.17, -0.73, 0.66), edgeDown=0,733, socketRight=(0.77, 0.36, 0.54), socketUp=(-0.06, -0.79, 0.61), socketForward=(0.64, -0.50, -0.59), renderer=Pelag_FantasySaber_Equipped, enabled=True, active=True, boundsCenter=(-24.04, 0.95, -14.80), boundsSize=(0.99, 0.84, 0.69), shader=Universal Render Pipeline/Lit
UnityEngine.Debug:ExtractStackTraceNoAlloc (byte*,int,string)
UnityEngine.StackTraceUtility:ExtractStackTrace () (at C:/build/output/unity/unity/Runtime/Export/Scripting/StackTrace.cs:35)
UnityEngine.DebugLogHandler:Internal_Log (UnityEngine.LogType,UnityEngine.LogOption,string,UnityEngine.Object)
UnityEngine.DebugLogHandler:LogFormat (UnityEngine.LogType,UnityEngine.Object,string,object[]) (at C:/build/output/unity/unity/Runtime/Export/Logging/DebugLogHandler.cs:9)
UnityEngine.Logger:Log (UnityEngine.LogType,object) (at C:/build/output/unity/unity/Runtime/Export/Logging/Logger.cs:60)
UnityEngine.Debug:Log (object) (at C:/build/output/unity/unity/Runtime/Export/Debug/Debug.bindings.cs:123)
Game.View.CaptureRig:ConfigureCaptureView () (at C:/Users/d.grab/Desktop/the-game/artifacts/mobsv2-project/Assets/Game.View/CaptureRig.cs:962)
Game.View.CaptureRig/<Run>d__254:MoveNext () (at C:/Users/d.grab/Desktop/the-game/artifacts/mobsv2-project/Assets/Game.View/CaptureRig.cs:653)
UnityEngine.SetupCoroutine:InvokeMoveNext (System.Collections.IEnumerator,intptr) (at C:/build/output/unity/unity/Runtime/Export/Scripting/Coroutines.cs:17)

(Filename: C:/build/output/unity/unity/Runtime/Export/Debug/Debug.bindings.cs Line: 123)

[capture-grip] root=(-24.00, 0.97, -14.76), tip=(-24.53, 0.63, -15.02), length=0,678, edge=(0.19, -0.77, 0.60), edgeDown=0,775, socketRight=(0.80, 0.32, 0.51), socketUp=(-0.03, -0.83, 0.56), socketForward=(0.60, -0.46, -0.65), renderer=Pelag_FantasySaber_Equipped, enabled=True, active=True, boundsCenter=(-24.09, 0.89, -14.79), boundsSize=(1.02, 0.81, 0.67), shader=Universal Render Pipeline/Lit
UnityEngine.Debug:ExtractStackTraceNoAlloc (byte*,int,string)
UnityEngine.StackTraceUtility:ExtractStackTrace () (at C:/build/output/unity/unity/Runtime/Export/Scripting/StackTrace.cs:35)
UnityEngine.DebugLogHandler:Internal_Log (UnityEngine.LogType,UnityEngine.LogOption,string,UnityEngine.Object)
UnityEngine.DebugLogHandler:LogFormat (UnityEngine.LogType,UnityEngine.Object,string,object[]) (at C:/build/output/unity/unity/Runtime/Export/Logging/DebugLogHandler.cs:9)
UnityEngine.Logger:Log (UnityEngine.LogType,object) (at C:/build/output/unity/unity/Runtime/Export/Logging/Logger.cs:60)
UnityEngine.Debug:Log (object) (at C:/build/output/unity/unity/Runtime/Export/Debug/Debug.bindings.cs:123)
Game.View.CaptureRig:ConfigureCaptureView () (at C:/Users/d.grab/Desktop/the-game/artifacts/mobsv2-project/Assets/Game.View/CaptureRig.cs:962)
Game.View.CaptureRig/<Run>d__254:MoveNext () (at C:/Users/d.grab/Desktop/the-game/artifacts/mobsv2-project/Assets/Game.View/CaptureRig.cs:653)
UnityEngine.SetupCoroutine:InvokeMoveNext (System.Collections.IEnumerator,intptr) (at C:/build/output/unity/unity/Runtime/Export/Scripting/Coroutines.cs:17)

(Filename: C:/build/output/unity/unity/Runtime/Export/Debug/Debug.bindings.cs Line: 123)

[capture-grip] root=(-24.04, 0.91, -14.76), tip=(-24.58, 0.58, -14.98), length=0,678, edge=(0.27, -0.80, 0.54), edgeDown=0,797, socketRight=(0.84, 0.31, 0.45), socketUp=(0.04, -0.85, 0.52), socketForward=(0.54, -0.42, -0.73), renderer=Pelag_FantasySaber_Equipped, enabled=True, active=True, boundsCenter=(-24.12, 0.84, -14.78), boundsSize=(1.06, 0.81, 0.60), shader=Universal Render Pipeline/Lit
UnityEngine.Debug:ExtractStackTraceNoAlloc (byte*,int,string)
UnityEngine.StackTraceUtility:ExtractStackTrace () (at C:/build/output/unity/unity/Runtime/Export/Scripting/StackTrace.cs:35)
UnityEngine.DebugLogHandler:Internal_Log (UnityEngine.LogType,UnityEngine.LogOption,string,UnityEngine.Object)
UnityEngine.DebugLogHandler:LogFormat (UnityEngine.LogType,UnityEngine.Object,string,object[]) (at C:/build/output/unity/unity/Runtime/Export/Logging/DebugLogHandler.cs:9)
UnityEngine.Logger:Log (UnityEngine.LogType,object) (at C:/build/output/unity/unity/Runtime/Export/Logging/Logger.cs:60)
UnityEngine.Debug:Log (object) (at C:/build/output/unity/unity/Runtime/Export/Debug/Debug.bindings.cs:123)
Game.View.CaptureRig:ConfigureCaptureView () (at C:/Users/d.grab/Desktop/the-game/artifacts/mobsv2-project/Assets/Game.View/CaptureRig.cs:962)
Game.View.CaptureRig/<Run>d__254:MoveNext () (at C:/Users/d.grab/Desktop/the-game/artifacts/mobsv2-project/Assets/Game.View/CaptureRig.cs:653)
UnityEngine.SetupCoroutine:InvokeMoveNext (System.Collections.IEnumerator,intptr) (at C:/build/output/unity/unity/Runtime/Export/Scripting/Coroutines.cs:17)

(Filename: C:/build/output/unity/unity/Runtime/Export/Debug/Debug.bindings.cs Line: 123)

[capture-grip] root=(-24.06, 0.87, -14.76), tip=(-24.61, 0.52, -14.93), length=0,678, edge=(0.37, -0.81, 0.46), edgeDown=0,806, socketRight=(0.87, 0.34, 0.36), socketUp=(0.14, -0.87, 0.46), socketForward=(0.47, -0.35, -0.81), renderer=Pelag_FantasySaber_Equipped, enabled=True, active=True, boundsCenter=(-24.14, 0.79, -14.78), boundsSize=(1.09, 0.84, 0.51), shader=Universal Render Pipeline/Lit
UnityEngine.Debug:ExtractStackTraceNoAlloc (byte*,int,string)
UnityEngine.StackTraceUtility:ExtractStackTrace () (at C:/build/output/unity/unity/Runtime/Export/Scripting/StackTrace.cs:35)
UnityEngine.DebugLogHandler:Internal_Log (UnityEngine.LogType,UnityEngine.LogOption,string,UnityEngine.Object)
UnityEngine.DebugLogHandler:LogFormat (UnityEngine.LogType,UnityEngine.Object,string,object[]) (at C:/build/output/unity/unity/Runtime/Export/Logging/DebugLogHandler.cs:9)
UnityEngine.Logger:Log (UnityEngine.LogType,object) (at C:/build/output/unity/unity/Runtime/Export/Logging/Logger.cs:60)
UnityEngine.Debug:Log (object) (at C:/build/output/unity/unity/Runtime/Export/Debug/Debug.bindings.cs:123)
Game.View.CaptureRig:ConfigureCaptureView () (at C:/Users/d.grab/Desktop/the-game/artifacts/mobsv2-project/Assets/Game.View/CaptureRig.cs:962)
Game.View.CaptureRig/<Run>d__254:MoveNext () (at C:/Users/d.grab/Desktop/the-game/artifacts/mobsv2-project/Assets/Game.View/CaptureRig.cs:653)
UnityEngine.SetupCoroutine:InvokeMoveNext (System.Collections.IEnumerator,intptr) (at C:/build/output/unity/unity/Runtime/Export/Scripting/Coroutines.cs:17)

(Filename: C:/build/output/unity/unity/Runtime/Export/Debug/Debug.bindings.cs Line: 123)

[capture-grip] root=(-24.07, 0.84, -14.76), tip=(-24.61, 0.45, -14.89), length=0,678, edge=(0.47, -0.80, 0.37), edgeDown=0,798, socketRight=(0.88, 0.38, 0.28), socketUp=(0.25, -0.88, 0.40), socketForward=(0.39, -0.28, -0.87), renderer=Pelag_FantasySaber_Equipped, enabled=True, active=True, boundsCenter=(-24.15, 0.75, -14.78), boundsSize=(1.09, 0.88, 0.41), shader=Universal Render Pipeline/Lit
UnityEngine.Debug:ExtractStackTraceNoAlloc (byte*,int,string)
UnityEngine.StackTraceUtility:ExtractStackTrace () (at C:/build/output/unity/unity/Runtime/Export/Scripting/StackTrace.cs:35)
UnityEngine.DebugLogHandler:Internal_Log (UnityEngine.LogType,UnityEngine.LogOption,string,UnityEngine.Object)
UnityEngine.DebugLogHandler:LogFormat (UnityEngine.LogType,UnityEngine.Object,string,object[]) (at C:/build/output/unity/unity/Runtime/Export/Logging/DebugLogHandler.cs:9)
UnityEngine.Logger:Log (UnityEngine.LogType,object) (at C:/build/output/unity/unity/Runtime/Export/Logging/Logger.cs:60)
UnityEngine.Debug:Log (object) (at C:/build/output/unity/unity/Runtime/Export/Debug/Debug.bindings.cs:123)
Game.View.CaptureRig:ConfigureCaptureView () (at C:/Users/d.grab/Desktop/the-game/artifacts/mobsv2-project/Assets/Game.View/CaptureRig.cs:962)
Game.View.CaptureRig/<Run>d__254:MoveNext () (at C:/Users/d.grab/Desktop/the-game/artifacts/mobsv2-project/Assets/Game.View/CaptureRig.cs:653)
UnityEngine.SetupCoroutine:InvokeMoveNext (System.Collections.IEnumerator,intptr) (at C:/build/output/unity/unity/Runtime/Export/Scripting/Coroutines.cs:17)

(Filename: C:/build/output/unity/unity/Runtime/Export/Debug/Debug.bindings.cs Line: 123)

[capture-grip] root=(-24.07, 0.81, -14.77), tip=(-24.60, 0.39, -14.87), length=0,678, edge=(0.57, -0.77, 0.28), edgeDown=0,773, socketRight=(0.87, 0.44, 0.21), socketUp=(0.36, -0.88, 0.32), socketForward=(0.32, -0.21, -0.92), renderer=Pelag_FantasySaber_Equipped, enabled=True, active=True, boundsCenter=(-24.15, 0.72, -14.78), boundsSize=(1.07, 0.93, 0.34), shader=Universal Render Pipeline/Lit
UnityEngine.Debug:ExtractStackTraceNoAlloc (byte*,int,string)
UnityEngine.StackTraceUtility:ExtractStackTrace () (at C:/build/output/unity/unity/Runtime/Export/Scripting/StackTrace.cs:35)
UnityEngine.DebugLogHandler:Internal_Log (UnityEngine.LogType,UnityEngine.LogOption,string,UnityEngine.Object)
UnityEngine.DebugLogHandler:LogFormat (UnityEngine.LogType,UnityEngine.Object,string,object[]) (at C:/build/output/unity/unity/Runtime/Export/Logging/DebugLogHandler.cs:9)
UnityEngine.Logger:Log (UnityEngine.LogType,object) (at C:/build/output/unity/unity/Runtime/Export/Logging/Logger.cs:60)
UnityEngine.Debug:Log (object) (at C:/build/output/unity/unity/Runtime/Export/Debug/Debug.bindings.cs:123)
Game.View.CaptureRig:ConfigureCaptureView () (at C:/Users/d.grab/Desktop/the-game/artifacts/mobsv2-project/Assets/Game.View/CaptureRig.cs:962)
Game.View.CaptureRig/<Run>d__254:MoveNext () (at C:/Users/d.grab/Desktop/the-game/artifacts/mobsv2-project/Assets/Game.View/CaptureRig.cs:653)
UnityEngine.SetupCoroutine:InvokeMoveNext (System.Collections.IEnumerator,intptr) (at C:/build/output/unity/unity/Runtime/Export/Scripting/Coroutines.cs:17)

(Filename: C:/build/output/unity/unity/Runtime/Export/Debug/Debug.bindings.cs Line: 123)

[capture-grip] root=(-24.07, 0.80, -14.78), tip=(-24.57, 0.35, -14.86), length=0,678, edge=(0.65, -0.74, 0.19), edgeDown=0,739, socketRight=(0.86, 0.49, 0.16), socketUp=(0.45, -0.86, 0.24), socketForward=(0.25, -0.13, -0.96), renderer=Pelag_FantasySaber_Equipped, enabled=True, active=True, boundsCenter=(-24.14, 0.71, -14.79), boundsSize=(1.04, 0.97, 0.28), shader=Universal Render Pipeline/Lit
UnityEngine.Debug:ExtractStackTraceNoAlloc (byte*,int,string)
UnityEngine.StackTraceUtility:ExtractStackTrace () (at C:/build/output/unity/unity/Runtime/Export/Scripting/StackTrace.cs:35)
UnityEngine.DebugLogHandler:Internal_Log (UnityEngine.LogType,UnityEngine.LogOption,string,UnityEngine.Object)
UnityEngine.DebugLogHandler:LogFormat (UnityEngine.LogType,UnityEngine.Object,string,object[]) (at C:/build/output/unity/unity/Runtime/Export/Logging/DebugLogHandler.cs:9)
UnityEngine.Logger:Log (UnityEngine.LogType,object) (at C:/build/output/unity/unity/Runtime/Export/Logging/Logger.cs:60)
UnityEngine.Debug:Log (object) (at C:/build/output/unity/unity/Runtime/Export/Debug/Debug.bindings.cs:123)
Game.View.CaptureRig:ConfigureCaptureView () (at C:/Users/d.grab/Desktop/the-game/artifacts/mobsv2-project/Assets/Game.View/CaptureRig.cs:962)
Game.View.CaptureRig/<Run>d__254:MoveNext () (at C:/Users/d.grab/Desktop/the-game/artifacts/mobsv2-project/Assets/Game.View/CaptureRig.cs:653)
UnityEngine.SetupCoroutine:InvokeMoveNext (System.Collections.IEnumerator,intptr) (at C:/build/output/unity/unity/Runtime/Export/Scripting/Coroutines.cs:17)

(Filename: C:/build/output/unity/unity/Runtime/Export/Debug/Debug.bindings.cs Line: 123)

[capture-grip] root=(-24.07, 0.80, -14.80), tip=(-24.54, 0.32, -14.85), length=0,678, edge=(0.71, -0.70, 0.10), edgeDown=0,702, socketRight=(0.83, 0.54, 0.12), socketUp=(0.52, -0.84, 0.16), socketForward=(0.18, -0.07, -0.98), renderer=Pelag_FantasySaber_Equipped, enabled=True, active=True, boundsCenter=(-24.13, 0.70, -14.81), boundsSize=(1.00, 1.00, 0.23), shader=Universal Render Pipeline/Lit
UnityEngine.Debug:ExtractStackTraceNoAlloc (byte*,int,string)
UnityEngine.StackTraceUtility:ExtractStackTrace () (at C:/build/output/unity/unity/Runtime/Export/Scripting/StackTrace.cs:35)
UnityEngine.DebugLogHandler:Internal_Log (UnityEngine.LogType,UnityEngine.LogOption,string,UnityEngine.Object)
UnityEngine.DebugLogHandler:LogFormat (UnityEngine.LogType,UnityEngine.Object,string,object[]) (at C:/build/output/unity/unity/Runtime/Export/Logging/DebugLogHandler.cs:9)
UnityEngine.Logger:Log (UnityEngine.LogType,object) (at C:/build/output/unity/unity/Runtime/Export/Logging/Logger.cs:60)
UnityEngine.Debug:Log (object) (at C:/build/output/unity/unity/Runtime/Export/Debug/Debug.bindings.cs:123)
Game.View.CaptureRig:ConfigureCaptureView () (at C:/Users/d.grab/Desktop/the-game/artifacts/mobsv2-project/Assets/Game.View/CaptureRig.cs:962)
Game.View.CaptureRig/<Run>d__254:MoveNext () (at C:/Users/d.grab/Desktop/the-game/artifacts/mobsv2-project/Assets/Game.View/CaptureRig.cs:653)
UnityEngine.SetupCoroutine:InvokeMoveNext (System.Collections.IEnumerator,intptr) (at C:/build/output/unity/unity/Runtime/Export/Scripting/Coroutines.cs:17)

(Filename: C:/build/output/unity/unity/Runtime/Export/Debug/Debug.bindings.cs Line: 123)

[capture-grip] root=(-24.07, 0.80, -14.81), tip=(-24.52, 0.29, -14.86), length=0,678, edge=(0.75, -0.66, 0.02), edgeDown=0,663, socketRight=(0.81, 0.58, 0.10), socketUp=(0.58, -0.81, 0.09), socketForward=(0.13, -0.02, -0.99), renderer=Pelag_FantasySaber_Equipped, enabled=True, active=True, boundsCenter=(-24.13, 0.70, -14.82), boundsSize=(0.96, 1.04, 0.21), shader=Universal Render Pipeline/Lit
UnityEngine.Debug:ExtractStackTraceNoAlloc (byte*,int,string)
UnityEngine.StackTraceUtility:ExtractStackTrace () (at C:/build/output/unity/unity/Runtime/Export/Scripting/StackTrace.cs:35)
UnityEngine.DebugLogHandler:Internal_Log (UnityEngine.LogType,UnityEngine.LogOption,string,UnityEngine.Object)
UnityEngine.DebugLogHandler:LogFormat (UnityEngine.LogType,UnityEngine.Object,string,object[]) (at C:/build/output/unity/unity/Runtime/Export/Logging/DebugLogHandler.cs:9)
UnityEngine.Logger:Log (UnityEngine.LogType,object) (at C:/build/output/unity/unity/Runtime/Export/Logging/Logger.cs:60)
UnityEngine.Debug:Log (object) (at C:/build/output/unity/unity/Runtime/Export/Debug/Debug.bindings.cs:123)
Game.View.CaptureRig:ConfigureCaptureView () (at C:/Users/d.grab/Desktop/the-game/artifacts/mobsv2-project/Assets/Game.View/CaptureRig.cs:962)
Game.View.CaptureRig/<Run>d__254:MoveNext () (at C:/Users/d.grab/Desktop/the-game/artifacts/mobsv2-project/Assets/Game.View/CaptureRig.cs:653)
UnityEngine.SetupCoroutine:InvokeMoveNext (System.Collections.IEnumerator,intptr) (at C:/build/output/unity/unity/Runtime/Export/Scripting/Coroutines.cs:17)

(Filename: C:/build/output/unity/unity/Runtime/Export/Debug/Debug.bindings.cs Line: 123)

[capture-grip] root=(-24.07, 0.80, -14.82), tip=(-24.49, 0.28, -14.87), length=0,678, edge=(0.78, -0.63, -0.02), edgeDown=0,631, socketRight=(0.78, 0.61, 0.09), socketUp=(0.61, -0.79, 0.04), socketForward=(0.10, 0.02, -0.99), renderer=Pelag_FantasySaber_Equipped, enabled=True, active=True, boundsCenter=(-24.12, 0.70, -14.83), boundsSize=(0.93, 1.06, 0.22), shader=Universal Render Pipeline/Lit
UnityEngine.Debug:ExtractStackTraceNoAlloc (byte*,int,string)
UnityEngine.StackTraceUtility:ExtractStackTrace () (at C:/build/output/unity/unity/Runtime/Export/Scripting/StackTrace.cs:35)
UnityEngine.DebugLogHandler:Internal_Log (UnityEngine.LogType,UnityEngine.LogOption,string,UnityEngine.Object)
UnityEngine.DebugLogHandler:LogFormat (UnityEngine.LogType,UnityEngine.Object,string,object[]) (at C:/build/output/unity/unity/Runtime/Export/Logging/DebugLogHandler.cs:9)
UnityEngine.Logger:Log (UnityEngine.LogType,object) (at C:/build/output/unity/unity/Runtime/Export/Logging/Logger.cs:60)
UnityEngine.Debug:Log (object) (at C:/build/output/unity/unity/Runtime/Export/Debug/Debug.bindings.cs:123)
Game.View.CaptureRig:ConfigureCaptureView () (at C:/Users/d.grab/Desktop/the-game/artifacts/mobsv2-project/Assets/Game.View/CaptureRig.cs:962)
Game.View.CaptureRig/<Run>d__254:MoveNext () (at C:/Users/d.grab/Desktop/the-game/artifacts/mobsv2-project/Assets/Game.View/CaptureRig.cs:653)
UnityEngine.SetupCoroutine:InvokeMoveNext (System.Collections.IEnumerator,intptr) (at C:/build/output/unity/unity/Runtime/Export/Scripting/Coroutines.cs:17)

(Filename: C:/build/output/unity/unity/Runtime/Export/Debug/Debug.bindings.cs Line: 123)

[capture-grip] root=(-24.06, 0.80, -14.82), tip=(-24.48, 0.28, -14.88), length=0,678, edge=(0.78, -0.62, -0.04), edgeDown=0,619, socketRight=(0.03, 0.09, -1.00), socketUp=(-0.02, 1.00, 0.09), socketForward=(1.00, 0.02, 0.03), renderer=Pelag_FantasySaber_Equipped, enabled=True, active=True, boundsCenter=(-24.12, 0.70, -14.83), boundsSize=(0.92, 1.07, 0.22), shader=Universal Render Pipeline/Lit
UnityEngine.Debug:ExtractStackTraceNoAlloc (byte*,int,string)
UnityEngine.StackTraceUtility:ExtractStackTrace () (at C:/build/output/unity/unity/Runtime/Export/Scripting/StackTrace.cs:35)
UnityEngine.DebugLogHandler:Internal_Log (UnityEngine.LogType,UnityEngine.LogOption,string,UnityEngine.Object)
UnityEngine.DebugLogHandler:LogFormat (UnityEngine.LogType,UnityEngine.Object,string,object[]) (at C:/build/output/unity/unity/Runtime/Export/Logging/DebugLogHandler.cs:9)
UnityEngine.Logger:Log (UnityEngine.LogType,object) (at C:/build/output/unity/unity/Runtime/Export/Logging/Logger.cs:60)
UnityEngine.Debug:Log (object) (at C:/build/output/unity/unity/Runtime/Export/Debug/Debug.bindings.cs:123)
Game.View.CaptureRig:ConfigureCaptureView () (at C:/Users/d.grab/Desktop/the-game/artifacts/mobsv2-project/Assets/Game.View/CaptureRig.cs:962)
Game.View.CaptureRig/<Run>d__254:MoveNext () (at C:/Users/d.grab/Desktop/the-game/artifacts/mobsv2-project/Assets/Game.View/CaptureRig.cs:653)
UnityEngine.SetupCoroutine:InvokeMoveNext (System.Collections.IEnumerator,intptr) (at C:/build/output/unity/unity/Runtime/Export/Scripting/Coroutines.cs:17)

(Filename: C:/build/output/unity/unity/Runtime/Export/Debug/Debug.bindings.cs Line: 123)

[capture-grip] root=(-24.06, 0.80, -14.82), tip=(-24.48, 0.28, -14.88), length=0,678, edge=(0.78, -0.62, -0.04), edgeDown=0,619, socketRight=(0.03, 0.09, -1.00), socketUp=(-0.02, 1.00, 0.09), socketForward=(1.00, 0.02, 0.03), renderer=Pelag_FantasySaber_Equipped, enabled=True, active=True, boundsCenter=(-24.12, 0.70, -14.83), boundsSize=(0.92, 1.07, 0.22), shader=Universal Render Pipeline/Lit
UnityEngine.Debug:ExtractStackTraceNoAlloc (byte*,int,string)
UnityEngine.StackTraceUtility:ExtractStackTrace () (at C:/build/output/unity/unity/Runtime/Export/Scripting/StackTrace.cs:35)
UnityEngine.DebugLogHandler:Internal_Log (UnityEngine.LogType,UnityEngine.LogOption,string,UnityEngine.Object)
UnityEngine.DebugLogHandler:LogFormat (UnityEngine.LogType,UnityEngine.Object,string,object[]) (at C:/build/output/unity/unity/Runtime/Export/Logging/DebugLogHandler.cs:9)
UnityEngine.Logger:Log (UnityEngine.LogType,object) (at C:/build/output/unity/unity/Runtime/Export/Logging/Logger.cs:60)
UnityEngine.Debug:Log (object) (at C:/build/output/unity/unity/Runtime/Export/Debug/Debug.bindings.cs:123)
Game.View.CaptureRig:ConfigureCaptureView () (at C:/Users/d.grab/Desktop/the-game/artifacts/mobsv2-project/Assets/Game.View/CaptureRig.cs:962)
Game.View.CaptureRig/<Run>d__254:MoveNext () (at C:/Users/d.grab/Desktop/the-game/artifacts/mobsv2-project/Assets/Game.View/CaptureRig.cs:653)
UnityEngine.SetupCoroutine:InvokeMoveNext (System.Collections.IEnumerator,intptr) (at C:/build/output/unity/unity/Runtime/Export/Scripting/Coroutines.cs:17)

(Filename: C:/build/output/unity/unity/Runtime/Export/Debug/Debug.bindings.cs Line: 123)

[capture-grip] root=(-24.06, 0.80, -14.82), tip=(-24.48, 0.28, -14.88), length=0,678, edge=(0.78, -0.62, -0.04), edgeDown=0,619, socketRight=(0.03, 0.09, -1.00), socketUp=(-0.02, 1.00, 0.09), socketForward=(1.00, 0.02, 0.03), renderer=Pelag_FantasySaber_Equipped, enabled=True, active=True, boundsCenter=(-24.12, 0.70, -14.83), boundsSize=(0.92, 1.07, 0.22), shader=Universal Render Pipeline/Lit
UnityEngine.Debug:ExtractStackTraceNoAlloc (byte*,int,string)
UnityEngine.StackTraceUtility:ExtractStackTrace () (at C:/build/output/unity/unity/Runtime/Export/Scripting/StackTrace.cs:35)
UnityEngine.DebugLogHandler:Internal_Log (UnityEngine.LogType,UnityEngine.LogOption,string,UnityEngine.Object)
UnityEngine.DebugLogHandler:LogFormat (UnityEngine.LogType,UnityEngine.Object,string,object[]) (at C:/build/output/unity/unity/Runtime/Export/Logging/DebugLogHandler.cs:9)
UnityEngine.Logger:Log (UnityEngine.LogType,object) (at C:/build/output/unity/unity/Runtime/Export/Logging/Logger.cs:60)
UnityEngine.Debug:Log (object) (at C:/build/output/unity/unity/Runtime/Export/Debug/Debug.bindings.cs:123)
Game.View.CaptureRig:ConfigureCaptureView () (at C:/Users/d.grab/Desktop/the-game/artifacts/mobsv2-project/Assets/Game.View/CaptureRig.cs:962)
Game.View.CaptureRig/<Run>d__254:MoveNext () (at C:/Users/d.grab/Desktop/the-game/artifacts/mobsv2-project/Assets/Game.View/CaptureRig.cs:653)
UnityEngine.SetupCoroutine:InvokeMoveNext (System.Collections.IEnumerator,intptr) (at C:/build/output/unity/unity/Runtime/Export/Scripting/Coroutines.cs:17)

(Filename: C:/build/output/unity/unity/Runtime/Export/Debug/Debug.bindings.cs Line: 123)

[capture-grip] root=(-24.06, 0.80, -14.82), tip=(-24.48, 0.28, -14.88), length=0,678, edge=(0.78, -0.62, -0.04), edgeDown=0,619, socketRight=(0.03, 0.09, -1.00), socketUp=(-0.02, 1.00, 0.09), socketForward=(1.00, 0.02, 0.03), renderer=Pelag_FantasySaber_Equipped, enabled=True, active=True, boundsCenter=(-24.12, 0.70, -14.83), boundsSize=(0.92, 1.07, 0.22), shader=Universal Render Pipeline/Lit
UnityEngine.Debug:ExtractStackTraceNoAlloc (byte*,int,string)
UnityEngine.StackTraceUtility:ExtractStackTrace () (at C:/build/output/unity/unity/Runtime/Export/Scripting/StackTrace.cs:35)
UnityEngine.DebugLogHandler:Internal_Log (UnityEngine.LogType,UnityEngine.LogOption,string,UnityEngine.Object)
UnityEngine.DebugLogHandler:LogFormat (UnityEngine.LogType,UnityEngine.Object,string,object[]) (at C:/build/output/unity/unity/Runtime/Export/Logging/DebugLogHandler.cs:9)
UnityEngine.Logger:Log (UnityEngine.LogType,object) (at C:/build/output/unity/unity/Runtime/Export/Logging/Logger.cs:60)
UnityEngine.Debug:Log (object) (at C:/build/output/unity/unity/Runtime/Export/Debug/Debug.bindings.cs:123)
Game.View.CaptureRig:ConfigureCaptureView () (at C:/Users/d.grab/Desktop/the-game/artifacts/mobsv2-project/Assets/Game.View/CaptureRig.cs:962)
Game.View.CaptureRig/<Run>d__254:MoveNext () (at C:/Users/d.grab/Desktop/the-game/artifacts/mobsv2-project/Assets/Game.View/CaptureRig.cs:653)
UnityEngine.SetupCoroutine:InvokeMoveNext (System.Collections.IEnumerator,intptr) (at C:/build/output/unity/unity/Runtime/Export/Scripting/Coroutines.cs:17)

(Filename: C:/build/output/unity/unity/Runtime/Export/Debug/Debug.bindings.cs Line: 123)

[capture-grip] root=(-24.06, 0.80, -14.82), tip=(-24.48, 0.28, -14.88), length=0,678, edge=(0.78, -0.62, -0.04), edgeDown=0,619, socketRight=(0.03, 0.09, -1.00), socketUp=(-0.02, 1.00, 0.09), socketForward=(1.00, 0.02, 0.03), renderer=Pelag_FantasySaber_Equipped, enabled=True, active=True, boundsCenter=(-24.12, 0.70, -14.83), boundsSize=(0.92, 1.07, 0.22), shader=Universal Render Pipeline/Lit
UnityEngine.Debug:ExtractStackTraceNoAlloc (byte*,int,string)
UnityEngine.StackTraceUtility:ExtractStackTrace () (at C:/build/output/unity/unity/Runtime/Export/Scripting/StackTrace.cs:35)
UnityEngine.DebugLogHandler:Internal_Log (UnityEngine.LogType,UnityEngine.LogOption,string,UnityEngine.Object)
UnityEngine.DebugLogHandler:LogFormat (UnityEngine.LogType,UnityEngine.Object,string,object[]) (at C:/build/output/unity/unity/Runtime/Export/Logging/DebugLogHandler.cs:9)
UnityEngine.Logger:Log (UnityEngine.LogType,object) (at C:/build/output/unity/unity/Runtime/Export/Logging/Logger.cs:60)
UnityEngine.Debug:Log (object) (at C:/build/output/unity/unity/Runtime/Export/Debug/Debug.bindings.cs:123)
Game.View.CaptureRig:ConfigureCaptureView () (at C:/Users/d.grab/Desktop/the-game/artifacts/mobsv2-project/Assets/Game.View/CaptureRig.cs:962)
Game.View.CaptureRig/<Run>d__254:MoveNext () (at C:/Users/d.grab/Desktop/the-game/artifacts/mobsv2-project/Assets/Game.View/CaptureRig.cs:653)
UnityEngine.SetupCoroutine:InvokeMoveNext (System.Collections.IEnumerator,intptr) (at C:/build/output/unity/unity/Runtime/Export/Scripting/Coroutines.cs:17)

(Filename: C:/build/output/unity/unity/Runtime/Export/Debug/Debug.bindings.cs Line: 123)

[capture-grip] root=(-24.06, 0.80, -14.82), tip=(-24.48, 0.28, -14.88), length=0,678, edge=(0.78, -0.62, -0.04), edgeDown=0,619, socketRight=(0.03, 0.09, -1.00), socketUp=(-0.02, 1.00, 0.09), socketForward=(1.00, 0.02, 0.03), renderer=Pelag_FantasySaber_Equipped, enabled=True, active=True, boundsCenter=(-24.12, 0.70, -14.83), boundsSize=(0.92, 1.07, 0.22), shader=Universal Render Pipeline/Lit
UnityEngine.Debug:ExtractStackTraceNoAlloc (byte*,int,string)
UnityEngine.StackTraceUtility:ExtractStackTrace () (at C:/build/output/unity/unity/Runtime/Export/Scripting/StackTrace.cs:35)
UnityEngine.DebugLogHandler:Internal_Log (UnityEngine.LogType,UnityEngine.LogOption,string,UnityEngine.Object)
UnityEngine.DebugLogHandler:LogFormat (UnityEngine.LogType,UnityEngine.Object,string,object[]) (at C:/build/output/unity/unity/Runtime/Export/Logging/DebugLogHandler.cs:9)
UnityEngine.Logger:Log (UnityEngine.LogType,object) (at C:/build/output/unity/unity/Runtime/Export/Logging/Logger.cs:60)
UnityEngine.Debug:Log (object) (at C:/build/output/unity/unity/Runtime/Export/Debug/Debug.bindings.cs:123)
Game.View.CaptureRig:ConfigureCaptureView () (at C:/Users/d.grab/Desktop/the-game/artifacts/mobsv2-project/Assets/Game.View/CaptureRig.cs:962)
Game.View.CaptureRig/<Run>d__254:MoveNext () (at C:/Users/d.grab/Desktop/the-game/artifacts/mobsv2-project/Assets/Game.View/CaptureRig.cs:653)
UnityEngine.SetupCoroutine:InvokeMoveNext (System.Collections.IEnumerator,intptr) (at C:/build/output/unity/unity/Runtime/Export/Scripting/Coroutines.cs:17)

(Filename: C:/build/output/unity/unity/Runtime/Export/Debug/Debug.bindings.cs Line: 123)

[capture-grip] root=(-24.06, 0.80, -14.82), tip=(-24.48, 0.28, -14.88), length=0,678, edge=(0.78, -0.62, -0.04), edgeDown=0,619, socketRight=(0.03, 0.09, -1.00), socketUp=(-0.02, 1.00, 0.09), socketForward=(1.00, 0.02, 0.03), renderer=Pelag_FantasySaber_Equipped, enabled=True, active=True, boundsCenter=(-24.12, 0.70, -14.83), boundsSize=(0.92, 1.07, 0.22), shader=Universal Render Pipeline/Lit
UnityEngine.Debug:ExtractStackTraceNoAlloc (byte*,int,string)
UnityEngine.StackTraceUtility:ExtractStackTrace () (at C:/build/output/unity/unity/Runtime/Export/Scripting/StackTrace.cs:35)
UnityEngine.DebugLogHandler:Internal_Log (UnityEngine.LogType,UnityEngine.LogOption,string,UnityEngine.Object)
UnityEngine.DebugLogHandler:LogFormat (UnityEngine.LogType,UnityEngine.Object,string,object[]) (at C:/build/output/unity/unity/Runtime/Export/Logging/DebugLogHandler.cs:9)
UnityEngine.Logger:Log (UnityEngine.LogType,object) (at C:/build/output/unity/unity/Runtime/Export/Logging/Logger.cs:60)
UnityEngine.Debug:Log (object) (at C:/build/output/unity/unity/Runtime/Export/Debug/Debug.bindings.cs:123)
Game.View.CaptureRig:ConfigureCaptureView () (at C:/Users/d.grab/Desktop/the-game/artifacts/mobsv2-project/Assets/Game.View/CaptureRig.cs:962)
Game.View.CaptureRig/<Run>d__254:MoveNext () (at C:/Users/d.grab/Desktop/the-game/artifacts/mobsv2-project/Assets/Game.View/CaptureRig.cs:653)
UnityEngine.SetupCoroutine:InvokeMoveNext (System.Collections.IEnumerator,intptr) (at C:/build/output/unity/unity/Runtime/Export/Scripting/Coroutines.cs:17)

(Filename: C:/build/output/unity/unity/Runtime/Export/Debug/Debug.bindings.cs Line: 123)

[capture-grip] root=(-24.06, 0.80, -14.82), tip=(-24.48, 0.28, -14.88), length=0,678, edge=(0.78, -0.62, -0.04), edgeDown=0,619, socketRight=(0.03, 0.09, -1.00), socketUp=(-0.02, 1.00, 0.09), socketForward=(1.00, 0.02, 0.03), renderer=Pelag_FantasySaber_Equipped, enabled=True, active=True, boundsCenter=(-24.12, 0.70, -14.83), boundsSize=(0.92, 1.07, 0.22), shader=Universal Render Pipeline/Lit
UnityEngine.Debug:ExtractStackTraceNoAlloc (byte*,int,string)
UnityEngine.StackTraceUtility:ExtractStackTrace () (at C:/build/output/unity/unity/Runtime/Export/Scripting/StackTrace.cs:35)
UnityEngine.DebugLogHandler:Internal_Log (UnityEngine.LogType,UnityEngine.LogOption,string,UnityEngine.Object)
UnityEngine.DebugLogHandler:LogFormat (UnityEngine.LogType,UnityEngine.Object,string,object[]) (at C:/build/output/unity/unity/Runtime/Export/Logging/DebugLogHandler.cs:9)
UnityEngine.Logger:Log (UnityEngine.LogType,object) (at C:/build/output/unity/unity/Runtime/Export/Logging/Logger.cs:60)
UnityEngine.Debug:Log (object) (at C:/build/output/unity/unity/Runtime/Export/Debug/Debug.bindings.cs:123)
Game.View.CaptureRig:ConfigureCaptureView () (at C:/Users/d.grab/Desktop/the-game/artifacts/mobsv2-project/Assets/Game.View/CaptureRig.cs:962)
Game.View.CaptureRig/<Run>d__254:MoveNext () (at C:/Users/d.grab/Desktop/the-game/artifacts/mobsv2-project/Assets/Game.View/CaptureRig.cs:653)
UnityEngine.SetupCoroutine:InvokeMoveNext (System.Collections.IEnumerator,intptr) (at C:/build/output/unity/unity/Runtime/Export/Scripting/Coroutines.cs:17)

(Filename: C:/build/output/unity/unity/Runtime/Export/Debug/Debug.bindings.cs Line: 123)

[capture-grip] root=(-24.06, 0.80, -14.82), tip=(-24.48, 0.28, -14.88), length=0,678, edge=(0.78, -0.62, -0.04), edgeDown=0,619, socketRight=(0.03, 0.09, -1.00), socketUp=(-0.02, 1.00, 0.09), socketForward=(1.00, 0.02, 0.03), renderer=Pelag_FantasySaber_Equipped, enabled=True, active=True, boundsCenter=(-24.12, 0.70, -14.83), boundsSize=(0.92, 1.07, 0.22), shader=Universal Render Pipeline/Lit
UnityEngine.Debug:ExtractStackTraceNoAlloc (byte*,int,string)
UnityEngine.StackTraceUtility:ExtractStackTrace () (at C:/build/output/unity/unity/Runtime/Export/Scripting/StackTrace.cs:35)
UnityEngine.DebugLogHandler:Internal_Log (UnityEngine.LogType,UnityEngine.LogOption,string,UnityEngine.Object)
UnityEngine.DebugLogHandler:LogFormat (UnityEngine.LogType,UnityEngine.Object,string,object[]) (at C:/build/output/unity/unity/Runtime/Export/Logging/DebugLogHandler.cs:9)
UnityEngine.Logger:Log (UnityEngine.LogType,object) (at C:/build/output/unity/unity/Runtime/Export/Logging/Logger.cs:60)
UnityEngine.Debug:Log (object) (at C:/build/output/unity/unity/Runtime/Export/Debug/Debug.bindings.cs:123)
Game.View.CaptureRig:ConfigureCaptureView () (at C:/Users/d.grab/Desktop/the-game/artifacts/mobsv2-project/Assets/Game.View/CaptureRig.cs:962)
Game.View.CaptureRig/<Run>d__254:MoveNext () (at C:/Users/d.grab/Desktop/the-game/artifacts/mobsv2-project/Assets/Game.View/CaptureRig.cs:653)
UnityEngine.SetupCoroutine:InvokeMoveNext (System.Collections.IEnumerator,intptr) (at C:/build/output/unity/unity/Runtime/Export/Scripting/Coroutines.cs:17)

(Filename: C:/build/output/unity/unity/Runtime/Export/Debug/Debug.bindings.cs Line: 123)

[capture-grip] root=(-24.06, 0.80, -14.82), tip=(-24.48, 0.28, -14.88), length=0,678, edge=(0.78, -0.62, -0.04), edgeDown=0,619, socketRight=(0.03, 0.09, -1.00), socketUp=(-0.02, 1.00, 0.09), socketForward=(1.00, 0.02, 0.03), renderer=Pelag_FantasySaber_Equipped, enabled=True, active=True, boundsCenter=(-24.12, 0.70, -14.83), boundsSize=(0.92, 1.07, 0.22), shader=Universal Render Pipeline/Lit
UnityEngine.Debug:ExtractStackTraceNoAlloc (byte*,int,string)
UnityEngine.StackTraceUtility:ExtractStackTrace () (at C:/build/output/unity/unity/Runtime/Export/Scripting/StackTrace.cs:35)
UnityEngine.DebugLogHandler:Internal_Log (UnityEngine.LogType,UnityEngine.LogOption,string,UnityEngine.Object)
UnityEngine.DebugLogHandler:LogFormat (UnityEngine.LogType,UnityEngine.Object,string,object[]) (at C:/build/output/unity/unity/Runtime/Export/Logging/DebugLogHandler.cs:9)
UnityEngine.Logger:Log (UnityEngine.LogType,object) (at C:/build/output/unity/unity/Runtime/Export/Logging/Logger.cs:60)
UnityEngine.Debug:Log (object) (at C:/build/output/unity/unity/Runtime/Export/Debug/Debug.bindings.cs:123)
Game.View.CaptureRig:ConfigureCaptureView () (at C:/Users/d.grab/Desktop/the-game/artifacts/mobsv2-project/Assets/Game.View/CaptureRig.cs:962)
Game.View.CaptureRig/<Run>d__254:MoveNext () (at C:/Users/d.grab/Desktop/the-game/artifacts/mobsv2-project/Assets/Game.View/CaptureRig.cs:653)
UnityEngine.SetupCoroutine:InvokeMoveNext (System.Collections.IEnumerator,intptr) (at C:/build/output/unity/unity/Runtime/Export/Scripting/Coroutines.cs:17)

(Filename: C:/build/output/unity/unity/Runtime/Export/Debug/Debug.bindings.cs Line: 123)

[capture-grip] root=(-24.06, 0.80, -14.82), tip=(-24.48, 0.28, -14.88), length=0,678, edge=(0.78, -0.62, -0.04), edgeDown=0,619, socketRight=(0.03, 0.09, -1.00), socketUp=(-0.02, 1.00, 0.09), socketForward=(1.00, 0.02, 0.03), renderer=Pelag_FantasySaber_Equipped, enabled=True, active=True, boundsCenter=(-24.12, 0.70, -14.83), boundsSize=(0.92, 1.07, 0.22), shader=Universal Render Pipeline/Lit
UnityEngine.Debug:ExtractStackTraceNoAlloc (byte*,int,string)
UnityEngine.StackTraceUtility:ExtractStackTrace () (at C:/build/output/unity/unity/Runtime/Export/Scripting/StackTrace.cs:35)
UnityEngine.DebugLogHandler:Internal_Log (UnityEngine.LogType,UnityEngine.LogOption,string,UnityEngine.Object)
UnityEngine.DebugLogHandler:LogFormat (UnityEngine.LogType,UnityEngine.Object,string,object[]) (at C:/build/output/unity/unity/Runtime/Export/Logging/DebugLogHandler.cs:9)
UnityEngine.Logger:Log (UnityEngine.LogType,object) (at C:/build/output/unity/unity/Runtime/Export/Logging/Logger.cs:60)
UnityEngine.Debug:Log (object) (at C:/build/output/unity/unity/Runtime/Export/Debug/Debug.bindings.cs:123)
Game.View.CaptureRig:ConfigureCaptureView () (at C:/Users/d.grab/Desktop/the-game/artifacts/mobsv2-project/Assets/Game.View/CaptureRig.cs:962)
Game.View.CaptureRig/<Run>d__254:MoveNext () (at C:/Users/d.grab/Desktop/the-game/artifacts/mobsv2-project/Assets/Game.View/CaptureRig.cs:653)
UnityEngine.SetupCoroutine:InvokeMoveNext (System.Collections.IEnumerator,intptr) (at C:/build/output/unity/unity/Runtime/Export/Scripting/Coroutines.cs:17)

(Filename: C:/build/output/unity/unity/Runtime/Export/Debug/Debug.bindings.cs Line: 123)

[capture-grip] root=(-24.06, 0.80, -14.82), tip=(-24.48, 0.28, -14.88), length=0,678, edge=(0.78, -0.62, -0.04), edgeDown=0,619, socketRight=(0.03, 0.09, -1.00), socketUp=(-0.02, 1.00, 0.09), socketForward=(1.00, 0.02, 0.03), renderer=Pelag_FantasySaber_Equipped, enabled=True, active=True, boundsCenter=(-24.12, 0.70, -14.83), boundsSize=(0.92, 1.07, 0.22), shader=Universal Render Pipeline/Lit
UnityEngine.Debug:ExtractStackTraceNoAlloc (byte*,int,string)
UnityEngine.StackTraceUtility:ExtractStackTrace () (at C:/build/output/unity/unity/Runtime/Export/Scripting/StackTrace.cs:35)
UnityEngine.DebugLogHandler:Internal_Log (UnityEngine.LogType,UnityEngine.LogOption,string,UnityEngine.Object)
UnityEngine.DebugLogHandler:LogFormat (UnityEngine.LogType,UnityEngine.Object,string,object[]) (at C:/build/output/unity/unity/Runtime/Export/Logging/DebugLogHandler.cs:9)
UnityEngine.Logger:Log (UnityEngine.LogType,object) (at C:/build/output/unity/unity/Runtime/Export/Logging/Logger.cs:60)
UnityEngine.Debug:Log (object) (at C:/build/output/unity/unity/Runtime/Export/Debug/Debug.bindings.cs:123)
Game.View.CaptureRig:ConfigureCaptureView () (at C:/Users/d.grab/Desktop/the-game/artifacts/mobsv2-project/Assets/Game.View/CaptureRig.cs:962)
Game.View.CaptureRig/<Run>d__254:MoveNext () (at C:/Users/d.grab/Desktop/the-game/artifacts/mobsv2-project/Assets/Game.View/CaptureRig.cs:653)
UnityEngine.SetupCoroutine:InvokeMoveNext (System.Collections.IEnumerator,intptr) (at C:/build/output/unity/unity/Runtime/Export/Scripting/Coroutines.cs:17)

(Filename: C:/build/output/unity/unity/Runtime/Export/Debug/Debug.bindings.cs Line: 123)

[capture-grip] root=(-24.06, 0.80, -14.82), tip=(-24.48, 0.28, -14.88), length=0,678, edge=(0.78, -0.62, -0.04), edgeDown=0,619, socketRight=(0.03, 0.09, -1.00), socketUp=(-0.02, 1.00, 0.09), socketForward=(1.00, 0.02, 0.03), renderer=Pelag_FantasySaber_Equipped, enabled=True, active=True, boundsCenter=(-24.12, 0.70, -14.83), boundsSize=(0.92, 1.07, 0.22), shader=Universal Render Pipeline/Lit
UnityEngine.Debug:ExtractStackTraceNoAlloc (byte*,int,string)
UnityEngine.StackTraceUtility:ExtractStackTrace () (at C:/build/output/unity/unity/Runtime/Export/Scripting/StackTrace.cs:35)
UnityEngine.DebugLogHandler:Internal_Log (UnityEngine.LogType,UnityEngine.LogOption,string,UnityEngine.Object)
UnityEngine.DebugLogHandler:LogFormat (UnityEngine.LogType,UnityEngine.Object,string,object[]) (at C:/build/output/unity/unity/Runtime/Export/Logging/DebugLogHandler.cs:9)
UnityEngine.Logger:Log (UnityEngine.LogType,object) (at C:/build/output/unity/unity/Runtime/Export/Logging/Logger.cs:60)
UnityEngine.Debug:Log (object) (at C:/build/output/unity/unity/Runtime/Export/Debug/Debug.bindings.cs:123)
Game.View.CaptureRig:ConfigureCaptureView () (at C:/Users/d.grab/Desktop/the-game/artifacts/mobsv2-project/Assets/Game.View/CaptureRig.cs:962)
Game.View.CaptureRig/<Run>d__254:MoveNext () (at C:/Users/d.grab/Desktop/the-game/artifacts/mobsv2-project/Assets/Game.View/CaptureRig.cs:653)
UnityEngine.SetupCoroutine:InvokeMoveNext (System.Collections.IEnumerator,intptr) (at C:/build/output/unity/unity/Runtime/Export/Scripting/Coroutines.cs:17)

(Filename: C:/build/output/unity/unity/Runtime/Export/Debug/Debug.bindings.cs Line: 123)

[capture-grip] root=(-24.06, 0.80, -14.82), tip=(-24.48, 0.28, -14.88), length=0,678, edge=(0.78, -0.62, -0.04), edgeDown=0,619, socketRight=(0.03, 0.09, -1.00), socketUp=(-0.02, 1.00, 0.09), socketForward=(1.00, 0.02, 0.03), renderer=Pelag_FantasySaber_Equipped, enabled=True, active=True, boundsCenter=(-24.12, 0.70, -14.83), boundsSize=(0.92, 1.07, 0.22), shader=Universal Render Pipeline/Lit
UnityEngine.Debug:ExtractStackTraceNoAlloc (byte*,int,string)
UnityEngine.StackTraceUtility:ExtractStackTrace () (at C:/build/output/unity/unity/Runtime/Export/Scripting/StackTrace.cs:35)
UnityEngine.DebugLogHandler:Internal_Log (UnityEngine.LogType,UnityEngine.LogOption,string,UnityEngine.Object)
UnityEngine.DebugLogHandler:LogFormat (UnityEngine.LogType,UnityEngine.Object,string,object[]) (at C:/build/output/unity/unity/Runtime/Export/Logging/DebugLogHandler.cs:9)
UnityEngine.Logger:Log (UnityEngine.LogType,object) (at C:/build/output/unity/unity/Runtime/Export/Logging/Logger.cs:60)
UnityEngine.Debug:Log (object) (at C:/build/output/unity/unity/Runtime/Export/Debug/Debug.bindings.cs:123)
Game.View.CaptureRig:ConfigureCaptureView () (at C:/Users/d.grab/Desktop/the-game/artifacts/mobsv2-project/Assets/Game.View/CaptureRig.cs:962)
Game.View.CaptureRig/<Run>d__254:MoveNext () (at C:/Users/d.grab/Desktop/the-game/artifacts/mobsv2-project/Assets/Game.View/CaptureRig.cs:653)
UnityEngine.SetupCoroutine:InvokeMoveNext (System.Collections.IEnumerator,intptr) (at C:/build/output/unity/unity/Runtime/Export/Scripting/Coroutines.cs:17)

(Filename: C:/build/output/unity/unity/Runtime/Export/Debug/Debug.bindings.cs Line: 123)

[capture] C:/Users/d.grab/Desktop/the-game/ART/characters/pelag/demo-polish-2026-09-30/baseline/forest\shot_01_t3.00s.png  1920x1080
UnityEngine.Debug:ExtractStackTraceNoAlloc (byte*,int,string)
UnityEngine.StackTraceUtility:ExtractStackTrace () (at C:/build/output/unity/unity/Runtime/Export/Scripting/StackTrace.cs:35)
UnityEngine.DebugLogHandler:Internal_Log (UnityEngine.LogType,UnityEngine.LogOption,string,UnityEngine.Object)
UnityEngine.DebugLogHandler:LogFormat (UnityEngine.LogType,UnityEngine.Object,string,object[]) (at C:/build/output/unity/unity/Runtime/Export/Logging/DebugLogHandler.cs:9)
UnityEngine.Logger:Log (UnityEngine.LogType,object) (at C:/build/output/unity/unity/Runtime/Export/Logging/Logger.cs:60)
UnityEngine.Debug:Log (object) (at C:/build/output/unity/unity/Runtime/Export/Debug/Debug.bindings.cs:123)
Game.View.CaptureRig:CaptureStill (int,single) (at C:/Users/d.grab/Desktop/the-game/artifacts/mobsv2-project/Assets/Game.View/CaptureRig.cs:1062)
Game.View.CaptureRig/<Run>d__254:MoveNext () (at C:/Users/d.grab/Desktop/the-game/artifacts/mobsv2-project/Assets/Game.View/CaptureRig.cs:666)
UnityEngine.SetupCoroutine:InvokeMoveNext (System.Collections.IEnumerator,intptr) (at C:/build/output/unity/unity/Runtime/Export/Scripting/Coroutines.cs:17)

(Filename: C:/build/output/unity/unity/Runtime/Export/Debug/Debug.bindings.cs Line: 123)

[pso] не прогреты: вариантов 69, состояний 55
UnityEngine.Debug:ExtractStackTraceNoAlloc (byte*,int,string)
UnityEngine.StackTraceUtility:ExtractStackTrace () (at C:/build/output/unity/unity/Runtime/Export/Scripting/StackTrace.cs:35)
UnityEngine.DebugLogHandler:Internal_Log (UnityEngine.LogType,UnityEngine.LogOption,string,UnityEngine.Object)
UnityEngine.DebugLogHandler:LogFormat (UnityEngine.LogType,UnityEngine.Object,string,object[]) (at C:/build/output/unity/unity/Runtime/Export/Logging/DebugLogHandler.cs:9)
UnityEngine.Logger:Log (UnityEngine.LogType,object) (at C:/build/output/unity/unity/Runtime/Export/Logging/Logger.cs:60)
UnityEngine.Debug:Log (object) (at C:/build/output/unity/unity/Runtime/Export/Debug/Debug.bindings.cs:123)
Game.View.ShaderWarmup:OnApplicationQuit () (at C:/Users/d.grab/Desktop/the-game/artifacts/mobsv2-project/Assets/Game.View/ShaderWarmup.cs:135)

(Filename: C:/build/output/unity/unity/Runtime/Export/Debug/Debug.bindings.cs Line: 123)

[Physics::Module] Cleanup current backend.
[Physics::Module] Id: 0xf2b8ea05
Input System module state changed to: ShutdownInProgress.
Input Polling Thread exited.
Input System module state changed to: Shutdown.
CodeReloadManager destroyed
PlayerConnection::Cleanup##utp:{"type":"MemoryLeaks","version":2,"phase":"Immediate","time":1790718569780,"processId":62996,"allocatedMemory":679925,"memoryLabels":[{"Default":88468},{"Thread":8896},{"Manager":541094},{"Shader":8},{"GfxDevice":2448},{"GfxThread":3840},{"Animation":1002080},{"Serialization":9368},{"Input":2440},{"ScriptingNativeRuntime":15168},{"BaseObject":39552},{"String":516},{"PoolAlloc":384},{"CodeReload":440},{"CloudService":144},{"WebRequest":3871},{"VR":1928},{"Video":144},{"NativeArray":372},{"Subsystems":96},{"Gui":500},{"CoreBusinessMetrics":128}]}
