time,tick,state,phase,transition,playback,moveX,moveY,rootX,rootY,rootZ,yaw,leftX,leftY,leftZ,rightX,rightY,rightZ,hipsYaw,turnPhase,leftKneeX,leftKneeY,leftKneeZ,rightKneeX,rightKneeY,rightKneeZ
0.016667,0,RelaxedIdle_v5,0.000000,0,0.000000,0.000000,1.000000,5.000000,0.000000,5.000000,90.000000,5.148540,0.009978,5.280059,5.092548,0.006439,4.952383,88.455290,0.000000,5.092176,0.420601,5.183753,5.015428,0.401490,4.921414
0.033333,0,RelaxedIdle_v5,0.001840,0,0.000000,0.000000,1.000000,5.000000,0.000000,5.000000,90.000000,5.148643,0.009952,5.280063,5.092606,0.006441,4.952425,88.455290,0.000000,5.092280,0.420608,5.183796,5.015456,0.401498,4.921448
0.050000,1,RelaxedIdle_v5,0.003680,0,0.000000,0.000000,1.000000,5.000000,0.000000,5.000000,90.000000,5.148742,0.009932,5.280069,5.092668,0.006447,4.952467,88.455290,0.000000,5.092385,0.420618,5.183839,5.015487,0.401509,4.921483
0.066667,1,RelaxedIdle_v5,0.005520,0,0.000000,0.000000,1.000000,5.000000,0.000000,5.000000,90.000000,5.148837,0.009917,5.280077,5.092734,0.006454,4.952509,88.455290,0.000000,5.092490,0.420629,5.183881,5.015521,0.401521,4.921518
0.083333,2,RelaxedIdle_v5,0.007360,0,0.000000,0.000000,1.000000,5.000000,0.000000,5.000000,90.000000,5.148927,0.009905,5.280087,5.092803,0.006464,4.952550,88.455290,0.000000,5.092595,0.420641,5.183923,5.015557,0.401534,4.921555
0.100000,2,RelaxedIdle_v5,0.009200,0,0.000000,0.000000,1.000000,5.000000,0.000000,5.000000,90.000000,5.149014,0.009897,5.280101,5.092875,0.006474,4.952592,88.455290,0.000000,5.092699,0.420654,5.183964,5.015595,0.401548,4.921592
0.116667,3,RelaxedIdle_v5,0.011040,0,0.000000,0.000000,1.000000,5.000000,0.000000,5.000000,90.000000,5.149096,0.009892,5.280117,5.092951,0.006485,4.952634,88.455290,0.000000,5.092803,0.420667,5.184005,5.015635,0.401563,4.921630
0.133333,3,RelaxedIdle_v5,0.012880,0,0.000000,0.000000,1.000000,5.000000,0.000000,5.000000,90.000000,5.149174,0.009888,5.280136,5.093029,0.006496,4.952676,88.455290,0.000000,5.092905,0.420680,5.184047,5.015675,0.401577,4.921670
0.150000,4,RelaxedIdle_v5,0.014720,0,0.000000,0.000000,1.000000,5.000000,0.000000,5.000000,90.000000,5.149248,0.009887,5.280158,5.093108,0.006506,4.952719,88.455290,0.000000,5.093006,0.420693,5.184089,5.015717,0.401590,4.921712
0.166667,4,RelaxedIdle_v5,0.016560,0,0.000000,0.000000,1.000000,5.000000,0.000000,5.000000,90.000000,5.149317,0.009886,5.280182,5.093189,0.006516,4.952764,88.455290,0.000000,5.093105,0.420704,5.184131,5.015759,0.401603,4.921756
0.183333,5,RelaxedIdle_v5,0.018400,0,0.000000,0.000000,1.000000,5.000000,0.000000,5.000000,90.000000,5.149381,0.009887,5.280211,5.093271,0.006525,4.952809,88.455290,0.000000,5.093203,0.420714,5.184175,5.015801,0.401614,4.921802
0.200000,5,RelaxedIdle_v5,0.020240,0,0.000000,0.000000,1.000000,5.000000,0.000000,5.000000,90.000000,5.149441,0.009887,5.280243,5.093355,0.006531,4.952856,88.455290,0.000000,5.093298,0.420721,5.184220,5.015843,0.401622,4.921850
0.216667,6,RelaxedIdle_v5,0.022080,0,0.000000,0.000000,1.000000,5.000000,0.000000,5.000000,90.000000,5.149496,0.009886,5.280279,5.093438,0.006535,4.952904,88.455290,0.000000,5.093390,0.420726,5.184267,5.015884,0.401628,4.921900
0.233333,6,RelaxedIdle_v5,0.023920,0,0.000000,0.000000,1.000000,5.000000,0.000000,5.000000,90.000000,5.149543,0.009884,5.280320,5.093519,0.006536,4.952956,88.455290,0.000000,5.093477,0.420728,5.184316,5.015922,0.401630,4.921955
0.250000,7,RelaxedIdle_v5,0.025760,0,0.000000,0.000000,1.000000,5.000000,0.000000,5.000000,90.000000,5.149586,0.009883,5.280364,5.093602,0.006537,4.953009,88.455290,0.000000,5.093563,0.420729,5.184367,5.015960,0.401632,4.922010
0.266667,7,RelaxedIdle_v5,0.027600,0,0.000000,0.000000,1.000000,5.000000,0.000000,5.000000,90.000000,5.149627,0.009884,5.280411,5.093685,0.006537,4.953063,88.455290,0.000000,5.093646,0.420729,5.184418,5.015997,0.401634,4.922068
0.283333,8,RelaxedIdle_v5,0.029440,0,0.000000,0.000000,1.000000,5.000000,0.000000,5.000000,90.000000,5.149663,0.009885,5.280461,5.093770,0.006536,4.953117,88.455290,0.000000,5.093728,0.420728,5.184471,5.016035,0.401634,4.922128
0.300000,8,RelaxedIdle_v5,0.031280,0,0.000000,0.000000,1.000000,5.000000,0.000000,5.000000,90.000000,5.149696,0.009887,5.280513,5.093854,0.006534,4.953173,88.455290,0.000000,5.093807,0.420727,5.184525,5.016072,0.401634,4.922188
0.316667,9,RelaxedIdle_v5,0.033120,0,0.000000,0.000000,1.000000,5.000000,0.000000,5.000000,90.000000,5.149726,0.009890,5.280568,5.093940,0.006532,4.953230,88.455290,0.000000,5.093884,0.420726,5.184579,5.016109,0.401633,4.922251
0.333333,9,RelaxedIdle_v5,0.034960,0,0.000000,0.000000,1.000000,5.000000,0.000000,5.000000,90.000000,5.149753,0.009893,5.280625,5.094025,0.006530,4.953288,88.455290,0.000000,5.093959,0.420723,5.184634,5.016144,0.401631,4.922314
0.350000,10,RelaxedIdle_v5,0.036800,0,0.000000,0.000000,1.000000,5.000000,0.000000,5.000000,90.000000,5.149777,0.009898,5.280684,5.094110,0.006527,4.953346,88.455290,0.000000,5.094032,0.420721,5.184690,5.016179,0.401630,4.922379
0.366667,10,RelaxedIdle_v5,0.038640,0,0.000000,0.000000,1.000000,5.000000,0.000000,5.000000,90.000000,5.149797,0.009903,5.280746,5.094196,0.006524,4.953404,88.455290,0.000000,5.094102,0.420717,5.184746,5.016213,0.401627,4.922444
0.383333,11,RelaxedIdle_v5,0.040480,0,0.000000,0.000000,1.000000,5.000000,0.000000,5.000000,90.000000,5.149816,0.009909,5.280809,5.094281,0.006520,4.953464,88.455290,0.000000,5.094170,0.420714,5.184803,5.016245,0.401625,4.922510
0.400000,11,RelaxedIdle_v5,0.042320,0,0.000000,0.000000,1.000000,5.000000,0.000000,5.000000,90.000000,5.149830,0.009916,5.280874,5.094366,0.006515,4.953524,88.455290,0.000000,5.094235,0.420710,5.184861,5.016276,0.401621,4.922577
0.416667,12,RelaxedIdle_v5,0.044160,0,0.000000,0.000000,1.000000,5.000000,0.000000,5.000000,90.000000,5.149843,0.009923,5.280940,5.094450,0.006510,4.953583,88.455290,0.000000,5.094297,0.420706,5.184920,5.016306,0.401618,4.922645
0.433333,12,RelaxedIdle_v5,0.046000,0,0.000000,0.000000,1.000000,5.000000,0.000000,5.000000,90.000000,5.149853,0.009931,5.281008,5.094533,0.006506,4.953644,88.455290,0.000000,5.094357,0.420702,5.184978,5.016334,0.401615,4.922712
0.450000,13,RelaxedIdle_v5,0.047840,0,0.000000,0.000000,1.000000,5.000000,0.000000,5.000000,90.000000,5.149860,0.009940,5.281077,5.094615,0.006500,4.953704,88.455290,0.000000,5.094413,0.420697,5.185037,5.016360,0.401611,4.922781
0.466667,13,RelaxedIdle_v5,0.049680,0,0.000000,0.000000,1.000000,5.000000,0.000000,5.000000,90.000000,5.149862,0.009956,5.281144,5.094694,0.006502,4.953762,88.455290,0.000000,5.094464,0.420700,5.185094,5.016381,0.401614,4.922846
0.483333,14,RelaxedIdle_v5,0.051520,0,0.000000,0.000000,1.000000,5.000000,0.000000,5.000000,90.000000,5.149862,0.009980,5.281210,5.094770,0.006510,4.953817,88.455290,0.000000,5.094512,0.420709,5.185148,5.016400,0.401624,4.922909
0.500000,14,RelaxedIdle_v5,0.053360,0,0.000000,0.000000,1.000000,5.000000,0.000000,5.000000,90.000000,5.149860,0.010009,5.281274,5.094847,0.006523,4.953869,88.455290,0.000000,5.094557,0.420724,5.185201,5.016418,0.401639,4.922970
0.516667,15,RelaxedIdle_v5,0.055200,0,0.000000,0.000000,1.000000,5.000000,0.000000,5.000000,90.000000,5.149858,0.010043,5.281337,5.094923,0.006540,4.953920,88.455290,0.000000,5.094601,0.420743,5.185251,5.016434,0.401659,4.923028
0.533333,15,RelaxedIdle_v5,0.057040,0,0.000000,0.000000,1.000000,5.000000,0.000000,5.000000,90.000000,5.149855,0.010081,5.281399,5.094998,0.006561,4.953969,88.455290,0.000000,5.094642,0.420766,5.185300,5.016449,0.401683,4.923085
0.550000,16,RelaxedIdle_v5,0.058880,0,0.000000,0.000000,1.000000,5.000000,0.000000,5.000000,90.000000,5.149853,0.010123,5.281460,5.095074,0.006584,4.954016,88.455290,0.000000,5.094682,0.420792,5.185349,5.016463,0.401709,4.923141
0.566667,16,RelaxedIdle_v5,0.060720,0,0.000000,0.000000,1.000000,5.000000,0.000000,5.000000,90.000000,5.149850,0.010167,5.281520,5.095150,0.006610,4.954063,88.455290,0.000000,5.094721,0.420820,5.185396,5.016477,0.401738,4.923195
0.583333,17,RelaxedIdle_v5,0.062560,0,0.000000,0.000000,1.000000,5.000000,0.000000,5.000000,90.000000,5.149850,0.010213,5.281581,5.095227,0.006637,4.954109,88.455290,0.000000,5.094759,0.420850,5.185443,5.016491,0.401769,4.923248
0.600000,17,RelaxedIdle_v5,0.064400,0,0.000000,0.000000,1.000000,5.000000,0.000000,5.000000,90.000000,5.149851,0.010260,5.281642,5.095304,0.006664,4.954154,88.455290,0.000000,5.094797,0.420882,5.185491,5.016504,0.401801,4.923301
0.616667,18,RelaxedIdle_v5,0.066240,0,0.000000,0.000000,1.000000,5.000000,0.000000,5.000000,90.000000,5.149854,0.010307,5.281703,5.095382,0.006692,4.954200,88.455290,0.000000,5.094834,0.420913,5.185538,5.016518,0.401832,4.923353
0.633333,18,RelaxedIdle_v5,0.068080,0,0.000000,0.000000,1.000000,5.000000,0.000000,5.000000,90.000000,5.149859,0.010353,5.281765,5.095461,0.006718,4.954246,88.455290,0.000000,5.094872,0.420944,5.185587,5.016532,0.401864,4.923405
0.650000,19,RelaxedIdle_v5,0.069920,0,0.000000,0.000000,1.000000,5.000000,0.000000,5.000000,90.000000,5.149868,0.010397,5.281827,5.095542,0.006743,4.954292,88.455290,0.000000,5.094910,0.420974,5.185637,5.016547,0.401894,4.923458
0.666667,19,RelaxedIdle_v5,0.071760,0,0.000000,0.000000,1.000000,5.000000,0.000000,5.000000,90.000000,5.149881,0.010439,5.281890,5.095624,0.006765,4.954339,88.455290,0.000000,5.094949,0.421001,5.185688,5.016563,0.401922,4.923511
0.683333,20,RelaxedIdle_v5,0.073600,0,0.000000,0.000000,1.000000,5.000000,0.000000,5.000000,90.000000,5.149898,0.010479,5.281955,5.095709,0.006784,4.954388,88.455290,0.000000,5.094989,0.421027,5.185742,5.016581,0.401948,4.923565
0.700000,20,RelaxedIdle_v5,0.075440,0,0.000000,0.000000,1.000000,5.000000,0.000000,5.000000,90.000000,5.149920,0.010509,5.282021,5.095796,0.006795,4.954437,88.455290,0.000000,5.095030,0.421043,5.185796,5.016599,0.401966,4.923619
0.716667,21,RelaxedIdle_v5,0.077280,0,0.000000,0.000000,1.000000,5.000000,0.000000,5.000000,90.000000,5.149943,0.010537,5.282085,5.095881,0.006802,4.954484,88.455290,0.000000,5.095070,0.421059,5.185850,5.016616,0.401981,4.923671
0.733333,21,RelaxedIdle_v5,0.079120,0,0.000000,0.000000,1.000000,5.000000,0.000000,5.000000,90.000000,5.149969,0.010563,5.282147,5.095966,0.006810,4.954531,88.455290,0.000000,5.095108,0.421074,5.185903,5.016632,0.401997,4.923721
0.750000,22,RelaxedIdle_v5,0.080960,0,0.000000,0.000000,1.000000,5.000000,0.000000,5.000000,90.000000,5.149997,0.010589,5.282208,5.096050,0.006816,4.954576,88.455290,0.000000,5.095145,0.421089,5.185955,5.016646,0.402012,4.923769
0.766667,22,RelaxedIdle_v5,0.082800,0,0.000000,0.000000,1.000000,5.000000,0.000000,5.000000,90.000000,5.150027,0.010614,5.282267,5.096131,0.006822,4.954619,88.455290,0.000000,5.095179,0.421103,5.186006,5.016657,0.402027,4.923814
0.783333,23,RelaxedIdle_v5,0.084640,0,0.000000,0.000000,1.000000,5.000000,0.000000,5.000000,90.000000,5.150059,0.010637,5.282325,5.096211,0.006826,4.954661,88.455290,0.000000,5.095211,0.421118,5.186057,5.016666,0.402042,4.923858
0.800000,23,RelaxedIdle_v5,0.086480,0,0.000000,0.000000,1.000000,5.000000,0.000000,5.000000,90.000000,5.150093,0.010658,5.282381,5.096289,0.006830,4.954702,88.455290,0.000000,5.095241,0.421131,5.186108,5.016672,0.402056,4.923900
0.816667,24,RelaxedIdle_v5,0.088320,0,0.000000,0.000000,1.000000,5.000000,0.000000,5.000000,90.000000,5.150128,0.010678,5.282435,5.096364,0.006832,4.954742,88.455290,0.000000,5.095267,0.421144,5.186158,5.016675,0.402069,4.923940
0.833333,24,RelaxedIdle_v5,0.090160,0,0.000000,0.000000,1.000000,5.000000,0.000000,5.000000,90.000000,5.150166,0.010695,5.282489,5.096436,0.006832,4.954781,88.455290,0.000000,5.095291,0.421156,5.186208,5.016674,0.402082,4.923978
0.850000,25,RelaxedIdle_v5,0.092000,0,0.000000,0.000000,1.000000,5.000000,0.000000,5.000000,90.000000,5.148532,0.009968,5.280076,5.092540,0.006430,4.952399,88.484320,0.000000,5.092264,0.420570,5.183798,5.015504,0.401437,4.921361
0.866667,25,RelaxedIdle_v5,0.093840,0,0.000000,0.000000,1.000000,5.000000,0.000000,5.000000,90.000000,5.148560,0.010551,5.280072,5.092539,0.006428,4.952402,88.690200,0.000000,5.093688,0.420829,5.184458,5.016093,0.401128,4.920889
0.883333,26,RelaxedIdle_v5,0.095680,0,0.000000,0.000000,1.000000,5.000000,0.000000,5.000000,90.000000,5.150699,0.018873,5.279639,5.092537,0.006426,4.952404,89.097000,0.000000,5.105340,0.426547,5.190965,5.017224,0.400535,4.919993
0.900000,26,RelaxedIdle_v5,0.097520,0,0.000000,0.000000,1.000000,5.000000,0.000000,5.000000,90.000000,5.157922,0.028930,5.278119,5.092541,0.006430,4.952398,89.691330,0.000000,5.119495,0.434005,5.198489,5.018796,0.399711,4.918759
0.916667,27,RelaxedIdle_v5,0.099360,0,0.000000,0.000000,1.000000,5.000000,0.000000,5.000000,90.000000,5.169429,0.038197,5.275575,5.092538,0.006427,4.952403,90.463080,0.000000,5.133306,0.441662,5.205543,5.020684,0.398689,4.917292
0.933333,27,RelaxedIdle_v5,0.101200,0,0.000000,0.000000,1.000000,5.000000,0.000000,5.000000,90.000000,5.184309,0.046401,5.272027,5.092543,0.006432,4.952394,91.401350,0.000000,5.146576,0.449420,5.212162,5.022774,0.397532,4.915632
0.950000,28,RelaxedIdle_v5,0.103040,0,0.000000,0.000000,1.000000,5.000000,0.000000,5.000000,90.000000,5.201659,0.053181,5.267551,5.092538,0.006428,4.952402,92.495990,0.000000,5.158994,0.456987,5.218317,5.024920,0.396264,4.913850
0.966667,28,RelaxedIdle_v5,0.104880,0,0.000000,0.000000,1.000000,5.000000,0.000000,5.000000,90.000000,5.220582,0.058269,5.262210,5.092545,0.006435,4.952390,93.736180,0.000000,5.170313,0.464024,5.223835,5.027014,0.394946,4.911925
0.983333,29,RelaxedIdle_v5,0.106720,0,0.000000,0.000000,1.000000,5.000000,0.000000,5.000000,90.000000,5.240231,0.061432,5.256187,5.092540,0.006429,4.952399,95.111750,0.000000,5.180357,0.470112,5.228547,5.028915,0.393586,4.909888
1.000000,29,RelaxedIdle_v5,0.108560,0,0.000000,0.000000,1.000000,5.000000,0.000000,5.000000,90.000000,5.259837,0.062565,5.249649,5.092546,0.006436,4.952387,96.611960,0.000000,5.189116,0.474865,5.232071,5.030537,0.392238,4.907679
1.016667,30,RelaxedIdle_v5,0.110400,0,0.000000,0.000000,1.000000,5.000000,0.000000,5.000000,90.000000,5.278714,0.061598,5.242886,5.092541,0.006431,4.952397,98.226600,0.000000,5.196659,0.477905,5.234021,5.031760,0.390900,4.905315
1.033333,30,RelaxedIdle_v5,0.112240,0,0.000000,0.000000,1.000000,5.000000,0.000000,5.000000,90.000000,5.296305,0.058607,5.236136,5.092548,0.006438,4.952385,99.945010,0.000000,5.203185,0.478998,5.233830,5.032523,0.389620,4.902734
1.050000,31,RelaxedIdle_v5,0.114080,0,0.000000,0.000000,1.000000,5.000000,0.000000,5.000000,90.000000,5.312135,0.053692,5.229725,5.092543,0.006432,4.952394,101.756900,0.000000,5.208774,0.477967,5.231093,5.032729,0.388388,4.899964
1.066667,31,RelaxedIdle_v5,0.115920,0,0.000000,0.000000,1.000000,5.000000,0.000000,5.000000,90.000000,5.325863,0.047084,5.223887,5.092548,0.006439,4.952383,103.651700,0.000000,5.213304,0.474776,5.225592,5.032337,0.387246,4.896960
1.083333,32,RelaxedIdle_v5,0.117760,0,0.000000,0.000000,1.000000,5.000000,0.000000,5.000000,90.000000,5.337189,0.039031,5.218905,5.092545,0.006434,4.952392,105.619100,0.000000,5.216263,0.469405,5.217707,5.031274,0.386182,4.893772
1.100000,32,RelaxedIdle_v5,0.119600,0,0.000000,0.000000,1.000000,5.000000,0.000000,5.000000,90.000000,5.345902,0.029878,5.214959,5.092548,0.006438,4.952384,107.648500,0.000000,5.216965,0.461985,5.208395,5.029514,0.385227,4.890385
1.116667,33,RelaxedIdle_v5,0.121440,0,0.000000,0.000000,1.000000,5.000000,0.000000,5.000000,90.000000,5.351763,0.019974,5.212264,5.092546,0.006436,4.952389,109.729500,0.000000,5.214854,0.452797,5.199083,5.027013,0.384371,4.886864
1.133333,33,RelaxedIdle_v5,0.123280,0,0.000000,0.000000,1.000000,5.000000,0.000000,5.000000,90.000000,5.354526,0.009589,5.210979,5.092548,0.006438,4.952384,111.851600,0.000000,5.209781,0.442244,5.190966,5.023759,0.383629,4.883234
1.150000,34,RelaxedIdle_v5,0.125120,0,0.000000,0.000000,1.000000,5.000000,0.000000,5.000000,90.000000,5.354722,0.006235,5.210882,5.092547,0.006438,4.952386,114.004100,0.000000,5.211257,0.438332,5.184916,5.019737,0.382990,4.879565
1.166667,34,RelaxedIdle_v5,0.126960,0,0.000000,0.000000,1.000000,5.000000,0.000000,5.000000,90.000000,5.354713,0.006438,5.210887,5.092548,0.006439,4.952384,116.176700,0.000000,5.216167,0.437831,5.179230,5.014957,0.382456,4.875915
1.183333,35,RelaxedIdle_v5,0.128800,0,0.000000,0.000000,1.000000,5.000000,0.000000,5.000000,90.000000,5.354713,0.006439,5.210886,5.092549,0.006439,4.952383,118.358500,0.000000,5.220090,0.436957,5.173503,5.009440,0.382013,4.872356
1.200000,35,RelaxedIdle_v5,0.130640,0,0.000000,0.000000,1.000000,5.000000,0.000000,5.000000,90.000000,5.354713,0.006439,5.210886,5.092579,0.006226,4.952405,120.539200,0.000000,5.223319,0.435945,5.167789,5.003133,0.381564,4.869156
1.216667,36,RelaxedIdle_v5,0.132480,0,0.000000,0.000000,1.000000,5.000000,0.000000,5.000000,90.000000,5.354714,0.006441,5.210884,5.091387,0.012634,4.951478,122.707800,0.000000,5.225906,0.434824,5.162120,4.998632,0.383929,4.860370
1.233333,36,RelaxedIdle_v5,0.134320,0,0.000000,0.000000,1.000000,5.000000,0.000000,5.000000,90.000000,5.354714,0.006441,5.210884,5.085156,0.022703,4.946711,124.853900,0.000000,5.227898,0.433614,5.156530,4.994269,0.388133,4.849279
1.250000,37,RelaxedIdle_v5,0.136160,0,0.000000,0.000000,1.000000,5.000000,0.000000,5.000000,90.000000,5.354716,0.006442,5.210882,5.073936,0.031873,4.938395,126.966500,0.000000,5.229344,0.432336,5.151048,4.988843,0.392329,4.839822
1.266667,37,RelaxedIdle_v5,0.138000,0,0.000000,0.000000,1.000000,5.000000,0.000000,5.000000,90.000000,5.354716,0.006442,5.210881,5.058145,0.040109,4.927271,129.035100,0.000000,5.230289,0.431007,5.145708,4.982791,0.396422,4.831902
1.283333,38,RelaxedIdle_v5,0.139840,0,0.000000,0.000000,1.000000,5.000000,0.000000,5.000000,90.000000,5.354717,0.006443,5.210880,5.038255,0.047188,4.914148,131.048600,0.000000,5.230786,0.429647,5.140538,4.976353,0.400187,4.825597
1.300000,38,RelaxedIdle_v5,0.141680,0,0.000000,0.000000,1.000000,5.000000,0.000000,5.000000,90.000000,5.354717,0.006444,5.210878,5.014729,0.052951,4.899806,132.996600,0.000000,5.230883,0.428269,5.135570,4.969651,0.403383,4.820954
1.316667,39,RelaxedIdle_v5,0.143520,0,0.000000,0.000000,1.000000,5.000000,0.000000,5.000000,90.000000,5.354717,0.006444,5.210878,4.988217,0.057252,4.885066,134.867700,0.000000,5.230634,0.426891,5.130836,4.962691,0.405773,4.817976
1.333333,39,RelaxedIdle_v5,0.145360,0,0.000000,0.000000,1.000000,5.000000,0.000000,5.000000,90.000000,5.354719,0.006445,5.210876,4.959448,0.060007,4.870630,136.651600,0.000000,5.230096,0.425531,5.126358,4.955420,0.407175,4.816600
1.350000,40,RelaxedIdle_v5,0.147200,0,0.000000,0.000000,1.000000,5.000000,0.000000,5.000000,90.000000,5.354718,0.006444,5.210878,4.929354,0.061143,4.857159,138.337100,0.000000,5.229322,0.424200,5.122172,4.947721,0.407481,4.816706
1.366667,40,RelaxedIdle_v5,0.149040,0,0.000000,0.000000,1.000000,5.000000,0.000000,5.000000,90.000000,5.354721,0.006448,5.210872,4.898945,0.060628,4.845110,139.913500,0.000000,5.228376,0.422922,5.118289,4.939519,0.406690,4.818114
1.383333,41,RelaxedIdle_v5,0.150880,0,0.000000,0.000000,1.000000,5.000000,0.000000,5.000000,90.000000,5.354718,0.006444,5.210878,4.869365,0.058456,4.834837,141.369800,0.000000,5.227308,0.421704,5.114750,4.930780,0.404890,4.820639
1.400000,41,RelaxedIdle_v5,0.152720,0,0.000000,0.000000,1.000000,5.000000,0.000000,5.000000,90.000000,5.354722,0.006449,5.210869,4.841771,0.054657,4.826456,142.695400,0.000000,5.226188,0.420577,5.111549,4.921599,0.402250,4.824066
1.416667,42,RelaxedIdle_v5,0.154560,0,0.000000,0.000000,1.000000,5.000000,0.000000,5.000000,90.000000,5.354717,0.006444,5.210878,4.817358,0.049285,4.820007,143.879200,0.000000,5.225057,0.419539,5.108739,4.912163,0.398954,4.828247
1.433333,42,RelaxedIdle_v5,0.156400,0,0.000000,0.000000,1.000000,5.000000,0.000000,5.000000,90.000000,5.354724,0.006451,5.210865,4.797281,0.042455,4.815327,144.910600,0.000000,5.223991,0.418631,5.106294,4.902789,0.395220,4.832993
1.450000,43,RelaxedIdle_v5,0.158240,0,0.000000,0.000000,1.000000,5.000000,0.000000,5.000000,90.000000,5.354716,0.006443,5.210880,4.782655,0.034288,4.812309,145.778500,0.000000,5.223015,0.417840,5.104281,4.893841,0.391197,4.838218
1.466667,43,RelaxedIdle_v5,0.160080,0,0.000000,0.000000,1.000000,5.000000,0.000000,5.000000,90.000000,5.354726,0.006453,5.210862,4.774613,0.024708,4.810750,146.472400,0.000000,5.222207,0.417217,5.102655,4.885657,0.386926,4.843916
1.483333,44,RelaxedIdle_v5,0.161920,0,0.000000,0.000000,1.000000,5.000000,0.000000,5.000000,90.000000,5.354715,0.006441,5.210883,4.773261,0.019233,4.810520,146.981300,0.000000,5.221573,0.416735,5.101504,4.880696,0.384987,4.846745
1.500000,44,RelaxedIdle_v5,0.163760,0,0.000000,0.000000,1.000000,5.000000,0.000000,5.000000,90.000000,5.354728,0.006455,5.210859,4.773278,0.019294,4.810497,147.294500,0.000000,5.221193,0.416459,5.100762,4.879115,0.385555,4.846220
1.516667,45,RelaxedIdle_v5,0.165600,0,0.000000,0.000000,1.000000,5.000000,0.000000,5.000000,90.000000,5.354728,0.006455,5.210859,4.773278,0.019294,4.810497,147.294500,0.000000,5.221193,0.416459,5.100762,4.879115,0.385555,4.846220
1.533333,45,RelaxedIdle_v5,0.167440,0,0.000000,0.000000,1.000000,5.000000,0.000000,5.000000,90.000000,5.354811,0.006574,5.210933,4.773362,0.019417,4.810570,147.573000,0.000000,5.222584,0.416443,5.100641,4.879257,0.386255,4.847510
1.550000,46,RelaxedIdle_v5,0.169280,0,0.000000,0.000000,1.000000,5.000000,0.000000,5.000000,90.000000,5.354713,0.006439,5.210886,4.773264,0.019278,4.810524,147.744100,0.000000,5.223945,0.416353,5.100853,4.879798,0.386638,4.849140
1.566667,46,RelaxedIdle_v5,0.171120,0,0.000000,0.000000,1.000000,5.000000,0.000000,5.000000,90.000000,5.355023,0.006877,5.211042,4.773584,0.019723,4.810678,147.913300,0.000000,5.225729,0.416991,5.101647,4.880794,0.387842,4.851536
1.583333,47,RelaxedIdle_v5,0.172960,0,0.000000,0.000000,1.000000,5.000000,0.000000,5.000000,90.000000,5.354713,0.006439,5.210886,4.773264,0.019277,4.810524,148.081600,0.000000,5.226976,0.417043,5.102864,4.881255,0.388549,4.854634
1.600000,47,RelaxedIdle_v5,0.174800,0,0.000000,0.000000,1.000000,5.000000,0.000000,5.000000,90.000000,5.354985,0.006743,5.211040,4.773524,0.019578,4.810679,148.249400,0.000000,5.229011,0.418385,5.105795,4.882508,0.390674,4.859913
1.616667,48,RelaxedIdle_v5,0.176640,0,0.000000,0.000000,1.000000,5.000000,0.000000,5.000000,90.000000,5.354713,0.006439,5.210886,4.773263,0.019278,4.810524,148.417000,0.000000,5.230566,0.419312,5.109034,4.883270,0.392453,4.865835
1.633333,48,RelaxedIdle_v5,0.178480,0,0.000000,0.000000,1.000000,5.000000,0.000000,5.000000,90.000000,5.354776,0.006368,5.211007,4.773321,0.019202,4.810645,148.585000,0.000000,5.232361,0.420438,5.112595,4.884233,0.394458,4.872333
1.650000,49,RelaxedIdle_v5,0.180320,0,0.000000,0.000000,1.000000,5.000000,0.000000,5.000000,90.000000,5.354713,0.006439,5.210886,4.773263,0.019278,4.810524,148.753600,0.000000,5.234097,0.421669,5.115991,4.885056,0.396552,4.878899
1.666667,49,RelaxedIdle_v5,0.182160,0,0.000000,0.000000,1.000000,5.000000,0.000000,5.000000,90.000000,5.354761,0.006233,5.210965,4.773310,0.019068,4.810605,148.923200,0.000000,5.236085,0.422532,5.119537,4.885993,0.398201,4.885783
1.683333,50,RelaxedIdle_v5,0.184000,0,0.000000,0.000000,1.000000,5.000000,0.000000,5.000000,90.000000,5.354713,0.006439,5.210886,4.773264,0.019278,4.810524,149.094100,0.000000,5.238213,0.423669,5.122766,4.886898,0.400049,4.892532
1.700000,50,RelaxedIdle_v5,0.185840,0,0.000000,0.000000,1.000000,5.000000,0.000000,5.000000,90.000000,5.354745,0.006141,5.210918,4.773290,0.018971,4.810555,149.266700,0.000000,5.240756,0.424108,5.125799,4.887992,0.401112,4.899314
1.716667,51,RelaxedIdle_v5,0.187680,0,0.000000,0.000000,1.000000,5.000000,0.000000,5.000000,90.000000,5.354713,0.006439,5.210886,4.773263,0.019278,4.810525,149.441200,0.000000,5.243599,0.424937,5.128427,4.889169,0.402469,4.905763
1.733333,51,RelaxedIdle_v5,0.189520,0,0.000000,0.000000,1.000000,5.000000,0.000000,5.000000,90.000000,5.354665,0.006067,5.210881,4.773214,0.018900,4.810521,149.618100,0.000000,5.246853,0.424853,5.130651,4.890498,0.402792,4.911788
1.750000,52,RelaxedIdle_v5,0.191360,0,0.000000,0.000000,1.000000,5.000000,0.000000,5.000000,90.000000,5.354713,0.006439,5.210886,4.773263,0.019278,4.810525,149.797500,0.000000,5.250617,0.425276,5.132472,4.892153,0.403491,4.917203
1.766667,52,RelaxedIdle_v5,0.193200,0,0.000000,0.000000,1.000000,5.000000,0.000000,5.000000,90.000000,5.354585,0.006037,5.210782,4.773137,0.018876,4.810422,149.986000,0.000000,5.254623,0.424677,5.133776,4.893905,0.403017,4.921724
1.783333,53,RelaxedIdle_v5,0.195040,0,0.000000,0.000000,1.000000,5.000000,0.000000,5.000000,90.000000,5.354713,0.006439,5.210886,4.773263,0.019278,4.810524,150.165700,0.000000,5.259276,0.424618,5.134846,4.896242,0.402928,4.925478
1.800000,53,RelaxedIdle_v5,0.196880,0,0.000000,0.000000,1.000000,5.000000,0.000000,5.000000,90.000000,5.354523,0.006060,5.210752,4.773077,0.018907,4.810390,150.324200,0.000000,5.264025,0.423482,5.135192,4.898701,0.401579,4.927720
1.816667,54,RelaxedIdle_v5,0.198720,0,0.000000,0.000000,1.000000,5.000000,0.000000,5.000000,90.000000,5.354713,0.006439,5.210886,4.773263,0.019277,4.810524,150.452700,0.000000,5.269407,0.422844,5.135416,4.901855,0.400591,4.929170
1.833333,54,RelaxedIdle_v5,0.200560,0,0.000000,0.000000,1.000000,5.000000,0.000000,5.000000,90.000000,5.354513,0.006164,5.210736,4.773066,0.019007,4.810371,150.534700,0.000000,5.274549,0.421326,5.135048,4.904896,0.398623,4.929355
1.850000,55,RelaxedIdle_v5,0.202400,0,0.000000,0.000000,1.000000,5.000000,0.000000,5.000000,90.000000,5.354713,0.006439,5.210886,4.773264,0.019278,4.810524,150.579700,0.000000,5.280124,0.420151,5.134682,4.908517,0.396910,4.928985
1.866667,55,RelaxedIdle_v5,0.204240,0,0.000000,0.000000,1.000000,5.000000,0.000000,5.000000,90.000000,5.354477,0.006249,5.210739,4.773028,0.019089,4.810374,150.590600,0.000000,5.285178,0.418327,5.133709,4.911805,0.394500,4.927563
1.883333,56,RelaxedIdle_v5,0.206080,0,0.000000,0.000000,1.000000,5.000000,0.000000,5.000000,90.000000,5.354713,0.006439,5.210886,4.773263,0.019277,4.810524,150.570300,0.000000,5.290532,0.416749,5.132811,4.915600,0.392257,4.925782
1.900000,56,RelaxedIdle_v5,0.207920,0,0.000000,0.000000,1.000000,5.000000,0.000000,5.000000,90.000000,5.354424,0.006335,5.210747,4.772974,0.019172,4.810383,150.521500,0.000000,5.295111,0.414795,5.131474,4.918861,0.389536,4.923141
1.916667,57,RelaxedIdle_v5,0.209760,0,0.000000,0.000000,1.000000,5.000000,0.000000,5.000000,90.000000,5.354713,0.006439,5.210886,4.773263,0.019277,4.810524,150.447200,0.000000,5.299882,0.413018,5.130256,4.922565,0.386916,4.920307
1.933333,57,RelaxedIdle_v5,0.211600,0,0.000000,0.000000,1.000000,5.000000,0.000000,5.000000,90.000000,5.354434,0.006500,5.210720,4.772980,0.019333,4.810357,150.350200,0.000000,5.303558,0.411220,5.128526,4.925450,0.384204,4.916728
1.950000,58,RelaxedIdle_v5,0.213440,0,0.000000,0.000000,1.000000,5.000000,0.000000,5.000000,90.000000,5.354713,0.006439,5.210886,4.773263,0.019278,4.810525,150.233200,0.000000,5.307207,0.409397,5.127026,4.928561,0.381442,4.913267
1.966667,58,RelaxedIdle_v5,0.215280,0,0.000000,0.000000,1.000000,5.000000,0.000000,5.000000,90.000000,5.354438,0.006626,5.210742,4.772987,0.019464,4.810380,150.099300,0.000000,5.309605,0.408006,5.125173,4.930638,0.379135,4.909498
1.983333,59,RelaxedIdle_v5,0.217120,0,0.000000,0.000000,1.000000,5.000000,0.000000,5.000000,90.000000,5.354713,0.006439,5.210886,4.773263,0.019278,4.810524,149.951200,0.000000,5.311848,0.406457,5.123583,4.932811,0.376676,4.906004
2.000000,59,RelaxedIdle_v5,0.218960,0,0.000000,0.000000,1.000000,5.000000,0.000000,5.000000,90.000000,5.354475,0.006687,5.210766,4.773023,0.019524,4.810406,149.791600,0.000000,5.312789,0.405622,5.121732,4.933963,0.374924,4.902255
2.016667,60,RelaxedIdle_v5,0.220800,1,19.154130,0.000000,1.000000,4.000000,0.000000,4.000000,90.000000,4.354713,0.006439,4.210886,3.773264,0.019278,3.810525,149.623600,0.000000,4.313508,0.404555,4.120141,3.935147,0.372963,3.898852
2.033333,60,RelaxedIdle_v5,0.222640,1,0.000000,0.000000,1.000000,4.000000,0.000000,4.000000,90.000000,4.354715,0.006441,4.210883,3.773260,0.019233,3.810520,146.981200,0.000000,4.221573,0.416735,4.101504,3.880697,0.384987,3.846744
2.050000,61,RelaxedIdle_v5,0.224480,1,0.000000,0.000000,1.000000,4.000000,0.000000,4.000000,90.000000,4.354726,0.006453,4.210862,3.774614,0.024709,3.810750,146.472300,0.000000,4.222208,0.417217,4.102655,3.885658,0.386927,3.843915
2.066667,61,RelaxedIdle_v5,0.226320,1,0.000000,0.000000,1.000000,4.000000,0.000000,4.000000,90.000000,4.354716,0.006443,4.210880,3.782657,0.034289,3.812309,145.778400,0.000000,4.223015,0.417840,4.104281,3.893842,0.391197,3.838218
2.083333,62,RelaxedIdle_v5,0.228160,1,0.000000,0.000000,1.000000,4.000000,0.000000,4.000000,90.000000,4.354724,0.006451,4.210865,3.797283,0.042455,3.815328,144.910500,0.000000,4.223991,0.418631,4.106294,3.902790,0.395221,3.832992
2.100000,62,Run_v5,0.580428,1,0.000000,0.000000,1.000000,4.000000,0.000000,4.000000,90.000000,4.354717,0.006444,4.210878,3.817361,0.049286,3.820008,143.879100,0.000000,4.225058,0.419539,4.108739,3.912164,0.398955,3.828246
2.116667,63,Run_v5,0.580428,1,0.000000,0.000000,1.000000,4.000000,0.000000,4.000000,90.000000,4.354722,0.006449,4.210869,3.841774,0.054657,3.826457,142.695300,0.000000,4.226189,0.420578,4.111550,3.921600,0.402250,3.824065
2.133333,63,Run_v5,0.580428,1,0.000000,0.000000,1.000000,4.000000,0.000000,4.000000,90.000000,4.354718,0.006444,4.210878,3.869368,0.058457,3.834838,141.369600,0.000000,4.227308,0.421704,4.114750,3.930781,0.404890,3.820638
2.150000,64,Run_v5,0.580428,1,0.000000,0.000000,1.000000,4.000000,0.000000,4.000000,90.000000,4.354721,0.006447,4.210872,3.898948,0.060628,3.845111,139.913400,0.000000,4.228376,0.422922,4.118289,3.939520,0.406690,3.818114
2.166667,64,Run_v5,0.580428,1,0.000000,0.000000,1.000000,4.000000,0.000000,4.000000,90.000000,4.354718,0.006444,4.210878,3.929358,0.061142,3.857161,138.336900,0.000000,4.229322,0.424200,4.122172,3.947722,0.407481,3.816705
2.183333,65,Run_v5,0.580428,1,0.000000,0.000000,1.000000,4.000000,0.000000,4.000000,90.000000,4.354719,0.006445,4.210876,3.959452,0.060007,3.870632,136.651400,0.000000,4.230096,0.425531,4.126359,3.955422,0.407175,3.816600
2.200000,65,Run_v5,0.580428,1,0.000000,0.000000,1.000000,4.000000,0.000000,4.000000,90.000000,4.354717,0.006444,4.210878,3.988220,0.057252,3.885068,134.867500,0.000000,4.230634,0.426891,4.130836,3.962692,0.405773,3.817976
2.216667,66,Run_v5,0.580428,1,0.000000,0.000000,1.000000,4.000000,0.000000,4.000000,90.000000,4.354717,0.006444,4.210878,4.014732,0.052951,3.899807,132.996400,0.000000,4.230883,0.428269,4.135571,3.969652,0.403383,3.820955
2.233333,66,RelaxedIdle_v5,0.014720,0,0.000000,0.000000,1.000000,4.000000,0.000000,4.000000,90.000000,4.354717,0.006443,4.210880,4.038258,0.047187,3.914150,131.048400,0.000000,4.230786,0.429647,4.140538,3.976354,0.400187,3.825598
2.250000,67,RelaxedIdle_v5,0.016560,0,0.000000,0.000000,1.000000,4.000000,0.000000,4.000000,90.000000,4.354716,0.006442,4.210881,4.058147,0.040108,3.927273,129.034900,0.000000,4.230289,0.431007,4.145709,3.982792,0.396421,3.831903
2.266667,67,RelaxedIdle_v5,0.018400,0,0.000000,0.000000,1.000000,4.000000,0.000000,4.000000,90.000000,4.354716,0.006442,4.210882,4.073937,0.031871,3.938396,126.966200,0.000000,4.229343,0.432336,4.151049,3.988844,0.392329,3.839823
2.283333,68,RelaxedIdle_v5,0.020240,0,0.000000,0.000000,1.000000,4.000000,0.000000,4.000000,90.000000,4.354714,0.006441,4.210884,4.085157,0.022702,3.946712,124.853700,0.000000,4.227898,0.433614,4.156531,3.994270,0.388132,3.849280
2.300000,68,RelaxedIdle_v5,0.022080,0,0.000000,0.000000,1.000000,4.000000,0.000000,4.000000,90.000000,4.354714,0.006441,4.210884,4.091388,0.012633,3.951478,122.707500,0.000000,4.225906,0.434824,4.162121,3.998633,0.383928,3.860371
2.316667,69,RelaxedIdle_v5,0.023920,0,0.000000,0.000000,1.000000,4.000000,0.000000,4.000000,90.000000,4.354713,0.006439,4.210886,4.092579,0.006225,3.952406,120.538900,0.000000,4.223318,0.435945,4.167790,4.003134,0.381564,3.869156
2.333333,69,RelaxedIdle_v5,0.025760,0,0.000000,0.000000,1.000000,4.000000,0.000000,4.000000,90.000000,4.354713,0.006439,4.210886,4.092549,0.006439,3.952383,118.358200,0.000000,4.220089,0.436957,4.173504,4.009441,0.382014,3.872357
2.350000,70,RelaxedIdle_v5,0.027600,0,0.000000,0.000000,1.000000,4.000000,0.000000,4.000000,90.000000,4.354712,0.006439,4.210887,4.092548,0.006439,3.952384,116.176400,0.000000,4.216166,0.437831,4.179231,4.014958,0.382456,3.875915
2.366667,70,RelaxedIdle_v5,0.029440,0,0.000000,0.000000,1.000000,4.000000,0.000000,4.000000,90.000000,4.354722,0.006235,4.210882,4.092547,0.006438,3.952386,114.003800,0.000000,4.211256,0.438333,4.184916,4.019737,0.382991,3.879566
2.383333,71,RelaxedIdle_v5,0.031280,0,0.000000,0.000000,1.000000,4.000000,0.000000,4.000000,90.000000,4.354526,0.009590,4.210979,4.092548,0.006438,3.952384,111.851300,0.000000,4.209781,0.442245,4.190967,4.023759,0.383629,3.883234
2.400000,71,RelaxedIdle_v5,0.033120,0,0.000000,0.000000,1.000000,4.000000,0.000000,4.000000,90.000000,4.351762,0.019975,4.212264,4.092546,0.006436,3.952389,109.729200,0.000000,4.214855,0.452798,4.199084,4.027013,0.384372,3.886864
2.416667,72,RelaxedIdle_v5,0.034960,0,0.000000,0.000000,1.000000,4.000000,0.000000,4.000000,90.000000,4.345901,0.029879,4.214959,4.092548,0.006438,3.952384,107.648300,0.000000,4.216965,0.461986,4.208396,4.029515,0.385228,3.890386
2.433333,72,RelaxedIdle_v5,0.036800,0,0.000000,0.000000,1.000000,4.000000,0.000000,4.000000,90.000000,4.337188,0.039032,4.218906,4.092544,0.006434,3.952391,105.618900,0.000000,4.216263,0.469406,4.217708,4.031274,0.386183,3.893772
2.450000,73,RelaxedIdle_v5,0.038640,0,0.000000,0.000000,1.000000,4.000000,0.000000,4.000000,90.000000,4.325862,0.047085,4.223887,4.092548,0.006439,3.952383,103.651500,0.000000,4.213303,0.474776,4.225593,4.032337,0.387246,3.896961
2.466667,73,RelaxedIdle_v5,0.040480,0,0.000000,0.000000,1.000000,4.000000,0.000000,4.000000,90.000000,4.312133,0.053693,4.229726,4.092543,0.006432,3.952394,101.756700,0.000000,4.208773,0.477967,4.231093,4.032729,0.388388,3.899964
2.483333,74,RelaxedIdle_v5,0.042320,0,0.000000,0.000000,1.000000,4.000000,0.000000,4.000000,90.000000,4.296303,0.058607,4.236137,4.092548,0.006438,3.952385,99.944810,0.000000,4.203184,0.478998,4.233831,4.032523,0.389620,3.902735
2.500000,74,RelaxedIdle_v5,0.044160,0,0.000000,0.000000,1.000000,4.000000,0.000000,4.000000,90.000000,4.278711,0.061598,4.242887,4.092541,0.006430,3.952397,98.226390,0.000000,4.196658,0.477905,4.234021,4.031760,0.390900,3.905316
2.516667,75,RelaxedIdle_v5,0.046000,0,0.000000,0.000000,1.000000,4.000000,0.000000,4.000000,90.000000,4.259835,0.062565,4.249650,4.092546,0.006436,3.952387,96.611780,0.000000,4.189115,0.474864,4.232071,4.030537,0.392238,3.907679
2.533333,75,RelaxedIdle_v5,0.047840,0,0.000000,0.000000,1.000000,4.000000,0.000000,4.000000,90.000000,4.240229,0.061431,4.256188,4.092540,0.006429,3.952399,95.111580,0.000000,4.180356,0.470112,4.228547,4.028915,0.393586,3.909889
2.550000,76,RelaxedIdle_v5,0.049680,0,0.000000,0.000000,1.000000,4.000000,0.000000,4.000000,90.000000,4.220580,0.058268,4.262210,4.092545,0.006434,3.952390,93.736030,0.000000,4.170312,0.464024,4.223834,4.027013,0.394946,3.911926
2.566667,76,RelaxedIdle_v5,0.051520,0,0.000000,0.000000,1.000000,4.000000,0.000000,4.000000,90.000000,4.201657,0.053180,4.267552,4.092538,0.006428,3.952402,92.495860,0.000000,4.158992,0.456986,4.218317,4.024920,0.396264,3.913851
2.583333,77,RelaxedIdle_v5,0.053360,0,0.000000,0.000000,1.000000,4.000000,0.000000,4.000000,90.000000,4.184307,0.046400,4.272027,4.092543,0.006432,3.952394,91.401240,0.000000,4.146574,0.449419,4.212162,4.022773,0.397532,3.915632
2.600000,77,RelaxedIdle_v5,0.055200,0,0.000000,0.000000,1.000000,4.000000,0.000000,4.000000,90.000000,4.169427,0.038196,4.275575,4.092538,0.006427,3.952403,90.462990,0.000000,4.133304,0.441661,4.205542,4.020684,0.398689,3.917292
2.616667,78,RelaxedIdle_v5,0.057040,0,0.000000,0.000000,1.000000,4.000000,0.000000,4.000000,90.000000,4.169427,0.038196,4.275575,4.092538,0.006427,3.952403,90.462990,0.000000,4.133304,0.441661,4.205542,4.020684,0.398689,3.917292
2.633333,78,RelaxedIdle_v5,0.058880,0,0.000000,0.000000,1.000000,4.000000,0.000000,4.000000,90.000000,4.158645,0.008563,4.283984,4.095566,0.003275,3.945145,90.460810,0.000000,4.102018,0.419828,4.187685,4.018934,0.398784,3.922194
2.650000,79,RelaxedIdle_v5,0.060720,0,0.000000,0.000000,1.000000,4.000000,0.000000,4.000000,90.000000,4.185578,0.004653,4.289525,4.092152,-0.004788,3.917276,96.556000,0.000000,4.124364,0.417453,4.192269,4.024196,0.391329,3.917380
2.666667,79,RelaxedIdle_v5,0.062560,0,0.000000,0.000000,1.000000,4.000000,0.000000,4.000000,90.000000,4.228283,0.000151,4.292057,4.068652,-0.012227,3.870674,106.564700,0.000000,4.158339,0.414730,4.191850,4.023647,0.382752,3.903726
2.683333,80,RelaxedIdle_v5,0.064400,0,0.000000,0.000000,1.000000,4.000000,0.000000,4.000000,90.000000,4.253710,-0.001138,4.288234,4.042061,-0.013282,3.844260,112.796100,0.000000,4.176855,0.413948,4.185930,4.016609,0.379823,3.892670
2.700000,80,RelaxedIdle_v5,0.066240,0,0.000000,0.000000,1.000000,4.000000,0.000000,4.000000,90.000000,4.277722,-0.001492,4.280827,4.006903,-0.011912,3.821819,119.068600,0.000000,4.192878,0.413676,4.176353,4.004045,0.378366,3.880847
2.716667,81,RelaxedIdle_v5,0.068080,0,0.000000,0.000000,1.000000,4.000000,0.000000,4.000000,90.000000,4.299707,-0.000984,4.270098,3.964188,-0.008313,3.805152,125.345200,0.000000,4.205818,0.413827,4.163574,3.985840,0.378211,3.869334
2.733333,81,RelaxedIdle_v5,0.069920,0,0.000000,0.000000,1.000000,4.000000,0.000000,4.000000,90.000000,4.319123,0.000291,4.256437,3.915386,-0.002721,3.795715,131.587900,0.000000,4.215205,0.414305,4.148163,3.962152,0.379181,3.859205
2.750000,82,RelaxedIdle_v5,0.071760,0,0.000000,0.000000,1.000000,4.000000,0.000000,4.000000,90.000000,4.335521,0.002231,4.240331,3.862288,0.004606,3.794489,137.759700,0.000000,4.220706,0.415006,4.130771,3.933401,0.381097,3.851459
2.766667,82,RelaxedIdle_v5,0.073600,0,0.000000,0.000000,1.000000,4.000000,0.000000,4.000000,90.000000,4.348575,0.004725,4.222341,3.806845,0.013403,3.801922,143.825700,0.000000,4.222145,0.415830,4.112089,3.900233,0.383793,3.846953
2.783333,83,RelaxedIdle_v5,0.075440,0,0.000000,0.000000,1.000000,4.000000,0.000000,4.000000,90.000000,4.354713,0.006439,4.210886,3.773264,0.019278,3.810525,147.401300,0.000000,4.221042,0.416343,4.100546,3.878545,0.385721,3.846091
2.800000,83,RelaxedIdle_v5,0.077280,0,0.000000,0.000000,1.000000,4.000000,0.000000,4.000000,90.000000,4.354713,0.006439,4.210886,3.773264,0.019278,3.810525,147.401300,0.000000,4.221042,0.416343,4.100546,3.878545,0.385721,3.846091
2.816667,84,RelaxedIdle_v5,0.079120,0,0.000000,0.000000,1.000000,4.000000,0.000000,4.000000,90.000000,4.354713,0.006439,4.210886,3.773264,0.019278,3.810525,147.401300,0.000000,4.221042,0.416343,4.100546,3.878545,0.385721,3.846091
2.833333,84,RelaxedIdle_v5,0.080960,0,0.000000,0.000000,1.000000,4.000000,0.000000,4.000000,90.000000,4.354713,0.006439,4.210886,3.773264,0.019278,3.810525,147.401300,0.000000,4.221042,0.416343,4.100546,3.878545,0.385721,3.846091
2.850000,85,RelaxedIdle_v5,0.082800,0,0.000000,0.000000,1.000000,4.000000,0.000000,4.000000,90.000000,4.354713,0.006439,4.210886,3.773264,0.019278,3.810525,147.401300,0.000000,4.221042,0.416343,4.100546,3.878545,0.385721,3.846091
2.866667,85,RelaxedIdle_v5,0.084640,0,0.000000,0.000000,1.000000,4.000000,0.000000,4.000000,90.000000,4.354713,0.006439,4.210886,3.773264,0.019278,3.810525,147.401300,0.000000,4.221042,0.416343,4.100546,3.878545,0.385721,3.846091
2.883333,86,RelaxedIdle_v5,0.086480,0,0.000000,0.000000,1.000000,4.000000,0.000000,4.000000,90.000000,4.354713,0.006439,4.210886,3.773264,0.019278,3.810525,147.401300,0.000000,4.221042,0.416343,4.100546,3.878545,0.385721,3.846091
2.900000,86,RelaxedIdle_v5,0.088320,0,0.000000,0.000000,1.000000,4.000000,0.000000,4.000000,90.000000,4.354713,0.006439,4.210886,3.773264,0.019278,3.810525,147.401300,0.000000,4.221042,0.416343,4.100546,3.878545,0.385721,3.846091
2.916667,87,RelaxedIdle_v5,0.090160,0,0.000000,0.000000,1.000000,4.000000,0.000000,4.000000,90.000000,4.354713,0.006439,4.210886,3.773264,0.019278,3.810525,147.401300,0.000000,4.221042,0.416343,4.100546,3.878545,0.385721,3.846091
2.933333,87,RelaxedIdle_v5,0.092000,0,0.000000,0.000000,1.000000,4.000000,0.000000,4.000000,90.000000,4.354713,0.006439,4.210886,3.773264,0.019278,3.810525,147.401300,0.000000,4.221042,0.416343,4.100546,3.878545,0.385721,3.846091
2.950000,88,RelaxedIdle_v5,0.093840,0,0.000000,0.000000,1.000000,4.000000,0.000000,4.000000,90.000000,4.354713,0.006439,4.210886,3.773264,0.019278,3.810525,147.401300,0.000000,4.221042,0.416343,4.100546,3.878545,0.385721,3.846091
2.966667,88,RelaxedIdle_v5,0.095680,0,0.000000,0.000000,1.000000,4.000000,0.000000,4.000000,90.000000,4.354713,0.006439,4.210886,3.773264,0.019278,3.810525,147.401300,0.000000,4.221042,0.416343,4.100546,3.878545,0.385721,3.846091
2.983333,89,RelaxedIdle_v5,0.097520,0,0.000000,0.000000,1.000000,4.000000,0.000000,4.000000,90.000000,4.354713,0.006439,4.210886,3.773264,0.019278,3.810525,147.401300,0.000000,4.221042,0.416343,4.100546,3.878545,0.385721,3.846091
3.000000,89,RelaxedIdle_v5,0.099360,0,0.000000,0.000000,1.000000,4.000000,0.000000,4.000000,90.000000,4.354713,0.006439,4.210886,3.773264,0.019278,3.810525,147.401300,0.000000,4.221042,0.416343,4.100546,3.878545,0.385721,3.846091
3.016667,90,RelaxedIdle_v5,0.101200,0,0.000000,0.000000,1.000000,4.000000,0.000000,4.000000,90.000000,4.354713,0.006439,4.210886,3.773264,0.019278,3.810525,147.401300,0.000000,4.221042,0.416343,4.100546,3.878545,0.385721,3.846091
3.033333,90,RelaxedIdle_v5,0.103040,0,0.000000,0.000000,1.000000,4.000000,0.000000,4.000000,90.000000,4.354713,0.006439,4.210886,3.773264,0.019278,3.810525,147.401300,0.000000,4.221042,0.416343,4.100546,3.878545,0.385721,3.846091
3.050000,91,RelaxedIdle_v5,0.104880,0,0.000000,0.000000,1.000000,4.000000,0.000000,4.000000,90.000000,4.354713,0.006439,4.210886,3.773264,0.019278,3.810525,147.401300,0.000000,4.221042,0.416343,4.100546,3.878545,0.385721,3.846091
3.066667,91,RelaxedIdle_v5,0.106720,0,0.000000,0.000000,1.000000,4.000000,0.000000,4.000000,90.000000,4.354713,0.006439,4.210886,3.773264,0.019278,3.810525,147.401300,0.000000,4.221042,0.416343,4.100546,3.878545,0.385721,3.846091
3.083333,92,RelaxedIdle_v5,0.108560,0,0.000000,0.000000,1.000000,4.000000,0.000000,4.000000,90.000000,4.354713,0.006439,4.210886,3.773264,0.019278,3.810525,147.401300,0.000000,4.221042,0.416343,4.100546,3.878545,0.385721,3.846091
3.100000,92,RelaxedIdle_v5,0.110400,0,0.000000,0.000000,1.000000,4.000000,0.000000,4.000000,90.000000,4.354713,0.006439,4.210886,3.773264,0.019278,3.810525,147.401300,0.000000,4.221042,0.416343,4.100546,3.878545,0.385721,3.846091
3.116667,93,RelaxedIdle_v5,0.112240,0,0.000000,0.000000,1.000000,4.000000,0.000000,4.000000,90.000000,4.354713,0.006439,4.210886,3.773264,0.019278,3.810525,147.401300,0.000000,4.221042,0.416343,4.100546,3.878545,0.385721,3.846091
3.133333,93,RelaxedIdle_v5,0.114080,0,0.000000,0.000000,1.000000,4.000000,0.000000,4.000000,90.000000,4.354713,0.006439,4.210886,3.773264,0.019278,3.810525,147.401300,0.000000,4.221042,0.416343,4.100546,3.878545,0.385721,3.846091
3.150000,94,RelaxedIdle_v5,0.115920,0,0.000000,0.000000,1.000000,4.000000,0.000000,4.000000,90.000000,4.354713,0.006439,4.210886,3.773264,0.019278,3.810525,147.401300,0.000000,4.221042,0.416343,4.100546,3.878545,0.385721,3.846091
3.166667,94,RelaxedIdle_v5,0.117760,0,0.000000,0.000000,1.000000,4.000000,0.000000,4.000000,90.000000,4.354713,0.006439,4.210886,3.773264,0.019278,3.810525,147.401300,0.000000,4.221042,0.416343,4.100546,3.878545,0.385721,3.846091
3.183333,95,RelaxedIdle_v5,0.119600,0,0.000000,0.000000,1.000000,4.000000,0.000000,4.000000,90.000000,4.354713,0.006439,4.210886,3.773264,0.019278,3.810525,147.401300,0.000000,4.221042,0.416343,4.100546,3.878545,0.385721,3.846091
3.200000,95,RelaxedIdle_v5,0.121440,0,0.000000,0.000000,1.000000,4.000000,0.000000,4.000000,90.000000,4.354713,0.006439,4.210886,3.773264,0.019278,3.810525,147.401300,0.000000,4.221042,0.416343,4.100546,3.878545,0.385721,3.846091
3.216667,96,RelaxedIdle_v5,0.123280,0,0.000000,0.000000,1.000000,4.000000,0.000000,4.000000,90.000000,4.354713,0.006439,4.210886,3.773264,0.019278,3.810525,147.401300,0.000000,4.221042,0.416343,4.100546,3.878545,0.385721,3.846091
3.233333,96,RelaxedIdle_v5,0.125120,0,0.000000,0.000000,1.000000,4.000000,0.000000,4.000000,90.000000,4.354713,0.006439,4.210886,3.773264,0.019278,3.810525,147.401300,0.000000,4.221042,0.416343,4.100546,3.878545,0.385721,3.846091
3.250000,97,RelaxedIdle_v5,0.126960,0,0.000000,0.000000,1.000000,4.000000,0.000000,4.000000,90.000000,4.354713,0.006439,4.210886,3.773264,0.019278,3.810525,147.401300,0.000000,4.221042,0.416343,4.100546,3.878545,0.385721,3.846091
3.266667,97,RelaxedIdle_v5,0.128800,0,0.000000,0.000000,1.000000,4.000000,0.000000,4.000000,90.000000,4.354713,0.006439,4.210886,3.773264,0.019278,3.810525,147.401300,0.000000,4.221042,0.416343,4.100546,3.878545,0.385721,3.846091
3.283333,98,RelaxedIdle_v5,0.130640,0,0.000000,0.000000,1.000000,4.000000,0.000000,4.000000,90.000000,4.354713,0.006439,4.210886,3.773264,0.019278,3.810525,147.401300,0.000000,4.221042,0.416343,4.100546,3.878545,0.385721,3.846091
3.300000,98,RelaxedIdle_v5,0.132480,0,0.000000,0.000000,1.000000,4.000000,0.000000,4.000000,90.000000,4.354713,0.006439,4.210886,3.773264,0.019278,3.810525,147.401300,0.000000,4.221042,0.416343,4.100546,3.878545,0.385721,3.846091
3.316667,99,RelaxedIdle_v5,0.134320,0,0.000000,0.000000,1.000000,4.000000,0.000000,4.000000,90.000000,4.354713,0.006439,4.210886,3.773264,0.019278,3.810525,147.401300,0.000000,4.221042,0.416343,4.100546,3.878545,0.385721,3.846091
3.333333,99,RelaxedIdle_v5,0.136160,0,0.000000,0.000000,1.000000,4.000000,0.000000,4.000000,90.000000,4.354713,0.006439,4.210886,3.773264,0.019278,3.810525,147.401300,0.000000,4.221042,0.416343,4.100546,3.878545,0.385721,3.846091
3.350000,100,RelaxedIdle_v5,0.138000,0,0.000000,0.000000,1.000000,4.000000,0.000000,4.000000,90.000000,4.354713,0.006439,4.210886,3.773264,0.019278,3.810525,147.401300,0.000000,4.221042,0.416343,4.100546,3.878545,0.385721,3.846091
3.366667,100,RelaxedIdle_v5,0.139840,0,0.000000,0.000000,1.000000,4.000000,0.000000,4.000000,90.000000,4.354713,0.006439,4.210886,3.773264,0.019278,3.810525,147.401300,0.000000,4.221042,0.416343,4.100546,3.878545,0.385721,3.846091
3.383333,101,RelaxedIdle_v5,0.141680,0,0.000000,0.000000,1.000000,4.000000,0.000000,4.000000,90.000000,4.354713,0.006439,4.210886,3.773264,0.019278,3.810525,147.401300,0.000000,4.221042,0.416343,4.100546,3.878545,0.385721,3.846091
3.400000,101,RelaxedIdle_v5,0.143520,0,0.000000,0.000000,1.000000,4.000000,0.000000,4.000000,90.000000,4.354713,0.006439,4.210886,3.773264,0.019278,3.810525,147.401300,0.000000,4.221042,0.416343,4.100546,3.878545,0.385721,3.846091
3.416667,102,RelaxedIdle_v5,0.145360,0,0.000000,0.000000,1.000000,4.000000,0.000000,4.000000,90.000000,4.354713,0.006439,4.210886,3.773264,0.019278,3.810525,147.401300,0.000000,4.221042,0.416343,4.100546,3.878545,0.385721,3.846091
3.433333,102,RelaxedIdle_v5,0.147200,0,0.000000,0.000000,1.000000,4.000000,0.000000,4.000000,90.000000,4.354713,0.006439,4.210886,3.773264,0.019278,3.810525,147.401300,0.000000,4.221042,0.416343,4.100546,3.878545,0.385721,3.846091
3.450000,103,RelaxedIdle_v5,0.149040,0,0.000000,0.000000,1.000000,4.000000,0.000000,4.000000,90.000000,4.354713,0.006439,4.210886,3.773264,0.019278,3.810525,147.401300,0.000000,4.221042,0.416343,4.100546,3.878545,0.385721,3.846091
3.466667,103,RelaxedIdle_v5,0.150880,0,0.000000,0.000000,1.000000,4.000000,0.000000,4.000000,90.000000,4.354713,0.006439,4.210886,3.773264,0.019278,3.810525,147.401300,0.000000,4.221042,0.416343,4.100546,3.878545,0.385721,3.846091
3.483333,104,RelaxedIdle_v5,0.152720,0,0.000000,0.000000,1.000000,4.000000,0.000000,4.000000,90.000000,4.354713,0.006439,4.210886,3.773264,0.019278,3.810525,147.401300,0.000000,4.221042,0.416343,4.100546,3.878545,0.385721,3.846091
3.500000,104,RelaxedIdle_v5,0.154560,0,0.000000,0.000000,1.000000,4.000000,0.000000,4.000000,90.000000,4.354713,0.006439,4.210886,3.773264,0.019278,3.810525,147.401300,0.000000,4.221042,0.416343,4.100546,3.878545,0.385721,3.846091
3.516667,105,RelaxedIdle_v5,0.156400,0,0.000000,0.000000,1.000000,4.000000,0.000000,4.000000,90.000000,4.354713,0.006439,4.210886,3.773264,0.019278,3.810525,147.401300,0.000000,4.221042,0.416343,4.100546,3.878545,0.385721,3.846091
3.533333,105,RelaxedIdle_v5,0.158240,0,0.000000,0.000000,1.000000,4.000000,0.000000,4.000000,90.000000,4.354713,0.006439,4.210886,3.773264,0.019278,3.810525,147.401300,0.000000,4.221042,0.416343,4.100546,3.878545,0.385721,3.846091
3.550000,106,RelaxedIdle_v5,0.160080,0,0.000000,0.000000,1.000000,4.000000,0.000000,4.000000,90.000000,4.354713,0.006439,4.210886,3.773264,0.019278,3.810525,147.401300,0.000000,4.221042,0.416343,4.100546,3.878545,0.385721,3.846091
3.566667,106,RelaxedIdle_v5,0.161920,0,0.000000,0.000000,1.000000,4.000000,0.000000,4.000000,90.000000,4.354713,0.006439,4.210886,3.773264,0.019278,3.810525,147.401300,0.000000,4.221042,0.416343,4.100546,3.878545,0.385721,3.846091
3.583333,107,RelaxedIdle_v5,0.163760,0,0.000000,0.000000,1.000000,4.000000,0.000000,4.000000,90.000000,4.354713,0.006439,4.210886,3.773264,0.019278,3.810525,147.401300,0.000000,4.221042,0.416343,4.100546,3.878545,0.385721,3.846091
3.600000,107,RelaxedIdle_v5,0.165600,0,0.000000,0.000000,1.000000,4.000000,0.000000,4.000000,90.000000,4.354713,0.006439,4.210886,3.773264,0.019278,3.810525,147.401300,0.000000,4.221042,0.416343,4.100546,3.878545,0.385721,3.846091
3.616667,108,RelaxedIdle_v5,0.167440,0,0.000000,0.000000,1.000000,4.000000,0.000000,4.000000,90.000000,4.354713,0.006439,4.210886,3.773264,0.019278,3.810525,147.401300,0.000000,4.221042,0.416343,4.100546,3.878545,0.385721,3.846091
3.633333,108,RelaxedIdle_v5,0.169280,0,0.000000,0.000000,1.000000,4.000000,0.000000,4.000000,90.000000,4.354713,0.006439,4.210886,3.773264,0.019278,3.810525,147.401300,0.000000,4.221042,0.416343,4.100546,3.878545,0.385721,3.846091
3.650000,109,RelaxedIdle_v5,0.171120,0,0.000000,0.000000,1.000000,4.000000,0.000000,4.000000,90.000000,4.354713,0.006439,4.210886,3.773264,0.019278,3.810525,147.401300,0.000000,4.221042,0.416343,4.100546,3.878545,0.385721,3.846091
3.666667,109,RelaxedIdle_v5,0.172960,0,0.000000,0.000000,1.000000,4.000000,0.000000,4.000000,90.000000,4.354713,0.006439,4.210886,3.773264,0.019278,3.810525,147.401300,0.000000,4.221042,0.416343,4.100546,3.878545,0.385721,3.846091
3.683333,110,RelaxedIdle_v5,0.174800,0,0.000000,0.000000,1.000000,4.000000,0.000000,4.000000,90.000000,4.354713,0.006439,4.210886,3.773264,0.019278,3.810525,147.401300,0.000000,4.221042,0.416343,4.100546,3.878545,0.385721,3.846091
3.700000,110,RelaxedIdle_v5,0.176640,0,0.000000,0.000000,1.000000,4.000000,0.000000,4.000000,90.000000,4.354713,0.006439,4.210886,3.773264,0.019278,3.810525,147.401300,0.000000,4.221042,0.416343,4.100546,3.878545,0.385721,3.846091
3.716667,111,RelaxedIdle_v5,0.178480,0,0.000000,0.000000,1.000000,4.000000,0.000000,4.000000,90.000000,4.354713,0.006439,4.210886,3.773264,0.019278,3.810525,147.401300,0.000000,4.221042,0.416343,4.100546,3.878545,0.385721,3.846091
3.733333,111,RelaxedIdle_v5,0.180320,0,0.000000,0.000000,1.000000,4.000000,0.000000,4.000000,90.000000,4.354713,0.006439,4.210886,3.773264,0.019278,3.810525,147.401300,0.000000,4.221042,0.416343,4.100546,3.878545,0.385721,3.846091
3.750000,112,RelaxedIdle_v5,0.182160,0,0.000000,0.000000,1.000000,4.000000,0.000000,4.000000,90.000000,4.354713,0.006439,4.210886,3.773264,0.019278,3.810525,147.401300,0.000000,4.221042,0.416343,4.100546,3.878545,0.385721,3.846091
3.766667,112,RelaxedIdle_v5,0.184000,0,0.000000,0.000000,1.000000,4.000000,0.000000,4.000000,90.000000,4.354713,0.006439,4.210886,3.773264,0.019278,3.810525,147.401300,0.000000,4.221042,0.416343,4.100546,3.878545,0.385721,3.846091
3.783333,113,RelaxedIdle_v5,0.185840,0,0.000000,0.000000,1.000000,4.000000,0.000000,4.000000,90.000000,4.354713,0.006439,4.210886,3.773264,0.019278,3.810525,147.401300,0.000000,4.221042,0.416343,4.100546,3.878545,0.385721,3.846091
3.800000,113,RelaxedIdle_v5,0.187680,0,0.000000,0.000000,1.000000,4.000000,0.000000,4.000000,90.000000,4.354713,0.006439,4.210886,3.773264,0.019278,3.810525,147.401300,0.000000,4.221042,0.416343,4.100546,3.878545,0.385721,3.846091
3.816667,114,RelaxedIdle_v5,0.189520,0,0.000000,0.000000,1.000000,4.000000,0.000000,4.000000,90.000000,4.354713,0.006439,4.210886,3.773264,0.019278,3.810525,147.401300,0.000000,4.221042,0.416343,4.100546,3.878545,0.385721,3.846091
3.833333,114,RelaxedIdle_v5,0.191360,0,0.000000,0.000000,1.000000,4.000000,0.000000,4.000000,90.000000,4.354713,0.006439,4.210886,3.773264,0.019278,3.810525,147.401300,0.000000,4.221042,0.416343,4.100546,3.878545,0.385721,3.846091
3.850000,115,RelaxedIdle_v5,0.193200,0,0.000000,0.000000,1.000000,4.000000,0.000000,4.000000,90.000000,4.354713,0.006439,4.210886,3.773264,0.019278,3.810525,147.401300,0.000000,4.221042,0.416343,4.100546,3.878545,0.385721,3.846091
3.866667,115,RelaxedIdle_v5,0.195040,0,0.000000,0.000000,1.000000,4.000000,0.000000,4.000000,90.000000,4.354713,0.006439,4.210886,3.773264,0.019278,3.810525,147.401300,0.000000,4.221042,0.416343,4.100546,3.878545,0.385721,3.846091
3.883333,116,RelaxedIdle_v5,0.196880,0,0.000000,0.000000,1.000000,4.000000,0.000000,4.000000,90.000000,4.354713,0.006439,4.210886,3.773264,0.019278,3.810525,147.401300,0.000000,4.221042,0.416343,4.100546,3.878545,0.385721,3.846091
3.900000,116,RelaxedIdle_v5,0.198720,0,0.000000,0.000000,1.000000,4.000000,0.000000,4.000000,90.000000,4.354713,0.006439,4.210886,3.773264,0.019278,3.810525,147.401300,0.000000,4.221042,0.416343,4.100546,3.878545,0.385721,3.846091
3.916667,117,RelaxedIdle_v5,0.200560,0,0.000000,0.000000,1.000000,4.000000,0.000000,4.000000,90.000000,4.354713,0.006439,4.210886,3.773264,0.019278,3.810525,147.401300,0.000000,4.221042,0.416343,4.100546,3.878545,0.385721,3.846091
3.933333,117,RelaxedIdle_v5,0.202400,0,0.000000,0.000000,1.000000,4.000000,0.000000,4.000000,90.000000,4.354713,0.006439,4.210886,3.773264,0.019278,3.810525,147.401300,0.000000,4.221042,0.416343,4.100546,3.878545,0.385721,3.846091
3.950000,118,RelaxedIdle_v5,0.204240,0,0.000000,0.000000,1.000000,4.000000,0.000000,4.000000,90.000000,4.354713,0.006439,4.210886,3.773264,0.019278,3.810525,147.401300,0.000000,4.221042,0.416343,4.100546,3.878545,0.385721,3.846091
3.966667,118,RelaxedIdle_v5,0.206080,0,0.000000,0.000000,1.000000,4.000000,0.000000,4.000000,90.000000,4.354713,0.006439,4.210886,3.773264,0.019278,3.810525,147.401300,0.000000,4.221042,0.416343,4.100546,3.878545,0.385721,3.846091
3.983333,119,RelaxedIdle_v5,0.207920,0,0.000000,0.000000,1.000000,4.000000,0.000000,4.000000,90.000000,4.354713,0.006439,4.210886,3.773264,0.019278,3.810525,147.401300,0.000000,4.221042,0.416343,4.100546,3.878545,0.385721,3.846091
4.000000,119,RelaxedIdle_v5,0.209760,0,0.000000,0.000000,1.000000,4.000000,0.000000,4.000000,90.000000,4.354713,0.006439,4.210886,3.773264,0.019278,3.810525,147.401300,0.000000,4.221042,0.416343,4.100546,3.878545,0.385721,3.846091
4.016667,120,RelaxedIdle_v5,0.211600,0,0.000000,0.000000,1.000000,4.000000,0.000000,4.000000,90.000000,4.354713,0.006439,4.210886,3.773264,0.019278,3.810525,147.401300,0.000000,4.221042,0.416343,4.100546,3.878545,0.385721,3.846091
4.033333,120,RelaxedIdle_v5,0.213440,0,0.000000,0.000000,1.000000,4.000000,0.000000,4.000000,90.000000,4.354713,0.006439,4.210886,3.773264,0.019278,3.810525,147.401300,0.000000,4.221042,0.416343,4.100546,3.878545,0.385721,3.846091
4.050000,121,RelaxedIdle_v5,0.215280,0,0.000000,0.000000,1.000000,4.000000,0.000000,4.000000,90.000000,4.354713,0.006439,4.210886,3.773264,0.019278,3.810525,147.401300,0.000000,4.221042,0.416343,4.100546,3.878545,0.385721,3.846091
4.066667,121,RelaxedIdle_v5,0.217120,0,0.000000,0.000000,1.000000,4.000000,0.000000,4.000000,90.000000,4.354713,0.006439,4.210886,3.773264,0.019278,3.810525,147.401300,0.000000,4.221042,0.416343,4.100546,3.878545,0.385721,3.846091
4.083333,122,RelaxedIdle_v5,0.218960,0,0.000000,0.000000,1.000000,4.000000,0.000000,4.000000,90.000000,4.354713,0.006439,4.210886,3.773264,0.019278,3.810525,147.401300,0.000000,4.221042,0.416343,4.100546,3.878545,0.385721,3.846091
4.100000,122,RelaxedIdle_v5,0.220800,0,0.000000,0.000000,1.000000,4.000000,0.000000,4.000000,90.000000,4.354713,0.006439,4.210886,3.773264,0.019278,3.810525,147.401300,0.000000,4.221042,0.416343,4.100546,3.878545,0.385721,3.846091
4.116667,123,RelaxedIdle_v5,0.222640,0,0.000000,0.000000,1.000000,4.000000,0.000000,4.000000,90.000000,4.354713,0.006439,4.210886,3.773264,0.019278,3.810525,147.401300,0.000000,4.221042,0.416343,4.100546,3.878545,0.385721,3.846091
4.133333,123,RelaxedIdle_v5,0.224480,0,0.000000,0.000000,1.000000,4.000000,0.000000,4.000000,90.000000,4.354713,0.006439,4.210886,3.773264,0.019278,3.810525,147.401300,0.000000,4.221042,0.416343,4.100546,3.878545,0.385721,3.846091
4.150000,124,RelaxedIdle_v5,0.226320,0,0.000000,0.000000,1.000000,4.000000,0.000000,4.000000,90.000000,4.354713,0.006439,4.210886,3.773264,0.019278,3.810525,147.401300,0.000000,4.221042,0.416343,4.100546,3.878545,0.385721,3.846091
4.166667,124,RelaxedIdle_v5,0.228160,0,0.000000,0.000000,1.000000,4.000000,0.000000,4.000000,90.000000,4.354713,0.006439,4.210886,3.773264,0.019278,3.810525,147.401300,0.000000,4.221042,0.416343,4.100546,3.878545,0.385721,3.846091
4.183333,125,RelaxedIdle_v5,0.230000,0,0.000000,0.000000,1.000000,4.000000,0.000000,4.000000,90.000000,4.354713,0.006439,4.210886,3.773264,0.019278,3.810525,147.401300,0.000000,4.221042,0.416343,4.100546,3.878545,0.385721,3.846091
4.200000,125,RelaxedIdle_v5,0.231840,0,0.000000,0.000000,1.000000,4.000000,0.000000,4.000000,90.000000,4.354713,0.006439,4.210886,3.773264,0.019278,3.810525,147.401300,0.000000,4.221042,0.416343,4.100546,3.878545,0.385721,3.846091
4.216667,126,RelaxedIdle_v5,0.233680,0,0.000000,0.000000,1.000000,4.000000,0.000000,4.000000,90.000000,4.354713,0.006439,4.210886,3.773264,0.019278,3.810525,147.401300,0.000000,4.221042,0.416343,4.100546,3.878545,0.385721,3.846091
4.233333,126,RelaxedIdle_v5,0.235520,0,0.000000,0.000000,1.000000,4.000000,0.000000,4.000000,90.000000,4.354713,0.006439,4.210886,3.773264,0.019278,3.810525,147.401300,0.000000,4.221042,0.416343,4.100546,3.878545,0.385721,3.846091
4.250000,127,RelaxedIdle_v5,0.237360,0,0.000000,0.000000,1.000000,4.000000,0.000000,4.000000,90.000000,4.354713,0.006439,4.210886,3.773264,0.019278,3.810525,147.401300,0.000000,4.221042,0.416343,4.100546,3.878545,0.385721,3.846091
4.266667,127,RelaxedIdle_v5,0.239200,0,0.000000,0.000000,1.000000,4.000000,0.000000,4.000000,90.000000,4.354713,0.006439,4.210886,3.773264,0.019278,3.810525,147.401300,0.000000,4.221042,0.416343,4.100546,3.878545,0.385721,3.846091
4.283333,128,RelaxedIdle_v5,0.241040,0,0.000000,0.000000,1.000000,4.000000,0.000000,4.000000,90.000000,4.354713,0.006439,4.210886,3.773264,0.019278,3.810525,147.401300,0.000000,4.221042,0.416343,4.100546,3.878545,0.385721,3.846091
4.300000,128,RelaxedIdle_v5,0.242880,0,0.000000,0.000000,1.000000,4.000000,0.000000,4.000000,90.000000,4.354713,0.006439,4.210886,3.773264,0.019278,3.810525,147.401300,0.000000,4.221042,0.416343,4.100546,3.878545,0.385721,3.846091
4.316667,129,RelaxedIdle_v5,0.244720,0,0.000000,0.000000,1.000000,4.000000,0.000000,4.000000,90.000000,4.354713,0.006439,4.210886,3.773264,0.019278,3.810525,147.401300,0.000000,4.221042,0.416343,4.100546,3.878545,0.385721,3.846091
4.333333,129,RelaxedIdle_v5,0.246560,0,0.000000,0.000000,1.000000,4.000000,0.000000,4.000000,90.000000,4.354713,0.006439,4.210886,3.773264,0.019278,3.810525,147.401300,0.000000,4.221042,0.416343,4.100546,3.878545,0.385721,3.846091
4.350000,130,RelaxedIdle_v5,0.248400,0,0.000000,0.000000,1.000000,4.000000,0.000000,4.000000,90.000000,4.354713,0.006439,4.210886,3.773264,0.019278,3.810525,147.401300,0.000000,4.221042,0.416343,4.100546,3.878545,0.385721,3.846091
4.366667,130,RelaxedIdle_v5,0.250240,0,0.000000,0.000000,1.000000,4.000000,0.000000,4.000000,90.000000,4.354713,0.006439,4.210886,3.773264,0.019278,3.810525,147.401300,0.000000,4.221042,0.416343,4.100546,3.878545,0.385721,3.846091
4.383333,131,RelaxedIdle_v5,0.252080,0,0.000000,0.000000,1.000000,4.000000,0.000000,4.000000,90.000000,4.354713,0.006439,4.210886,3.773264,0.019278,3.810525,147.401300,0.000000,4.221042,0.416343,4.100546,3.878545,0.385721,3.846091
4.400000,131,RelaxedIdle_v5,0.253920,0,0.000000,0.000000,1.000000,4.000000,0.000000,4.000000,90.000000,4.354713,0.006439,4.210886,3.773264,0.019278,3.810525,147.401300,0.000000,4.221042,0.416343,4.100546,3.878545,0.385721,3.846091
4.416667,132,RelaxedIdle_v5,0.255760,0,0.000000,0.000000,1.000000,4.000000,0.000000,4.000000,90.000000,4.354713,0.006439,4.210886,3.773264,0.019278,3.810525,147.401300,0.000000,4.221042,0.416343,4.100546,3.878545,0.385721,3.846091
4.433333,132,RelaxedIdle_v5,0.257600,0,0.000000,0.000000,1.000000,4.000000,0.000000,4.000000,90.000000,4.354713,0.006439,4.210886,3.773264,0.019278,3.810525,147.401300,0.000000,4.221042,0.416343,4.100546,3.878545,0.385721,3.846091
4.450000,133,RelaxedIdle_v5,0.259440,0,0.000000,0.000000,1.000000,4.000000,0.000000,4.000000,90.000000,4.354713,0.006439,4.210886,3.773264,0.019278,3.810525,147.401300,0.000000,4.221042,0.416343,4.100546,3.878545,0.385721,3.846091
4.466667,133,RelaxedIdle_v5,0.261280,0,0.000000,0.000000,1.000000,4.000000,0.000000,4.000000,90.000000,4.354713,0.006439,4.210886,3.773264,0.019278,3.810525,147.401300,0.000000,4.221042,0.416343,4.100546,3.878545,0.385721,3.846091
4.483333,134,RelaxedIdle_v5,0.263120,0,0.000000,0.000000,1.000000,4.000000,0.000000,4.000000,90.000000,4.354713,0.006439,4.210886,3.773264,0.019278,3.810525,147.401300,0.000000,4.221042,0.416343,4.100546,3.878545,0.385721,3.846091
4.500000,134,RelaxedIdle_v5,0.264960,0,0.000000,0.000000,1.000000,4.000000,0.000000,4.000000,90.000000,4.354713,0.006439,4.210886,3.773264,0.019278,3.810525,147.401300,0.000000,4.221042,0.416343,4.100546,3.878545,0.385721,3.846091
4.516667,135,RelaxedIdle_v5,0.266800,0,0.000000,0.000000,1.000000,4.000000,0.000000,4.000000,90.000000,4.354713,0.006439,4.210886,3.773264,0.019278,3.810525,147.401300,0.000000,4.221042,0.416343,4.100546,3.878545,0.385721,3.846091
4.533333,135,RelaxedIdle_v5,0.268640,0,0.000000,0.000000,1.000000,4.000000,0.000000,4.000000,90.000000,4.354713,0.006439,4.210886,3.773264,0.019278,3.810525,147.401300,0.000000,4.221042,0.416343,4.100546,3.878545,0.385721,3.846091
4.550000,136,RelaxedIdle_v5,0.270480,0,0.000000,0.000000,1.000000,4.000000,0.000000,4.000000,90.000000,4.354713,0.006439,4.210886,3.773264,0.019278,3.810525,147.401300,0.000000,4.221042,0.416343,4.100546,3.878545,0.385721,3.846091
4.566667,136,RelaxedIdle_v5,0.272320,0,0.000000,0.000000,1.000000,4.000000,0.000000,4.000000,90.000000,4.354713,0.006439,4.210886,3.773264,0.019278,3.810525,147.401300,0.000000,4.221042,0.416343,4.100546,3.878545,0.385721,3.846091
4.583333,137,RelaxedIdle_v5,0.274160,0,0.000000,0.000000,1.000000,4.000000,0.000000,4.000000,90.000000,4.354714,0.006441,4.210884,3.773265,0.019279,3.810522,147.390200,0.000000,4.221058,0.416355,4.100568,3.878604,0.385704,3.846104
4.600000,137,RelaxedIdle_v5,0.276000,0,0.000000,0.000000,1.000000,4.000000,0.000000,4.000000,90.000000,4.354713,0.006439,4.210886,3.773264,0.019267,3.810525,147.313800,0.000000,4.221154,0.416425,4.100746,3.878995,0.385567,3.846225
4.616667,138,RelaxedIdle_v5,0.277840,0,0.000000,0.000000,1.000000,4.000000,0.000000,4.000000,90.000000,4.354716,0.006440,4.210879,3.773700,0.020955,3.810615,147.111000,0.000000,4.221413,0.416616,4.101205,3.880769,0.386098,3.845397
4.633333,138,RelaxedIdle_v5,0.279680,0,0.000000,0.000000,1.000000,4.000000,0.000000,4.000000,90.000000,4.354712,0.006429,4.210885,3.777230,0.025412,3.811311,146.725000,0.000000,4.221887,0.416968,4.102102,3.884892,0.387995,3.842732
4.650000,139,RelaxedIdle_v5,0.281520,0,0.000000,0.000000,1.000000,4.000000,0.000000,4.000000,90.000000,4.354712,0.006417,4.210876,3.785897,0.031051,3.812978,146.103900,0.000000,4.222634,0.417536,4.103540,3.891098,0.390640,3.839062
4.666667,139,RelaxedIdle_v5,0.283360,0,0.000000,0.000000,1.000000,4.000000,0.000000,4.000000,90.000000,4.354702,0.006388,4.210882,3.801059,0.037491,3.816113,145.199600,0.000000,4.223657,0.418344,4.105669,3.899428,0.393946,3.834566
4.683333,140,RelaxedIdle_v5,0.285200,0,0.000000,0.000000,1.000000,4.000000,0.000000,4.000000,90.000000,4.354700,0.006365,4.210873,3.823604,0.044269,3.821362,143.969300,0.000000,4.224955,0.419435,4.108575,3.909776,0.397728,3.829522
4.700000,140,RelaxedIdle_v5,0.287040,0,0.000000,0.000000,1.000000,4.000000,0.000000,4.000000,90.000000,4.354693,0.006349,4.210876,3.853865,0.050976,3.829683,142.374200,0.000000,4.226449,0.420816,4.112393,3.921928,0.401671,3.824361
4.716667,141,RelaxedIdle_v5,0.288880,0,0.000000,0.000000,1.000000,4.000000,0.000000,4.000000,90.000000,4.354705,0.006385,4.210869,3.891492,0.057405,3.842165,140.380800,0.000000,4.228040,0.422514,4.117190,3.935643,0.405379,3.819568
4.733333,141,RelaxedIdle_v5,0.290720,0,0.000000,0.000000,1.000000,4.000000,0.000000,4.000000,90.000000,4.354718,0.006444,4.210878,3.929358,0.061142,3.857161,138.336900,0.000000,4.229322,0.424200,4.122172,3.947722,0.407481,3.816705
4.750000,142,RelaxedIdle_v5,0.292560,0,0.000000,0.000000,1.000000,4.000000,0.000000,4.000000,90.000000,4.354719,0.006445,4.210876,3.959452,0.060007,3.870632,136.651400,0.000000,4.230096,0.425531,4.126359,3.955422,0.407175,3.816600
4.766667,142,RelaxedIdle_v5,0.294400,0,0.000000,0.000000,1.000000,4.000000,0.000000,4.000000,90.000000,4.354717,0.006444,4.210878,3.988220,0.057252,3.885068,134.867500,0.000000,4.230634,0.426891,4.130836,3.962692,0.405773,3.817976
4.783333,143,RelaxedIdle_v5,0.296240,0,0.000000,0.000000,1.000000,4.000000,0.000000,4.000000,90.000000,4.354717,0.006444,4.210878,4.014732,0.052951,3.899807,132.996400,0.000000,4.230883,0.428269,4.135571,3.969652,0.403383,3.820955
4.800000,143,RelaxedIdle_v5,0.298080,0,0.000000,0.000000,1.000000,4.000000,0.000000,4.000000,90.000000,4.354717,0.006443,4.210880,4.038258,0.047187,3.914150,131.048400,0.000000,4.230786,0.429647,4.140538,3.976354,0.400187,3.825598
4.816667,144,RelaxedIdle_v5,0.299920,0,0.000000,0.000000,1.000000,4.000000,0.000000,4.000000,90.000000,4.354716,0.006442,4.210881,4.058147,0.040108,3.927273,129.034900,0.000000,4.230289,0.431007,4.145709,3.982792,0.396421,3.831903
4.833333,144,RelaxedIdle_v5,0.301760,0,0.000000,0.000000,1.000000,4.000000,0.000000,4.000000,90.000000,4.354716,0.006442,4.210882,4.073937,0.031871,3.938396,126.966200,0.000000,4.229343,0.432336,4.151049,3.988844,0.392329,3.839823
4.850000,145,RelaxedIdle_v5,0.303600,0,0.000000,0.000000,1.000000,4.000000,0.000000,4.000000,90.000000,4.354714,0.006441,4.210884,4.085157,0.022702,3.946712,124.853700,0.000000,4.227898,0.433614,4.156531,3.994270,0.388132,3.849280
4.866667,145,RelaxedIdle_v5,0.305440,0,0.000000,0.000000,1.000000,4.000000,0.000000,4.000000,90.000000,4.354714,0.006441,4.210884,4.091388,0.012633,3.951478,122.707500,0.000000,4.225906,0.434824,4.162121,3.998633,0.383928,3.860371
4.883333,146,RelaxedIdle_v5,0.307280,0,0.000000,0.000000,1.000000,4.000000,0.000000,4.000000,90.000000,4.354713,0.006439,4.210886,4.092579,0.006225,3.952406,120.538900,0.000000,4.223318,0.435945,4.167790,4.003134,0.381564,3.869156
4.900000,146,RelaxedIdle_v5,0.309120,0,0.000000,0.000000,1.000000,4.000000,0.000000,4.000000,90.000000,4.354713,0.006439,4.210886,4.092549,0.006439,3.952383,118.358200,0.000000,4.220089,0.436957,4.173504,4.009441,0.382014,3.872357
4.916667,147,RelaxedIdle_v5,0.310960,0,0.000000,0.000000,1.000000,4.000000,0.000000,4.000000,90.000000,4.354712,0.006439,4.210887,4.092548,0.006439,3.952384,116.176400,0.000000,4.216166,0.437831,4.179231,4.014958,0.382456,3.875915
4.933333,147,RelaxedIdle_v5,0.312800,0,0.000000,0.000000,1.000000,4.000000,0.000000,4.000000,90.000000,4.354722,0.006235,4.210882,4.092547,0.006438,3.952386,114.003800,0.000000,4.211256,0.438333,4.184916,4.019737,0.382991,3.879566
4.950000,148,RelaxedIdle_v5,0.314640,0,0.000000,0.000000,1.000000,4.000000,0.000000,4.000000,90.000000,4.354526,0.009590,4.210979,4.092548,0.006438,3.952384,111.851300,0.000000,4.209781,0.442245,4.190967,4.023759,0.383629,3.883234
4.966667,148,RelaxedIdle_v5,0.316480,0,0.000000,0.000000,1.000000,4.000000,0.000000,4.000000,90.000000,4.351762,0.019975,4.212264,4.092546,0.006436,3.952389,109.729200,0.000000,4.214855,0.452798,4.199084,4.027013,0.384372,3.886864
4.983333,149,RelaxedIdle_v5,0.318320,0,0.000000,0.000000,1.000000,4.000000,0.000000,4.000000,90.000000,4.345901,0.029879,4.214959,4.092548,0.006438,3.952384,107.648300,0.000000,4.216965,0.461986,4.208396,4.029515,0.385228,3.890386
5.000000,149,RelaxedIdle_v5,0.320160,0,0.000000,0.000000,1.000000,4.000000,0.000000,4.000000,90.000000,4.337188,0.039032,4.218906,4.092544,0.006434,3.952391,105.618900,0.000000,4.216263,0.469406,4.217708,4.031274,0.386183,3.893772
5.016667,150,RelaxedIdle_v5,0.322000,0,0.000000,0.000000,1.000000,4.000000,0.000000,4.000000,90.000000,4.325862,0.047085,4.223887,4.092548,0.006439,3.952383,103.651500,0.000000,4.213303,0.474776,4.225593,4.032337,0.387246,3.896961
5.033333,150,RelaxedIdle_v5,0.323840,0,0.000000,0.000000,1.000000,4.000000,0.000000,4.000000,90.000000,4.312133,0.053693,4.229726,4.092543,0.006432,3.952394,101.756700,0.000000,4.208773,0.477967,4.231093,4.032729,0.388388,3.899964
5.050000,151,RelaxedIdle_v5,0.325680,0,0.000000,0.000000,1.000000,4.000000,0.000000,4.000000,90.000000,4.296303,0.058607,4.236137,4.092548,0.006438,3.952385,99.944810,0.000000,4.203184,0.478998,4.233831,4.032523,0.389620,3.902735
5.066667,151,RelaxedIdle_v5,0.327520,0,0.000000,0.000000,1.000000,4.000000,0.000000,4.000000,90.000000,4.278711,0.061598,4.242887,4.092541,0.006430,3.952397,98.226390,0.000000,4.196658,0.477905,4.234021,4.031760,0.390900,3.905316
5.083333,152,RelaxedIdle_v5,0.329360,0,0.000000,0.000000,1.000000,4.000000,0.000000,4.000000,90.000000,4.259835,0.062565,4.249650,4.092546,0.006436,3.952387,96.611780,0.000000,4.189115,0.474864,4.232071,4.030537,0.392238,3.907679
5.100000,152,RelaxedIdle_v5,0.331200,0,0.000000,0.000000,1.000000,4.000000,0.000000,4.000000,90.000000,4.240229,0.061431,4.256188,4.092540,0.006429,3.952399,95.111580,0.000000,4.180356,0.470112,4.228547,4.028915,0.393586,3.909889
5.116667,153,RelaxedIdle_v5,0.333040,0,0.000000,0.000000,1.000000,4.000000,0.000000,4.000000,90.000000,4.220580,0.058268,4.262210,4.092545,0.006434,3.952390,93.736030,0.000000,4.170312,0.464024,4.223834,4.027013,0.394946,3.911926
5.133333,153,RelaxedIdle_v5,0.334880,0,0.000000,0.000000,1.000000,4.000000,0.000000,4.000000,90.000000,4.201657,0.053180,4.267552,4.092538,0.006428,3.952402,92.495860,0.000000,4.158992,0.456986,4.218317,4.024920,0.396264,3.913851
5.150000,154,RelaxedIdle_v5,0.336720,0,0.000000,0.000000,1.000000,4.000000,0.000000,4.000000,90.000000,4.184307,0.046400,4.272027,4.092543,0.006432,3.952394,91.401240,0.000000,4.146574,0.449419,4.212162,4.022773,0.397532,3.915632
5.166667,154,RelaxedIdle_v5,0.338560,0,0.000000,0.000000,1.000000,4.000000,0.000000,4.000000,90.000000,4.169427,0.038196,4.275575,4.092538,0.006427,3.952403,90.462990,0.000000,4.133304,0.441661,4.205542,4.020684,0.398689,3.917292
5.183333,155,RelaxedIdle_v5,0.340400,0,0.000000,0.000000,1.000000,4.000000,0.000000,4.000000,90.000000,4.157921,0.028929,4.278119,4.092541,0.006430,3.952398,89.691260,0.000000,4.119494,0.434004,4.198488,4.018795,0.399711,3.918759
5.200000,155,RelaxedIdle_v5,0.342240,0,0.000000,0.000000,1.000000,4.000000,0.000000,4.000000,90.000000,4.150699,0.018872,4.279639,4.092537,0.006426,3.952404,89.096950,0.000000,4.105339,0.426546,4.190964,4.017224,0.400535,3.919993
5.216667,156,RelaxedIdle_v5,0.344080,0,0.000000,0.000000,1.000000,4.000000,0.000000,4.000000,90.000000,4.148559,0.010550,4.280072,4.092539,0.006428,3.952402,88.690160,0.000000,4.093687,0.420828,4.184458,4.016093,0.401128,3.920890
5.233333,156,RelaxedIdle_v5,0.345920,0,0.000000,0.000000,1.000000,4.000000,0.000000,4.000000,90.000000,4.148532,0.009968,4.280076,4.092540,0.006429,3.952399,88.484310,0.000000,4.092264,0.420570,4.183798,4.015504,0.401437,3.921361
5.250000,157,RelaxedIdle_v5,0.347760,0,0.000000,0.000000,1.000000,4.000000,0.000000,4.000000,90.000000,4.151678,0.011362,4.283701,4.093650,0.006437,3.954844,88.480680,0.000000,4.096274,0.421373,4.187646,4.014532,0.402342,3.924226
5.266667,157,RelaxedIdle_v5,0.349600,0,0.000000,0.000000,1.000000,4.000000,0.000000,4.000000,90.000000,4.151543,0.011369,4.283622,4.093589,0.006477,3.954949,88.455290,0.000000,4.096153,0.421375,4.187574,4.014489,0.402370,3.924208
5.283333,158,RelaxedIdle_v5,0.351440,0,0.000000,0.000000,1.000000,4.000000,0.000000,4.000000,90.000000,4.151517,0.011350,4.283579,4.093542,0.006468,3.954944,88.455290,0.000000,4.096124,0.421359,4.187537,4.014478,0.402354,3.924183
5.300000,158,RelaxedIdle_v5,0.353280,0,0.000000,0.000000,1.000000,4.000000,0.000000,4.000000,90.000000,4.151490,0.011328,4.283536,4.093492,0.006454,3.954939,88.455290,0.000000,4.096093,0.421339,4.187498,4.014465,0.402333,3.924157
5.316667,159,RelaxedIdle_v5,0.355120,0,0.000000,0.000000,1.000000,4.000000,0.000000,4.000000,90.000000,4.151463,0.011301,4.283491,4.093441,0.006435,3.954931,88.455290,0.000000,4.096060,0.421313,4.187456,4.014450,0.402307,3.924129
5.333333,159,RelaxedIdle_v5,0.356960,0,0.000000,0.000000,1.000000,4.000000,0.000000,4.000000,90.000000,4.151439,0.011272,4.283441,4.093392,0.006414,3.954918,88.455290,0.000000,4.096029,0.421285,4.187409,4.014437,0.402279,3.924096
5.350000,160,RelaxedIdle_v5,0.358800,0,0.000000,0.000000,1.000000,4.000000,0.000000,4.000000,90.000000,4.151422,0.011244,4.283388,4.093348,0.006392,3.954901,88.455290,0.000000,4.096002,0.421257,4.187359,4.014427,0.402250,3.924059
5.366667,160,RelaxedIdle_v5,0.360640,0,0.000000,0.000000,1.000000,4.000000,0.000000,4.000000,90.000000,4.151409,0.011216,4.283332,4.093308,0.006371,3.954880,88.455290,0.000000,4.095977,0.421228,4.187304,4.014420,0.402221,3.924019
5.383333,161,RelaxedIdle_v5,0.362480,0,0.000000,0.000000,1.000000,4.000000,0.000000,4.000000,90.000000,4.151402,0.011189,4.283275,4.093273,0.006350,3.954856,88.455290,0.000000,4.095956,0.421200,4.187247,4.014416,0.402192,3.923976
5.400000,161,RelaxedIdle_v5,0.364320,0,0.000000,0.000000,1.000000,4.000000,0.000000,4.000000,90.000000,4.151400,0.011164,4.283214,4.093242,0.006330,3.954828,88.455290,0.000000,4.095938,0.421172,4.187186,4.014416,0.402164,3.923929
5.416667,162,RelaxedIdle_v5,0.366160,0,0.000000,0.000000,1.000000,4.000000,0.000000,4.000000,90.000000,4.151404,0.011141,4.283152,4.093215,0.006311,3.954797,88.455290,0.000000,4.095923,0.421146,4.187121,4.014418,0.402137,3.923880
5.433333,162,RelaxedIdle_v5,0.368000,0,0.000000,0.000000,1.000000,4.000000,0.000000,4.000000,90.000000,4.151413,0.011120,4.283088,4.093193,0.006295,3.954762,88.455290,0.000000,4.095910,0.421121,4.187054,4.014423,0.402112,3.923828
5.450000,163,RelaxedIdle_v5,0.369840,0,0.000000,0.000000,1.000000,4.000000,0.000000,4.000000,90.000000,4.151428,0.011103,4.283022,4.093176,0.006280,3.954724,88.455290,0.000000,4.095900,0.421099,4.186984,4.014431,0.402090,3.923773
5.466667,163,RelaxedIdle_v5,0.371680,0,0.000000,0.000000,1.000000,4.000000,0.000000,4.000000,90.000000,4.151449,0.011089,4.282956,4.093164,0.006269,3.954683,88.455290,0.000000,4.095892,0.421079,4.186912,4.014441,0.402069,3.923715
5.483333,164,RelaxedIdle_v5,0.373520,0,0.000000,0.000000,1.000000,4.000000,0.000000,4.000000,90.000000,4.151475,0.011080,4.282888,4.093156,0.006261,3.954639,88.455290,0.000000,4.095887,0.421062,4.186836,4.014453,0.402052,3.923655
5.500000,164,RelaxedIdle_v5,0.375359,0,0.000000,0.000000,1.000000,4.000000,0.000000,4.000000,90.000000,4.151507,0.011075,4.282820,4.093154,0.006256,3.954592,88.455290,0.000000,4.095884,0.421049,4.186759,4.014468,0.402039,3.923593
5.516667,165,RelaxedIdle_v5,0.377199,0,0.000000,0.000000,1.000000,4.000000,0.000000,4.000000,90.000000,4.151545,0.011076,4.282752,4.093157,0.006256,3.954542,88.455290,0.000000,4.095883,0.421040,4.186679,4.014485,0.402029,3.923528
5.533333,165,RelaxedIdle_v5,0.379039,0,0.000000,0.000000,1.000000,4.000000,0.000000,4.000000,90.000000,4.151588,0.011082,4.282683,4.093165,0.006261,3.954489,88.455290,0.000000,4.095884,0.421036,4.186597,4.014505,0.402024,3.923461
5.550000,166,RelaxedIdle_v5,0.380879,0,0.000000,0.000000,1.000000,4.000000,0.000000,4.000000,90.000000,4.151638,0.011094,4.282615,4.093178,0.006271,3.954433,88.455290,0.000000,4.095887,0.421036,4.186514,4.014527,0.402024,3.923393
5.566667,166,RelaxedIdle_v5,0.382719,0,0.000000,0.000000,1.000000,4.000000,0.000000,4.000000,90.000000,4.151692,0.011112,4.282547,4.093196,0.006286,3.954376,88.455290,0.000000,4.095891,0.421042,4.186430,4.014550,0.402029,3.923323
5.583333,167,RelaxedIdle_v5,0.384559,0,0.000000,0.000000,1.000000,4.000000,0.000000,4.000000,90.000000,4.151750,0.011133,4.282484,4.093216,0.006302,3.954319,88.455290,0.000000,4.095893,0.421047,4.186347,4.014572,0.402034,3.923254
5.600000,167,RelaxedIdle_v5,0.386399,0,0.000000,0.000000,1.000000,4.000000,0.000000,4.000000,90.000000,4.151811,0.011152,4.282423,4.093240,0.006316,3.954262,88.455290,0.000000,4.095894,0.421051,4.186265,4.014593,0.402038,3.923187
5.616667,168,RelaxedIdle_v5,0.388239,0,0.000000,0.000000,1.000000,4.000000,0.000000,4.000000,90.000000,4.151875,0.011171,4.282368,4.093267,0.006328,3.954206,88.455290,0.000000,4.095894,0.421053,4.186186,4.014613,0.402039,3.923121
5.633333,168,RelaxedIdle_v5,0.390079,0,0.000000,0.000000,1.000000,4.000000,0.000000,4.000000,90.000000,4.151944,0.011189,4.282316,4.093297,0.006339,3.954150,88.455290,0.000000,4.095893,0.421052,4.186108,4.014633,0.402038,3.923057
5.650000,169,RelaxedIdle_v5,0.391919,0,0.000000,0.000000,1.000000,4.000000,0.000000,4.000000,90.000000,4.152017,0.011207,4.282269,4.093331,0.006348,3.954094,88.455290,0.000000,4.095891,0.421050,4.186032,4.014652,0.402036,3.922994
5.666667,169,RelaxedIdle_v5,0.393759,0,0.000000,0.000000,1.000000,4.000000,0.000000,4.000000,90.000000,4.152094,0.011225,4.282226,4.093369,0.006356,3.954040,88.455290,0.000000,4.095888,0.421047,4.185958,4.014671,0.402032,3.922933
5.683333,170,RelaxedIdle_v5,0.395599,0,0.000000,0.000000,1.000000,4.000000,0.000000,4.000000,90.000000,4.152171,0.011242,4.282187,4.093411,0.006364,3.953985,88.455290,0.000000,4.095884,0.421043,4.185886,4.014691,0.402027,3.922873
5.700000,170,RelaxedIdle_v5,0.397439,0,0.000000,0.000000,1.000000,4.000000,0.000000,4.000000,90.000000,4.152241,0.011256,4.282146,4.093457,0.006371,3.953934,88.455290,0.000000,4.095879,0.421038,4.185816,4.014715,0.402021,3.922816
5.716667,171,RelaxedIdle_v5,0.399279,0,0.000000,0.000000,1.000000,4.000000,0.000000,4.000000,90.000000,4.152305,0.011267,4.282106,4.093506,0.006377,3.953884,88.455290,0.000000,4.095872,0.421031,4.185749,4.014743,0.402014,3.922759
5.733333,171,RelaxedIdle_v5,0.401119,0,0.000000,0.000000,1.000000,4.000000,0.000000,4.000000,90.000000,4.152362,0.011276,4.282065,4.093558,0.006383,3.953836,88.455290,0.000000,4.095864,0.421025,4.185683,4.014775,0.402006,3.922704
5.750000,172,RelaxedIdle_v5,0.402959,0,0.000000,0.000000,1.000000,4.000000,0.000000,4.000000,90.000000,4.152413,0.011282,4.282025,4.093614,0.006390,3.953791,88.455290,0.000000,4.095855,0.421018,4.185620,4.014811,0.401998,3.922652
5.766667,172,RelaxedIdle_v5,0.404799,0,0.000000,0.000000,1.000000,4.000000,0.000000,4.000000,90.000000,4.152458,0.011286,4.281985,4.093671,0.006396,3.953748,88.455290,0.000000,4.095845,0.421011,4.185559,4.014849,0.401989,3.922601
5.783333,173,RelaxedIdle_v5,0.406639,0,0.000000,0.000000,1.000000,4.000000,0.000000,4.000000,90.000000,4.152496,0.011288,4.281946,4.093732,0.006403,3.953707,88.455290,0.000000,4.095833,0.421003,4.185501,4.014890,0.401981,3.922552
5.800000,173,RelaxedIdle_v5,0.408479,0,0.000000,0.000000,1.000000,4.000000,0.000000,4.000000,90.000000,4.152529,0.011289,4.281907,4.093794,0.006410,3.953668,88.455290,0.000000,4.095820,0.420997,4.185445,4.014934,0.401972,3.922505
5.816667,174,RelaxedIdle_v5,0.410319,0,0.000000,0.000000,1.000000,4.000000,0.000000,4.000000,90.000000,4.152555,0.011288,4.281869,4.093859,0.006418,3.953632,88.455290,0.000000,4.095806,0.420990,4.185392,4.014980,0.401965,3.922460
5.833333,174,RelaxedIdle_v5,0.412159,0,0.000000,0.000000,1.000000,4.000000,0.000000,4.000000,90.000000,4.152576,0.011287,4.281832,4.093925,0.006426,3.953598,88.455290,0.000000,4.095790,0.420985,4.185342,4.015028,0.401957,3.922418
5.850000,175,RelaxedIdle_v5,0.413999,0,0.000000,0.000000,1.000000,4.000000,0.000000,4.000000,90.000000,4.152591,0.011285,4.281796,4.093993,0.006436,3.953567,88.455290,0.000000,4.095774,0.420980,4.185295,4.015078,0.401950,3.922378
5.866667,175,RelaxedIdle_v5,0.415839,0,0.000000,0.000000,1.000000,4.000000,0.000000,4.000000,90.000000,4.152601,0.011282,4.281761,4.094062,0.006447,3.953538,88.455290,0.000000,4.095755,0.420976,4.185250,4.015130,0.401945,3.922340
5.883333,176,RelaxedIdle_v5,0.417679,0,0.000000,0.000000,1.000000,4.000000,0.000000,4.000000,90.000000,4.152606,0.011279,4.281728,4.094132,0.006459,3.953512,88.455290,0.000000,4.095736,0.420974,4.185208,4.015182,0.401941,3.922305
5.900000,176,RelaxedIdle_v5,0.419519,0,0.000000,0.000000,1.000000,4.000000,0.000000,4.000000,90.000000,4.152605,0.011277,4.281696,4.094202,0.006472,3.953488,88.455290,0.000000,4.095714,0.420973,4.185169,4.015236,0.401938,3.922272
5.916667,177,RelaxedIdle_v5,0.421359,0,0.000000,0.000000,1.000000,4.000000,0.000000,4.000000,90.000000,4.152598,0.011274,4.281666,4.094273,0.006488,3.953467,88.455290,0.000000,4.095691,0.420974,4.185133,4.015291,0.401936,3.922242
5.933333,177,RelaxedIdle_v5,0.423199,0,0.000000,0.000000,1.000000,4.000000,0.000000,4.000000,90.000000,4.152586,0.011272,4.281641,4.094342,0.006505,3.953451,88.455290,0.000000,4.095665,0.420976,4.185103,4.015344,0.401937,3.922217
5.950000,178,RelaxedIdle_v5,0.425039,0,0.000000,0.000000,1.000000,4.000000,0.000000,4.000000,90.000000,4.152567,0.011267,4.281617,4.094411,0.006520,3.953437,88.455290,0.000000,4.095637,0.420977,4.185076,4.015397,0.401935,3.922194
5.966667,178,RelaxedIdle_v5,0.426879,0,0.000000,0.000000,1.000000,4.000000,0.000000,4.000000,90.000000,4.152544,0.011260,4.281593,4.094479,0.006534,3.953425,88.455290,0.000000,4.095607,0.420976,4.185050,4.015450,0.401932,3.922173
5.983333,179,RelaxedIdle_v5,0.428719,0,0.000000,0.000000,1.000000,4.000000,0.000000,4.000000,90.000000,4.152517,0.011250,4.281571,4.094547,0.006546,3.953414,88.455290,0.000000,4.095577,0.420973,4.185027,4.015504,0.401928,3.922153
6.000000,179,RelaxedIdle_v5,0.430559,0,0.000000,0.000000,1.000000,4.000000,0.000000,4.000000,90.000000,4.152487,0.011237,4.281550,4.094616,0.006557,3.953405,88.455290,0.000000,4.095546,0.420970,4.185006,4.015558,0.401922,3.922136
6.016667,180,RelaxedIdle_v5,0.432399,0,0.000000,0.000000,1.000000,4.000000,0.000000,4.000000,90.000000,4.152453,0.011224,4.281531,4.094684,0.006567,3.953397,88.455290,0.000000,4.095514,0.420965,4.184987,4.015613,0.401915,3.922120
6.033333,180,RelaxedIdle_v5,0.434239,0,0.000000,0.000000,1.000000,4.000000,0.000000,4.000000,90.000000,4.152417,0.011208,4.281513,4.094753,0.006576,3.953391,88.455290,0.000000,4.095482,0.420960,4.184970,4.015667,0.401908,3.922106
6.050000,181,RelaxedIdle_v5,0.436079,0,0.000000,0.000000,1.000000,4.000000,0.000000,4.000000,90.000000,4.152377,0.011191,4.281496,4.094821,0.006584,3.953386,88.455290,0.000000,4.095450,0.420955,4.184957,4.015722,0.401901,3.922093
6.066667,181,RelaxedIdle_v5,0.437919,0,0.000000,0.000000,1.000000,4.000000,0.000000,4.000000,90.000000,4.152336,0.011174,4.281482,4.094889,0.006593,3.953383,88.455290,0.000000,4.095418,0.420950,4.184945,4.015778,0.401893,3.922083
6.083333,182,RelaxedIdle_v5,0.439759,0,0.000000,0.000000,1.000000,4.000000,0.000000,4.000000,90.000000,4.152292,0.011157,4.281469,4.094957,0.006601,3.953382,88.455290,0.000000,4.095386,0.420945,4.184935,4.015833,0.401886,3.922075
6.100000,182,RelaxedIdle_v5,0.441599,0,0.000000,0.000000,1.000000,4.000000,0.000000,4.000000,90.000000,4.152247,0.011139,4.281459,4.095025,0.006610,3.953383,88.455290,0.000000,4.095355,0.420941,4.184928,4.015888,0.401880,3.922069
6.116667,183,RelaxedIdle_v5,0.443439,0,0.000000,0.000000,1.000000,4.000000,0.000000,4.000000,90.000000,4.152201,0.011123,4.281451,4.095092,0.006620,3.953386,88.455290,0.000000,4.095324,0.420937,4.184925,4.015944,0.401874,3.922066
6.133333,183,RelaxedIdle_v5,0.445279,0,0.000000,0.000000,1.000000,4.000000,0.000000,4.000000,90.000000,4.152154,0.011106,4.281445,4.095160,0.006629,3.953391,88.455290,0.000000,4.095294,0.420935,4.184924,4.015999,0.401870,3.922065
6.150000,184,RelaxedIdle_v5,0.447119,0,0.000000,0.000000,1.000000,4.000000,0.000000,4.000000,90.000000,4.152106,0.011091,4.281442,4.095226,0.006641,3.953397,88.455290,0.000000,4.095265,0.420934,4.184925,4.016055,0.401867,3.922066
6.166667,184,RelaxedIdle_v5,0.448959,0,0.000000,0.000000,1.000000,4.000000,0.000000,4.000000,90.000000,4.152059,0.011078,4.281442,4.095293,0.006653,3.953406,88.455290,0.000000,4.095238,0.420935,4.184930,4.016110,0.401867,3.922070
6.183333,185,RelaxedIdle_v5,0.450799,0,0.000000,0.000000,1.000000,4.000000,0.000000,4.000000,90.000000,4.152011,0.011066,4.281445,4.095359,0.006667,3.953416,88.455290,0.000000,4.095212,0.420938,4.184937,4.016166,0.401868,3.922076
6.200000,185,RelaxedIdle_v5,0.452639,0,0.000000,0.000000,1.000000,4.000000,0.000000,4.000000,90.000000,4.151965,0.011057,4.281452,4.095426,0.006684,3.953429,88.455290,0.000000,4.095188,0.420945,4.184949,4.016222,0.401872,3.922086
6.216667,186,RelaxedIdle_v5,0.454479,0,0.000000,0.000000,1.000000,4.000000,0.000000,4.000000,90.000000,4.151920,0.011051,4.281462,4.095493,0.006703,3.953445,88.455290,0.000000,4.095167,0.420953,4.184964,4.016278,0.401879,3.922099
6.233333,186,RelaxedIdle_v5,0.456319,0,0.000000,0.000000,1.000000,4.000000,0.000000,4.000000,90.000000,4.151876,0.011044,4.281474,4.095559,0.006720,3.953461,88.455290,0.000000,4.095148,0.420961,4.184980,4.016334,0.401885,3.922113
6.250000,187,RelaxedIdle_v5,0.458159,0,0.000000,0.000000,1.000000,4.000000,0.000000,4.000000,90.000000,4.151833,0.011036,4.281487,4.095623,0.006737,3.953478,88.455290,0.000000,4.095129,0.420968,4.184998,4.016389,0.401891,3.922128
6.266667,187,RelaxedIdle_v5,0.459999,0,0.000000,0.000000,1.000000,4.000000,0.000000,4.000000,90.000000,4.151790,0.011028,4.281502,4.095685,0.006751,3.953494,88.455290,0.000000,4.095112,0.420975,4.185017,4.016442,0.401896,3.922144
6.283333,188,RelaxedIdle_v5,0.461839,0,0.000000,0.000000,1.000000,4.000000,0.000000,4.000000,90.000000,4.151748,0.011019,4.281519,4.095746,0.006765,3.953511,88.455290,0.000000,4.095096,0.420981,4.185037,4.016493,0.401900,3.922161
6.300000,188,RelaxedIdle_v5,0.463679,0,0.000000,0.000000,1.000000,4.000000,0.000000,4.000000,90.000000,4.151707,0.011010,4.281537,4.095804,0.006778,3.953527,88.455290,0.000000,4.095081,0.420986,4.185058,4.016543,0.401904,3.922178
6.316667,189,RelaxedIdle_v5,0.465519,0,0.000000,0.000000,1.000000,4.000000,0.000000,4.000000,90.000000,4.151667,0.011001,4.281557,4.095860,0.006789,3.953543,88.455290,0.000000,4.095068,0.420991,4.185080,4.016590,0.401908,3.922196
6.333333,189,RelaxedIdle_v5,0.467359,0,0.000000,0.000000,1.000000,4.000000,0.000000,4.000000,90.000000,4.151628,0.010992,4.281579,4.095913,0.006799,3.953559,88.455290,0.000000,4.095055,0.420996,4.185103,4.016635,0.401911,3.922215
6.350000,190,RelaxedIdle_v5,0.469199,0,0.000000,0.000000,1.000000,4.000000,0.000000,4.000000,90.000000,4.151592,0.010983,4.281602,4.095964,0.006807,3.953574,88.455290,0.000000,4.095045,0.420999,4.185127,4.016678,0.401913,3.922234
6.366667,190,RelaxedIdle_v5,0.471039,0,0.000000,0.000000,1.000000,4.000000,0.000000,4.000000,90.000000,4.151557,0.010973,4.281626,4.096012,0.006814,3.953589,88.455290,0.000000,4.095035,0.421002,4.185152,4.016718,0.401915,3.922253
6.383333,191,RelaxedIdle_v5,0.472879,0,0.000000,0.000000,1.000000,4.000000,0.000000,4.000000,90.000000,4.151524,0.010964,4.281652,4.096056,0.006819,3.953603,88.455290,0.000000,4.095027,0.421005,4.185177,4.016755,0.401917,3.922273
6.400000,191,RelaxedIdle_v5,0.474719,0,0.000000,0.000000,1.000000,4.000000,0.000000,4.000000,90.000000,4.151493,0.010954,4.281680,4.096098,0.006824,3.953615,88.455290,0.000000,4.095021,0.421007,4.185203,4.016788,0.401918,3.922293
6.416667,192,RelaxedIdle_v5,0.476559,0,0.000000,0.000000,1.000000,4.000000,0.000000,4.000000,90.000000,4.151464,0.010945,4.281709,4.096136,0.006826,3.953627,88.455290,0.000000,4.095016,0.421008,4.185228,4.016819,0.401918,3.922313
6.433333,192,RelaxedIdle_v5,0.478399,0,0.000000,0.000000,1.000000,4.000000,0.000000,4.000000,90.000000,4.151438,0.010936,4.281740,4.096169,0.006827,3.953638,88.455290,0.000000,4.095012,0.421008,4.185255,4.016846,0.401918,3.922333
6.450000,193,RelaxedIdle_v5,0.480239,0,0.000000,0.000000,1.000000,4.000000,0.000000,4.000000,90.000000,4.151415,0.010927,4.281772,4.096200,0.006826,3.953647,88.455290,0.000000,4.095011,0.421008,4.185281,4.016870,0.401917,3.922352
6.466667,193,RelaxedIdle_v5,0.482079,0,0.000000,0.000000,1.000000,4.000000,0.000000,4.000000,90.000000,4.151397,0.010919,4.281803,4.096227,0.006824,3.953653,88.455290,0.000000,4.095012,0.421008,4.185306,4.016891,0.401917,3.922370
6.483333,194,RelaxedIdle_v5,0.483919,0,0.000000,0.000000,1.000000,4.000000,0.000000,4.000000,90.000000,4.151380,0.010913,4.281836,4.096250,0.006822,3.953658,88.455290,0.000000,4.095015,0.421009,4.185330,4.016907,0.401917,3.922387
6.500000,194,RelaxedIdle_v5,0.485759,0,0.000000,0.000000,1.000000,4.000000,0.000000,4.000000,90.000000,4.151366,0.010910,4.281870,4.096267,0.006821,3.953660,88.455290,0.000000,4.095018,0.421011,4.185355,4.016918,0.401920,3.922403
6.516667,195,RelaxedIdle_v5,0.487599,0,0.000000,0.000000,1.000000,4.000000,0.000000,4.000000,90.000000,4.151353,0.010909,4.281905,4.096278,0.006819,3.953660,88.455290,0.000000,4.095021,0.421015,4.185379,4.016922,0.401923,3.922419
6.533333,195,RelaxedIdle_v5,0.489439,0,0.000000,0.000000,1.000000,4.000000,0.000000,4.000000,90.000000,4.151344,0.010910,4.281941,4.096282,0.006817,3.953659,88.455290,0.000000,4.095025,0.421019,4.185402,4.016922,0.401927,3.922434
6.550000,196,RelaxedIdle_v5,0.491279,0,0.000000,0.000000,1.000000,4.000000,0.000000,4.000000,90.000000,4.151336,0.010913,4.281979,4.096281,0.006815,3.953655,88.455290,0.000000,4.095029,0.421024,4.185425,4.016914,0.401932,3.922448
6.566667,196,RelaxedIdle_v5,0.493119,0,0.000000,0.000000,1.000000,4.000000,0.000000,4.000000,90.000000,4.151330,0.010918,4.282018,4.096273,0.006812,3.953649,88.455290,0.000000,4.095034,0.421029,4.185447,4.016901,0.401938,3.922462
6.583333,197,RelaxedIdle_v5,0.494959,0,0.000000,0.000000,1.000000,4.000000,0.000000,4.000000,90.000000,4.151325,0.010923,4.282054,4.096266,0.006810,3.953644,88.455290,0.000000,4.095038,0.421035,4.185469,4.016888,0.401944,3.922475
6.600000,197,RelaxedIdle_v5,0.496799,0,0.000000,0.000000,1.000000,4.000000,0.000000,4.000000,90.000000,4.151319,0.010928,4.282090,4.096260,0.006808,3.953639,88.455290,0.000000,4.095042,0.421041,4.185490,4.016875,0.401950,3.922488
6.616667,198,RelaxedIdle_v5,0.498639,0,0.000000,0.000000,1.000000,4.000000,0.000000,4.000000,90.000000,4.151312,0.010933,4.282124,4.096254,0.006807,3.953635,88.455290,0.000000,4.095047,0.421047,4.185510,4.016861,0.401957,3.922501
6.633333,198,RelaxedIdle_v5,0.500479,0,0.000000,0.000000,1.000000,4.000000,0.000000,4.000000,90.000000,4.151306,0.010939,4.282156,4.096250,0.006805,3.953631,88.455290,0.000000,4.095051,0.421053,4.185530,4.016849,0.401963,3.922514
6.650000,199,RelaxedIdle_v5,0.502319,0,0.000000,0.000000,1.000000,4.000000,0.000000,4.000000,90.000000,4.151299,0.010943,4.282186,4.096246,0.006803,3.953628,88.455290,0.000000,4.095055,0.421059,4.185549,4.016836,0.401969,3.922526
6.666667,199,RelaxedIdle_v5,0.504159,0,0.000000,0.000000,1.000000,4.000000,0.000000,4.000000,90.000000,4.151291,0.010947,4.282215,4.096242,0.006801,3.953625,88.455290,0.000000,4.095059,0.421064,4.185566,4.016822,0.401974,3.922538
6.683333,200,RelaxedIdle_v5,0.505999,0,0.000000,0.000000,1.000000,4.000000,0.000000,4.000000,90.000000,4.151283,0.010951,4.282242,4.096239,0.006799,3.953622,88.455290,0.000000,4.095062,0.421068,4.185584,4.016809,0.401979,3.922550
6.700000,200,RelaxedIdle_v5,0.507839,0,0.000000,0.000000,1.000000,4.000000,0.000000,4.000000,90.000000,4.151274,0.010953,4.282267,4.096235,0.006795,3.953619,88.455290,0.000000,4.095065,0.421072,4.185600,4.016796,0.401983,3.922561
6.716667,201,RelaxedIdle_v5,0.509679,0,0.000000,0.000000,1.000000,4.000000,0.000000,4.000000,90.000000,4.151264,0.010955,4.282291,4.096232,0.006791,3.953615,88.455290,0.000000,4.095067,0.421074,4.185615,4.016782,0.401986,3.922571
6.733333,201,RelaxedIdle_v5,0.511519,0,0.000000,0.000000,1.000000,4.000000,0.000000,4.000000,90.000000,4.151254,0.010955,4.282313,4.096229,0.006785,3.953612,88.455290,0.000000,4.095068,0.421076,4.185629,4.016768,0.401987,3.922581
6.750000,202,RelaxedIdle_v5,0.513359,0,0.000000,0.000000,1.000000,4.000000,0.000000,4.000000,90.000000,4.151243,0.010955,4.282334,4.096226,0.006779,3.953609,88.455290,0.000000,4.095068,0.421077,4.185644,4.016754,0.401988,3.922591
6.766667,202,RelaxedIdle_v5,0.515199,0,0.000000,0.000000,1.000000,4.000000,0.000000,4.000000,90.000000,4.151232,0.010954,4.282356,4.096223,0.006774,3.953609,88.455290,0.000000,4.095069,0.421077,4.185659,4.016740,0.401989,3.922602
6.783333,203,RelaxedIdle_v5,0.517039,0,0.000000,0.000000,1.000000,4.000000,0.000000,4.000000,90.000000,4.151220,0.010953,4.282376,4.096221,0.006767,3.953608,88.455290,0.000000,4.095069,0.421078,4.185674,4.016726,0.401990,3.922614
6.800000,203,RelaxedIdle_v5,0.518879,0,0.000000,0.000000,1.000000,4.000000,0.000000,4.000000,90.000000,4.151209,0.010952,4.282397,4.096219,0.006761,3.953609,88.455290,0.000000,4.095069,0.421078,4.185689,4.016712,0.401990,3.922626
6.816667,204,RelaxedIdle_v5,0.520719,0,0.000000,0.000000,1.000000,4.000000,0.000000,4.000000,90.000000,4.151197,0.010951,4.282416,4.096218,0.006754,3.953610,88.455290,0.000000,4.095069,0.421077,4.185705,4.016699,0.401990,3.922638
6.833333,204,RelaxedIdle_v5,0.522559,0,0.000000,0.000000,1.000000,4.000000,0.000000,4.000000,90.000000,4.151185,0.010949,4.282436,4.096216,0.006748,3.953611,88.455290,0.000000,4.095068,0.421076,4.185720,4.016686,0.401989,3.922651
6.850000,205,RelaxedIdle_v5,0.524399,0,0.000000,0.000000,1.000000,4.000000,0.000000,4.000000,90.000000,4.151173,0.010946,4.282454,4.096215,0.006740,3.953613,88.455290,0.000000,4.095067,0.421075,4.185735,4.016673,0.401988,3.922663
6.866667,205,RelaxedIdle_v5,0.526239,0,0.000000,0.000000,1.000000,4.000000,0.000000,4.000000,90.000000,4.151160,0.010944,4.282472,4.096214,0.006732,3.953616,88.455290,0.000000,4.095066,0.421073,4.185750,4.016661,0.401987,3.922676
6.883333,206,RelaxedIdle_v5,0.528079,0,0.000000,0.000000,1.000000,4.000000,0.000000,4.000000,90.000000,4.151148,0.010940,4.282489,4.096214,0.006724,3.953618,88.455290,0.000000,4.095064,0.421071,4.185765,4.016649,0.401985,3.922689
6.900000,206,RelaxedIdle_v5,0.529919,0,0.000000,0.000000,1.000000,4.000000,0.000000,4.000000,90.000000,4.151135,0.010936,4.282506,4.096213,0.006715,3.953621,88.455290,0.000000,4.095062,0.421068,4.185780,4.016637,0.401982,3.922702
6.916667,207,RelaxedIdle_v5,0.531759,0,0.000000,0.000000,1.000000,4.000000,0.000000,4.000000,90.000000,4.151123,0.010932,4.282522,4.096212,0.006706,3.953623,88.455290,0.000000,4.095059,0.421065,4.185794,4.016625,0.401979,3.922714
6.933333,207,RelaxedIdle_v5,0.533599,0,0.000000,0.000000,1.000000,4.000000,0.000000,4.000000,90.000000,4.151111,0.010927,4.282537,4.096212,0.006697,3.953625,88.455290,0.000000,4.095057,0.421061,4.185808,4.016614,0.401975,3.922726
6.950000,208,RelaxedIdle_v5,0.535439,0,0.000000,0.000000,1.000000,4.000000,0.000000,4.000000,90.000000,4.151097,0.010923,4.282554,4.096211,0.006687,3.953630,88.455290,0.000000,4.095052,0.421057,4.185824,4.016603,0.401971,3.922741
6.966667,208,RelaxedIdle_v5,0.537279,0,0.000000,0.000000,1.000000,4.000000,0.000000,4.000000,90.000000,4.151083,0.010918,4.282573,4.096210,0.006678,3.953637,88.455290,0.000000,4.095047,0.421053,4.185843,4.016592,0.401968,3.922758
6.983333,209,RelaxedIdle_v5,0.539119,0,0.000000,0.000000,1.000000,4.000000,0.000000,4.000000,90.000000,4.151069,0.010914,4.282594,4.096208,0.006668,3.953647,88.455290,0.000000,4.095042,0.421050,4.185863,4.016580,0.401965,3.922777
7.000000,209,RelaxedIdle_v5,0.540959,0,0.000000,0.000000,1.000000,4.000000,0.000000,4.000000,90.000000,4.151055,0.010911,4.282617,4.096206,0.006660,3.953659,88.455290,0.000000,4.095035,0.421047,4.185886,4.016569,0.401962,3.922799
7.016667,210,RelaxedIdle_v5,0.542799,0,0.000000,0.000000,1.000000,4.000000,0.000000,4.000000,90.000000,4.151041,0.010908,4.282641,4.096204,0.006652,3.953672,88.455290,0.000000,4.095028,0.421045,4.185911,4.016559,0.401960,3.922822
7.033333,210,RelaxedIdle_v5,0.544639,0,0.000000,0.000000,1.000000,4.000000,0.000000,4.000000,90.000000,4.151026,0.010906,4.282667,4.096202,0.006645,3.953688,88.455290,0.000000,4.095021,0.421043,4.185938,4.016549,0.401958,3.922848
7.050000,211,RelaxedIdle_v5,0.546479,0,0.000000,0.000000,1.000000,4.000000,0.000000,4.000000,90.000000,4.151012,0.010905,4.282696,4.096200,0.006638,3.953705,88.455290,0.000000,4.095014,0.421043,4.185967,4.016540,0.401958,3.922876
7.066667,211,RelaxedIdle_v5,0.548319,0,0.000000,0.000000,1.000000,4.000000,0.000000,4.000000,90.000000,4.150999,0.010906,4.282726,4.096198,0.006634,3.953725,88.455290,0.000000,4.095006,0.421044,4.185998,4.016531,0.401959,3.922906
7.083333,212,RelaxedIdle_v5,0.550159,0,0.000000,0.000000,1.000000,4.000000,0.000000,4.000000,90.000000,4.150986,0.010908,4.282758,4.096196,0.006630,3.953747,88.455290,0.000000,4.094998,0.421046,4.186031,4.016524,0.401961,3.922938
7.100000,212,RelaxedIdle_v5,0.551999,0,0.000000,0.000000,1.000000,4.000000,0.000000,4.000000,90.000000,4.150973,0.010912,4.282793,4.096195,0.006627,3.953770,88.455290,0.000000,4.094991,0.421050,4.186067,4.016518,0.401965,3.922972
7.116667,213,RelaxedIdle_v5,0.553839,0,0.000000,0.000000,1.000000,4.000000,0.000000,4.000000,90.000000,4.150962,0.010917,4.282829,4.096194,0.006627,3.953796,88.455290,0.000000,4.094983,0.421055,4.186105,4.016512,0.401970,3.923009
7.133333,213,RelaxedIdle_v5,0.555679,0,0.000000,0.000000,1.000000,4.000000,0.000000,4.000000,90.000000,4.150952,0.010925,4.282868,4.096194,0.006629,3.953823,88.455290,0.000000,4.094976,0.421063,4.186145,4.016509,0.401977,3.923048
7.150000,214,RelaxedIdle_v5,0.557519,0,0.000000,0.000000,1.000000,4.000000,0.000000,4.000000,90.000000,4.150942,0.010935,4.282910,4.096194,0.006632,3.953852,88.455290,0.000000,4.094969,0.421072,4.186188,4.016507,0.401987,3.923088
7.166667,214,RelaxedIdle_v5,0.559359,0,0.000000,0.000000,1.000000,4.000000,0.000000,4.000000,90.000000,4.150934,0.010947,4.282953,4.096195,0.006638,3.953883,88.455290,0.000000,4.094963,0.421084,4.186233,4.016507,0.401999,3.923131
7.183333,215,RelaxedIdle_v5,0.561199,0,0.000000,0.000000,1.000000,4.000000,0.000000,4.000000,90.000000,4.150928,0.010962,4.283000,4.096197,0.006646,3.953916,88.455290,0.000000,4.094957,0.421099,4.186280,4.016509,0.402013,3.923177
7.200000,215,RelaxedIdle_v5,0.563039,0,0.000000,0.000000,1.000000,4.000000,0.000000,4.000000,90.000000,4.150921,0.010979,4.283048,4.096198,0.006656,3.953951,88.455290,0.000000,4.094950,0.421115,4.186329,4.016511,0.402029,3.923225
7.216667,216,RelaxedIdle_v5,0.564879,0,0.000000,0.000000,1.000000,4.000000,0.000000,4.000000,90.000000,4.150913,0.010995,4.283097,4.096197,0.006665,3.953986,88.455290,0.000000,4.094941,0.421130,4.186380,4.016512,0.402044,3.923273
7.233333,216,RelaxedIdle_v5,0.566719,0,0.000000,0.000000,1.000000,4.000000,0.000000,4.000000,90.000000,4.150902,0.011011,4.283147,4.096193,0.006673,3.954021,88.455290,0.000000,4.094929,0.421145,4.186430,4.016511,0.402058,3.923321
7.250000,217,RelaxedIdle_v5,0.568559,0,0.000000,0.000000,1.000000,4.000000,0.000000,4.000000,90.000000,4.150891,0.011026,4.283196,4.096187,0.006681,3.954054,88.455290,0.000000,4.094914,0.421159,4.186480,4.016510,0.402072,3.923368
7.266667,217,RelaxedIdle_v5,0.570399,0,0.000000,0.000000,1.000000,4.000000,0.000000,4.000000,90.000000,4.150878,0.011041,4.283245,4.096179,0.006688,3.954086,88.455290,0.000000,4.094898,0.421173,4.186529,4.016508,0.402086,3.923415
7.283333,218,RelaxedIdle_v5,0.572239,0,0.000000,0.000000,1.000000,4.000000,0.000000,4.000000,90.000000,4.150864,0.011056,4.283294,4.096168,0.006694,3.954116,88.455290,0.000000,4.094879,0.421186,4.186578,4.016504,0.402098,3.923461
7.300000,218,RelaxedIdle_v5,0.574079,0,0.000000,0.000000,1.000000,4.000000,0.000000,4.000000,90.000000,4.150848,0.011070,4.283341,4.096156,0.006700,3.954144,88.455290,0.000000,4.094858,0.421198,4.186626,4.016500,0.402110,3.923506
7.316667,219,RelaxedIdle_v5,0.575919,0,0.000000,0.000000,1.000000,4.000000,0.000000,4.000000,90.000000,4.150831,0.011083,4.283389,4.096141,0.006704,3.954171,88.455290,0.000000,4.094834,0.421209,4.186673,4.016496,0.402121,3.923549
7.333333,219,RelaxedIdle_v5,0.577759,0,0.000000,0.000000,1.000000,4.000000,0.000000,4.000000,90.000000,4.150814,0.011096,4.283435,4.096124,0.006708,3.954196,88.455290,0.000000,4.094809,0.421220,4.186718,4.016491,0.402131,3.923591
7.350000,220,RelaxedIdle_v5,0.579599,0,0.000000,0.000000,1.000000,4.000000,0.000000,4.000000,90.000000,4.150795,0.011108,4.283480,4.096105,0.006710,3.954218,88.455290,0.000000,4.094781,0.421229,4.186763,4.016485,0.402140,3.923631
7.366667,220,RelaxedIdle_v5,0.581439,0,0.000000,0.000000,1.000000,4.000000,0.000000,4.000000,90.000000,4.150776,0.011119,4.283525,4.096084,0.006711,3.954238,88.455290,0.000000,4.094752,0.421238,4.186806,4.016479,0.402148,3.923670
7.383333,221,RelaxedIdle_v5,0.583279,0,0.000000,0.000000,1.000000,4.000000,0.000000,4.000000,90.000000,4.150755,0.011128,4.283567,4.096062,0.006711,3.954254,88.455290,0.000000,4.094720,0.421245,4.186847,4.016473,0.402155,3.923706
7.400000,221,RelaxedIdle_v5,0.585119,0,0.000000,0.000000,1.000000,4.000000,0.000000,4.000000,90.000000,4.150735,0.011137,4.283608,4.096037,0.006709,3.954268,88.455290,0.000000,4.094687,0.421251,4.186886,4.016467,0.402160,3.923740
7.416667,222,RelaxedIdle_v5,0.586959,0,0.000000,0.000000,1.000000,4.000000,0.000000,4.000000,90.000000,4.150713,0.011145,4.283648,4.096010,0.006706,3.954279,88.455290,0.000000,4.094652,0.421256,4.186924,4.016460,0.402164,3.923772
7.433333,222,RelaxedIdle_v5,0.588799,0,0.000000,0.000000,1.000000,4.000000,0.000000,4.000000,90.000000,4.150692,0.011152,4.283686,4.095982,0.006701,3.954286,88.455290,0.000000,4.094615,0.421259,4.186958,4.016454,0.402167,3.923801
7.450000,223,RelaxedIdle_v5,0.590639,0,0.000000,0.000000,1.000000,4.000000,0.000000,4.000000,90.000000,4.150669,0.011158,4.283722,4.095952,0.006695,3.954289,88.455290,0.000000,4.094576,0.421261,4.186991,4.016447,0.402169,3.923828
7.466667,223,RelaxedIdle_v5,0.592479,0,0.000000,0.000000,1.000000,4.000000,0.000000,4.000000,90.000000,4.150644,0.011161,4.283755,4.095916,0.006688,3.954295,88.455290,0.000000,4.094536,0.421262,4.187021,4.016438,0.402168,3.923854
7.483333,224,RelaxedIdle_v5,0.594319,0,0.000000,0.000000,1.000000,4.000000,0.000000,4.000000,90.000000,4.150616,0.011163,4.283783,4.095874,0.006679,3.954303,88.455290,0.000000,4.094494,0.421261,4.187048,4.016424,0.402167,3.923881
7.500000,224,RelaxedIdle_v5,0.596159,0,0.000000,0.000000,1.000000,4.000000,0.000000,4.000000,90.000000,4.150585,0.011162,4.283807,4.095826,0.006669,3.954313,88.455290,0.000000,4.094451,0.421258,4.187073,4.016407,0.402163,3.923908
7.516667,225,RelaxedIdle_v5,0.597999,0,0.000000,0.000000,1.000000,4.000000,0.000000,4.000000,90.000000,4.150550,0.011158,4.283827,4.095772,0.006657,3.954325,88.455290,0.000000,4.094406,0.421253,4.187094,4.016386,0.402158,3.923935
7.533333,225,RelaxedIdle_v5,0.599839,0,0.000000,0.000000,1.000000,4.000000,0.000000,4.000000,90.000000,4.150514,0.011152,4.283842,4.095714,0.006644,3.954339,88.455290,0.000000,4.094360,0.421247,4.187112,4.016361,0.402152,3.923962
7.550000,226,RelaxedIdle_v5,0.601679,0,0.000000,0.000000,1.000000,4.000000,0.000000,4.000000,90.000000,4.150474,0.011144,4.283853,4.095649,0.006629,3.954355,88.455290,0.000000,4.094312,0.421239,4.187127,4.016334,0.402143,3.923987
7.566667,226,RelaxedIdle_v5,0.603519,0,0.000000,0.000000,1.000000,4.000000,0.000000,4.000000,90.000000,4.150434,0.011136,4.283856,4.095582,0.006616,3.954369,88.455290,0.000000,4.094265,0.421231,4.187137,4.016304,0.402135,3.924010
7.583333,227,RelaxedIdle_v5,0.605359,0,0.000000,0.000000,1.000000,4.000000,0.000000,4.000000,90.000000,4.150394,0.011128,4.283856,4.095512,0.006604,3.954384,88.455290,0.000000,4.094219,0.421225,4.187142,4.016275,0.402129,3.924032
7.600000,227,RelaxedIdle_v5,0.607199,0,0.000000,0.000000,1.000000,4.000000,0.000000,4.000000,90.000000,4.150354,0.011121,4.283850,4.095440,0.006593,3.954399,88.455290,0.000000,4.094174,0.421219,4.187144,4.016243,0.402123,3.924052
